catalog_row,A,B,C,D,E,F,pathname,selected
0,BUR-BUR-KEC-ARDICLI-T,BURDUR2,DEBI,01May2025,30Minute,Q10,/BUR-BUR-KEC-ARDICLI-T/BURDUR2/DEBI/01May2025/30Minute/Q10/,False
1,BUR-BUR-KEC-ARDICLI-T,BURDUR2,DEBI,01May2025,30Minute,Q100,/BUR-BUR-KEC-ARDICLI-T/BURDUR2/DEBI/01May2025/30Minute/Q100/,False
2,BUR-BUR-KEC-ARDICLI-T,BURDUR2,DEBI,01May2025,30Minute,Q1000,/BUR-BUR-KEC-ARDICLI-T/BURDUR2/DEBI/01May2025/30Minute/Q1000/,False
3,BUR-BUR-KEC-ARDICLI-T,BURDUR2,DEBI,01May2025,30Minute,Q2,/BUR-BUR-KEC-ARDICLI-T/BURDUR2/DEBI/01May2025/30Minute/Q2/,False
4,BUR-BUR-KEC-ARDICLI-T,BURDUR2,DEBI,01May2025,30Minute,Q25,/BUR-BUR-KEC-ARDICLI-T/BURDUR2/DEBI/01May2025/30Minute/Q25/,False
5,BUR-BUR-KEC-ARDICLI-T,BURDUR2,DEBI,01May2025,30Minute,Q5,/BUR-BUR-KEC-ARDICLI-T/BURDUR2/DEBI/01May2025/30Minute/Q5/,False
6,BUR-BUR-KEC-ARDICLI-T,BURDUR2,DEBI,01May2025,30Minute,Q50,/BUR-BUR-KEC-ARDICLI-T/BURDUR2/DEBI/01May2025/30Minute/Q50/,False
7,BUR-BUR-KEC-ARDICLI-T,BURDUR2,DEBI,01May2025,30Minute,Q500,/BUR-BUR-KEC-ARDICLI-T/BURDUR2/DEBI/01May2025/30Minute/Q500/,False
8,BUR-BUR-MER-ABG,BURDUR2,DEBI,01May2025,30Minute,Q10,/BUR-BUR-MER-ABG/BURDUR2/DEBI/01May2025/30Minute/Q10/,False
9,BUR-BUR-MER-ABG,BURDUR2,DEBI,01May2025,30Minute,Q100,/BUR-BUR-MER-ABG/BURDUR2/DEBI/01May2025/30Minute/Q100/,False
10,BUR-BUR-MER-ABG,BURDUR2,DEBI,01May2025,30Minute,Q1000,/BUR-BUR-MER-ABG/BURDUR2/DEBI/01May2025/30Minute/Q1000/,False
11,BUR-BUR-MER-ABG,BURDUR2,DEBI,01May2025,30Minute,Q2,/BUR-BUR-MER-ABG/BURDUR2/DEBI/01May2025/30Minute/Q2/,False
12,BUR-BUR-MER-ABG,BURDUR2,DEBI,01May2025,30Minute,Q25,/BUR-BUR-MER-ABG/BURDUR2/DEBI/01May2025/30Minute/Q25/,False
13,BUR-BUR-MER-ABG,BURDUR2,DEBI,01May2025,30Minute,Q5,/BUR-BUR-MER-ABG/BURDUR2/DEBI/01May2025/30Minute/Q5/,False
14,BUR-BUR-MER-ABG,BURDUR2,DEBI,01May2025,30Minute,Q50,/BUR-BUR-MER-ABG/BURDUR2/DEBI/01May2025/30Minute/Q50/,False
15,BUR-BUR-MER-ABG,BURDUR2,DEBI,01May2025,30Minute,Q500,/BUR-BUR-MER-ABG/BURDUR2/DEBI/01May2025/30Minute/Q500/,False
16,BUR-BUR-MER-ABG_A,BURDUR2,DEBI,01May2025,30Minute,Q10,/BUR-BUR-MER-ABG_A/BURDUR2/DEBI/01May2025/30Minute/Q10/,False
17,BUR-BUR-MER-ABG_A,BURDUR2,DEBI,01May2025,30Minute,Q100,/BUR-BUR-MER-ABG_A/BURDUR2/DEBI/01May2025/30Minute/Q100/,False
18,BUR-BUR-MER-ABG_A,BURDUR2,DEBI,01May2025,30Minute,Q1000,/BUR-BUR-MER-ABG_A/BURDUR2/DEBI/01May2025/30Minute/Q1000/,False
19,BUR-BUR-MER-ABG_A,BURDUR2,DEBI,01May2025,30Minute,Q2,/BUR-BUR-MER-ABG_A/BURDUR2/DEBI/01May2025/30Minute/Q2/,False
20,BUR-BUR-MER-ABG_A,BURDUR2,DEBI,01May2025,30Minute,Q25,/BUR-BUR-MER-ABG_A/BURDUR2/DEBI/01May2025/30Minute/Q25/,False
21,BUR-BUR-MER-ABG_A,BURDUR2,DEBI,01May2025,30Minute,Q5,/BUR-BUR-MER-ABG_A/BURDUR2/DEBI/01May2025/30Minute/Q5/,False
22,BUR-BUR-MER-ABG_A,BURDUR2,DEBI,01May2025,30Minute,Q50,/BUR-BUR-MER-ABG_A/BURDUR2/DEBI/01May2025/30Minute/Q50/,False
23,BUR-BUR-MER-ABG_A,BURDUR2,DEBI,01May2025,30Minute,Q500,/BUR-BUR-MER-ABG_A/BURDUR2/DEBI/01May2025/30Minute/Q500/,False
24,BUR-BUR-MER-AKDERE,BURDUR2,DEBI,02May2025,5Minute,Q10,/BUR-BUR-MER-AKDERE/BURDUR2/DEBI/02May2025/5Minute/Q10/,False
25,BUR-BUR-MER-AKDERE,BURDUR2,DEBI,02May2025,5Minute,Q100,/BUR-BUR-MER-AKDERE/BURDUR2/DEBI/02May2025/5Minute/Q100/,False
26,BUR-BUR-MER-AKDERE,BURDUR2,DEBI,02May2025,5Minute,Q1000,/BUR-BUR-MER-AKDERE/BURDUR2/DEBI/02May2025/5Minute/Q1000/,False
27,BUR-BUR-MER-AKDERE,BURDUR2,DEBI,02May2025,5Minute,Q2,/BUR-BUR-MER-AKDERE/BURDUR2/DEBI/02May2025/5Minute/Q2/,False
28,BUR-BUR-MER-AKDERE,BURDUR2,DEBI,02May2025,5Minute,Q25,/BUR-BUR-MER-AKDERE/BURDUR2/DEBI/02May2025/5Minute/Q25/,False
29,BUR-BUR-MER-AKDERE,BURDUR2,DEBI,02May2025,5Minute,Q5,/BUR-BUR-MER-AKDERE/BURDUR2/DEBI/02May2025/5Minute/Q5/,False
30,BUR-BUR-MER-AKDERE,BURDUR2,DEBI,02May2025,5Minute,Q50,/BUR-BUR-MER-AKDERE/BURDUR2/DEBI/02May2025/5Minute/Q50/,False
31,BUR-BUR-MER-AKDERE,BURDUR2,DEBI,02May2025,5Minute,Q500,/BUR-BUR-MER-AKDERE/BURDUR2/DEBI/02May2025/5Minute/Q500/,False
32,BUR-BUR-MER-AKYAKA1,BURDUR2,DEBI,01May2025,30Minute,Q10,/BUR-BUR-MER-AKYAKA1/BURDUR2/DEBI/01May2025/30Minute/Q10/,False
33,BUR-BUR-MER-AKYAKA1,BURDUR2,DEBI,01May2025,30Minute,Q100,/BUR-BUR-MER-AKYAKA1/BURDUR2/DEBI/01May2025/30Minute/Q100/,False
34,BUR-BUR-MER-AKYAKA1,BURDUR2,DEBI,01May2025,30Minute,Q1000,/BUR-BUR-MER-AKYAKA1/BURDUR2/DEBI/01May2025/30Minute/Q1000/,False
35,BUR-BUR-MER-AKYAKA1,BURDUR2,DEBI,01May2025,30Minute,Q2,/BUR-BUR-MER-AKYAKA1/BURDUR2/DEBI/01May2025/30Minute/Q2/,False
36,BUR-BUR-MER-AKYAKA1,BURDUR2,DEBI,01May2025,30Minute,Q25,/BUR-BUR-MER-AKYAKA1/BURDUR2/DEBI/01May2025/30Minute/Q25/,False
37,BUR-BUR-MER-AKYAKA1,BURDUR2,DEBI,01May2025,30Minute,Q5,/BUR-BUR-MER-AKYAKA1/BURDUR2/DEBI/01May2025/30Minute/Q5/,False
38,BUR-BUR-MER-AKYAKA1,BURDUR2,DEBI,01May2025,30Minute,Q50,/BUR-BUR-MER-AKYAKA1/BURDUR2/DEBI/01May2025/30Minute/Q50/,False
39,BUR-BUR-MER-AKYAKA1,BURDUR2,DEBI,01May2025,30Minute,Q500,/BUR-BUR-MER-AKYAKA1/BURDUR2/DEBI/01May2025/30Minute/Q500/,False
40,BUR-BUR-MER-AKYAKA2,BURDUR2,DEBI,01May2025,30Minute,Q10,/BUR-BUR-MER-AKYAKA2/BURDUR2/DEBI/01May2025/30Minute/Q10/,False
41,BUR-BUR-MER-AKYAKA2,BURDUR2,DEBI,01May2025,30Minute,Q100,/BUR-BUR-MER-AKYAKA2/BURDUR2/DEBI/01May2025/30Minute/Q100/,False
42,BUR-BUR-MER-AKYAKA2,BURDUR2,DEBI,01May2025,30Minute,Q1000,/BUR-BUR-MER-AKYAKA2/BURDUR2/DEBI/01May2025/30Minute/Q1000/,False
43,BUR-BUR-MER-AKYAKA2,BURDUR2,DEBI,01May2025,30Minute,Q2,/BUR-BUR-MER-AKYAKA2/BURDUR2/DEBI/01May2025/30Minute/Q2/,False
44,BUR-BUR-MER-AKYAKA2,BURDUR2,DEBI,01May2025,30Minute,Q25,/BUR-BUR-MER-AKYAKA2/BURDUR2/DEBI/01May2025/30Minute/Q25/,False
45,BUR-BUR-MER-AKYAKA2,BURDUR2,DEBI,01May2025,30Minute,Q5,/BUR-BUR-MER-AKYAKA2/BURDUR2/DEBI/01May2025/30Minute/Q5/,False
46,BUR-BUR-MER-AKYAKA2,BURDUR2,DEBI,01May2025,30Minute,Q50,/BUR-BUR-MER-AKYAKA2/BURDUR2/DEBI/01May2025/30Minute/Q50/,False
47,BUR-BUR-MER-AKYAKA2,BURDUR2,DEBI,01May2025,30Minute,Q500,/BUR-BUR-MER-AKYAKA2/BURDUR2/DEBI/01May2025/30Minute/Q500/,False
48,BUR-BUR-MER-AKYAKA3,BURDUR2,DEBI,01May2025,30Minute,Q10,/BUR-BUR-MER-AKYAKA3/BURDUR2/DEBI/01May2025/30Minute/Q10/,False
49,BUR-BUR-MER-AKYAKA3,BURDUR2,DEBI,01May2025,30Minute,Q100,/BUR-BUR-MER-AKYAKA3/BURDUR2/DEBI/01May2025/30Minute/Q100/,False
50,BUR-BUR-MER-AKYAKA3,BURDUR2,DEBI,01May2025,30Minute,Q1000,/BUR-BUR-MER-AKYAKA3/BURDUR2/DEBI/01May2025/30Minute/Q1000/,False
51,BUR-BUR-MER-AKYAKA3,BURDUR2,DEBI,01May2025,30Minute,Q2,/BUR-BUR-MER-AKYAKA3/BURDUR2/DEBI/01May2025/30Minute/Q2/,False
52,BUR-BUR-MER-AKYAKA3,BURDUR2,DEBI,01May2025,30Minute,Q25,/BUR-BUR-MER-AKYAKA3/BURDUR2/DEBI/01May2025/30Minute/Q25/,False
53,BUR-BUR-MER-AKYAKA3,BURDUR2,DEBI,01May2025,30Minute,Q5,/BUR-BUR-MER-AKYAKA3/BURDUR2/DEBI/01May2025/30Minute/Q5/,False
54,BUR-BUR-MER-AKYAKA3,BURDUR2,DEBI,01May2025,30Minute,Q50,/BUR-BUR-MER-AKYAKA3/BURDUR2/DEBI/01May2025/30Minute/Q50/,False
55,BUR-BUR-MER-AKYAKA3,BURDUR2,DEBI,01May2025,30Minute,Q500,/BUR-BUR-MER-AKYAKA3/BURDUR2/DEBI/01May2025/30Minute/Q500/,False
56,BUR-BUR-MER-AKYAKA-T,BURDUR2,DEBI,01May2025,30Minute,Q10,/BUR-BUR-MER-AKYAKA-T/BURDUR2/DEBI/01May2025/30Minute/Q10/,False
57,BUR-BUR-MER-AKYAKA-T,BURDUR2,DEBI,01May2025,30Minute,Q100,/BUR-BUR-MER-AKYAKA-T/BURDUR2/DEBI/01May2025/30Minute/Q100/,False
58,BUR-BUR-MER-AKYAKA-T,BURDUR2,DEBI,01May2025,30Minute,Q1000,/BUR-BUR-MER-AKYAKA-T/BURDUR2/DEBI/01May2025/30Minute/Q1000/,False
59,BUR-BUR-MER-AKYAKA-T,BURDUR2,DEBI,01May2025,30Minute,Q2,/BUR-BUR-MER-AKYAKA-T/BURDUR2/DEBI/01May2025/30Minute/Q2/,False
60,BUR-BUR-MER-AKYAKA-T,BURDUR2,DEBI,01May2025,30Minute,Q25,/BUR-BUR-MER-AKYAKA-T/BURDUR2/DEBI/01May2025/30Minute/Q25/,False
61,BUR-BUR-MER-AKYAKA-T,BURDUR2,DEBI,01May2025,30Minute,Q5,/BUR-BUR-MER-AKYAKA-T/BURDUR2/DEBI/01May2025/30Minute/Q5/,False
62,BUR-BUR-MER-AKYAKA-T,BURDUR2,DEBI,01May2025,30Minute,Q50,/BUR-BUR-MER-AKYAKA-T/BURDUR2/DEBI/01May2025/30Minute/Q50/,False
63,BUR-BUR-MER-AKYAKA-T,BURDUR2,DEBI,01May2025,30Minute,Q500,/BUR-BUR-MER-AKYAKA-T/BURDUR2/DEBI/01May2025/30Minute/Q500/,False
64,BUR-BUR-MER-AMUSLUMLER1,BURDUR2,DEBI,02May2025,5Minute,Q10,/BUR-BUR-MER-AMUSLUMLER1/BURDUR2/DEBI/02May2025/5Minute/Q10/,False
65,BUR-BUR-MER-AMUSLUMLER1,BURDUR2,DEBI,02May2025,5Minute,Q100,/BUR-BUR-MER-AMUSLUMLER1/BURDUR2/DEBI/02May2025/5Minute/Q100/,False
66,BUR-BUR-MER-AMUSLUMLER1,BURDUR2,DEBI,02May2025,5Minute,Q1000,/BUR-BUR-MER-AMUSLUMLER1/BURDUR2/DEBI/02May2025/5Minute/Q1000/,False
67,BUR-BUR-MER-AMUSLUMLER1,BURDUR2,DEBI,02May2025,5Minute,Q2,/BUR-BUR-MER-AMUSLUMLER1/BURDUR2/DEBI/02May2025/5Minute/Q2/,False
68,BUR-BUR-MER-AMUSLUMLER1,BURDUR2,DEBI,02May2025,5Minute,Q25,/BUR-BUR-MER-AMUSLUMLER1/BURDUR2/DEBI/02May2025/5Minute/Q25/,False
69,BUR-BUR-MER-AMUSLUMLER1,BURDUR2,DEBI,02May2025,5Minute,Q5,/BUR-BUR-MER-AMUSLUMLER1/BURDUR2/DEBI/02May2025/5Minute/Q5/,False
70,BUR-BUR-MER-AMUSLUMLER1,BURDUR2,DEBI,02May2025,5Minute,Q50,/BUR-BUR-MER-AMUSLUMLER1/BURDUR2/DEBI/02May2025/5Minute/Q50/,False
71,BUR-BUR-MER-AMUSLUMLER1,BURDUR2,DEBI,02May2025,5Minute,Q500,/BUR-BUR-MER-AMUSLUMLER1/BURDUR2/DEBI/02May2025/5Minute/Q500/,False
72,BUR-BUR-MER-AMUSLUMLER2,BURDUR2,DEBI,01May2025,30Minute,Q10,/BUR-BUR-MER-AMUSLUMLER2/BURDUR2/DEBI/01May2025/30Minute/Q10/,False
73,BUR-BUR-MER-AMUSLUMLER2,BURDUR2,DEBI,01May2025,30Minute,Q100,/BUR-BUR-MER-AMUSLUMLER2/BURDUR2/DEBI/01May2025/30Minute/Q100/,False
74,BUR-BUR-MER-AMUSLUMLER2,BURDUR2,DEBI,01May2025,30Minute,Q1000,/BUR-BUR-MER-AMUSLUMLER2/BURDUR2/DEBI/01May2025/30Minute/Q1000/,False
75,BUR-BUR-MER-AMUSLUMLER2,BURDUR2,DEBI,01May2025,30Minute,Q2,/BUR-BUR-MER-AMUSLUMLER2/BURDUR2/DEBI/01May2025/30Minute/Q2/,False
76,BUR-BUR-MER-AMUSLUMLER2,BURDUR2,DEBI,01May2025,30Minute,Q25,/BUR-BUR-MER-AMUSLUMLER2/BURDUR2/DEBI/01May2025/30Minute/Q25/,False
77,BUR-BUR-MER-AMUSLUMLER2,BURDUR2,DEBI,01May2025,30Minute,Q5,/BUR-BUR-MER-AMUSLUMLER2/BURDUR2/DEBI/01May2025/30Minute/Q5/,False
78,BUR-BUR-MER-AMUSLUMLER2,BURDUR2,DEBI,01May2025,30Minute,Q50,/BUR-BUR-MER-AMUSLUMLER2/BURDUR2/DEBI/01May2025/30Minute/Q50/,False
79,BUR-BUR-MER-AMUSLUMLER2,BURDUR2,DEBI,01May2025,30Minute,Q500,/BUR-BUR-MER-AMUSLUMLER2/BURDUR2/DEBI/01May2025/30Minute/Q500/,False
80,BUR-BUR-MER-ASKERIYE1,BURDUR2,DEBI,01May2025,30Minute,Q10,/BUR-BUR-MER-ASKERIYE1/BURDUR2/DEBI/01May2025/30Minute/Q10/,False
81,BUR-BUR-MER-ASKERIYE1,BURDUR2,DEBI,01May2025,30Minute,Q100,/BUR-BUR-MER-ASKERIYE1/BURDUR2/DEBI/01May2025/30Minute/Q100/,False
82,BUR-BUR-MER-ASKERIYE1,BURDUR2,DEBI,01May2025,30Minute,Q1000,/BUR-BUR-MER-ASKERIYE1/BURDUR2/DEBI/01May2025/30Minute/Q1000/,False
83,BUR-BUR-MER-ASKERIYE1,BURDUR2,DEBI,01May2025,30Minute,Q2,/BUR-BUR-MER-ASKERIYE1/BURDUR2/DEBI/01May2025/30Minute/Q2/,False
84,BUR-BUR-MER-ASKERIYE1,BURDUR2,DEBI,01May2025,30Minute,Q25,/BUR-BUR-MER-ASKERIYE1/BURDUR2/DEBI/01May2025/30Minute/Q25/,False
85,BUR-BUR-MER-ASKERIYE1,BURDUR2,DEBI,01May2025,30Minute,Q5,/BUR-BUR-MER-ASKERIYE1/BURDUR2/DEBI/01May2025/30Minute/Q5/,False
86,BUR-BUR-MER-ASKERIYE1,BURDUR2,DEBI,01May2025,30Minute,Q50,/BUR-BUR-MER-ASKERIYE1/BURDUR2/DEBI/01May2025/30Minute/Q50/,False
87,BUR-BUR-MER-ASKERIYE1,BURDUR2,DEBI,01May2025,30Minute,Q500,/BUR-BUR-MER-ASKERIYE1/BURDUR2/DEBI/01May2025/30Minute/Q500/,False
88,BUR-BUR-MER-ASKERIYE2,BURDUR2,DEBI,01May2025,30Minute,Q10,/BUR-BUR-MER-ASKERIYE2/BURDUR2/DEBI/01May2025/30Minute/Q10/,False
89,BUR-BUR-MER-ASKERIYE2,BURDUR2,DEBI,01May2025,30Minute,Q100,/BUR-BUR-MER-ASKERIYE2/BURDUR2/DEBI/01May2025/30Minute/Q100/,False
90,BUR-BUR-MER-ASKERIYE2,BURDUR2,DEBI,01May2025,30Minute,Q1000,/BUR-BUR-MER-ASKERIYE2/BURDUR2/DEBI/01May2025/30Minute/Q1000/,False
91,BUR-BUR-MER-ASKERIYE2,BURDUR2,DEBI,01May2025,30Minute,Q2,/BUR-BUR-MER-ASKERIYE2/BURDUR2/DEBI/01May2025/30Minute/Q2/,False
92,BUR-BUR-MER-ASKERIYE2,BURDUR2,DEBI,01May2025,30Minute,Q25,/BUR-BUR-MER-ASKERIYE2/BURDUR2/DEBI/01May2025/30Minute/Q25/,False
93,BUR-BUR-MER-ASKERIYE2,BURDUR2,DEBI,01May2025,30Minute,Q5,/BUR-BUR-MER-ASKERIYE2/BURDUR2/DEBI/01May2025/30Minute/Q5/,False
94,BUR-BUR-MER-ASKERIYE2,BURDUR2,DEBI,01May2025,30Minute,Q50,/BUR-BUR-MER-ASKERIYE2/BURDUR2/DEBI/01May2025/30Minute/Q50/,False
95,BUR-BUR-MER-ASKERIYE2,BURDUR2,DEBI,01May2025,30Minute,Q500,/BUR-BUR-MER-ASKERIYE2/BURDUR2/DEBI/01May2025/30Minute/Q500/,False
96,BUR-BUR-MER-ASKERIYE2A,BURDUR2,DEBI,01May2025,30Minute,Q10,/BUR-BUR-MER-ASKERIYE2A/BURDUR2/DEBI/01May2025/30Minute/Q10/,False
97,BUR-BUR-MER-ASKERIYE2A,BURDUR2,DEBI,01May2025,30Minute,Q100,/BUR-BUR-MER-ASKERIYE2A/BURDUR2/DEBI/01May2025/30Minute/Q100/,False
98,BUR-BUR-MER-ASKERIYE2A,BURDUR2,DEBI,01May2025,30Minute,Q1000,/BUR-BUR-MER-ASKERIYE2A/BURDUR2/DEBI/01May2025/30Minute/Q1000/,False
99,BUR-BUR-MER-ASKERIYE2A,BURDUR2,DEBI,01May2025,30Minute,Q2,/BUR-BUR-MER-ASKERIYE2A/BURDUR2/DEBI/01May2025/30Minute/Q2/,False
100,BUR-BUR-MER-ASKERIYE2A,BURDUR2,DEBI,01May2025,30Minute,Q25,/BUR-BUR-MER-ASKERIYE2A/BURDUR2/DEBI/01May2025/30Minute/Q25/,False
101,BUR-BUR-MER-ASKERIYE2A,BURDUR2,DEBI,01May2025,30Minute,Q5,/BUR-BUR-MER-ASKERIYE2A/BURDUR2/DEBI/01May2025/30Minute/Q5/,False
102,BUR-BUR-MER-ASKERIYE2A,BURDUR2,DEBI,01May2025,30Minute,Q50,/BUR-BUR-MER-ASKERIYE2A/BURDUR2/DEBI/01May2025/30Minute/Q50/,False
103,BUR-BUR-MER-ASKERIYE2A,BURDUR2,DEBI,01May2025,30Minute,Q500,/BUR-BUR-MER-ASKERIYE2A/BURDUR2/DEBI/01May2025/30Minute/Q500/,False
104,BUR-BUR-MER-ASKERIYE3,BURDUR2,DEBI,02May2025,5Minute,Q10,/BUR-BUR-MER-ASKERIYE3/BURDUR2/DEBI/02May2025/5Minute/Q10/,False
105,BUR-BUR-MER-ASKERIYE3,BURDUR2,DEBI,02May2025,5Minute,Q100,/BUR-BUR-MER-ASKERIYE3/BURDUR2/DEBI/02May2025/5Minute/Q100/,False
106,BUR-BUR-MER-ASKERIYE3,BURDUR2,DEBI,02May2025,5Minute,Q1000,/BUR-BUR-MER-ASKERIYE3/BURDUR2/DEBI/02May2025/5Minute/Q1000/,False
107,BUR-BUR-MER-ASKERIYE3,BURDUR2,DEBI,02May2025,5Minute,Q2,/BUR-BUR-MER-ASKERIYE3/BURDUR2/DEBI/02May2025/5Minute/Q2/,False
108,BUR-BUR-MER-ASKERIYE3,BURDUR2,DEBI,02May2025,5Minute,Q25,/BUR-BUR-MER-ASKERIYE3/BURDUR2/DEBI/02May2025/5Minute/Q25/,False
109,BUR-BUR-MER-ASKERIYE3,BURDUR2,DEBI,02May2025,5Minute,Q5,/BUR-BUR-MER-ASKERIYE3/BURDUR2/DEBI/02May2025/5Minute/Q5/,False
110,BUR-BUR-MER-ASKERIYE3,BURDUR2,DEBI,02May2025,5Minute,Q50,/BUR-BUR-MER-ASKERIYE3/BURDUR2/DEBI/02May2025/5Minute/Q50/,False
111,BUR-BUR-MER-ASKERIYE3,BURDUR2,DEBI,02May2025,5Minute,Q500,/BUR-BUR-MER-ASKERIYE3/BURDUR2/DEBI/02May2025/5Minute/Q500/,False
112,BUR-BUR-MER-ASKERIYE-T,BURDUR2,DEBI,01May2025,30Minute,Q10,/BUR-BUR-MER-ASKERIYE-T/BURDUR2/DEBI/01May2025/30Minute/Q10/,False
113,BUR-BUR-MER-ASKERIYE-T,BURDUR2,DEBI,01May2025,30Minute,Q100,/BUR-BUR-MER-ASKERIYE-T/BURDUR2/DEBI/01May2025/30Minute/Q100/,False
114,BUR-BUR-MER-ASKERIYE-T,BURDUR2,DEBI,01May2025,30Minute,Q1000,/BUR-BUR-MER-ASKERIYE-T/BURDUR2/DEBI/01May2025/30Minute/Q1000/,False
115,BUR-BUR-MER-ASKERIYE-T,BURDUR2,DEBI,01May2025,30Minute,Q2,/BUR-BUR-MER-ASKERIYE-T/BURDUR2/DEBI/01May2025/30Minute/Q2/,False
116,BUR-BUR-MER-ASKERIYE-T,BURDUR2,DEBI,01May2025,30Minute,Q25,/BUR-BUR-MER-ASKERIYE-T/BURDUR2/DEBI/01May2025/30Minute/Q25/,False
117,BUR-BUR-MER-ASKERIYE-T,BURDUR2,DEBI,01May2025,30Minute,Q5,/BUR-BUR-MER-ASKERIYE-T/BURDUR2/DEBI/01May2025/30Minute/Q5/,False
118,BUR-BUR-MER-ASKERIYE-T,BURDUR2,DEBI,01May2025,30Minute,Q50,/BUR-BUR-MER-ASKERIYE-T/BURDUR2/DEBI/01May2025/30Minute/Q50/,False
119,BUR-BUR-MER-ASKERIYE-T,BURDUR2,DEBI,01May2025,30Minute,Q500,/BUR-BUR-MER-ASKERIYE-T/BURDUR2/DEBI/01May2025/30Minute/Q500/,False
120,BUR-BUR-MER-ATATURK,BURDUR2,DEBI,01May2025,30Minute,Q10,/BUR-BUR-MER-ATATURK/BURDUR2/DEBI/01May2025/30Minute/Q10/,False
121,BUR-BUR-MER-ATATURK,BURDUR2,DEBI,01May2025,30Minute,Q100,/BUR-BUR-MER-ATATURK/BURDUR2/DEBI/01May2025/30Minute/Q100/,False
122,BUR-BUR-MER-ATATURK,BURDUR2,DEBI,01May2025,30Minute,Q1000,/BUR-BUR-MER-ATATURK/BURDUR2/DEBI/01May2025/30Minute/Q1000/,False
123,BUR-BUR-MER-ATATURK,BURDUR2,DEBI,01May2025,30Minute,Q2,/BUR-BUR-MER-ATATURK/BURDUR2/DEBI/01May2025/30Minute/Q2/,False
124,BUR-BUR-MER-ATATURK,BURDUR2,DEBI,01May2025,30Minute,Q25,/BUR-BUR-MER-ATATURK/BURDUR2/DEBI/01May2025/30Minute/Q25/,False
125,BUR-BUR-MER-ATATURK,BURDUR2,DEBI,01May2025,30Minute,Q5,/BUR-BUR-MER-ATATURK/BURDUR2/DEBI/01May2025/30Minute/Q5/,False
126,BUR-BUR-MER-ATATURK,BURDUR2,DEBI,01May2025,30Minute,Q50,/BUR-BUR-MER-ATATURK/BURDUR2/DEBI/01May2025/30Minute/Q50/,False
127,BUR-BUR-MER-ATATURK,BURDUR2,DEBI,01May2025,30Minute,Q500,/BUR-BUR-MER-ATATURK/BURDUR2/DEBI/01May2025/30Minute/Q500/,False
128,BUR-BUR-MER-ATATURK1,BURDUR2,DEBI,02May2025,5Minute,Q10,/BUR-BUR-MER-ATATURK1/BURDUR2/DEBI/02May2025/5Minute/Q10/,False
129,BUR-BUR-MER-ATATURK1,BURDUR2,DEBI,02May2025,5Minute,Q100,/BUR-BUR-MER-ATATURK1/BURDUR2/DEBI/02May2025/5Minute/Q100/,False
130,BUR-BUR-MER-ATATURK1,BURDUR2,DEBI,02May2025,5Minute,Q1000,/BUR-BUR-MER-ATATURK1/BURDUR2/DEBI/02May2025/5Minute/Q1000/,False
131,BUR-BUR-MER-ATATURK1,BURDUR2,DEBI,02May2025,5Minute,Q2,/BUR-BUR-MER-ATATURK1/BURDUR2/DEBI/02May2025/5Minute/Q2/,False
132,BUR-BUR-MER-ATATURK1,BURDUR2,DEBI,02May2025,5Minute,Q25,/BUR-BUR-MER-ATATURK1/BURDUR2/DEBI/02May2025/5Minute/Q25/,False
133,BUR-BUR-MER-ATATURK1,BURDUR2,DEBI,02May2025,5Minute,Q5,/BUR-BUR-MER-ATATURK1/BURDUR2/DEBI/02May2025/5Minute/Q5/,False
134,BUR-BUR-MER-ATATURK1,BURDUR2,DEBI,02May2025,5Minute,Q50,/BUR-BUR-MER-ATATURK1/BURDUR2/DEBI/02May2025/5Minute/Q50/,False
135,BUR-BUR-MER-ATATURK1,BURDUR2,DEBI,02May2025,5Minute,Q500,/BUR-BUR-MER-ATATURK1/BURDUR2/DEBI/02May2025/5Minute/Q500/,False
136,BUR-BUR-MER-ATATURK2,BURDUR2,DEBI,02May2025,5Minute,Q10,/BUR-BUR-MER-ATATURK2/BURDUR2/DEBI/02May2025/5Minute/Q10/,False
137,BUR-BUR-MER-ATATURK2,BURDUR2,DEBI,02May2025,5Minute,Q100,/BUR-BUR-MER-ATATURK2/BURDUR2/DEBI/02May2025/5Minute/Q100/,False
138,BUR-BUR-MER-ATATURK2,BURDUR2,DEBI,02May2025,5Minute,Q1000,/BUR-BUR-MER-ATATURK2/BURDUR2/DEBI/02May2025/5Minute/Q1000/,False
139,BUR-BUR-MER-ATATURK2,BURDUR2,DEBI,02May2025,5Minute,Q2,/BUR-BUR-MER-ATATURK2/BURDUR2/DEBI/02May2025/5Minute/Q2/,False
140,BUR-BUR-MER-ATATURK2,BURDUR2,DEBI,02May2025,5Minute,Q25,/BUR-BUR-MER-ATATURK2/BURDUR2/DEBI/02May2025/5Minute/Q25/,False
141,BUR-BUR-MER-ATATURK2,BURDUR2,DEBI,02May2025,5Minute,Q5,/BUR-BUR-MER-ATATURK2/BURDUR2/DEBI/02May2025/5Minute/Q5/,False
142,BUR-BUR-MER-ATATURK2,BURDUR2,DEBI,02May2025,5Minute,Q50,/BUR-BUR-MER-ATATURK2/BURDUR2/DEBI/02May2025/5Minute/Q50/,False
143,BUR-BUR-MER-ATATURK2,BURDUR2,DEBI,02May2025,5Minute,Q500,/BUR-BUR-MER-ATATURK2/BURDUR2/DEBI/02May2025/5Minute/Q500/,False
144,BUR-BUR-MER-ATATURK3,BURDUR2,DEBI,02May2025,5Minute,Q10,/BUR-BUR-MER-ATATURK3/BURDUR2/DEBI/02May2025/5Minute/Q10/,False
145,BUR-BUR-MER-ATATURK3,BURDUR2,DEBI,02May2025,5Minute,Q100,/BUR-BUR-MER-ATATURK3/BURDUR2/DEBI/02May2025/5Minute/Q100/,False
146,BUR-BUR-MER-ATATURK3,BURDUR2,DEBI,02May2025,5Minute,Q1000,/BUR-BUR-MER-ATATURK3/BURDUR2/DEBI/02May2025/5Minute/Q1000/,False
147,BUR-BUR-MER-ATATURK3,BURDUR2,DEBI,02May2025,5Minute,Q2,/BUR-BUR-MER-ATATURK3/BURDUR2/DEBI/02May2025/5Minute/Q2/,False
148,BUR-BUR-MER-ATATURK3,BURDUR2,DEBI,02May2025,5Minute,Q25,/BUR-BUR-MER-ATATURK3/BURDUR2/DEBI/02May2025/5Minute/Q25/,False
149,BUR-BUR-MER-ATATURK3,BURDUR2,DEBI,02May2025,5Minute,Q5,/BUR-BUR-MER-ATATURK3/BURDUR2/DEBI/02May2025/5Minute/Q5/,False
150,BUR-BUR-MER-ATATURK3,BURDUR2,DEBI,02May2025,5Minute,Q50,/BUR-BUR-MER-ATATURK3/BURDUR2/DEBI/02May2025/5Minute/Q50/,False
151,BUR-BUR-MER-ATATURK3,BURDUR2,DEBI,02May2025,5Minute,Q500,/BUR-BUR-MER-ATATURK3/BURDUR2/DEBI/02May2025/5Minute/Q500/,False
152,BUR-BUR-MER-ATATURK4,BURDUR2,DEBI,02May2025,5Minute,Q10,/BUR-BUR-MER-ATATURK4/BURDUR2/DEBI/02May2025/5Minute/Q10/,False
153,BUR-BUR-MER-ATATURK4,BURDUR2,DEBI,02May2025,5Minute,Q100,/BUR-BUR-MER-ATATURK4/BURDUR2/DEBI/02May2025/5Minute/Q100/,False
154,BUR-BUR-MER-ATATURK4,BURDUR2,DEBI,02May2025,5Minute,Q1000,/BUR-BUR-MER-ATATURK4/BURDUR2/DEBI/02May2025/5Minute/Q1000/,False
155,BUR-BUR-MER-ATATURK4,BURDUR2,DEBI,02May2025,5Minute,Q2,/BUR-BUR-MER-ATATURK4/BURDUR2/DEBI/02May2025/5Minute/Q2/,False
156,BUR-BUR-MER-ATATURK4,BURDUR2,DEBI,02May2025,5Minute,Q25,/BUR-BUR-MER-ATATURK4/BURDUR2/DEBI/02May2025/5Minute/Q25/,False
157,BUR-BUR-MER-ATATURK4,BURDUR2,DEBI,02May2025,5Minute,Q5,/BUR-BUR-MER-ATATURK4/BURDUR2/DEBI/02May2025/5Minute/Q5/,False
158,BUR-BUR-MER-ATATURK4,BURDUR2,DEBI,02May2025,5Minute,Q50,/BUR-BUR-MER-ATATURK4/BURDUR2/DEBI/02May2025/5Minute/Q50/,False
159,BUR-BUR-MER-ATATURK4,BURDUR2,DEBI,02May2025,5Minute,Q500,/BUR-BUR-MER-ATATURK4/BURDUR2/DEBI/02May2025/5Minute/Q500/,False
160,BUR-BUR-MER-ATATURK5,BURDUR2,DEBI,02May2025,5Minute,Q10,/BUR-BUR-MER-ATATURK5/BURDUR2/DEBI/02May2025/5Minute/Q10/,False
161,BUR-BUR-MER-ATATURK5,BURDUR2,DEBI,02May2025,5Minute,Q100,/BUR-BUR-MER-ATATURK5/BURDUR2/DEBI/02May2025/5Minute/Q100/,False
162,BUR-BUR-MER-ATATURK5,BURDUR2,DEBI,02May2025,5Minute,Q1000,/BUR-BUR-MER-ATATURK5/BURDUR2/DEBI/02May2025/5Minute/Q1000/,False
163,BUR-BUR-MER-ATATURK5,BURDUR2,DEBI,02May2025,5Minute,Q2,/BUR-BUR-MER-ATATURK5/BURDUR2/DEBI/02May2025/5Minute/Q2/,False
164,BUR-BUR-MER-ATATURK5,BURDUR2,DEBI,02May2025,5Minute,Q25,/BUR-BUR-MER-ATATURK5/BURDUR2/DEBI/02May2025/5Minute/Q25/,False
165,BUR-BUR-MER-ATATURK5,BURDUR2,DEBI,02May2025,5Minute,Q5,/BUR-BUR-MER-ATATURK5/BURDUR2/DEBI/02May2025/5Minute/Q5/,False
166,BUR-BUR-MER-ATATURK5,BURDUR2,DEBI,02May2025,5Minute,Q50,/BUR-BUR-MER-ATATURK5/BURDUR2/DEBI/02May2025/5Minute/Q50/,False
167,BUR-BUR-MER-ATATURK5,BURDUR2,DEBI,02May2025,5Minute,Q500,/BUR-BUR-MER-ATATURK5/BURDUR2/DEBI/02May2025/5Minute/Q500/,False
168,BUR-BUR-MER-ATATURK6,BURDUR2,DEBI,02May2025,5Minute,Q10,/BUR-BUR-MER-ATATURK6/BURDUR2/DEBI/02May2025/5Minute/Q10/,False
169,BUR-BUR-MER-ATATURK6,BURDUR2,DEBI,02May2025,5Minute,Q100,/BUR-BUR-MER-ATATURK6/BURDUR2/DEBI/02May2025/5Minute/Q100/,False
170,BUR-BUR-MER-ATATURK6,BURDUR2,DEBI,02May2025,5Minute,Q1000,/BUR-BUR-MER-ATATURK6/BURDUR2/DEBI/02May2025/5Minute/Q1000/,False
171,BUR-BUR-MER-ATATURK6,BURDUR2,DEBI,02May2025,5Minute,Q2,/BUR-BUR-MER-ATATURK6/BURDUR2/DEBI/02May2025/5Minute/Q2/,False
172,BUR-BUR-MER-ATATURK6,BURDUR2,DEBI,02May2025,5Minute,Q25,/BUR-BUR-MER-ATATURK6/BURDUR2/DEBI/02May2025/5Minute/Q25/,False
173,BUR-BUR-MER-ATATURK6,BURDUR2,DEBI,02May2025,5Minute,Q5,/BUR-BUR-MER-ATATURK6/BURDUR2/DEBI/02May2025/5Minute/Q5/,False
174,BUR-BUR-MER-ATATURK6,BURDUR2,DEBI,02May2025,5Minute,Q50,/BUR-BUR-MER-ATATURK6/BURDUR2/DEBI/02May2025/5Minute/Q50/,False
175,BUR-BUR-MER-ATATURK6,BURDUR2,DEBI,02May2025,5Minute,Q500,/BUR-BUR-MER-ATATURK6/BURDUR2/DEBI/02May2025/5Minute/Q500/,False
176,BUR-BUR-MER-ATATURK7,BURDUR2,DEBI,02May2025,5Minute,Q10,/BUR-BUR-MER-ATATURK7/BURDUR2/DEBI/02May2025/5Minute/Q10/,False
177,BUR-BUR-MER-ATATURK7,BURDUR2,DEBI,02May2025,5Minute,Q100,/BUR-BUR-MER-ATATURK7/BURDUR2/DEBI/02May2025/5Minute/Q100/,False
178,BUR-BUR-MER-ATATURK7,BURDUR2,DEBI,02May2025,5Minute,Q1000,/BUR-BUR-MER-ATATURK7/BURDUR2/DEBI/02May2025/5Minute/Q1000/,False
179,BUR-BUR-MER-ATATURK7,BURDUR2,DEBI,02May2025,5Minute,Q2,/BUR-BUR-MER-ATATURK7/BURDUR2/DEBI/02May2025/5Minute/Q2/,False
180,BUR-BUR-MER-ATATURK7,BURDUR2,DEBI,02May2025,5Minute,Q25,/BUR-BUR-MER-ATATURK7/BURDUR2/DEBI/02May2025/5Minute/Q25/,False
181,BUR-BUR-MER-ATATURK7,BURDUR2,DEBI,02May2025,5Minute,Q5,/BUR-BUR-MER-ATATURK7/BURDUR2/DEBI/02May2025/5Minute/Q5/,False
182,BUR-BUR-MER-ATATURK7,BURDUR2,DEBI,02May2025,5Minute,Q50,/BUR-BUR-MER-ATATURK7/BURDUR2/DEBI/02May2025/5Minute/Q50/,False
183,BUR-BUR-MER-ATATURK7,BURDUR2,DEBI,02May2025,5Minute,Q500,/BUR-BUR-MER-ATATURK7/BURDUR2/DEBI/02May2025/5Minute/Q500/,False
184,BUR-BUR-MER-ATATURKA,BURDUR2,DEBI,02May2025,5Minute,Q10,/BUR-BUR-MER-ATATURKA/BURDUR2/DEBI/02May2025/5Minute/Q10/,False
185,BUR-BUR-MER-ATATURKA,BURDUR2,DEBI,02May2025,5Minute,Q100,/BUR-BUR-MER-ATATURKA/BURDUR2/DEBI/02May2025/5Minute/Q100/,False
186,BUR-BUR-MER-ATATURKA,BURDUR2,DEBI,02May2025,5Minute,Q1000,/BUR-BUR-MER-ATATURKA/BURDUR2/DEBI/02May2025/5Minute/Q1000/,False
187,BUR-BUR-MER-ATATURKA,BURDUR2,DEBI,02May2025,5Minute,Q2,/BUR-BUR-MER-ATATURKA/BURDUR2/DEBI/02May2025/5Minute/Q2/,False
188,BUR-BUR-MER-ATATURKA,BURDUR2,DEBI,02May2025,5Minute,Q25,/BUR-BUR-MER-ATATURKA/BURDUR2/DEBI/02May2025/5Minute/Q25/,False
189,BUR-BUR-MER-ATATURKA,BURDUR2,DEBI,02May2025,5Minute,Q5,/BUR-BUR-MER-ATATURKA/BURDUR2/DEBI/02May2025/5Minute/Q5/,False
190,BUR-BUR-MER-ATATURKA,BURDUR2,DEBI,02May2025,5Minute,Q50,/BUR-BUR-MER-ATATURKA/BURDUR2/DEBI/02May2025/5Minute/Q50/,False
191,BUR-BUR-MER-ATATURKA,BURDUR2,DEBI,02May2025,5Minute,Q500,/BUR-BUR-MER-ATATURKA/BURDUR2/DEBI/02May2025/5Minute/Q500/,False
192,BUR-BUR-MER-ATATURK-T,BURDUR2,DEBI,01May2025,30Minute,Q10,/BUR-BUR-MER-ATATURK-T/BURDUR2/DEBI/01May2025/30Minute/Q10/,False
193,BUR-BUR-MER-ATATURK-T,BURDUR2,DEBI,01May2025,30Minute,Q100,/BUR-BUR-MER-ATATURK-T/BURDUR2/DEBI/01May2025/30Minute/Q100/,True
194,BUR-BUR-MER-ATATURK-T,BURDUR2,DEBI,01May2025,30Minute,Q1000,/BUR-BUR-MER-ATATURK-T/BURDUR2/DEBI/01May2025/30Minute/Q1000/,False
195,BUR-BUR-MER-ATATURK-T,BURDUR2,DEBI,01May2025,30Minute,Q2,/BUR-BUR-MER-ATATURK-T/BURDUR2/DEBI/01May2025/30Minute/Q2/,False
196,BUR-BUR-MER-ATATURK-T,BURDUR2,DEBI,01May2025,30Minute,Q25,/BUR-BUR-MER-ATATURK-T/BURDUR2/DEBI/01May2025/30Minute/Q25/,False
197,BUR-BUR-MER-ATATURK-T,BURDUR2,DEBI,01May2025,30Minute,Q5,/BUR-BUR-MER-ATATURK-T/BURDUR2/DEBI/01May2025/30Minute/Q5/,False
198,BUR-BUR-MER-ATATURK-T,BURDUR2,DEBI,01May2025,30Minute,Q50,/BUR-BUR-MER-ATATURK-T/BURDUR2/DEBI/01May2025/30Minute/Q50/,False
199,BUR-BUR-MER-ATATURK-T,BURDUR2,DEBI,01May2025,30Minute,Q500,/BUR-BUR-MER-ATATURK-T/BURDUR2/DEBI/01May2025/30Minute/Q500/,False
200,BUR-BUR-MER-BAC,BURDUR2,DEBI,01May2025,30Minute,Q10,/BUR-BUR-MER-BAC/BURDUR2/DEBI/01May2025/30Minute/Q10/,False
201,BUR-BUR-MER-BAC,BURDUR2,DEBI,01May2025,30Minute,Q100,/BUR-BUR-MER-BAC/BURDUR2/DEBI/01May2025/30Minute/Q100/,False
202,BUR-BUR-MER-BAC,BURDUR2,DEBI,01May2025,30Minute,Q1000,/BUR-BUR-MER-BAC/BURDUR2/DEBI/01May2025/30Minute/Q1000/,False
203,BUR-BUR-MER-BAC,BURDUR2,DEBI,01May2025,30Minute,Q2,/BUR-BUR-MER-BAC/BURDUR2/DEBI/01May2025/30Minute/Q2/,False
204,BUR-BUR-MER-BAC,BURDUR2,DEBI,01May2025,30Minute,Q25,/BUR-BUR-MER-BAC/BURDUR2/DEBI/01May2025/30Minute/Q25/,False
205,BUR-BUR-MER-BAC,BURDUR2,DEBI,01May2025,30Minute,Q5,/BUR-BUR-MER-BAC/BURDUR2/DEBI/01May2025/30Minute/Q5/,False
206,BUR-BUR-MER-BAC,BURDUR2,DEBI,01May2025,30Minute,Q50,/BUR-BUR-MER-BAC/BURDUR2/DEBI/01May2025/30Minute/Q50/,False
207,BUR-BUR-MER-BAC,BURDUR2,DEBI,01May2025,30Minute,Q500,/BUR-BUR-MER-BAC/BURDUR2/DEBI/01May2025/30Minute/Q500/,False
208,BUR-BUR-MER-BAYINDIR1,BURDUR2,DEBI,02May2025,5Minute,Q10,/BUR-BUR-MER-BAYINDIR1/BURDUR2/DEBI/02May2025/5Minute/Q10/,False
209,BUR-BUR-MER-BAYINDIR1,BURDUR2,DEBI,02May2025,5Minute,Q100,/BUR-BUR-MER-BAYINDIR1/BURDUR2/DEBI/02May2025/5Minute/Q100/,False
210,BUR-BUR-MER-BAYINDIR1,BURDUR2,DEBI,02May2025,5Minute,Q1000,/BUR-BUR-MER-BAYINDIR1/BURDUR2/DEBI/02May2025/5Minute/Q1000/,False
211,BUR-BUR-MER-BAYINDIR1,BURDUR2,DEBI,02May2025,5Minute,Q2,/BUR-BUR-MER-BAYINDIR1/BURDUR2/DEBI/02May2025/5Minute/Q2/,False
212,BUR-BUR-MER-BAYINDIR1,BURDUR2,DEBI,02May2025,5Minute,Q25,/BUR-BUR-MER-BAYINDIR1/BURDUR2/DEBI/02May2025/5Minute/Q25/,False
213,BUR-BUR-MER-BAYINDIR1,BURDUR2,DEBI,02May2025,5Minute,Q5,/BUR-BUR-MER-BAYINDIR1/BURDUR2/DEBI/02May2025/5Minute/Q5/,False
214,BUR-BUR-MER-BAYINDIR1,BURDUR2,DEBI,02May2025,5Minute,Q50,/BUR-BUR-MER-BAYINDIR1/BURDUR2/DEBI/02May2025/5Minute/Q50/,False
215,BUR-BUR-MER-BAYINDIR1,BURDUR2,DEBI,02May2025,5Minute,Q500,/BUR-BUR-MER-BAYINDIR1/BURDUR2/DEBI/02May2025/5Minute/Q500/,False
216,BUR-BUR-MER-BAYINDIR2,BURDUR2,DEBI,02May2025,5Minute,Q10,/BUR-BUR-MER-BAYINDIR2/BURDUR2/DEBI/02May2025/5Minute/Q10/,False
217,BUR-BUR-MER-BAYINDIR2,BURDUR2,DEBI,02May2025,5Minute,Q100,/BUR-BUR-MER-BAYINDIR2/BURDUR2/DEBI/02May2025/5Minute/Q100/,False
218,BUR-BUR-MER-BAYINDIR2,BURDUR2,DEBI,02May2025,5Minute,Q1000,/BUR-BUR-MER-BAYINDIR2/BURDUR2/DEBI/02May2025/5Minute/Q1000/,False
219,BUR-BUR-MER-BAYINDIR2,BURDUR2,DEBI,02May2025,5Minute,Q2,/BUR-BUR-MER-BAYINDIR2/BURDUR2/DEBI/02May2025/5Minute/Q2/,False
220,BUR-BUR-MER-BAYINDIR2,BURDUR2,DEBI,02May2025,5Minute,Q25,/BUR-BUR-MER-BAYINDIR2/BURDUR2/DEBI/02May2025/5Minute/Q25/,False
221,BUR-BUR-MER-BAYINDIR2,BURDUR2,DEBI,02May2025,5Minute,Q5,/BUR-BUR-MER-BAYINDIR2/BURDUR2/DEBI/02May2025/5Minute/Q5/,False
222,BUR-BUR-MER-BAYINDIR2,BURDUR2,DEBI,02May2025,5Minute,Q50,/BUR-BUR-MER-BAYINDIR2/BURDUR2/DEBI/02May2025/5Minute/Q50/,False
223,BUR-BUR-MER-BAYINDIR2,BURDUR2,DEBI,02May2025,5Minute,Q500,/BUR-BUR-MER-BAYINDIR2/BURDUR2/DEBI/02May2025/5Minute/Q500/,False
224,BUR-BUR-MER-BAYINDIR3,BURDUR2,DEBI,02May2025,5Minute,Q10,/BUR-BUR-MER-BAYINDIR3/BURDUR2/DEBI/02May2025/5Minute/Q10/,False
225,BUR-BUR-MER-BAYINDIR3,BURDUR2,DEBI,02May2025,5Minute,Q100,/BUR-BUR-MER-BAYINDIR3/BURDUR2/DEBI/02May2025/5Minute/Q100/,False
226,BUR-BUR-MER-BAYINDIR3,BURDUR2,DEBI,02May2025,5Minute,Q1000,/BUR-BUR-MER-BAYINDIR3/BURDUR2/DEBI/02May2025/5Minute/Q1000/,False
227,BUR-BUR-MER-BAYINDIR3,BURDUR2,DEBI,02May2025,5Minute,Q2,/BUR-BUR-MER-BAYINDIR3/BURDUR2/DEBI/02May2025/5Minute/Q2/,False
228,BUR-BUR-MER-BAYINDIR3,BURDUR2,DEBI,02May2025,5Minute,Q25,/BUR-BUR-MER-BAYINDIR3/BURDUR2/DEBI/02May2025/5Minute/Q25/,False
229,BUR-BUR-MER-BAYINDIR3,BURDUR2,DEBI,02May2025,5Minute,Q5,/BUR-BUR-MER-BAYINDIR3/BURDUR2/DEBI/02May2025/5Minute/Q5/,False
230,BUR-BUR-MER-BAYINDIR3,BURDUR2,DEBI,02May2025,5Minute,Q50,/BUR-BUR-MER-BAYINDIR3/BURDUR2/DEBI/02May2025/5Minute/Q50/,False
231,BUR-BUR-MER-BAYINDIR3,BURDUR2,DEBI,02May2025,5Minute,Q500,/BUR-BUR-MER-BAYINDIR3/BURDUR2/DEBI/02May2025/5Minute/Q500/,False
232,BUR-BUR-MER-BAYINDIR-T,BURDUR2,DEBI,01May2025,30Minute,Q10,/BUR-BUR-MER-BAYINDIR-T/BURDUR2/DEBI/01May2025/30Minute/Q10/,False
233,BUR-BUR-MER-BAYINDIR-T,BURDUR2,DEBI,01May2025,30Minute,Q100,/BUR-BUR-MER-BAYINDIR-T/BURDUR2/DEBI/01May2025/30Minute/Q100/,False
234,BUR-BUR-MER-BAYINDIR-T,BURDUR2,DEBI,01May2025,30Minute,Q1000,/BUR-BUR-MER-BAYINDIR-T/BURDUR2/DEBI/01May2025/30Minute/Q1000/,False
235,BUR-BUR-MER-BAYINDIR-T,BURDUR2,DEBI,01May2025,30Minute,Q2,/BUR-BUR-MER-BAYINDIR-T/BURDUR2/DEBI/01May2025/30Minute/Q2/,False
236,BUR-BUR-MER-BAYINDIR-T,BURDUR2,DEBI,01May2025,30Minute,Q25,/BUR-BUR-MER-BAYINDIR-T/BURDUR2/DEBI/01May2025/30Minute/Q25/,False
237,BUR-BUR-MER-BAYINDIR-T,BURDUR2,DEBI,01May2025,30Minute,Q5,/BUR-BUR-MER-BAYINDIR-T/BURDUR2/DEBI/01May2025/30Minute/Q5/,False
238,BUR-BUR-MER-BAYINDIR-T,BURDUR2,DEBI,01May2025,30Minute,Q50,/BUR-BUR-MER-BAYINDIR-T/BURDUR2/DEBI/01May2025/30Minute/Q50/,False
239,BUR-BUR-MER-BAYINDIR-T,BURDUR2,DEBI,01May2025,30Minute,Q500,/BUR-BUR-MER-BAYINDIR-T/BURDUR2/DEBI/01May2025/30Minute/Q500/,False
240,BUR-BUR-MER-BEREKET1,BURDUR2,DEBI,02May2025,5Minute,Q10,/BUR-BUR-MER-BEREKET1/BURDUR2/DEBI/02May2025/5Minute/Q10/,False
241,BUR-BUR-MER-BEREKET1,BURDUR2,DEBI,02May2025,5Minute,Q100,/BUR-BUR-MER-BEREKET1/BURDUR2/DEBI/02May2025/5Minute/Q100/,False
242,BUR-BUR-MER-BEREKET1,BURDUR2,DEBI,02May2025,5Minute,Q1000,/BUR-BUR-MER-BEREKET1/BURDUR2/DEBI/02May2025/5Minute/Q1000/,False
243,BUR-BUR-MER-BEREKET1,BURDUR2,DEBI,02May2025,5Minute,Q2,/BUR-BUR-MER-BEREKET1/BURDUR2/DEBI/02May2025/5Minute/Q2/,False
244,BUR-BUR-MER-BEREKET1,BURDUR2,DEBI,02May2025,5Minute,Q25,/BUR-BUR-MER-BEREKET1/BURDUR2/DEBI/02May2025/5Minute/Q25/,False
245,BUR-BUR-MER-BEREKET1,BURDUR2,DEBI,02May2025,5Minute,Q5,/BUR-BUR-MER-BEREKET1/BURDUR2/DEBI/02May2025/5Minute/Q5/,False
246,BUR-BUR-MER-BEREKET1,BURDUR2,DEBI,02May2025,5Minute,Q50,/BUR-BUR-MER-BEREKET1/BURDUR2/DEBI/02May2025/5Minute/Q50/,False
247,BUR-BUR-MER-BEREKET1,BURDUR2,DEBI,02May2025,5Minute,Q500,/BUR-BUR-MER-BEREKET1/BURDUR2/DEBI/02May2025/5Minute/Q500/,False
248,BUR-BUR-MER-BEREKET2,BURDUR2,DEBI,01May2025,30Minute,Q10,/BUR-BUR-MER-BEREKET2/BURDUR2/DEBI/01May2025/30Minute/Q10/,False
249,BUR-BUR-MER-BEREKET2,BURDUR2,DEBI,01May2025,30Minute,Q100,/BUR-BUR-MER-BEREKET2/BURDUR2/DEBI/01May2025/30Minute/Q100/,False
250,BUR-BUR-MER-BEREKET2,BURDUR2,DEBI,01May2025,30Minute,Q1000,/BUR-BUR-MER-BEREKET2/BURDUR2/DEBI/01May2025/30Minute/Q1000/,False
251,BUR-BUR-MER-BEREKET2,BURDUR2,DEBI,01May2025,30Minute,Q2,/BUR-BUR-MER-BEREKET2/BURDUR2/DEBI/01May2025/30Minute/Q2/,False
252,BUR-BUR-MER-BEREKET2,BURDUR2,DEBI,01May2025,30Minute,Q25,/BUR-BUR-MER-BEREKET2/BURDUR2/DEBI/01May2025/30Minute/Q25/,False
253,BUR-BUR-MER-BEREKET2,BURDUR2,DEBI,01May2025,30Minute,Q5,/BUR-BUR-MER-BEREKET2/BURDUR2/DEBI/01May2025/30Minute/Q5/,False
254,BUR-BUR-MER-BEREKET2,BURDUR2,DEBI,01May2025,30Minute,Q50,/BUR-BUR-MER-BEREKET2/BURDUR2/DEBI/01May2025/30Minute/Q50/,False
255,BUR-BUR-MER-BEREKET2,BURDUR2,DEBI,01May2025,30Minute,Q500,/BUR-BUR-MER-BEREKET2/BURDUR2/DEBI/01May2025/30Minute/Q500/,False
256,BUR-BUR-MER-BEREKET3,BURDUR2,DEBI,01May2025,30Minute,Q10,/BUR-BUR-MER-BEREKET3/BURDUR2/DEBI/01May2025/30Minute/Q10/,False
257,BUR-BUR-MER-BEREKET3,BURDUR2,DEBI,01May2025,30Minute,Q100,/BUR-BUR-MER-BEREKET3/BURDUR2/DEBI/01May2025/30Minute/Q100/,False
258,BUR-BUR-MER-BEREKET3,BURDUR2,DEBI,01May2025,30Minute,Q1000,/BUR-BUR-MER-BEREKET3/BURDUR2/DEBI/01May2025/30Minute/Q1000/,False
259,BUR-BUR-MER-BEREKET3,BURDUR2,DEBI,01May2025,30Minute,Q2,/BUR-BUR-MER-BEREKET3/BURDUR2/DEBI/01May2025/30Minute/Q2/,False
260,BUR-BUR-MER-BEREKET3,BURDUR2,DEBI,01May2025,30Minute,Q25,/BUR-BUR-MER-BEREKET3/BURDUR2/DEBI/01May2025/30Minute/Q25/,False
261,BUR-BUR-MER-BEREKET3,BURDUR2,DEBI,01May2025,30Minute,Q5,/BUR-BUR-MER-BEREKET3/BURDUR2/DEBI/01May2025/30Minute/Q5/,False
262,BUR-BUR-MER-BEREKET3,BURDUR2,DEBI,01May2025,30Minute,Q50,/BUR-BUR-MER-BEREKET3/BURDUR2/DEBI/01May2025/30Minute/Q50/,False
263,BUR-BUR-MER-BEREKET3,BURDUR2,DEBI,01May2025,30Minute,Q500,/BUR-BUR-MER-BEREKET3/BURDUR2/DEBI/01May2025/30Minute/Q500/,False
264,BUR-BUR-MER-BESKAVAK1,BURDUR2,DEBI,01May2025,30Minute,Q10,/BUR-BUR-MER-BESKAVAK1/BURDUR2/DEBI/01May2025/30Minute/Q10/,False
265,BUR-BUR-MER-BESKAVAK1,BURDUR2,DEBI,01May2025,30Minute,Q100,/BUR-BUR-MER-BESKAVAK1/BURDUR2/DEBI/01May2025/30Minute/Q100/,False
266,BUR-BUR-MER-BESKAVAK1,BURDUR2,DEBI,01May2025,30Minute,Q1000,/BUR-BUR-MER-BESKAVAK1/BURDUR2/DEBI/01May2025/30Minute/Q1000/,False
267,BUR-BUR-MER-BESKAVAK1,BURDUR2,DEBI,01May2025,30Minute,Q2,/BUR-BUR-MER-BESKAVAK1/BURDUR2/DEBI/01May2025/30Minute/Q2/,False
268,BUR-BUR-MER-BESKAVAK1,BURDUR2,DEBI,01May2025,30Minute,Q25,/BUR-BUR-MER-BESKAVAK1/BURDUR2/DEBI/01May2025/30Minute/Q25/,False
269,BUR-BUR-MER-BESKAVAK1,BURDUR2,DEBI,01May2025,30Minute,Q5,/BUR-BUR-MER-BESKAVAK1/BURDUR2/DEBI/01May2025/30Minute/Q5/,False
270,BUR-BUR-MER-BESKAVAK1,BURDUR2,DEBI,01May2025,30Minute,Q50,/BUR-BUR-MER-BESKAVAK1/BURDUR2/DEBI/01May2025/30Minute/Q50/,False
271,BUR-BUR-MER-BESKAVAK1,BURDUR2,DEBI,01May2025,30Minute,Q500,/BUR-BUR-MER-BESKAVAK1/BURDUR2/DEBI/01May2025/30Minute/Q500/,False
272,BUR-BUR-MER-BESKAVAK2,BURDUR2,DEBI,01May2025,30Minute,Q10,/BUR-BUR-MER-BESKAVAK2/BURDUR2/DEBI/01May2025/30Minute/Q10/,False
273,BUR-BUR-MER-BESKAVAK2,BURDUR2,DEBI,01May2025,30Minute,Q100,/BUR-BUR-MER-BESKAVAK2/BURDUR2/DEBI/01May2025/30Minute/Q100/,False
274,BUR-BUR-MER-BESKAVAK2,BURDUR2,DEBI,01May2025,30Minute,Q1000,/BUR-BUR-MER-BESKAVAK2/BURDUR2/DEBI/01May2025/30Minute/Q1000/,False
275,BUR-BUR-MER-BESKAVAK2,BURDUR2,DEBI,01May2025,30Minute,Q2,/BUR-BUR-MER-BESKAVAK2/BURDUR2/DEBI/01May2025/30Minute/Q2/,False
276,BUR-BUR-MER-BESKAVAK2,BURDUR2,DEBI,01May2025,30Minute,Q25,/BUR-BUR-MER-BESKAVAK2/BURDUR2/DEBI/01May2025/30Minute/Q25/,False
277,BUR-BUR-MER-BESKAVAK2,BURDUR2,DEBI,01May2025,30Minute,Q5,/BUR-BUR-MER-BESKAVAK2/BURDUR2/DEBI/01May2025/30Minute/Q5/,False
278,BUR-BUR-MER-BESKAVAK2,BURDUR2,DEBI,01May2025,30Minute,Q50,/BUR-BUR-MER-BESKAVAK2/BURDUR2/DEBI/01May2025/30Minute/Q50/,False
279,BUR-BUR-MER-BESKAVAK2,BURDUR2,DEBI,01May2025,30Minute,Q500,/BUR-BUR-MER-BESKAVAK2/BURDUR2/DEBI/01May2025/30Minute/Q500/,False
280,BUR-BUR-MER-BGP,BURDUR2,DEBI,02May2025,5Minute,Q10,/BUR-BUR-MER-BGP/BURDUR2/DEBI/02May2025/5Minute/Q10/,False
281,BUR-BUR-MER-BGP,BURDUR2,DEBI,02May2025,5Minute,Q100,/BUR-BUR-MER-BGP/BURDUR2/DEBI/02May2025/5Minute/Q100/,False
282,BUR-BUR-MER-BGP,BURDUR2,DEBI,02May2025,5Minute,Q1000,/BUR-BUR-MER-BGP/BURDUR2/DEBI/02May2025/5Minute/Q1000/,False
283,BUR-BUR-MER-BGP,BURDUR2,DEBI,02May2025,5Minute,Q2,/BUR-BUR-MER-BGP/BURDUR2/DEBI/02May2025/5Minute/Q2/,False
284,BUR-BUR-MER-BGP,BURDUR2,DEBI,02May2025,5Minute,Q25,/BUR-BUR-MER-BGP/BURDUR2/DEBI/02May2025/5Minute/Q25/,False
285,BUR-BUR-MER-BGP,BURDUR2,DEBI,02May2025,5Minute,Q5,/BUR-BUR-MER-BGP/BURDUR2/DEBI/02May2025/5Minute/Q5/,False
286,BUR-BUR-MER-BGP,BURDUR2,DEBI,02May2025,5Minute,Q50,/BUR-BUR-MER-BGP/BURDUR2/DEBI/02May2025/5Minute/Q50/,False
287,BUR-BUR-MER-BGP,BURDUR2,DEBI,02May2025,5Minute,Q500,/BUR-BUR-MER-BGP/BURDUR2/DEBI/02May2025/5Minute/Q500/,False
288,BUR-BUR-MER-BUGDUZ1,BURDUR2,DEBI,02May2025,5Minute,Q10,/BUR-BUR-MER-BUGDUZ1/BURDUR2/DEBI/02May2025/5Minute/Q10/,False
289,BUR-BUR-MER-BUGDUZ1,BURDUR2,DEBI,02May2025,5Minute,Q100,/BUR-BUR-MER-BUGDUZ1/BURDUR2/DEBI/02May2025/5Minute/Q100/,False
290,BUR-BUR-MER-BUGDUZ1,BURDUR2,DEBI,02May2025,5Minute,Q1000,/BUR-BUR-MER-BUGDUZ1/BURDUR2/DEBI/02May2025/5Minute/Q1000/,False
291,BUR-BUR-MER-BUGDUZ1,BURDUR2,DEBI,02May2025,5Minute,Q2,/BUR-BUR-MER-BUGDUZ1/BURDUR2/DEBI/02May2025/5Minute/Q2/,False
292,BUR-BUR-MER-BUGDUZ1,BURDUR2,DEBI,02May2025,5Minute,Q25,/BUR-BUR-MER-BUGDUZ1/BURDUR2/DEBI/02May2025/5Minute/Q25/,False
293,BUR-BUR-MER-BUGDUZ1,BURDUR2,DEBI,02May2025,5Minute,Q5,/BUR-BUR-MER-BUGDUZ1/BURDUR2/DEBI/02May2025/5Minute/Q5/,False
294,BUR-BUR-MER-BUGDUZ1,BURDUR2,DEBI,02May2025,5Minute,Q50,/BUR-BUR-MER-BUGDUZ1/BURDUR2/DEBI/02May2025/5Minute/Q50/,False
295,BUR-BUR-MER-BUGDUZ1,BURDUR2,DEBI,02May2025,5Minute,Q500,/BUR-BUR-MER-BUGDUZ1/BURDUR2/DEBI/02May2025/5Minute/Q500/,False
296,BUR-BUR-MER-BUGDUZ2,BURDUR2,DEBI,01May2025,30Minute,Q10,/BUR-BUR-MER-BUGDUZ2/BURDUR2/DEBI/01May2025/30Minute/Q10/,False
297,BUR-BUR-MER-BUGDUZ2,BURDUR2,DEBI,01May2025,30Minute,Q100,/BUR-BUR-MER-BUGDUZ2/BURDUR2/DEBI/01May2025/30Minute/Q100/,False
298,BUR-BUR-MER-BUGDUZ2,BURDUR2,DEBI,01May2025,30Minute,Q1000,/BUR-BUR-MER-BUGDUZ2/BURDUR2/DEBI/01May2025/30Minute/Q1000/,False
299,BUR-BUR-MER-BUGDUZ2,BURDUR2,DEBI,01May2025,30Minute,Q2,/BUR-BUR-MER-BUGDUZ2/BURDUR2/DEBI/01May2025/30Minute/Q2/,False
300,BUR-BUR-MER-BUGDUZ2,BURDUR2,DEBI,01May2025,30Minute,Q25,/BUR-BUR-MER-BUGDUZ2/BURDUR2/DEBI/01May2025/30Minute/Q25/,False
301,BUR-BUR-MER-BUGDUZ2,BURDUR2,DEBI,01May2025,30Minute,Q5,/BUR-BUR-MER-BUGDUZ2/BURDUR2/DEBI/01May2025/30Minute/Q5/,False
302,BUR-BUR-MER-BUGDUZ2,BURDUR2,DEBI,01May2025,30Minute,Q50,/BUR-BUR-MER-BUGDUZ2/BURDUR2/DEBI/01May2025/30Minute/Q50/,False
303,BUR-BUR-MER-BUGDUZ2,BURDUR2,DEBI,01May2025,30Minute,Q500,/BUR-BUR-MER-BUGDUZ2/BURDUR2/DEBI/01May2025/30Minute/Q500/,False
304,BUR-BUR-MER-BUGDUZ3,BURDUR2,DEBI,01May2025,30Minute,Q10,/BUR-BUR-MER-BUGDUZ3/BURDUR2/DEBI/01May2025/30Minute/Q10/,False
305,BUR-BUR-MER-BUGDUZ3,BURDUR2,DEBI,01May2025,30Minute,Q100,/BUR-BUR-MER-BUGDUZ3/BURDUR2/DEBI/01May2025/30Minute/Q100/,False
306,BUR-BUR-MER-BUGDUZ3,BURDUR2,DEBI,01May2025,30Minute,Q1000,/BUR-BUR-MER-BUGDUZ3/BURDUR2/DEBI/01May2025/30Minute/Q1000/,False
307,BUR-BUR-MER-BUGDUZ3,BURDUR2,DEBI,01May2025,30Minute,Q2,/BUR-BUR-MER-BUGDUZ3/BURDUR2/DEBI/01May2025/30Minute/Q2/,False
308,BUR-BUR-MER-BUGDUZ3,BURDUR2,DEBI,01May2025,30Minute,Q25,/BUR-BUR-MER-BUGDUZ3/BURDUR2/DEBI/01May2025/30Minute/Q25/,False
309,BUR-BUR-MER-BUGDUZ3,BURDUR2,DEBI,01May2025,30Minute,Q5,/BUR-BUR-MER-BUGDUZ3/BURDUR2/DEBI/01May2025/30Minute/Q5/,False
310,BUR-BUR-MER-BUGDUZ3,BURDUR2,DEBI,01May2025,30Minute,Q50,/BUR-BUR-MER-BUGDUZ3/BURDUR2/DEBI/01May2025/30Minute/Q50/,False
311,BUR-BUR-MER-BUGDUZ3,BURDUR2,DEBI,01May2025,30Minute,Q500,/BUR-BUR-MER-BUGDUZ3/BURDUR2/DEBI/01May2025/30Minute/Q500/,False
312,BUR-BUR-MER-BUGDUZ3A,BURDUR2,DEBI,01May2025,30Minute,Q10,/BUR-BUR-MER-BUGDUZ3A/BURDUR2/DEBI/01May2025/30Minute/Q10/,False
313,BUR-BUR-MER-BUGDUZ3A,BURDUR2,DEBI,01May2025,30Minute,Q100,/BUR-BUR-MER-BUGDUZ3A/BURDUR2/DEBI/01May2025/30Minute/Q100/,False
314,BUR-BUR-MER-BUGDUZ3A,BURDUR2,DEBI,01May2025,30Minute,Q1000,/BUR-BUR-MER-BUGDUZ3A/BURDUR2/DEBI/01May2025/30Minute/Q1000/,False
315,BUR-BUR-MER-BUGDUZ3A,BURDUR2,DEBI,01May2025,30Minute,Q2,/BUR-BUR-MER-BUGDUZ3A/BURDUR2/DEBI/01May2025/30Minute/Q2/,False
316,BUR-BUR-MER-BUGDUZ3A,BURDUR2,DEBI,01May2025,30Minute,Q25,/BUR-BUR-MER-BUGDUZ3A/BURDUR2/DEBI/01May2025/30Minute/Q25/,False
317,BUR-BUR-MER-BUGDUZ3A,BURDUR2,DEBI,01May2025,30Minute,Q5,/BUR-BUR-MER-BUGDUZ3A/BURDUR2/DEBI/01May2025/30Minute/Q5/,False
318,BUR-BUR-MER-BUGDUZ3A,BURDUR2,DEBI,01May2025,30Minute,Q50,/BUR-BUR-MER-BUGDUZ3A/BURDUR2/DEBI/01May2025/30Minute/Q50/,False
319,BUR-BUR-MER-BUGDUZ3A,BURDUR2,DEBI,01May2025,30Minute,Q500,/BUR-BUR-MER-BUGDUZ3A/BURDUR2/DEBI/01May2025/30Minute/Q500/,False
320,BUR-BUR-MER-BUGDUZ3B,BURDUR2,DEBI,01May2025,30Minute,Q10,/BUR-BUR-MER-BUGDUZ3B/BURDUR2/DEBI/01May2025/30Minute/Q10/,False
321,BUR-BUR-MER-BUGDUZ3B,BURDUR2,DEBI,01May2025,30Minute,Q100,/BUR-BUR-MER-BUGDUZ3B/BURDUR2/DEBI/01May2025/30Minute/Q100/,False
322,BUR-BUR-MER-BUGDUZ3B,BURDUR2,DEBI,01May2025,30Minute,Q1000,/BUR-BUR-MER-BUGDUZ3B/BURDUR2/DEBI/01May2025/30Minute/Q1000/,False
323,BUR-BUR-MER-BUGDUZ3B,BURDUR2,DEBI,01May2025,30Minute,Q2,/BUR-BUR-MER-BUGDUZ3B/BURDUR2/DEBI/01May2025/30Minute/Q2/,False
324,BUR-BUR-MER-BUGDUZ3B,BURDUR2,DEBI,01May2025,30Minute,Q25,/BUR-BUR-MER-BUGDUZ3B/BURDUR2/DEBI/01May2025/30Minute/Q25/,False
325,BUR-BUR-MER-BUGDUZ3B,BURDUR2,DEBI,01May2025,30Minute,Q5,/BUR-BUR-MER-BUGDUZ3B/BURDUR2/DEBI/01May2025/30Minute/Q5/,False
326,BUR-BUR-MER-BUGDUZ3B,BURDUR2,DEBI,01May2025,30Minute,Q50,/BUR-BUR-MER-BUGDUZ3B/BURDUR2/DEBI/01May2025/30Minute/Q50/,False
327,BUR-BUR-MER-BUGDUZ3B,BURDUR2,DEBI,01May2025,30Minute,Q500,/BUR-BUR-MER-BUGDUZ3B/BURDUR2/DEBI/01May2025/30Minute/Q500/,False
328,BUR-BUR-MER-BUGDUZ4,BURDUR2,DEBI,01May2025,30Minute,Q10,/BUR-BUR-MER-BUGDUZ4/BURDUR2/DEBI/01May2025/30Minute/Q10/,False
329,BUR-BUR-MER-BUGDUZ4,BURDUR2,DEBI,01May2025,30Minute,Q100,/BUR-BUR-MER-BUGDUZ4/BURDUR2/DEBI/01May2025/30Minute/Q100/,False
330,BUR-BUR-MER-BUGDUZ4,BURDUR2,DEBI,01May2025,30Minute,Q1000,/BUR-BUR-MER-BUGDUZ4/BURDUR2/DEBI/01May2025/30Minute/Q1000/,False
331,BUR-BUR-MER-BUGDUZ4,BURDUR2,DEBI,01May2025,30Minute,Q2,/BUR-BUR-MER-BUGDUZ4/BURDUR2/DEBI/01May2025/30Minute/Q2/,False
332,BUR-BUR-MER-BUGDUZ4,BURDUR2,DEBI,01May2025,30Minute,Q25,/BUR-BUR-MER-BUGDUZ4/BURDUR2/DEBI/01May2025/30Minute/Q25/,False
333,BUR-BUR-MER-BUGDUZ4,BURDUR2,DEBI,01May2025,30Minute,Q5,/BUR-BUR-MER-BUGDUZ4/BURDUR2/DEBI/01May2025/30Minute/Q5/,False
334,BUR-BUR-MER-BUGDUZ4,BURDUR2,DEBI,01May2025,30Minute,Q50,/BUR-BUR-MER-BUGDUZ4/BURDUR2/DEBI/01May2025/30Minute/Q50/,False
335,BUR-BUR-MER-BUGDUZ4,BURDUR2,DEBI,01May2025,30Minute,Q500,/BUR-BUR-MER-BUGDUZ4/BURDUR2/DEBI/01May2025/30Minute/Q500/,False
336,BUR-BUR-MER-BUGDUZ5,BURDUR2,DEBI,01May2025,30Minute,Q10,/BUR-BUR-MER-BUGDUZ5/BURDUR2/DEBI/01May2025/30Minute/Q10/,False
337,BUR-BUR-MER-BUGDUZ5,BURDUR2,DEBI,01May2025,30Minute,Q100,/BUR-BUR-MER-BUGDUZ5/BURDUR2/DEBI/01May2025/30Minute/Q100/,False
338,BUR-BUR-MER-BUGDUZ5,BURDUR2,DEBI,01May2025,30Minute,Q1000,/BUR-BUR-MER-BUGDUZ5/BURDUR2/DEBI/01May2025/30Minute/Q1000/,False
339,BUR-BUR-MER-BUGDUZ5,BURDUR2,DEBI,01May2025,30Minute,Q2,/BUR-BUR-MER-BUGDUZ5/BURDUR2/DEBI/01May2025/30Minute/Q2/,False
340,BUR-BUR-MER-BUGDUZ5,BURDUR2,DEBI,01May2025,30Minute,Q25,/BUR-BUR-MER-BUGDUZ5/BURDUR2/DEBI/01May2025/30Minute/Q25/,False
341,BUR-BUR-MER-BUGDUZ5,BURDUR2,DEBI,01May2025,30Minute,Q5,/BUR-BUR-MER-BUGDUZ5/BURDUR2/DEBI/01May2025/30Minute/Q5/,False
342,BUR-BUR-MER-BUGDUZ5,BURDUR2,DEBI,01May2025,30Minute,Q50,/BUR-BUR-MER-BUGDUZ5/BURDUR2/DEBI/01May2025/30Minute/Q50/,False
343,BUR-BUR-MER-BUGDUZ5,BURDUR2,DEBI,01May2025,30Minute,Q500,/BUR-BUR-MER-BUGDUZ5/BURDUR2/DEBI/01May2025/30Minute/Q500/,False
344,BUR-BUR-MER-BUGDUZ6,BURDUR2,DEBI,02May2025,5Minute,Q10,/BUR-BUR-MER-BUGDUZ6/BURDUR2/DEBI/02May2025/5Minute/Q10/,False
345,BUR-BUR-MER-BUGDUZ6,BURDUR2,DEBI,02May2025,5Minute,Q100,/BUR-BUR-MER-BUGDUZ6/BURDUR2/DEBI/02May2025/5Minute/Q100/,False
346,BUR-BUR-MER-BUGDUZ6,BURDUR2,DEBI,02May2025,5Minute,Q1000,/BUR-BUR-MER-BUGDUZ6/BURDUR2/DEBI/02May2025/5Minute/Q1000/,False
347,BUR-BUR-MER-BUGDUZ6,BURDUR2,DEBI,02May2025,5Minute,Q2,/BUR-BUR-MER-BUGDUZ6/BURDUR2/DEBI/02May2025/5Minute/Q2/,False
348,BUR-BUR-MER-BUGDUZ6,BURDUR2,DEBI,02May2025,5Minute,Q25,/BUR-BUR-MER-BUGDUZ6/BURDUR2/DEBI/02May2025/5Minute/Q25/,False
349,BUR-BUR-MER-BUGDUZ6,BURDUR2,DEBI,02May2025,5Minute,Q5,/BUR-BUR-MER-BUGDUZ6/BURDUR2/DEBI/02May2025/5Minute/Q5/,False
350,BUR-BUR-MER-BUGDUZ6,BURDUR2,DEBI,02May2025,5Minute,Q50,/BUR-BUR-MER-BUGDUZ6/BURDUR2/DEBI/02May2025/5Minute/Q50/,False
351,BUR-BUR-MER-BUGDUZ6,BURDUR2,DEBI,02May2025,5Minute,Q500,/BUR-BUR-MER-BUGDUZ6/BURDUR2/DEBI/02May2025/5Minute/Q500/,False
352,BUR-BUR-MER-BURDUR2,BURDUR2,DEBI,02May2025,5Minute,Q10,/BUR-BUR-MER-BURDUR2/BURDUR2/DEBI/02May2025/5Minute/Q10/,False
353,BUR-BUR-MER-BURDUR2,BURDUR2,DEBI,02May2025,5Minute,Q100,/BUR-BUR-MER-BURDUR2/BURDUR2/DEBI/02May2025/5Minute/Q100/,False
354,BUR-BUR-MER-BURDUR2,BURDUR2,DEBI,02May2025,5Minute,Q1000,/BUR-BUR-MER-BURDUR2/BURDUR2/DEBI/02May2025/5Minute/Q1000/,False
355,BUR-BUR-MER-BURDUR2,BURDUR2,DEBI,02May2025,5Minute,Q2,/BUR-BUR-MER-BURDUR2/BURDUR2/DEBI/02May2025/5Minute/Q2/,False
356,BUR-BUR-MER-BURDUR2,BURDUR2,DEBI,02May2025,5Minute,Q25,/BUR-BUR-MER-BURDUR2/BURDUR2/DEBI/02May2025/5Minute/Q25/,False
357,BUR-BUR-MER-BURDUR2,BURDUR2,DEBI,02May2025,5Minute,Q5,/BUR-BUR-MER-BURDUR2/BURDUR2/DEBI/02May2025/5Minute/Q5/,False
358,BUR-BUR-MER-BURDUR2,BURDUR2,DEBI,02May2025,5Minute,Q50,/BUR-BUR-MER-BURDUR2/BURDUR2/DEBI/02May2025/5Minute/Q50/,False
359,BUR-BUR-MER-BURDUR2,BURDUR2,DEBI,02May2025,5Minute,Q500,/BUR-BUR-MER-BURDUR2/BURDUR2/DEBI/02May2025/5Minute/Q500/,False
360,BUR-BUR-MER-BURDURA-T,BURDUR2,DEBI,01May2025,30Minute,Q10,/BUR-BUR-MER-BURDURA-T/BURDUR2/DEBI/01May2025/30Minute/Q10/,False
361,BUR-BUR-MER-BURDURA-T,BURDUR2,DEBI,01May2025,30Minute,Q100,/BUR-BUR-MER-BURDURA-T/BURDUR2/DEBI/01May2025/30Minute/Q100/,False
362,BUR-BUR-MER-BURDURA-T,BURDUR2,DEBI,01May2025,30Minute,Q1000,/BUR-BUR-MER-BURDURA-T/BURDUR2/DEBI/01May2025/30Minute/Q1000/,False
363,BUR-BUR-MER-BURDURA-T,BURDUR2,DEBI,01May2025,30Minute,Q2,/BUR-BUR-MER-BURDURA-T/BURDUR2/DEBI/01May2025/30Minute/Q2/,False
364,BUR-BUR-MER-BURDURA-T,BURDUR2,DEBI,01May2025,30Minute,Q25,/BUR-BUR-MER-BURDURA-T/BURDUR2/DEBI/01May2025/30Minute/Q25/,False
365,BUR-BUR-MER-BURDURA-T,BURDUR2,DEBI,01May2025,30Minute,Q5,/BUR-BUR-MER-BURDURA-T/BURDUR2/DEBI/01May2025/30Minute/Q5/,False
366,BUR-BUR-MER-BURDURA-T,BURDUR2,DEBI,01May2025,30Minute,Q50,/BUR-BUR-MER-BURDURA-T/BURDUR2/DEBI/01May2025/30Minute/Q50/,False
367,BUR-BUR-MER-BURDURA-T,BURDUR2,DEBI,01May2025,30Minute,Q500,/BUR-BUR-MER-BURDURA-T/BURDUR2/DEBI/01May2025/30Minute/Q500/,False
368,BUR-BUR-MER-BURDURB,BURDUR2,DEBI,01May2025,30Minute,Q10,/BUR-BUR-MER-BURDURB/BURDUR2/DEBI/01May2025/30Minute/Q10/,False
369,BUR-BUR-MER-BURDURB,BURDUR2,DEBI,01May2025,30Minute,Q100,/BUR-BUR-MER-BURDURB/BURDUR2/DEBI/01May2025/30Minute/Q100/,False
370,BUR-BUR-MER-BURDURB,BURDUR2,DEBI,01May2025,30Minute,Q1000,/BUR-BUR-MER-BURDURB/BURDUR2/DEBI/01May2025/30Minute/Q1000/,False
371,BUR-BUR-MER-BURDURB,BURDUR2,DEBI,01May2025,30Minute,Q2,/BUR-BUR-MER-BURDURB/BURDUR2/DEBI/01May2025/30Minute/Q2/,False
372,BUR-BUR-MER-BURDURB,BURDUR2,DEBI,01May2025,30Minute,Q25,/BUR-BUR-MER-BURDURB/BURDUR2/DEBI/01May2025/30Minute/Q25/,False
373,BUR-BUR-MER-BURDURB,BURDUR2,DEBI,01May2025,30Minute,Q5,/BUR-BUR-MER-BURDURB/BURDUR2/DEBI/01May2025/30Minute/Q5/,False
374,BUR-BUR-MER-BURDURB,BURDUR2,DEBI,01May2025,30Minute,Q50,/BUR-BUR-MER-BURDURB/BURDUR2/DEBI/01May2025/30Minute/Q50/,False
375,BUR-BUR-MER-BURDURB,BURDUR2,DEBI,01May2025,30Minute,Q500,/BUR-BUR-MER-BURDURB/BURDUR2/DEBI/01May2025/30Minute/Q500/,False
376,BUR-BUR-MER-BURDURC,BURDUR2,DEBI,01May2025,30Minute,Q10,/BUR-BUR-MER-BURDURC/BURDUR2/DEBI/01May2025/30Minute/Q10/,False
377,BUR-BUR-MER-BURDURC,BURDUR2,DEBI,01May2025,30Minute,Q100,/BUR-BUR-MER-BURDURC/BURDUR2/DEBI/01May2025/30Minute/Q100/,False
378,BUR-BUR-MER-BURDURC,BURDUR2,DEBI,01May2025,30Minute,Q1000,/BUR-BUR-MER-BURDURC/BURDUR2/DEBI/01May2025/30Minute/Q1000/,False
379,BUR-BUR-MER-BURDURC,BURDUR2,DEBI,01May2025,30Minute,Q2,/BUR-BUR-MER-BURDURC/BURDUR2/DEBI/01May2025/30Minute/Q2/,False
380,BUR-BUR-MER-BURDURC,BURDUR2,DEBI,01May2025,30Minute,Q25,/BUR-BUR-MER-BURDURC/BURDUR2/DEBI/01May2025/30Minute/Q25/,False
381,BUR-BUR-MER-BURDURC,BURDUR2,DEBI,01May2025,30Minute,Q5,/BUR-BUR-MER-BURDURC/BURDUR2/DEBI/01May2025/30Minute/Q5/,False
382,BUR-BUR-MER-BURDURC,BURDUR2,DEBI,01May2025,30Minute,Q50,/BUR-BUR-MER-BURDURC/BURDUR2/DEBI/01May2025/30Minute/Q50/,False
383,BUR-BUR-MER-BURDURC,BURDUR2,DEBI,01May2025,30Minute,Q500,/BUR-BUR-MER-BURDURC/BURDUR2/DEBI/01May2025/30Minute/Q500/,False
384,BUR-BUR-MER-BURDURD,BURDUR2,DEBI,01May2025,30Minute,Q10,/BUR-BUR-MER-BURDURD/BURDUR2/DEBI/01May2025/30Minute/Q10/,False
385,BUR-BUR-MER-BURDURD,BURDUR2,DEBI,01May2025,30Minute,Q100,/BUR-BUR-MER-BURDURD/BURDUR2/DEBI/01May2025/30Minute/Q100/,False
386,BUR-BUR-MER-BURDURD,BURDUR2,DEBI,01May2025,30Minute,Q1000,/BUR-BUR-MER-BURDURD/BURDUR2/DEBI/01May2025/30Minute/Q1000/,False
387,BUR-BUR-MER-BURDURD,BURDUR2,DEBI,01May2025,30Minute,Q2,/BUR-BUR-MER-BURDURD/BURDUR2/DEBI/01May2025/30Minute/Q2/,False
388,BUR-BUR-MER-BURDURD,BURDUR2,DEBI,01May2025,30Minute,Q25,/BUR-BUR-MER-BURDURD/BURDUR2/DEBI/01May2025/30Minute/Q25/,False
389,BUR-BUR-MER-BURDURD,BURDUR2,DEBI,01May2025,30Minute,Q5,/BUR-BUR-MER-BURDURD/BURDUR2/DEBI/01May2025/30Minute/Q5/,False
390,BUR-BUR-MER-BURDURD,BURDUR2,DEBI,01May2025,30Minute,Q50,/BUR-BUR-MER-BURDURD/BURDUR2/DEBI/01May2025/30Minute/Q50/,False
391,BUR-BUR-MER-BURDURD,BURDUR2,DEBI,01May2025,30Minute,Q500,/BUR-BUR-MER-BURDURD/BURDUR2/DEBI/01May2025/30Minute/Q500/,False
392,BUR-BUR-MER-CARSAK_DERESI1,BURDUR2,DEBI,02May2025,5Minute,Q10,/BUR-BUR-MER-CARSAK_DERESI1/BURDUR2/DEBI/02May2025/5Minute/Q10/,False
393,BUR-BUR-MER-CARSAK_DERESI1,BURDUR2,DEBI,02May2025,5Minute,Q100,/BUR-BUR-MER-CARSAK_DERESI1/BURDUR2/DEBI/02May2025/5Minute/Q100/,False
394,BUR-BUR-MER-CARSAK_DERESI1,BURDUR2,DEBI,02May2025,5Minute,Q1000,/BUR-BUR-MER-CARSAK_DERESI1/BURDUR2/DEBI/02May2025/5Minute/Q1000/,False
395,BUR-BUR-MER-CARSAK_DERESI1,BURDUR2,DEBI,02May2025,5Minute,Q2,/BUR-BUR-MER-CARSAK_DERESI1/BURDUR2/DEBI/02May2025/5Minute/Q2/,False
396,BUR-BUR-MER-CARSAK_DERESI1,BURDUR2,DEBI,02May2025,5Minute,Q25,/BUR-BUR-MER-CARSAK_DERESI1/BURDUR2/DEBI/02May2025/5Minute/Q25/,False
397,BUR-BUR-MER-CARSAK_DERESI1,BURDUR2,DEBI,02May2025,5Minute,Q5,/BUR-BUR-MER-CARSAK_DERESI1/BURDUR2/DEBI/02May2025/5Minute/Q5/,False
398,BUR-BUR-MER-CARSAK_DERESI1,BURDUR2,DEBI,02May2025,5Minute,Q50,/BUR-BUR-MER-CARSAK_DERESI1/BURDUR2/DEBI/02May2025/5Minute/Q50/,False
399,BUR-BUR-MER-CARSAK_DERESI1,BURDUR2,DEBI,02May2025,5Minute,Q500,/BUR-BUR-MER-CARSAK_DERESI1/BURDUR2/DEBI/02May2025/5Minute/Q500/,False
400,BUR-BUR-MER-CARSAK_DERESI2,BURDUR2,DEBI,01May2025,30Minute,Q10,/BUR-BUR-MER-CARSAK_DERESI2/BURDUR2/DEBI/01May2025/30Minute/Q10/,False
401,BUR-BUR-MER-CARSAK_DERESI2,BURDUR2,DEBI,01May2025,30Minute,Q100,/BUR-BUR-MER-CARSAK_DERESI2/BURDUR2/DEBI/01May2025/30Minute/Q100/,False
402,BUR-BUR-MER-CARSAK_DERESI2,BURDUR2,DEBI,01May2025,30Minute,Q1000,/BUR-BUR-MER-CARSAK_DERESI2/BURDUR2/DEBI/01May2025/30Minute/Q1000/,False
403,BUR-BUR-MER-CARSAK_DERESI2,BURDUR2,DEBI,01May2025,30Minute,Q2,/BUR-BUR-MER-CARSAK_DERESI2/BURDUR2/DEBI/01May2025/30Minute/Q2/,False
404,BUR-BUR-MER-CARSAK_DERESI2,BURDUR2,DEBI,01May2025,30Minute,Q25,/BUR-BUR-MER-CARSAK_DERESI2/BURDUR2/DEBI/01May2025/30Minute/Q25/,False
405,BUR-BUR-MER-CARSAK_DERESI2,BURDUR2,DEBI,01May2025,30Minute,Q5,/BUR-BUR-MER-CARSAK_DERESI2/BURDUR2/DEBI/01May2025/30Minute/Q5/,False
406,BUR-BUR-MER-CARSAK_DERESI2,BURDUR2,DEBI,01May2025,30Minute,Q50,/BUR-BUR-MER-CARSAK_DERESI2/BURDUR2/DEBI/01May2025/30Minute/Q50/,False
407,BUR-BUR-MER-CARSAK_DERESI2,BURDUR2,DEBI,01May2025,30Minute,Q500,/BUR-BUR-MER-CARSAK_DERESI2/BURDUR2/DEBI/01May2025/30Minute/Q500/,False
408,BUR-BUR-MER-CATAGIL,BURDUR2,DEBI,01May2025,30Minute,Q10,/BUR-BUR-MER-CATAGIL/BURDUR2/DEBI/01May2025/30Minute/Q10/,False
409,BUR-BUR-MER-CATAGIL,BURDUR2,DEBI,01May2025,30Minute,Q100,/BUR-BUR-MER-CATAGIL/BURDUR2/DEBI/01May2025/30Minute/Q100/,False
410,BUR-BUR-MER-CATAGIL,BURDUR2,DEBI,01May2025,30Minute,Q1000,/BUR-BUR-MER-CATAGIL/BURDUR2/DEBI/01May2025/30Minute/Q1000/,False
411,BUR-BUR-MER-CATAGIL,BURDUR2,DEBI,01May2025,30Minute,Q2,/BUR-BUR-MER-CATAGIL/BURDUR2/DEBI/01May2025/30Minute/Q2/,False
412,BUR-BUR-MER-CATAGIL,BURDUR2,DEBI,01May2025,30Minute,Q25,/BUR-BUR-MER-CATAGIL/BURDUR2/DEBI/01May2025/30Minute/Q25/,False
413,BUR-BUR-MER-CATAGIL,BURDUR2,DEBI,01May2025,30Minute,Q5,/BUR-BUR-MER-CATAGIL/BURDUR2/DEBI/01May2025/30Minute/Q5/,False
414,BUR-BUR-MER-CATAGIL,BURDUR2,DEBI,01May2025,30Minute,Q50,/BUR-BUR-MER-CATAGIL/BURDUR2/DEBI/01May2025/30Minute/Q50/,False
415,BUR-BUR-MER-CATAGIL,BURDUR2,DEBI,01May2025,30Minute,Q500,/BUR-BUR-MER-CATAGIL/BURDUR2/DEBI/01May2025/30Minute/Q500/,False
416,BUR-BUR-MER-CENDIK1,BURDUR2,DEBI,02May2025,5Minute,Q10,/BUR-BUR-MER-CENDIK1/BURDUR2/DEBI/02May2025/5Minute/Q10/,False
417,BUR-BUR-MER-CENDIK1,BURDUR2,DEBI,02May2025,5Minute,Q100,/BUR-BUR-MER-CENDIK1/BURDUR2/DEBI/02May2025/5Minute/Q100/,False
418,BUR-BUR-MER-CENDIK1,BURDUR2,DEBI,02May2025,5Minute,Q1000,/BUR-BUR-MER-CENDIK1/BURDUR2/DEBI/02May2025/5Minute/Q1000/,False
419,BUR-BUR-MER-CENDIK1,BURDUR2,DEBI,02May2025,5Minute,Q2,/BUR-BUR-MER-CENDIK1/BURDUR2/DEBI/02May2025/5Minute/Q2/,False
420,BUR-BUR-MER-CENDIK1,BURDUR2,DEBI,02May2025,5Minute,Q25,/BUR-BUR-MER-CENDIK1/BURDUR2/DEBI/02May2025/5Minute/Q25/,False
421,BUR-BUR-MER-CENDIK1,BURDUR2,DEBI,02May2025,5Minute,Q5,/BUR-BUR-MER-CENDIK1/BURDUR2/DEBI/02May2025/5Minute/Q5/,False
422,BUR-BUR-MER-CENDIK1,BURDUR2,DEBI,02May2025,5Minute,Q50,/BUR-BUR-MER-CENDIK1/BURDUR2/DEBI/02May2025/5Minute/Q50/,False
423,BUR-BUR-MER-CENDIK1,BURDUR2,DEBI,02May2025,5Minute,Q500,/BUR-BUR-MER-CENDIK1/BURDUR2/DEBI/02May2025/5Minute/Q500/,False
424,BUR-BUR-MER-CENDIK2,BURDUR2,DEBI,02May2025,5Minute,Q10,/BUR-BUR-MER-CENDIK2/BURDUR2/DEBI/02May2025/5Minute/Q10/,False
425,BUR-BUR-MER-CENDIK2,BURDUR2,DEBI,02May2025,5Minute,Q100,/BUR-BUR-MER-CENDIK2/BURDUR2/DEBI/02May2025/5Minute/Q100/,False
426,BUR-BUR-MER-CENDIK2,BURDUR2,DEBI,02May2025,5Minute,Q1000,/BUR-BUR-MER-CENDIK2/BURDUR2/DEBI/02May2025/5Minute/Q1000/,False
427,BUR-BUR-MER-CENDIK2,BURDUR2,DEBI,02May2025,5Minute,Q2,/BUR-BUR-MER-CENDIK2/BURDUR2/DEBI/02May2025/5Minute/Q2/,False
428,BUR-BUR-MER-CENDIK2,BURDUR2,DEBI,02May2025,5Minute,Q25,/BUR-BUR-MER-CENDIK2/BURDUR2/DEBI/02May2025/5Minute/Q25/,False
429,BUR-BUR-MER-CENDIK2,BURDUR2,DEBI,02May2025,5Minute,Q5,/BUR-BUR-MER-CENDIK2/BURDUR2/DEBI/02May2025/5Minute/Q5/,False
430,BUR-BUR-MER-CENDIK2,BURDUR2,DEBI,02May2025,5Minute,Q50,/BUR-BUR-MER-CENDIK2/BURDUR2/DEBI/02May2025/5Minute/Q50/,False
431,BUR-BUR-MER-CENDIK2,BURDUR2,DEBI,02May2025,5Minute,Q500,/BUR-BUR-MER-CENDIK2/BURDUR2/DEBI/02May2025/5Minute/Q500/,False
432,BUR-BUR-MER-CIMBILLI,BURDUR2,DEBI,02May2025,5Minute,Q10,/BUR-BUR-MER-CIMBILLI/BURDUR2/DEBI/02May2025/5Minute/Q10/,False
433,BUR-BUR-MER-CIMBILLI,BURDUR2,DEBI,02May2025,5Minute,Q100,/BUR-BUR-MER-CIMBILLI/BURDUR2/DEBI/02May2025/5Minute/Q100/,False
434,BUR-BUR-MER-CIMBILLI,BURDUR2,DEBI,02May2025,5Minute,Q1000,/BUR-BUR-MER-CIMBILLI/BURDUR2/DEBI/02May2025/5Minute/Q1000/,False
435,BUR-BUR-MER-CIMBILLI,BURDUR2,DEBI,02May2025,5Minute,Q2,/BUR-BUR-MER-CIMBILLI/BURDUR2/DEBI/02May2025/5Minute/Q2/,False
436,BUR-BUR-MER-CIMBILLI,BURDUR2,DEBI,02May2025,5Minute,Q25,/BUR-BUR-MER-CIMBILLI/BURDUR2/DEBI/02May2025/5Minute/Q25/,False
437,BUR-BUR-MER-CIMBILLI,BURDUR2,DEBI,02May2025,5Minute,Q5,/BUR-BUR-MER-CIMBILLI/BURDUR2/DEBI/02May2025/5Minute/Q5/,False
438,BUR-BUR-MER-CIMBILLI,BURDUR2,DEBI,02May2025,5Minute,Q50,/BUR-BUR-MER-CIMBILLI/BURDUR2/DEBI/02May2025/5Minute/Q50/,False
439,BUR-BUR-MER-CIMBILLI,BURDUR2,DEBI,02May2025,5Minute,Q500,/BUR-BUR-MER-CIMBILLI/BURDUR2/DEBI/02May2025/5Minute/Q500/,False
440,BUR-BUR-MER-CINE,BURDUR2,DEBI,01May2025,30Minute,Q10,/BUR-BUR-MER-CINE/BURDUR2/DEBI/01May2025/30Minute/Q10/,False
441,BUR-BUR-MER-CINE,BURDUR2,DEBI,01May2025,30Minute,Q100,/BUR-BUR-MER-CINE/BURDUR2/DEBI/01May2025/30Minute/Q100/,False
442,BUR-BUR-MER-CINE,BURDUR2,DEBI,01May2025,30Minute,Q1000,/BUR-BUR-MER-CINE/BURDUR2/DEBI/01May2025/30Minute/Q1000/,False
443,BUR-BUR-MER-CINE,BURDUR2,DEBI,01May2025,30Minute,Q2,/BUR-BUR-MER-CINE/BURDUR2/DEBI/01May2025/30Minute/Q2/,False
444,BUR-BUR-MER-CINE,BURDUR2,DEBI,01May2025,30Minute,Q25,/BUR-BUR-MER-CINE/BURDUR2/DEBI/01May2025/30Minute/Q25/,False
445,BUR-BUR-MER-CINE,BURDUR2,DEBI,01May2025,30Minute,Q5,/BUR-BUR-MER-CINE/BURDUR2/DEBI/01May2025/30Minute/Q5/,False
446,BUR-BUR-MER-CINE,BURDUR2,DEBI,01May2025,30Minute,Q50,/BUR-BUR-MER-CINE/BURDUR2/DEBI/01May2025/30Minute/Q50/,False
447,BUR-BUR-MER-CINE,BURDUR2,DEBI,01May2025,30Minute,Q500,/BUR-BUR-MER-CINE/BURDUR2/DEBI/01May2025/30Minute/Q500/,False
448,BUR-BUR-MER-DEGIRMENLER,BURDUR2,DEBI,01May2025,30Minute,Q10,/BUR-BUR-MER-DEGIRMENLER/BURDUR2/DEBI/01May2025/30Minute/Q10/,False
449,BUR-BUR-MER-DEGIRMENLER,BURDUR2,DEBI,01May2025,30Minute,Q100,/BUR-BUR-MER-DEGIRMENLER/BURDUR2/DEBI/01May2025/30Minute/Q100/,False
450,BUR-BUR-MER-DEGIRMENLER,BURDUR2,DEBI,01May2025,30Minute,Q1000,/BUR-BUR-MER-DEGIRMENLER/BURDUR2/DEBI/01May2025/30Minute/Q1000/,False
451,BUR-BUR-MER-DEGIRMENLER,BURDUR2,DEBI,01May2025,30Minute,Q2,/BUR-BUR-MER-DEGIRMENLER/BURDUR2/DEBI/01May2025/30Minute/Q2/,False
452,BUR-BUR-MER-DEGIRMENLER,BURDUR2,DEBI,01May2025,30Minute,Q25,/BUR-BUR-MER-DEGIRMENLER/BURDUR2/DEBI/01May2025/30Minute/Q25/,False
453,BUR-BUR-MER-DEGIRMENLER,BURDUR2,DEBI,01May2025,30Minute,Q5,/BUR-BUR-MER-DEGIRMENLER/BURDUR2/DEBI/01May2025/30Minute/Q5/,False
454,BUR-BUR-MER-DEGIRMENLER,BURDUR2,DEBI,01May2025,30Minute,Q50,/BUR-BUR-MER-DEGIRMENLER/BURDUR2/DEBI/01May2025/30Minute/Q50/,False
455,BUR-BUR-MER-DEGIRMENLER,BURDUR2,DEBI,01May2025,30Minute,Q500,/BUR-BUR-MER-DEGIRMENLER/BURDUR2/DEBI/01May2025/30Minute/Q500/,False
456,BUR-BUR-MER-DEGIRMENLERA-T,BURDUR2,DEBI,01May2025,30Minute,Q10,/BUR-BUR-MER-DEGIRMENLERA-T/BURDUR2/DEBI/01May2025/30Minute/Q10/,False
457,BUR-BUR-MER-DEGIRMENLERA-T,BURDUR2,DEBI,01May2025,30Minute,Q100,/BUR-BUR-MER-DEGIRMENLERA-T/BURDUR2/DEBI/01May2025/30Minute/Q100/,False
458,BUR-BUR-MER-DEGIRMENLERA-T,BURDUR2,DEBI,01May2025,30Minute,Q1000,/BUR-BUR-MER-DEGIRMENLERA-T/BURDUR2/DEBI/01May2025/30Minute/Q1000/,False
459,BUR-BUR-MER-DEGIRMENLERA-T,BURDUR2,DEBI,01May2025,30Minute,Q2,/BUR-BUR-MER-DEGIRMENLERA-T/BURDUR2/DEBI/01May2025/30Minute/Q2/,False
460,BUR-BUR-MER-DEGIRMENLERA-T,BURDUR2,DEBI,01May2025,30Minute,Q25,/BUR-BUR-MER-DEGIRMENLERA-T/BURDUR2/DEBI/01May2025/30Minute/Q25/,False
461,BUR-BUR-MER-DEGIRMENLERA-T,BURDUR2,DEBI,01May2025,30Minute,Q5,/BUR-BUR-MER-DEGIRMENLERA-T/BURDUR2/DEBI/01May2025/30Minute/Q5/,False
462,BUR-BUR-MER-DEGIRMENLERA-T,BURDUR2,DEBI,01May2025,30Minute,Q50,/BUR-BUR-MER-DEGIRMENLERA-T/BURDUR2/DEBI/01May2025/30Minute/Q50/,False
463,BUR-BUR-MER-DEGIRMENLERA-T,BURDUR2,DEBI,01May2025,30Minute,Q500,/BUR-BUR-MER-DEGIRMENLERA-T/BURDUR2/DEBI/01May2025/30Minute/Q500/,False
464,BUR-BUR-MER-DEGIRMENLERB-T,BURDUR2,DEBI,01May2025,30Minute,Q10,/BUR-BUR-MER-DEGIRMENLERB-T/BURDUR2/DEBI/01May2025/30Minute/Q10/,False
465,BUR-BUR-MER-DEGIRMENLERB-T,BURDUR2,DEBI,01May2025,30Minute,Q100,/BUR-BUR-MER-DEGIRMENLERB-T/BURDUR2/DEBI/01May2025/30Minute/Q100/,False
466,BUR-BUR-MER-DEGIRMENLERB-T,BURDUR2,DEBI,01May2025,30Minute,Q1000,/BUR-BUR-MER-DEGIRMENLERB-T/BURDUR2/DEBI/01May2025/30Minute/Q1000/,False
467,BUR-BUR-MER-DEGIRMENLERB-T,BURDUR2,DEBI,01May2025,30Minute,Q2,/BUR-BUR-MER-DEGIRMENLERB-T/BURDUR2/DEBI/01May2025/30Minute/Q2/,False
468,BUR-BUR-MER-DEGIRMENLERB-T,BURDUR2,DEBI,01May2025,30Minute,Q25,/BUR-BUR-MER-DEGIRMENLERB-T/BURDUR2/DEBI/01May2025/30Minute/Q25/,False
469,BUR-BUR-MER-DEGIRMENLERB-T,BURDUR2,DEBI,01May2025,30Minute,Q5,/BUR-BUR-MER-DEGIRMENLERB-T/BURDUR2/DEBI/01May2025/30Minute/Q5/,False
470,BUR-BUR-MER-DEGIRMENLERB-T,BURDUR2,DEBI,01May2025,30Minute,Q50,/BUR-BUR-MER-DEGIRMENLERB-T/BURDUR2/DEBI/01May2025/30Minute/Q50/,False
471,BUR-BUR-MER-DEGIRMENLERB-T,BURDUR2,DEBI,01May2025,30Minute,Q500,/BUR-BUR-MER-DEGIRMENLERB-T/BURDUR2/DEBI/01May2025/30Minute/Q500/,False
472,BUR-BUR-MER-DUGER,BURDUR2,DEBI,01May2025,30Minute,Q10,/BUR-BUR-MER-DUGER/BURDUR2/DEBI/01May2025/30Minute/Q10/,False
473,BUR-BUR-MER-DUGER,BURDUR2,DEBI,01May2025,30Minute,Q100,/BUR-BUR-MER-DUGER/BURDUR2/DEBI/01May2025/30Minute/Q100/,False
474,BUR-BUR-MER-DUGER,BURDUR2,DEBI,01May2025,30Minute,Q1000,/BUR-BUR-MER-DUGER/BURDUR2/DEBI/01May2025/30Minute/Q1000/,False
475,BUR-BUR-MER-DUGER,BURDUR2,DEBI,01May2025,30Minute,Q2,/BUR-BUR-MER-DUGER/BURDUR2/DEBI/01May2025/30Minute/Q2/,False
476,BUR-BUR-MER-DUGER,BURDUR2,DEBI,01May2025,30Minute,Q25,/BUR-BUR-MER-DUGER/BURDUR2/DEBI/01May2025/30Minute/Q25/,False
477,BUR-BUR-MER-DUGER,BURDUR2,DEBI,01May2025,30Minute,Q5,/BUR-BUR-MER-DUGER/BURDUR2/DEBI/01May2025/30Minute/Q5/,False
478,BUR-BUR-MER-DUGER,BURDUR2,DEBI,01May2025,30Minute,Q50,/BUR-BUR-MER-DUGER/BURDUR2/DEBI/01May2025/30Minute/Q50/,False
479,BUR-BUR-MER-DUGER,BURDUR2,DEBI,01May2025,30Minute,Q500,/BUR-BUR-MER-DUGER/BURDUR2/DEBI/01May2025/30Minute/Q500/,False
480,BUR-BUR-MER-GOKCEBAG1,BURDUR2,DEBI,01May2025,30Minute,Q10,/BUR-BUR-MER-GOKCEBAG1/BURDUR2/DEBI/01May2025/30Minute/Q10/,False
481,BUR-BUR-MER-GOKCEBAG1,BURDUR2,DEBI,01May2025,30Minute,Q100,/BUR-BUR-MER-GOKCEBAG1/BURDUR2/DEBI/01May2025/30Minute/Q100/,False
482,BUR-BUR-MER-GOKCEBAG1,BURDUR2,DEBI,01May2025,30Minute,Q1000,/BUR-BUR-MER-GOKCEBAG1/BURDUR2/DEBI/01May2025/30Minute/Q1000/,False
483,BUR-BUR-MER-GOKCEBAG1,BURDUR2,DEBI,01May2025,30Minute,Q2,/BUR-BUR-MER-GOKCEBAG1/BURDUR2/DEBI/01May2025/30Minute/Q2/,False
484,BUR-BUR-MER-GOKCEBAG1,BURDUR2,DEBI,01May2025,30Minute,Q25,/BUR-BUR-MER-GOKCEBAG1/BURDUR2/DEBI/01May2025/30Minute/Q25/,False
485,BUR-BUR-MER-GOKCEBAG1,BURDUR2,DEBI,01May2025,30Minute,Q5,/BUR-BUR-MER-GOKCEBAG1/BURDUR2/DEBI/01May2025/30Minute/Q5/,False
486,BUR-BUR-MER-GOKCEBAG1,BURDUR2,DEBI,01May2025,30Minute,Q50,/BUR-BUR-MER-GOKCEBAG1/BURDUR2/DEBI/01May2025/30Minute/Q50/,False
487,BUR-BUR-MER-GOKCEBAG1,BURDUR2,DEBI,01May2025,30Minute,Q500,/BUR-BUR-MER-GOKCEBAG1/BURDUR2/DEBI/01May2025/30Minute/Q500/,False
488,BUR-BUR-MER-GOKCEBAG2,BURDUR2,DEBI,02May2025,5Minute,Q10,/BUR-BUR-MER-GOKCEBAG2/BURDUR2/DEBI/02May2025/5Minute/Q10/,False
489,BUR-BUR-MER-GOKCEBAG2,BURDUR2,DEBI,02May2025,5Minute,Q100,/BUR-BUR-MER-GOKCEBAG2/BURDUR2/DEBI/02May2025/5Minute/Q100/,False
490,BUR-BUR-MER-GOKCEBAG2,BURDUR2,DEBI,02May2025,5Minute,Q1000,/BUR-BUR-MER-GOKCEBAG2/BURDUR2/DEBI/02May2025/5Minute/Q1000/,False
491,BUR-BUR-MER-GOKCEBAG2,BURDUR2,DEBI,02May2025,5Minute,Q2,/BUR-BUR-MER-GOKCEBAG2/BURDUR2/DEBI/02May2025/5Minute/Q2/,False
492,BUR-BUR-MER-GOKCEBAG2,BURDUR2,DEBI,02May2025,5Minute,Q25,/BUR-BUR-MER-GOKCEBAG2/BURDUR2/DEBI/02May2025/5Minute/Q25/,False
493,BUR-BUR-MER-GOKCEBAG2,BURDUR2,DEBI,02May2025,5Minute,Q5,/BUR-BUR-MER-GOKCEBAG2/BURDUR2/DEBI/02May2025/5Minute/Q5/,False
494,BUR-BUR-MER-GOKCEBAG2,BURDUR2,DEBI,02May2025,5Minute,Q50,/BUR-BUR-MER-GOKCEBAG2/BURDUR2/DEBI/02May2025/5Minute/Q50/,False
495,BUR-BUR-MER-GOKCEBAG2,BURDUR2,DEBI,02May2025,5Minute,Q500,/BUR-BUR-MER-GOKCEBAG2/BURDUR2/DEBI/02May2025/5Minute/Q500/,False
496,BUR-BUR-MER-GOKCEBAG3,BURDUR2,DEBI,02May2025,5Minute,Q10,/BUR-BUR-MER-GOKCEBAG3/BURDUR2/DEBI/02May2025/5Minute/Q10/,False
497,BUR-BUR-MER-GOKCEBAG3,BURDUR2,DEBI,02May2025,5Minute,Q100,/BUR-BUR-MER-GOKCEBAG3/BURDUR2/DEBI/02May2025/5Minute/Q100/,False
498,BUR-BUR-MER-GOKCEBAG3,BURDUR2,DEBI,02May2025,5Minute,Q1000,/BUR-BUR-MER-GOKCEBAG3/BURDUR2/DEBI/02May2025/5Minute/Q1000/,False
499,BUR-BUR-MER-GOKCEBAG3,BURDUR2,DEBI,02May2025,5Minute,Q2,/BUR-BUR-MER-GOKCEBAG3/BURDUR2/DEBI/02May2025/5Minute/Q2/,False
500,BUR-BUR-MER-GOKCEBAG3,BURDUR2,DEBI,02May2025,5Minute,Q25,/BUR-BUR-MER-GOKCEBAG3/BURDUR2/DEBI/02May2025/5Minute/Q25/,False
501,BUR-BUR-MER-GOKCEBAG3,BURDUR2,DEBI,02May2025,5Minute,Q5,/BUR-BUR-MER-GOKCEBAG3/BURDUR2/DEBI/02May2025/5Minute/Q5/,False
502,BUR-BUR-MER-GOKCEBAG3,BURDUR2,DEBI,02May2025,5Minute,Q50,/BUR-BUR-MER-GOKCEBAG3/BURDUR2/DEBI/02May2025/5Minute/Q50/,False
503,BUR-BUR-MER-GOKCEBAG3,BURDUR2,DEBI,02May2025,5Minute,Q500,/BUR-BUR-MER-GOKCEBAG3/BURDUR2/DEBI/02May2025/5Minute/Q500/,False
504,BUR-BUR-MER-GOKCEBAG3A,BURDUR2,DEBI,02May2025,5Minute,Q10,/BUR-BUR-MER-GOKCEBAG3A/BURDUR2/DEBI/02May2025/5Minute/Q10/,False
505,BUR-BUR-MER-GOKCEBAG3A,BURDUR2,DEBI,02May2025,5Minute,Q100,/BUR-BUR-MER-GOKCEBAG3A/BURDUR2/DEBI/02May2025/5Minute/Q100/,False
506,BUR-BUR-MER-GOKCEBAG3A,BURDUR2,DEBI,02May2025,5Minute,Q1000,/BUR-BUR-MER-GOKCEBAG3A/BURDUR2/DEBI/02May2025/5Minute/Q1000/,False
507,BUR-BUR-MER-GOKCEBAG3A,BURDUR2,DEBI,02May2025,5Minute,Q2,/BUR-BUR-MER-GOKCEBAG3A/BURDUR2/DEBI/02May2025/5Minute/Q2/,False
508,BUR-BUR-MER-GOKCEBAG3A,BURDUR2,DEBI,02May2025,5Minute,Q25,/BUR-BUR-MER-GOKCEBAG3A/BURDUR2/DEBI/02May2025/5Minute/Q25/,False
509,BUR-BUR-MER-GOKCEBAG3A,BURDUR2,DEBI,02May2025,5Minute,Q5,/BUR-BUR-MER-GOKCEBAG3A/BURDUR2/DEBI/02May2025/5Minute/Q5/,False
510,BUR-BUR-MER-GOKCEBAG3A,BURDUR2,DEBI,02May2025,5Minute,Q50,/BUR-BUR-MER-GOKCEBAG3A/BURDUR2/DEBI/02May2025/5Minute/Q50/,False
511,BUR-BUR-MER-GOKCEBAG3A,BURDUR2,DEBI,02May2025,5Minute,Q500,/BUR-BUR-MER-GOKCEBAG3A/BURDUR2/DEBI/02May2025/5Minute/Q500/,False
512,BUR-BUR-MER-GOKCEBAG3B,BURDUR2,DEBI,02May2025,5Minute,Q10,/BUR-BUR-MER-GOKCEBAG3B/BURDUR2/DEBI/02May2025/5Minute/Q10/,False
513,BUR-BUR-MER-GOKCEBAG3B,BURDUR2,DEBI,02May2025,5Minute,Q100,/BUR-BUR-MER-GOKCEBAG3B/BURDUR2/DEBI/02May2025/5Minute/Q100/,False
514,BUR-BUR-MER-GOKCEBAG3B,BURDUR2,DEBI,02May2025,5Minute,Q1000,/BUR-BUR-MER-GOKCEBAG3B/BURDUR2/DEBI/02May2025/5Minute/Q1000/,False
515,BUR-BUR-MER-GOKCEBAG3B,BURDUR2,DEBI,02May2025,5Minute,Q2,/BUR-BUR-MER-GOKCEBAG3B/BURDUR2/DEBI/02May2025/5Minute/Q2/,False
516,BUR-BUR-MER-GOKCEBAG3B,BURDUR2,DEBI,02May2025,5Minute,Q25,/BUR-BUR-MER-GOKCEBAG3B/BURDUR2/DEBI/02May2025/5Minute/Q25/,False
517,BUR-BUR-MER-GOKCEBAG3B,BURDUR2,DEBI,02May2025,5Minute,Q5,/BUR-BUR-MER-GOKCEBAG3B/BURDUR2/DEBI/02May2025/5Minute/Q5/,False
518,BUR-BUR-MER-GOKCEBAG3B,BURDUR2,DEBI,02May2025,5Minute,Q50,/BUR-BUR-MER-GOKCEBAG3B/BURDUR2/DEBI/02May2025/5Minute/Q50/,False
519,BUR-BUR-MER-GOKCEBAG3B,BURDUR2,DEBI,02May2025,5Minute,Q500,/BUR-BUR-MER-GOKCEBAG3B/BURDUR2/DEBI/02May2025/5Minute/Q500/,False
520,BUR-BUR-MER-GOKCEBAG4,BURDUR2,DEBI,01May2025,30Minute,Q10,/BUR-BUR-MER-GOKCEBAG4/BURDUR2/DEBI/01May2025/30Minute/Q10/,False
521,BUR-BUR-MER-GOKCEBAG4,BURDUR2,DEBI,01May2025,30Minute,Q100,/BUR-BUR-MER-GOKCEBAG4/BURDUR2/DEBI/01May2025/30Minute/Q100/,False
522,BUR-BUR-MER-GOKCEBAG4,BURDUR2,DEBI,01May2025,30Minute,Q1000,/BUR-BUR-MER-GOKCEBAG4/BURDUR2/DEBI/01May2025/30Minute/Q1000/,False
523,BUR-BUR-MER-GOKCEBAG4,BURDUR2,DEBI,01May2025,30Minute,Q2,/BUR-BUR-MER-GOKCEBAG4/BURDUR2/DEBI/01May2025/30Minute/Q2/,False
524,BUR-BUR-MER-GOKCEBAG4,BURDUR2,DEBI,01May2025,30Minute,Q25,/BUR-BUR-MER-GOKCEBAG4/BURDUR2/DEBI/01May2025/30Minute/Q25/,False
525,BUR-BUR-MER-GOKCEBAG4,BURDUR2,DEBI,01May2025,30Minute,Q5,/BUR-BUR-MER-GOKCEBAG4/BURDUR2/DEBI/01May2025/30Minute/Q5/,False
526,BUR-BUR-MER-GOKCEBAG4,BURDUR2,DEBI,01May2025,30Minute,Q50,/BUR-BUR-MER-GOKCEBAG4/BURDUR2/DEBI/01May2025/30Minute/Q50/,False
527,BUR-BUR-MER-GOKCEBAG4,BURDUR2,DEBI,01May2025,30Minute,Q500,/BUR-BUR-MER-GOKCEBAG4/BURDUR2/DEBI/01May2025/30Minute/Q500/,False
528,BUR-BUR-MER-GOKCEBAG4A,BURDUR2,DEBI,01May2025,30Minute,Q10,/BUR-BUR-MER-GOKCEBAG4A/BURDUR2/DEBI/01May2025/30Minute/Q10/,False
529,BUR-BUR-MER-GOKCEBAG4A,BURDUR2,DEBI,01May2025,30Minute,Q100,/BUR-BUR-MER-GOKCEBAG4A/BURDUR2/DEBI/01May2025/30Minute/Q100/,False
530,BUR-BUR-MER-GOKCEBAG4A,BURDUR2,DEBI,01May2025,30Minute,Q1000,/BUR-BUR-MER-GOKCEBAG4A/BURDUR2/DEBI/01May2025/30Minute/Q1000/,False
531,BUR-BUR-MER-GOKCEBAG4A,BURDUR2,DEBI,01May2025,30Minute,Q2,/BUR-BUR-MER-GOKCEBAG4A/BURDUR2/DEBI/01May2025/30Minute/Q2/,False
532,BUR-BUR-MER-GOKCEBAG4A,BURDUR2,DEBI,01May2025,30Minute,Q25,/BUR-BUR-MER-GOKCEBAG4A/BURDUR2/DEBI/01May2025/30Minute/Q25/,False
533,BUR-BUR-MER-GOKCEBAG4A,BURDUR2,DEBI,01May2025,30Minute,Q5,/BUR-BUR-MER-GOKCEBAG4A/BURDUR2/DEBI/01May2025/30Minute/Q5/,False
534,BUR-BUR-MER-GOKCEBAG4A,BURDUR2,DEBI,01May2025,30Minute,Q50,/BUR-BUR-MER-GOKCEBAG4A/BURDUR2/DEBI/01May2025/30Minute/Q50/,False
535,BUR-BUR-MER-GOKCEBAG4A,BURDUR2,DEBI,01May2025,30Minute,Q500,/BUR-BUR-MER-GOKCEBAG4A/BURDUR2/DEBI/01May2025/30Minute/Q500/,False
536,BUR-BUR-MER-GOKCEBAG5,BURDUR2,DEBI,02May2025,5Minute,Q10,/BUR-BUR-MER-GOKCEBAG5/BURDUR2/DEBI/02May2025/5Minute/Q10/,False
537,BUR-BUR-MER-GOKCEBAG5,BURDUR2,DEBI,02May2025,5Minute,Q100,/BUR-BUR-MER-GOKCEBAG5/BURDUR2/DEBI/02May2025/5Minute/Q100/,False
538,BUR-BUR-MER-GOKCEBAG5,BURDUR2,DEBI,02May2025,5Minute,Q1000,/BUR-BUR-MER-GOKCEBAG5/BURDUR2/DEBI/02May2025/5Minute/Q1000/,False
539,BUR-BUR-MER-GOKCEBAG5,BURDUR2,DEBI,02May2025,5Minute,Q2,/BUR-BUR-MER-GOKCEBAG5/BURDUR2/DEBI/02May2025/5Minute/Q2/,False
540,BUR-BUR-MER-GOKCEBAG5,BURDUR2,DEBI,02May2025,5Minute,Q25,/BUR-BUR-MER-GOKCEBAG5/BURDUR2/DEBI/02May2025/5Minute/Q25/,False
541,BUR-BUR-MER-GOKCEBAG5,BURDUR2,DEBI,02May2025,5Minute,Q5,/BUR-BUR-MER-GOKCEBAG5/BURDUR2/DEBI/02May2025/5Minute/Q5/,False
542,BUR-BUR-MER-GOKCEBAG5,BURDUR2,DEBI,02May2025,5Minute,Q50,/BUR-BUR-MER-GOKCEBAG5/BURDUR2/DEBI/02May2025/5Minute/Q50/,False
543,BUR-BUR-MER-GOKCEBAG5,BURDUR2,DEBI,02May2025,5Minute,Q500,/BUR-BUR-MER-GOKCEBAG5/BURDUR2/DEBI/02May2025/5Minute/Q500/,False
544,BUR-BUR-MER-GOKCEBAG6,BURDUR2,DEBI,01May2025,30Minute,Q10,/BUR-BUR-MER-GOKCEBAG6/BURDUR2/DEBI/01May2025/30Minute/Q10/,False
545,BUR-BUR-MER-GOKCEBAG6,BURDUR2,DEBI,01May2025,30Minute,Q100,/BUR-BUR-MER-GOKCEBAG6/BURDUR2/DEBI/01May2025/30Minute/Q100/,False
546,BUR-BUR-MER-GOKCEBAG6,BURDUR2,DEBI,01May2025,30Minute,Q1000,/BUR-BUR-MER-GOKCEBAG6/BURDUR2/DEBI/01May2025/30Minute/Q1000/,False
547,BUR-BUR-MER-GOKCEBAG6,BURDUR2,DEBI,01May2025,30Minute,Q2,/BUR-BUR-MER-GOKCEBAG6/BURDUR2/DEBI/01May2025/30Minute/Q2/,False
548,BUR-BUR-MER-GOKCEBAG6,BURDUR2,DEBI,01May2025,30Minute,Q25,/BUR-BUR-MER-GOKCEBAG6/BURDUR2/DEBI/01May2025/30Minute/Q25/,False
549,BUR-BUR-MER-GOKCEBAG6,BURDUR2,DEBI,01May2025,30Minute,Q5,/BUR-BUR-MER-GOKCEBAG6/BURDUR2/DEBI/01May2025/30Minute/Q5/,False
550,BUR-BUR-MER-GOKCEBAG6,BURDUR2,DEBI,01May2025,30Minute,Q50,/BUR-BUR-MER-GOKCEBAG6/BURDUR2/DEBI/01May2025/30Minute/Q50/,False
551,BUR-BUR-MER-GOKCEBAG6,BURDUR2,DEBI,01May2025,30Minute,Q500,/BUR-BUR-MER-GOKCEBAG6/BURDUR2/DEBI/01May2025/30Minute/Q500/,False
552,BUR-BUR-MER-GOKCEBAG7,BURDUR2,DEBI,02May2025,5Minute,Q10,/BUR-BUR-MER-GOKCEBAG7/BURDUR2/DEBI/02May2025/5Minute/Q10/,False
553,BUR-BUR-MER-GOKCEBAG7,BURDUR2,DEBI,02May2025,5Minute,Q100,/BUR-BUR-MER-GOKCEBAG7/BURDUR2/DEBI/02May2025/5Minute/Q100/,False
554,BUR-BUR-MER-GOKCEBAG7,BURDUR2,DEBI,02May2025,5Minute,Q1000,/BUR-BUR-MER-GOKCEBAG7/BURDUR2/DEBI/02May2025/5Minute/Q1000/,False
555,BUR-BUR-MER-GOKCEBAG7,BURDUR2,DEBI,02May2025,5Minute,Q2,/BUR-BUR-MER-GOKCEBAG7/BURDUR2/DEBI/02May2025/5Minute/Q2/,False
556,BUR-BUR-MER-GOKCEBAG7,BURDUR2,DEBI,02May2025,5Minute,Q25,/BUR-BUR-MER-GOKCEBAG7/BURDUR2/DEBI/02May2025/5Minute/Q25/,False
557,BUR-BUR-MER-GOKCEBAG7,BURDUR2,DEBI,02May2025,5Minute,Q5,/BUR-BUR-MER-GOKCEBAG7/BURDUR2/DEBI/02May2025/5Minute/Q5/,False
558,BUR-BUR-MER-GOKCEBAG7,BURDUR2,DEBI,02May2025,5Minute,Q50,/BUR-BUR-MER-GOKCEBAG7/BURDUR2/DEBI/02May2025/5Minute/Q50/,False
559,BUR-BUR-MER-GOKCEBAG7,BURDUR2,DEBI,02May2025,5Minute,Q500,/BUR-BUR-MER-GOKCEBAG7/BURDUR2/DEBI/02May2025/5Minute/Q500/,False
560,BUR-BUR-MER-GOKCEBAG8,BURDUR2,DEBI,02May2025,5Minute,Q10,/BUR-BUR-MER-GOKCEBAG8/BURDUR2/DEBI/02May2025/5Minute/Q10/,False
561,BUR-BUR-MER-GOKCEBAG8,BURDUR2,DEBI,02May2025,5Minute,Q100,/BUR-BUR-MER-GOKCEBAG8/BURDUR2/DEBI/02May2025/5Minute/Q100/,False
562,BUR-BUR-MER-GOKCEBAG8,BURDUR2,DEBI,02May2025,5Minute,Q1000,/BUR-BUR-MER-GOKCEBAG8/BURDUR2/DEBI/02May2025/5Minute/Q1000/,False
563,BUR-BUR-MER-GOKCEBAG8,BURDUR2,DEBI,02May2025,5Minute,Q2,/BUR-BUR-MER-GOKCEBAG8/BURDUR2/DEBI/02May2025/5Minute/Q2/,False
564,BUR-BUR-MER-GOKCEBAG8,BURDUR2,DEBI,02May2025,5Minute,Q25,/BUR-BUR-MER-GOKCEBAG8/BURDUR2/DEBI/02May2025/5Minute/Q25/,False
565,BUR-BUR-MER-GOKCEBAG8,BURDUR2,DEBI,02May2025,5Minute,Q5,/BUR-BUR-MER-GOKCEBAG8/BURDUR2/DEBI/02May2025/5Minute/Q5/,False
566,BUR-BUR-MER-GOKCEBAG8,BURDUR2,DEBI,02May2025,5Minute,Q50,/BUR-BUR-MER-GOKCEBAG8/BURDUR2/DEBI/02May2025/5Minute/Q50/,False
567,BUR-BUR-MER-GOKCEBAG8,BURDUR2,DEBI,02May2025,5Minute,Q500,/BUR-BUR-MER-GOKCEBAG8/BURDUR2/DEBI/02May2025/5Minute/Q500/,False
568,BUR-BUR-MER-GOKCEBAG-T,BURDUR2,DEBI,01May2025,30Minute,Q10,/BUR-BUR-MER-GOKCEBAG-T/BURDUR2/DEBI/01May2025/30Minute/Q10/,False
569,BUR-BUR-MER-GOKCEBAG-T,BURDUR2,DEBI,01May2025,30Minute,Q100,/BUR-BUR-MER-GOKCEBAG-T/BURDUR2/DEBI/01May2025/30Minute/Q100/,False
570,BUR-BUR-MER-GOKCEBAG-T,BURDUR2,DEBI,01May2025,30Minute,Q1000,/BUR-BUR-MER-GOKCEBAG-T/BURDUR2/DEBI/01May2025/30Minute/Q1000/,False
571,BUR-BUR-MER-GOKCEBAG-T,BURDUR2,DEBI,01May2025,30Minute,Q2,/BUR-BUR-MER-GOKCEBAG-T/BURDUR2/DEBI/01May2025/30Minute/Q2/,False
572,BUR-BUR-MER-GOKCEBAG-T,BURDUR2,DEBI,01May2025,30Minute,Q25,/BUR-BUR-MER-GOKCEBAG-T/BURDUR2/DEBI/01May2025/30Minute/Q25/,False
573,BUR-BUR-MER-GOKCEBAG-T,BURDUR2,DEBI,01May2025,30Minute,Q5,/BUR-BUR-MER-GOKCEBAG-T/BURDUR2/DEBI/01May2025/30Minute/Q5/,False
574,BUR-BUR-MER-GOKCEBAG-T,BURDUR2,DEBI,01May2025,30Minute,Q50,/BUR-BUR-MER-GOKCEBAG-T/BURDUR2/DEBI/01May2025/30Minute/Q50/,False
575,BUR-BUR-MER-GOKCEBAG-T,BURDUR2,DEBI,01May2025,30Minute,Q500,/BUR-BUR-MER-GOKCEBAG-T/BURDUR2/DEBI/01May2025/30Minute/Q500/,False
576,BUR-BUR-MER-GUNALAN,BURDUR2,DEBI,01May2025,30Minute,Q10,/BUR-BUR-MER-GUNALAN/BURDUR2/DEBI/01May2025/30Minute/Q10/,False
577,BUR-BUR-MER-GUNALAN,BURDUR2,DEBI,01May2025,30Minute,Q100,/BUR-BUR-MER-GUNALAN/BURDUR2/DEBI/01May2025/30Minute/Q100/,False
578,BUR-BUR-MER-GUNALAN,BURDUR2,DEBI,01May2025,30Minute,Q1000,/BUR-BUR-MER-GUNALAN/BURDUR2/DEBI/01May2025/30Minute/Q1000/,False
579,BUR-BUR-MER-GUNALAN,BURDUR2,DEBI,01May2025,30Minute,Q2,/BUR-BUR-MER-GUNALAN/BURDUR2/DEBI/01May2025/30Minute/Q2/,False
580,BUR-BUR-MER-GUNALAN,BURDUR2,DEBI,01May2025,30Minute,Q25,/BUR-BUR-MER-GUNALAN/BURDUR2/DEBI/01May2025/30Minute/Q25/,False
581,BUR-BUR-MER-GUNALAN,BURDUR2,DEBI,01May2025,30Minute,Q5,/BUR-BUR-MER-GUNALAN/BURDUR2/DEBI/01May2025/30Minute/Q5/,False
582,BUR-BUR-MER-GUNALAN,BURDUR2,DEBI,01May2025,30Minute,Q50,/BUR-BUR-MER-GUNALAN/BURDUR2/DEBI/01May2025/30Minute/Q50/,False
583,BUR-BUR-MER-GUNALAN,BURDUR2,DEBI,01May2025,30Minute,Q500,/BUR-BUR-MER-GUNALAN/BURDUR2/DEBI/01May2025/30Minute/Q500/,False
584,BUR-BUR-MER-GUNEYYAYLA1,BURDUR2,DEBI,02May2025,5Minute,Q10,/BUR-BUR-MER-GUNEYYAYLA1/BURDUR2/DEBI/02May2025/5Minute/Q10/,False
585,BUR-BUR-MER-GUNEYYAYLA1,BURDUR2,DEBI,02May2025,5Minute,Q100,/BUR-BUR-MER-GUNEYYAYLA1/BURDUR2/DEBI/02May2025/5Minute/Q100/,False
586,BUR-BUR-MER-GUNEYYAYLA1,BURDUR2,DEBI,02May2025,5Minute,Q1000,/BUR-BUR-MER-GUNEYYAYLA1/BURDUR2/DEBI/02May2025/5Minute/Q1000/,False
587,BUR-BUR-MER-GUNEYYAYLA1,BURDUR2,DEBI,02May2025,5Minute,Q2,/BUR-BUR-MER-GUNEYYAYLA1/BURDUR2/DEBI/02May2025/5Minute/Q2/,False
588,BUR-BUR-MER-GUNEYYAYLA1,BURDUR2,DEBI,02May2025,5Minute,Q25,/BUR-BUR-MER-GUNEYYAYLA1/BURDUR2/DEBI/02May2025/5Minute/Q25/,False
589,BUR-BUR-MER-GUNEYYAYLA1,BURDUR2,DEBI,02May2025,5Minute,Q5,/BUR-BUR-MER-GUNEYYAYLA1/BURDUR2/DEBI/02May2025/5Minute/Q5/,False
590,BUR-BUR-MER-GUNEYYAYLA1,BURDUR2,DEBI,02May2025,5Minute,Q50,/BUR-BUR-MER-GUNEYYAYLA1/BURDUR2/DEBI/02May2025/5Minute/Q50/,False
591,BUR-BUR-MER-GUNEYYAYLA1,BURDUR2,DEBI,02May2025,5Minute,Q500,/BUR-BUR-MER-GUNEYYAYLA1/BURDUR2/DEBI/02May2025/5Minute/Q500/,False
592,BUR-BUR-MER-GUNEYYAYLA2,BURDUR2,DEBI,02May2025,5Minute,Q10,/BUR-BUR-MER-GUNEYYAYLA2/BURDUR2/DEBI/02May2025/5Minute/Q10/,False
593,BUR-BUR-MER-GUNEYYAYLA2,BURDUR2,DEBI,02May2025,5Minute,Q100,/BUR-BUR-MER-GUNEYYAYLA2/BURDUR2/DEBI/02May2025/5Minute/Q100/,False
594,BUR-BUR-MER-GUNEYYAYLA2,BURDUR2,DEBI,02May2025,5Minute,Q1000,/BUR-BUR-MER-GUNEYYAYLA2/BURDUR2/DEBI/02May2025/5Minute/Q1000/,False
595,BUR-BUR-MER-GUNEYYAYLA2,BURDUR2,DEBI,02May2025,5Minute,Q2,/BUR-BUR-MER-GUNEYYAYLA2/BURDUR2/DEBI/02May2025/5Minute/Q2/,False
596,BUR-BUR-MER-GUNEYYAYLA2,BURDUR2,DEBI,02May2025,5Minute,Q25,/BUR-BUR-MER-GUNEYYAYLA2/BURDUR2/DEBI/02May2025/5Minute/Q25/,False
597,BUR-BUR-MER-GUNEYYAYLA2,BURDUR2,DEBI,02May2025,5Minute,Q5,/BUR-BUR-MER-GUNEYYAYLA2/BURDUR2/DEBI/02May2025/5Minute/Q5/,False
598,BUR-BUR-MER-GUNEYYAYLA2,BURDUR2,DEBI,02May2025,5Minute,Q50,/BUR-BUR-MER-GUNEYYAYLA2/BURDUR2/DEBI/02May2025/5Minute/Q50/,False
599,BUR-BUR-MER-GUNEYYAYLA2,BURDUR2,DEBI,02May2025,5Minute,Q500,/BUR-BUR-MER-GUNEYYAYLA2/BURDUR2/DEBI/02May2025/5Minute/Q500/,False
600,BUR-BUR-MER-GUNEYYAYLA3,BURDUR2,DEBI,02May2025,5Minute,Q10,/BUR-BUR-MER-GUNEYYAYLA3/BURDUR2/DEBI/02May2025/5Minute/Q10/,False
601,BUR-BUR-MER-GUNEYYAYLA3,BURDUR2,DEBI,02May2025,5Minute,Q100,/BUR-BUR-MER-GUNEYYAYLA3/BURDUR2/DEBI/02May2025/5Minute/Q100/,False
602,BUR-BUR-MER-GUNEYYAYLA3,BURDUR2,DEBI,02May2025,5Minute,Q1000,/BUR-BUR-MER-GUNEYYAYLA3/BURDUR2/DEBI/02May2025/5Minute/Q1000/,False
603,BUR-BUR-MER-GUNEYYAYLA3,BURDUR2,DEBI,02May2025,5Minute,Q2,/BUR-BUR-MER-GUNEYYAYLA3/BURDUR2/DEBI/02May2025/5Minute/Q2/,False
604,BUR-BUR-MER-GUNEYYAYLA3,BURDUR2,DEBI,02May2025,5Minute,Q25,/BUR-BUR-MER-GUNEYYAYLA3/BURDUR2/DEBI/02May2025/5Minute/Q25/,False
605,BUR-BUR-MER-GUNEYYAYLA3,BURDUR2,DEBI,02May2025,5Minute,Q5,/BUR-BUR-MER-GUNEYYAYLA3/BURDUR2/DEBI/02May2025/5Minute/Q5/,False
606,BUR-BUR-MER-GUNEYYAYLA3,BURDUR2,DEBI,02May2025,5Minute,Q50,/BUR-BUR-MER-GUNEYYAYLA3/BURDUR2/DEBI/02May2025/5Minute/Q50/,False
607,BUR-BUR-MER-GUNEYYAYLA3,BURDUR2,DEBI,02May2025,5Minute,Q500,/BUR-BUR-MER-GUNEYYAYLA3/BURDUR2/DEBI/02May2025/5Minute/Q500/,False
608,BUR-BUR-MER-HALICILAR,BURDUR2,DEBI,01May2025,30Minute,Q10,/BUR-BUR-MER-HALICILAR/BURDUR2/DEBI/01May2025/30Minute/Q10/,False
609,BUR-BUR-MER-HALICILAR,BURDUR2,DEBI,01May2025,30Minute,Q100,/BUR-BUR-MER-HALICILAR/BURDUR2/DEBI/01May2025/30Minute/Q100/,False
610,BUR-BUR-MER-HALICILAR,BURDUR2,DEBI,01May2025,30Minute,Q1000,/BUR-BUR-MER-HALICILAR/BURDUR2/DEBI/01May2025/30Minute/Q1000/,False
611,BUR-BUR-MER-HALICILAR,BURDUR2,DEBI,01May2025,30Minute,Q2,/BUR-BUR-MER-HALICILAR/BURDUR2/DEBI/01May2025/30Minute/Q2/,False
612,BUR-BUR-MER-HALICILAR,BURDUR2,DEBI,01May2025,30Minute,Q25,/BUR-BUR-MER-HALICILAR/BURDUR2/DEBI/01May2025/30Minute/Q25/,False
613,BUR-BUR-MER-HALICILAR,BURDUR2,DEBI,01May2025,30Minute,Q5,/BUR-BUR-MER-HALICILAR/BURDUR2/DEBI/01May2025/30Minute/Q5/,False
614,BUR-BUR-MER-HALICILAR,BURDUR2,DEBI,01May2025,30Minute,Q50,/BUR-BUR-MER-HALICILAR/BURDUR2/DEBI/01May2025/30Minute/Q50/,False
615,BUR-BUR-MER-HALICILAR,BURDUR2,DEBI,01May2025,30Minute,Q500,/BUR-BUR-MER-HALICILAR/BURDUR2/DEBI/01May2025/30Minute/Q500/,False
616,BUR-BUR-MER-IBILYAS_DERESI,BURDUR2,DEBI,01May2025,30Minute,Q10,/BUR-BUR-MER-IBILYAS_DERESI/BURDUR2/DEBI/01May2025/30Minute/Q10/,False
617,BUR-BUR-MER-IBILYAS_DERESI,BURDUR2,DEBI,01May2025,30Minute,Q100,/BUR-BUR-MER-IBILYAS_DERESI/BURDUR2/DEBI/01May2025/30Minute/Q100/,False
618,BUR-BUR-MER-IBILYAS_DERESI,BURDUR2,DEBI,01May2025,30Minute,Q1000,/BUR-BUR-MER-IBILYAS_DERESI/BURDUR2/DEBI/01May2025/30Minute/Q1000/,False
619,BUR-BUR-MER-IBILYAS_DERESI,BURDUR2,DEBI,01May2025,30Minute,Q2,/BUR-BUR-MER-IBILYAS_DERESI/BURDUR2/DEBI/01May2025/30Minute/Q2/,False
620,BUR-BUR-MER-IBILYAS_DERESI,BURDUR2,DEBI,01May2025,30Minute,Q25,/BUR-BUR-MER-IBILYAS_DERESI/BURDUR2/DEBI/01May2025/30Minute/Q25/,False
621,BUR-BUR-MER-IBILYAS_DERESI,BURDUR2,DEBI,01May2025,30Minute,Q5,/BUR-BUR-MER-IBILYAS_DERESI/BURDUR2/DEBI/01May2025/30Minute/Q5/,False
622,BUR-BUR-MER-IBILYAS_DERESI,BURDUR2,DEBI,01May2025,30Minute,Q50,/BUR-BUR-MER-IBILYAS_DERESI/BURDUR2/DEBI/01May2025/30Minute/Q50/,False
623,BUR-BUR-MER-IBILYAS_DERESI,BURDUR2,DEBI,01May2025,30Minute,Q500,/BUR-BUR-MER-IBILYAS_DERESI/BURDUR2/DEBI/01May2025/30Minute/Q500/,False
624,BUR-BUR-MER-ILYAS1,BURDUR2,DEBI,01May2025,30Minute,Q10,/BUR-BUR-MER-ILYAS1/BURDUR2/DEBI/01May2025/30Minute/Q10/,False
625,BUR-BUR-MER-ILYAS1,BURDUR2,DEBI,01May2025,30Minute,Q100,/BUR-BUR-MER-ILYAS1/BURDUR2/DEBI/01May2025/30Minute/Q100/,False
626,BUR-BUR-MER-ILYAS1,BURDUR2,DEBI,01May2025,30Minute,Q1000,/BUR-BUR-MER-ILYAS1/BURDUR2/DEBI/01May2025/30Minute/Q1000/,False
627,BUR-BUR-MER-ILYAS1,BURDUR2,DEBI,01May2025,30Minute,Q2,/BUR-BUR-MER-ILYAS1/BURDUR2/DEBI/01May2025/30Minute/Q2/,False
628,BUR-BUR-MER-ILYAS1,BURDUR2,DEBI,01May2025,30Minute,Q25,/BUR-BUR-MER-ILYAS1/BURDUR2/DEBI/01May2025/30Minute/Q25/,False
629,BUR-BUR-MER-ILYAS1,BURDUR2,DEBI,01May2025,30Minute,Q5,/BUR-BUR-MER-ILYAS1/BURDUR2/DEBI/01May2025/30Minute/Q5/,False
630,BUR-BUR-MER-ILYAS1,BURDUR2,DEBI,01May2025,30Minute,Q50,/BUR-BUR-MER-ILYAS1/BURDUR2/DEBI/01May2025/30Minute/Q50/,False
631,BUR-BUR-MER-ILYAS1,BURDUR2,DEBI,01May2025,30Minute,Q500,/BUR-BUR-MER-ILYAS1/BURDUR2/DEBI/01May2025/30Minute/Q500/,False
632,BUR-BUR-MER-ILYAS2,BURDUR2,DEBI,01May2025,30Minute,Q10,/BUR-BUR-MER-ILYAS2/BURDUR2/DEBI/01May2025/30Minute/Q10/,False
633,BUR-BUR-MER-ILYAS2,BURDUR2,DEBI,01May2025,30Minute,Q100,/BUR-BUR-MER-ILYAS2/BURDUR2/DEBI/01May2025/30Minute/Q100/,False
634,BUR-BUR-MER-ILYAS2,BURDUR2,DEBI,01May2025,30Minute,Q1000,/BUR-BUR-MER-ILYAS2/BURDUR2/DEBI/01May2025/30Minute/Q1000/,False
635,BUR-BUR-MER-ILYAS2,BURDUR2,DEBI,01May2025,30Minute,Q2,/BUR-BUR-MER-ILYAS2/BURDUR2/DEBI/01May2025/30Minute/Q2/,False
636,BUR-BUR-MER-ILYAS2,BURDUR2,DEBI,01May2025,30Minute,Q25,/BUR-BUR-MER-ILYAS2/BURDUR2/DEBI/01May2025/30Minute/Q25/,False
637,BUR-BUR-MER-ILYAS2,BURDUR2,DEBI,01May2025,30Minute,Q5,/BUR-BUR-MER-ILYAS2/BURDUR2/DEBI/01May2025/30Minute/Q5/,False
638,BUR-BUR-MER-ILYAS2,BURDUR2,DEBI,01May2025,30Minute,Q50,/BUR-BUR-MER-ILYAS2/BURDUR2/DEBI/01May2025/30Minute/Q50/,False
639,BUR-BUR-MER-ILYAS2,BURDUR2,DEBI,01May2025,30Minute,Q500,/BUR-BUR-MER-ILYAS2/BURDUR2/DEBI/01May2025/30Minute/Q500/,False
640,BUR-BUR-MER-ILYAS3,BURDUR2,DEBI,01May2025,30Minute,Q10,/BUR-BUR-MER-ILYAS3/BURDUR2/DEBI/01May2025/30Minute/Q10/,False
641,BUR-BUR-MER-ILYAS3,BURDUR2,DEBI,01May2025,30Minute,Q100,/BUR-BUR-MER-ILYAS3/BURDUR2/DEBI/01May2025/30Minute/Q100/,False
642,BUR-BUR-MER-ILYAS3,BURDUR2,DEBI,01May2025,30Minute,Q1000,/BUR-BUR-MER-ILYAS3/BURDUR2/DEBI/01May2025/30Minute/Q1000/,False
643,BUR-BUR-MER-ILYAS3,BURDUR2,DEBI,01May2025,30Minute,Q2,/BUR-BUR-MER-ILYAS3/BURDUR2/DEBI/01May2025/30Minute/Q2/,False
644,BUR-BUR-MER-ILYAS3,BURDUR2,DEBI,01May2025,30Minute,Q25,/BUR-BUR-MER-ILYAS3/BURDUR2/DEBI/01May2025/30Minute/Q25/,False
645,BUR-BUR-MER-ILYAS3,BURDUR2,DEBI,01May2025,30Minute,Q5,/BUR-BUR-MER-ILYAS3/BURDUR2/DEBI/01May2025/30Minute/Q5/,False
646,BUR-BUR-MER-ILYAS3,BURDUR2,DEBI,01May2025,30Minute,Q50,/BUR-BUR-MER-ILYAS3/BURDUR2/DEBI/01May2025/30Minute/Q50/,False
647,BUR-BUR-MER-ILYAS3,BURDUR2,DEBI,01May2025,30Minute,Q500,/BUR-BUR-MER-ILYAS3/BURDUR2/DEBI/01May2025/30Minute/Q500/,False
648,BUR-BUR-MER-ILYAS4,BURDUR2,DEBI,01May2025,30Minute,Q10,/BUR-BUR-MER-ILYAS4/BURDUR2/DEBI/01May2025/30Minute/Q10/,False
649,BUR-BUR-MER-ILYAS4,BURDUR2,DEBI,01May2025,30Minute,Q100,/BUR-BUR-MER-ILYAS4/BURDUR2/DEBI/01May2025/30Minute/Q100/,False
650,BUR-BUR-MER-ILYAS4,BURDUR2,DEBI,01May2025,30Minute,Q1000,/BUR-BUR-MER-ILYAS4/BURDUR2/DEBI/01May2025/30Minute/Q1000/,False
651,BUR-BUR-MER-ILYAS4,BURDUR2,DEBI,01May2025,30Minute,Q2,/BUR-BUR-MER-ILYAS4/BURDUR2/DEBI/01May2025/30Minute/Q2/,False
652,BUR-BUR-MER-ILYAS4,BURDUR2,DEBI,01May2025,30Minute,Q25,/BUR-BUR-MER-ILYAS4/BURDUR2/DEBI/01May2025/30Minute/Q25/,False
653,BUR-BUR-MER-ILYAS4,BURDUR2,DEBI,01May2025,30Minute,Q5,/BUR-BUR-MER-ILYAS4/BURDUR2/DEBI/01May2025/30Minute/Q5/,False
654,BUR-BUR-MER-ILYAS4,BURDUR2,DEBI,01May2025,30Minute,Q50,/BUR-BUR-MER-ILYAS4/BURDUR2/DEBI/01May2025/30Minute/Q50/,False
655,BUR-BUR-MER-ILYAS4,BURDUR2,DEBI,01May2025,30Minute,Q500,/BUR-BUR-MER-ILYAS4/BURDUR2/DEBI/01May2025/30Minute/Q500/,False
656,BUR-BUR-MER-ILYAS5,BURDUR2,DEBI,02May2025,5Minute,Q10,/BUR-BUR-MER-ILYAS5/BURDUR2/DEBI/02May2025/5Minute/Q10/,False
657,BUR-BUR-MER-ILYAS5,BURDUR2,DEBI,02May2025,5Minute,Q100,/BUR-BUR-MER-ILYAS5/BURDUR2/DEBI/02May2025/5Minute/Q100/,False
658,BUR-BUR-MER-ILYAS5,BURDUR2,DEBI,02May2025,5Minute,Q1000,/BUR-BUR-MER-ILYAS5/BURDUR2/DEBI/02May2025/5Minute/Q1000/,False
659,BUR-BUR-MER-ILYAS5,BURDUR2,DEBI,02May2025,5Minute,Q2,/BUR-BUR-MER-ILYAS5/BURDUR2/DEBI/02May2025/5Minute/Q2/,False
660,BUR-BUR-MER-ILYAS5,BURDUR2,DEBI,02May2025,5Minute,Q25,/BUR-BUR-MER-ILYAS5/BURDUR2/DEBI/02May2025/5Minute/Q25/,False
661,BUR-BUR-MER-ILYAS5,BURDUR2,DEBI,02May2025,5Minute,Q5,/BUR-BUR-MER-ILYAS5/BURDUR2/DEBI/02May2025/5Minute/Q5/,False
662,BUR-BUR-MER-ILYAS5,BURDUR2,DEBI,02May2025,5Minute,Q50,/BUR-BUR-MER-ILYAS5/BURDUR2/DEBI/02May2025/5Minute/Q50/,False
663,BUR-BUR-MER-ILYAS5,BURDUR2,DEBI,02May2025,5Minute,Q500,/BUR-BUR-MER-ILYAS5/BURDUR2/DEBI/02May2025/5Minute/Q500/,False
664,BUR-BUR-MER-INDERE,BURDUR2,DEBI,01May2025,30Minute,Q10,/BUR-BUR-MER-INDERE/BURDUR2/DEBI/01May2025/30Minute/Q10/,False
665,BUR-BUR-MER-INDERE,BURDUR2,DEBI,01May2025,30Minute,Q100,/BUR-BUR-MER-INDERE/BURDUR2/DEBI/01May2025/30Minute/Q100/,False
666,BUR-BUR-MER-INDERE,BURDUR2,DEBI,01May2025,30Minute,Q1000,/BUR-BUR-MER-INDERE/BURDUR2/DEBI/01May2025/30Minute/Q1000/,False
667,BUR-BUR-MER-INDERE,BURDUR2,DEBI,01May2025,30Minute,Q2,/BUR-BUR-MER-INDERE/BURDUR2/DEBI/01May2025/30Minute/Q2/,False
668,BUR-BUR-MER-INDERE,BURDUR2,DEBI,01May2025,30Minute,Q25,/BUR-BUR-MER-INDERE/BURDUR2/DEBI/01May2025/30Minute/Q25/,False
669,BUR-BUR-MER-INDERE,BURDUR2,DEBI,01May2025,30Minute,Q5,/BUR-BUR-MER-INDERE/BURDUR2/DEBI/01May2025/30Minute/Q5/,False
670,BUR-BUR-MER-INDERE,BURDUR2,DEBI,01May2025,30Minute,Q50,/BUR-BUR-MER-INDERE/BURDUR2/DEBI/01May2025/30Minute/Q50/,False
671,BUR-BUR-MER-INDERE,BURDUR2,DEBI,01May2025,30Minute,Q500,/BUR-BUR-MER-INDERE/BURDUR2/DEBI/01May2025/30Minute/Q500/,False
672,BUR-BUR-MER-KARA_DERESI,BURDUR2,DEBI,02May2025,5Minute,Q10,/BUR-BUR-MER-KARA_DERESI/BURDUR2/DEBI/02May2025/5Minute/Q10/,False
673,BUR-BUR-MER-KARA_DERESI,BURDUR2,DEBI,02May2025,5Minute,Q100,/BUR-BUR-MER-KARA_DERESI/BURDUR2/DEBI/02May2025/5Minute/Q100/,False
674,BUR-BUR-MER-KARA_DERESI,BURDUR2,DEBI,02May2025,5Minute,Q1000,/BUR-BUR-MER-KARA_DERESI/BURDUR2/DEBI/02May2025/5Minute/Q1000/,False
675,BUR-BUR-MER-KARA_DERESI,BURDUR2,DEBI,02May2025,5Minute,Q2,/BUR-BUR-MER-KARA_DERESI/BURDUR2/DEBI/02May2025/5Minute/Q2/,False
676,BUR-BUR-MER-KARA_DERESI,BURDUR2,DEBI,02May2025,5Minute,Q25,/BUR-BUR-MER-KARA_DERESI/BURDUR2/DEBI/02May2025/5Minute/Q25/,False
677,BUR-BUR-MER-KARA_DERESI,BURDUR2,DEBI,02May2025,5Minute,Q5,/BUR-BUR-MER-KARA_DERESI/BURDUR2/DEBI/02May2025/5Minute/Q5/,False
678,BUR-BUR-MER-KARA_DERESI,BURDUR2,DEBI,02May2025,5Minute,Q50,/BUR-BUR-MER-KARA_DERESI/BURDUR2/DEBI/02May2025/5Minute/Q50/,False
679,BUR-BUR-MER-KARA_DERESI,BURDUR2,DEBI,02May2025,5Minute,Q500,/BUR-BUR-MER-KARA_DERESI/BURDUR2/DEBI/02May2025/5Minute/Q500/,False
680,BUR-BUR-MER-KARAKENT,BURDUR2,DEBI,01May2025,30Minute,Q10,/BUR-BUR-MER-KARAKENT/BURDUR2/DEBI/01May2025/30Minute/Q10/,False
681,BUR-BUR-MER-KARAKENT,BURDUR2,DEBI,01May2025,30Minute,Q100,/BUR-BUR-MER-KARAKENT/BURDUR2/DEBI/01May2025/30Minute/Q100/,False
682,BUR-BUR-MER-KARAKENT,BURDUR2,DEBI,01May2025,30Minute,Q1000,/BUR-BUR-MER-KARAKENT/BURDUR2/DEBI/01May2025/30Minute/Q1000/,False
683,BUR-BUR-MER-KARAKENT,BURDUR2,DEBI,01May2025,30Minute,Q2,/BUR-BUR-MER-KARAKENT/BURDUR2/DEBI/01May2025/30Minute/Q2/,False
684,BUR-BUR-MER-KARAKENT,BURDUR2,DEBI,01May2025,30Minute,Q25,/BUR-BUR-MER-KARAKENT/BURDUR2/DEBI/01May2025/30Minute/Q25/,False
685,BUR-BUR-MER-KARAKENT,BURDUR2,DEBI,01May2025,30Minute,Q5,/BUR-BUR-MER-KARAKENT/BURDUR2/DEBI/01May2025/30Minute/Q5/,False
686,BUR-BUR-MER-KARAKENT,BURDUR2,DEBI,01May2025,30Minute,Q50,/BUR-BUR-MER-KARAKENT/BURDUR2/DEBI/01May2025/30Minute/Q50/,False
687,BUR-BUR-MER-KARAKENT,BURDUR2,DEBI,01May2025,30Minute,Q500,/BUR-BUR-MER-KARAKENT/BURDUR2/DEBI/01May2025/30Minute/Q500/,False
688,BUR-BUR-MER-KAVACIK1,BURDUR2,DEBI,01May2025,30Minute,Q10,/BUR-BUR-MER-KAVACIK1/BURDUR2/DEBI/01May2025/30Minute/Q10/,False
689,BUR-BUR-MER-KAVACIK1,BURDUR2,DEBI,01May2025,30Minute,Q100,/BUR-BUR-MER-KAVACIK1/BURDUR2/DEBI/01May2025/30Minute/Q100/,False
690,BUR-BUR-MER-KAVACIK1,BURDUR2,DEBI,01May2025,30Minute,Q1000,/BUR-BUR-MER-KAVACIK1/BURDUR2/DEBI/01May2025/30Minute/Q1000/,False
691,BUR-BUR-MER-KAVACIK1,BURDUR2,DEBI,01May2025,30Minute,Q2,/BUR-BUR-MER-KAVACIK1/BURDUR2/DEBI/01May2025/30Minute/Q2/,False
692,BUR-BUR-MER-KAVACIK1,BURDUR2,DEBI,01May2025,30Minute,Q25,/BUR-BUR-MER-KAVACIK1/BURDUR2/DEBI/01May2025/30Minute/Q25/,False
693,BUR-BUR-MER-KAVACIK1,BURDUR2,DEBI,01May2025,30Minute,Q5,/BUR-BUR-MER-KAVACIK1/BURDUR2/DEBI/01May2025/30Minute/Q5/,False
694,BUR-BUR-MER-KAVACIK1,BURDUR2,DEBI,01May2025,30Minute,Q50,/BUR-BUR-MER-KAVACIK1/BURDUR2/DEBI/01May2025/30Minute/Q50/,False
695,BUR-BUR-MER-KAVACIK1,BURDUR2,DEBI,01May2025,30Minute,Q500,/BUR-BUR-MER-KAVACIK1/BURDUR2/DEBI/01May2025/30Minute/Q500/,False
696,BUR-BUR-MER-KAVACIK2,BURDUR2,DEBI,01May2025,30Minute,Q10,/BUR-BUR-MER-KAVACIK2/BURDUR2/DEBI/01May2025/30Minute/Q10/,False
697,BUR-BUR-MER-KAVACIK2,BURDUR2,DEBI,01May2025,30Minute,Q100,/BUR-BUR-MER-KAVACIK2/BURDUR2/DEBI/01May2025/30Minute/Q100/,False
698,BUR-BUR-MER-KAVACIK2,BURDUR2,DEBI,01May2025,30Minute,Q1000,/BUR-BUR-MER-KAVACIK2/BURDUR2/DEBI/01May2025/30Minute/Q1000/,False
699,BUR-BUR-MER-KAVACIK2,BURDUR2,DEBI,01May2025,30Minute,Q2,/BUR-BUR-MER-KAVACIK2/BURDUR2/DEBI/01May2025/30Minute/Q2/,False
700,BUR-BUR-MER-KAVACIK2,BURDUR2,DEBI,01May2025,30Minute,Q25,/BUR-BUR-MER-KAVACIK2/BURDUR2/DEBI/01May2025/30Minute/Q25/,False
701,BUR-BUR-MER-KAVACIK2,BURDUR2,DEBI,01May2025,30Minute,Q5,/BUR-BUR-MER-KAVACIK2/BURDUR2/DEBI/01May2025/30Minute/Q5/,False
702,BUR-BUR-MER-KAVACIK2,BURDUR2,DEBI,01May2025,30Minute,Q50,/BUR-BUR-MER-KAVACIK2/BURDUR2/DEBI/01May2025/30Minute/Q50/,False
703,BUR-BUR-MER-KAVACIK2,BURDUR2,DEBI,01May2025,30Minute,Q500,/BUR-BUR-MER-KAVACIK2/BURDUR2/DEBI/01May2025/30Minute/Q500/,False
704,BUR-BUR-MER-KAVACIK3,BURDUR2,DEBI,01May2025,30Minute,Q10,/BUR-BUR-MER-KAVACIK3/BURDUR2/DEBI/01May2025/30Minute/Q10/,False
705,BUR-BUR-MER-KAVACIK3,BURDUR2,DEBI,01May2025,30Minute,Q100,/BUR-BUR-MER-KAVACIK3/BURDUR2/DEBI/01May2025/30Minute/Q100/,False
706,BUR-BUR-MER-KAVACIK3,BURDUR2,DEBI,01May2025,30Minute,Q1000,/BUR-BUR-MER-KAVACIK3/BURDUR2/DEBI/01May2025/30Minute/Q1000/,False
707,BUR-BUR-MER-KAVACIK3,BURDUR2,DEBI,01May2025,30Minute,Q2,/BUR-BUR-MER-KAVACIK3/BURDUR2/DEBI/01May2025/30Minute/Q2/,False
708,BUR-BUR-MER-KAVACIK3,BURDUR2,DEBI,01May2025,30Minute,Q25,/BUR-BUR-MER-KAVACIK3/BURDUR2/DEBI/01May2025/30Minute/Q25/,False
709,BUR-BUR-MER-KAVACIK3,BURDUR2,DEBI,01May2025,30Minute,Q5,/BUR-BUR-MER-KAVACIK3/BURDUR2/DEBI/01May2025/30Minute/Q5/,False
710,BUR-BUR-MER-KAVACIK3,BURDUR2,DEBI,01May2025,30Minute,Q50,/BUR-BUR-MER-KAVACIK3/BURDUR2/DEBI/01May2025/30Minute/Q50/,False
711,BUR-BUR-MER-KAVACIK3,BURDUR2,DEBI,01May2025,30Minute,Q500,/BUR-BUR-MER-KAVACIK3/BURDUR2/DEBI/01May2025/30Minute/Q500/,False
712,BUR-BUR-MER-KAVACIK4,BURDUR2,DEBI,01May2025,30Minute,Q10,/BUR-BUR-MER-KAVACIK4/BURDUR2/DEBI/01May2025/30Minute/Q10/,False
713,BUR-BUR-MER-KAVACIK4,BURDUR2,DEBI,01May2025,30Minute,Q100,/BUR-BUR-MER-KAVACIK4/BURDUR2/DEBI/01May2025/30Minute/Q100/,False
714,BUR-BUR-MER-KAVACIK4,BURDUR2,DEBI,01May2025,30Minute,Q1000,/BUR-BUR-MER-KAVACIK4/BURDUR2/DEBI/01May2025/30Minute/Q1000/,False
715,BUR-BUR-MER-KAVACIK4,BURDUR2,DEBI,01May2025,30Minute,Q2,/BUR-BUR-MER-KAVACIK4/BURDUR2/DEBI/01May2025/30Minute/Q2/,False
716,BUR-BUR-MER-KAVACIK4,BURDUR2,DEBI,01May2025,30Minute,Q25,/BUR-BUR-MER-KAVACIK4/BURDUR2/DEBI/01May2025/30Minute/Q25/,False
717,BUR-BUR-MER-KAVACIK4,BURDUR2,DEBI,01May2025,30Minute,Q5,/BUR-BUR-MER-KAVACIK4/BURDUR2/DEBI/01May2025/30Minute/Q5/,False
718,BUR-BUR-MER-KAVACIK4,BURDUR2,DEBI,01May2025,30Minute,Q50,/BUR-BUR-MER-KAVACIK4/BURDUR2/DEBI/01May2025/30Minute/Q50/,False
719,BUR-BUR-MER-KAVACIK4,BURDUR2,DEBI,01May2025,30Minute,Q500,/BUR-BUR-MER-KAVACIK4/BURDUR2/DEBI/01May2025/30Minute/Q500/,False
720,BUR-BUR-MER-KAYAALTI1_1,BURDUR2,DEBI,01May2025,30Minute,Q10,/BUR-BUR-MER-KAYAALTI1_1/BURDUR2/DEBI/01May2025/30Minute/Q10/,False
721,BUR-BUR-MER-KAYAALTI1_1,BURDUR2,DEBI,01May2025,30Minute,Q100,/BUR-BUR-MER-KAYAALTI1_1/BURDUR2/DEBI/01May2025/30Minute/Q100/,False
722,BUR-BUR-MER-KAYAALTI1_1,BURDUR2,DEBI,01May2025,30Minute,Q1000,/BUR-BUR-MER-KAYAALTI1_1/BURDUR2/DEBI/01May2025/30Minute/Q1000/,False
723,BUR-BUR-MER-KAYAALTI1_1,BURDUR2,DEBI,01May2025,30Minute,Q2,/BUR-BUR-MER-KAYAALTI1_1/BURDUR2/DEBI/01May2025/30Minute/Q2/,False
724,BUR-BUR-MER-KAYAALTI1_1,BURDUR2,DEBI,01May2025,30Minute,Q25,/BUR-BUR-MER-KAYAALTI1_1/BURDUR2/DEBI/01May2025/30Minute/Q25/,False
725,BUR-BUR-MER-KAYAALTI1_1,BURDUR2,DEBI,01May2025,30Minute,Q5,/BUR-BUR-MER-KAYAALTI1_1/BURDUR2/DEBI/01May2025/30Minute/Q5/,False
726,BUR-BUR-MER-KAYAALTI1_1,BURDUR2,DEBI,01May2025,30Minute,Q50,/BUR-BUR-MER-KAYAALTI1_1/BURDUR2/DEBI/01May2025/30Minute/Q50/,False
727,BUR-BUR-MER-KAYAALTI1_1,BURDUR2,DEBI,01May2025,30Minute,Q500,/BUR-BUR-MER-KAYAALTI1_1/BURDUR2/DEBI/01May2025/30Minute/Q500/,False
728,BUR-BUR-MER-KAYAALTI1_2,BURDUR2,DEBI,01May2025,30Minute,Q10,/BUR-BUR-MER-KAYAALTI1_2/BURDUR2/DEBI/01May2025/30Minute/Q10/,False
729,BUR-BUR-MER-KAYAALTI1_2,BURDUR2,DEBI,01May2025,30Minute,Q100,/BUR-BUR-MER-KAYAALTI1_2/BURDUR2/DEBI/01May2025/30Minute/Q100/,False
730,BUR-BUR-MER-KAYAALTI1_2,BURDUR2,DEBI,01May2025,30Minute,Q1000,/BUR-BUR-MER-KAYAALTI1_2/BURDUR2/DEBI/01May2025/30Minute/Q1000/,False
731,BUR-BUR-MER-KAYAALTI1_2,BURDUR2,DEBI,01May2025,30Minute,Q2,/BUR-BUR-MER-KAYAALTI1_2/BURDUR2/DEBI/01May2025/30Minute/Q2/,False
732,BUR-BUR-MER-KAYAALTI1_2,BURDUR2,DEBI,01May2025,30Minute,Q25,/BUR-BUR-MER-KAYAALTI1_2/BURDUR2/DEBI/01May2025/30Minute/Q25/,False
733,BUR-BUR-MER-KAYAALTI1_2,BURDUR2,DEBI,01May2025,30Minute,Q5,/BUR-BUR-MER-KAYAALTI1_2/BURDUR2/DEBI/01May2025/30Minute/Q5/,False
734,BUR-BUR-MER-KAYAALTI1_2,BURDUR2,DEBI,01May2025,30Minute,Q50,/BUR-BUR-MER-KAYAALTI1_2/BURDUR2/DEBI/01May2025/30Minute/Q50/,False
735,BUR-BUR-MER-KAYAALTI1_2,BURDUR2,DEBI,01May2025,30Minute,Q500,/BUR-BUR-MER-KAYAALTI1_2/BURDUR2/DEBI/01May2025/30Minute/Q500/,False
736,BUR-BUR-MER-KAYAALTI1_3,BURDUR2,DEBI,01May2025,30Minute,Q10,/BUR-BUR-MER-KAYAALTI1_3/BURDUR2/DEBI/01May2025/30Minute/Q10/,False
737,BUR-BUR-MER-KAYAALTI1_3,BURDUR2,DEBI,01May2025,30Minute,Q100,/BUR-BUR-MER-KAYAALTI1_3/BURDUR2/DEBI/01May2025/30Minute/Q100/,False
738,BUR-BUR-MER-KAYAALTI1_3,BURDUR2,DEBI,01May2025,30Minute,Q1000,/BUR-BUR-MER-KAYAALTI1_3/BURDUR2/DEBI/01May2025/30Minute/Q1000/,False
739,BUR-BUR-MER-KAYAALTI1_3,BURDUR2,DEBI,01May2025,30Minute,Q2,/BUR-BUR-MER-KAYAALTI1_3/BURDUR2/DEBI/01May2025/30Minute/Q2/,False
740,BUR-BUR-MER-KAYAALTI1_3,BURDUR2,DEBI,01May2025,30Minute,Q25,/BUR-BUR-MER-KAYAALTI1_3/BURDUR2/DEBI/01May2025/30Minute/Q25/,False
741,BUR-BUR-MER-KAYAALTI1_3,BURDUR2,DEBI,01May2025,30Minute,Q5,/BUR-BUR-MER-KAYAALTI1_3/BURDUR2/DEBI/01May2025/30Minute/Q5/,False
742,BUR-BUR-MER-KAYAALTI1_3,BURDUR2,DEBI,01May2025,30Minute,Q50,/BUR-BUR-MER-KAYAALTI1_3/BURDUR2/DEBI/01May2025/30Minute/Q50/,False
743,BUR-BUR-MER-KAYAALTI1_3,BURDUR2,DEBI,01May2025,30Minute,Q500,/BUR-BUR-MER-KAYAALTI1_3/BURDUR2/DEBI/01May2025/30Minute/Q500/,False
744,BUR-BUR-MER-KAYAALTI2,BURDUR2,DEBI,01May2025,30Minute,Q10,/BUR-BUR-MER-KAYAALTI2/BURDUR2/DEBI/01May2025/30Minute/Q10/,False
745,BUR-BUR-MER-KAYAALTI2,BURDUR2,DEBI,01May2025,30Minute,Q100,/BUR-BUR-MER-KAYAALTI2/BURDUR2/DEBI/01May2025/30Minute/Q100/,False
746,BUR-BUR-MER-KAYAALTI2,BURDUR2,DEBI,01May2025,30Minute,Q1000,/BUR-BUR-MER-KAYAALTI2/BURDUR2/DEBI/01May2025/30Minute/Q1000/,False
747,BUR-BUR-MER-KAYAALTI2,BURDUR2,DEBI,01May2025,30Minute,Q2,/BUR-BUR-MER-KAYAALTI2/BURDUR2/DEBI/01May2025/30Minute/Q2/,False
748,BUR-BUR-MER-KAYAALTI2,BURDUR2,DEBI,01May2025,30Minute,Q25,/BUR-BUR-MER-KAYAALTI2/BURDUR2/DEBI/01May2025/30Minute/Q25/,False
749,BUR-BUR-MER-KAYAALTI2,BURDUR2,DEBI,01May2025,30Minute,Q5,/BUR-BUR-MER-KAYAALTI2/BURDUR2/DEBI/01May2025/30Minute/Q5/,False
750,BUR-BUR-MER-KAYAALTI2,BURDUR2,DEBI,01May2025,30Minute,Q50,/BUR-BUR-MER-KAYAALTI2/BURDUR2/DEBI/01May2025/30Minute/Q50/,False
751,BUR-BUR-MER-KAYAALTI2,BURDUR2,DEBI,01May2025,30Minute,Q500,/BUR-BUR-MER-KAYAALTI2/BURDUR2/DEBI/01May2025/30Minute/Q500/,False
752,BUR-BUR-MER-KAYAALTI3,BURDUR2,DEBI,01May2025,30Minute,Q10,/BUR-BUR-MER-KAYAALTI3/BURDUR2/DEBI/01May2025/30Minute/Q10/,False
753,BUR-BUR-MER-KAYAALTI3,BURDUR2,DEBI,01May2025,30Minute,Q100,/BUR-BUR-MER-KAYAALTI3/BURDUR2/DEBI/01May2025/30Minute/Q100/,False
754,BUR-BUR-MER-KAYAALTI3,BURDUR2,DEBI,01May2025,30Minute,Q1000,/BUR-BUR-MER-KAYAALTI3/BURDUR2/DEBI/01May2025/30Minute/Q1000/,False
755,BUR-BUR-MER-KAYAALTI3,BURDUR2,DEBI,01May2025,30Minute,Q2,/BUR-BUR-MER-KAYAALTI3/BURDUR2/DEBI/01May2025/30Minute/Q2/,False
756,BUR-BUR-MER-KAYAALTI3,BURDUR2,DEBI,01May2025,30Minute,Q25,/BUR-BUR-MER-KAYAALTI3/BURDUR2/DEBI/01May2025/30Minute/Q25/,False
757,BUR-BUR-MER-KAYAALTI3,BURDUR2,DEBI,01May2025,30Minute,Q5,/BUR-BUR-MER-KAYAALTI3/BURDUR2/DEBI/01May2025/30Minute/Q5/,False
758,BUR-BUR-MER-KAYAALTI3,BURDUR2,DEBI,01May2025,30Minute,Q50,/BUR-BUR-MER-KAYAALTI3/BURDUR2/DEBI/01May2025/30Minute/Q50/,False
759,BUR-BUR-MER-KAYAALTI3,BURDUR2,DEBI,01May2025,30Minute,Q500,/BUR-BUR-MER-KAYAALTI3/BURDUR2/DEBI/01May2025/30Minute/Q500/,False
760,BUR-BUR-MER-KAYAALTI4,BURDUR2,DEBI,01May2025,30Minute,Q10,/BUR-BUR-MER-KAYAALTI4/BURDUR2/DEBI/01May2025/30Minute/Q10/,False
761,BUR-BUR-MER-KAYAALTI4,BURDUR2,DEBI,01May2025,30Minute,Q100,/BUR-BUR-MER-KAYAALTI4/BURDUR2/DEBI/01May2025/30Minute/Q100/,False
762,BUR-BUR-MER-KAYAALTI4,BURDUR2,DEBI,01May2025,30Minute,Q1000,/BUR-BUR-MER-KAYAALTI4/BURDUR2/DEBI/01May2025/30Minute/Q1000/,False
763,BUR-BUR-MER-KAYAALTI4,BURDUR2,DEBI,01May2025,30Minute,Q2,/BUR-BUR-MER-KAYAALTI4/BURDUR2/DEBI/01May2025/30Minute/Q2/,False
764,BUR-BUR-MER-KAYAALTI4,BURDUR2,DEBI,01May2025,30Minute,Q25,/BUR-BUR-MER-KAYAALTI4/BURDUR2/DEBI/01May2025/30Minute/Q25/,False
765,BUR-BUR-MER-KAYAALTI4,BURDUR2,DEBI,01May2025,30Minute,Q5,/BUR-BUR-MER-KAYAALTI4/BURDUR2/DEBI/01May2025/30Minute/Q5/,False
766,BUR-BUR-MER-KAYAALTI4,BURDUR2,DEBI,01May2025,30Minute,Q50,/BUR-BUR-MER-KAYAALTI4/BURDUR2/DEBI/01May2025/30Minute/Q50/,False
767,BUR-BUR-MER-KAYAALTI4,BURDUR2,DEBI,01May2025,30Minute,Q500,/BUR-BUR-MER-KAYAALTI4/BURDUR2/DEBI/01May2025/30Minute/Q500/,False
768,BUR-BUR-MER-KISLA1,BURDUR2,DEBI,02May2025,5Minute,Q10,/BUR-BUR-MER-KISLA1/BURDUR2/DEBI/02May2025/5Minute/Q10/,False
769,BUR-BUR-MER-KISLA1,BURDUR2,DEBI,02May2025,5Minute,Q100,/BUR-BUR-MER-KISLA1/BURDUR2/DEBI/02May2025/5Minute/Q100/,False
770,BUR-BUR-MER-KISLA1,BURDUR2,DEBI,02May2025,5Minute,Q1000,/BUR-BUR-MER-KISLA1/BURDUR2/DEBI/02May2025/5Minute/Q1000/,False
771,BUR-BUR-MER-KISLA1,BURDUR2,DEBI,02May2025,5Minute,Q2,/BUR-BUR-MER-KISLA1/BURDUR2/DEBI/02May2025/5Minute/Q2/,False
772,BUR-BUR-MER-KISLA1,BURDUR2,DEBI,02May2025,5Minute,Q25,/BUR-BUR-MER-KISLA1/BURDUR2/DEBI/02May2025/5Minute/Q25/,False
773,BUR-BUR-MER-KISLA1,BURDUR2,DEBI,02May2025,5Minute,Q5,/BUR-BUR-MER-KISLA1/BURDUR2/DEBI/02May2025/5Minute/Q5/,False
774,BUR-BUR-MER-KISLA1,BURDUR2,DEBI,02May2025,5Minute,Q50,/BUR-BUR-MER-KISLA1/BURDUR2/DEBI/02May2025/5Minute/Q50/,False
775,BUR-BUR-MER-KISLA1,BURDUR2,DEBI,02May2025,5Minute,Q500,/BUR-BUR-MER-KISLA1/BURDUR2/DEBI/02May2025/5Minute/Q500/,False
776,BUR-BUR-MER-KISLA2,BURDUR2,DEBI,02May2025,5Minute,Q10,/BUR-BUR-MER-KISLA2/BURDUR2/DEBI/02May2025/5Minute/Q10/,False
777,BUR-BUR-MER-KISLA2,BURDUR2,DEBI,02May2025,5Minute,Q100,/BUR-BUR-MER-KISLA2/BURDUR2/DEBI/02May2025/5Minute/Q100/,False
778,BUR-BUR-MER-KISLA2,BURDUR2,DEBI,02May2025,5Minute,Q1000,/BUR-BUR-MER-KISLA2/BURDUR2/DEBI/02May2025/5Minute/Q1000/,False
779,BUR-BUR-MER-KISLA2,BURDUR2,DEBI,02May2025,5Minute,Q2,/BUR-BUR-MER-KISLA2/BURDUR2/DEBI/02May2025/5Minute/Q2/,False
780,BUR-BUR-MER-KISLA2,BURDUR2,DEBI,02May2025,5Minute,Q25,/BUR-BUR-MER-KISLA2/BURDUR2/DEBI/02May2025/5Minute/Q25/,False
781,BUR-BUR-MER-KISLA2,BURDUR2,DEBI,02May2025,5Minute,Q5,/BUR-BUR-MER-KISLA2/BURDUR2/DEBI/02May2025/5Minute/Q5/,False
782,BUR-BUR-MER-KISLA2,BURDUR2,DEBI,02May2025,5Minute,Q50,/BUR-BUR-MER-KISLA2/BURDUR2/DEBI/02May2025/5Minute/Q50/,False
783,BUR-BUR-MER-KISLA2,BURDUR2,DEBI,02May2025,5Minute,Q500,/BUR-BUR-MER-KISLA2/BURDUR2/DEBI/02May2025/5Minute/Q500/,False
784,BUR-BUR-MER-KOCAYOKUS,BURDUR2,DEBI,02May2025,5Minute,Q10,/BUR-BUR-MER-KOCAYOKUS/BURDUR2/DEBI/02May2025/5Minute/Q10/,False
785,BUR-BUR-MER-KOCAYOKUS,BURDUR2,DEBI,02May2025,5Minute,Q100,/BUR-BUR-MER-KOCAYOKUS/BURDUR2/DEBI/02May2025/5Minute/Q100/,False
786,BUR-BUR-MER-KOCAYOKUS,BURDUR2,DEBI,02May2025,5Minute,Q1000,/BUR-BUR-MER-KOCAYOKUS/BURDUR2/DEBI/02May2025/5Minute/Q1000/,False
787,BUR-BUR-MER-KOCAYOKUS,BURDUR2,DEBI,02May2025,5Minute,Q2,/BUR-BUR-MER-KOCAYOKUS/BURDUR2/DEBI/02May2025/5Minute/Q2/,False
788,BUR-BUR-MER-KOCAYOKUS,BURDUR2,DEBI,02May2025,5Minute,Q25,/BUR-BUR-MER-KOCAYOKUS/BURDUR2/DEBI/02May2025/5Minute/Q25/,False
789,BUR-BUR-MER-KOCAYOKUS,BURDUR2,DEBI,02May2025,5Minute,Q5,/BUR-BUR-MER-KOCAYOKUS/BURDUR2/DEBI/02May2025/5Minute/Q5/,False
790,BUR-BUR-MER-KOCAYOKUS,BURDUR2,DEBI,02May2025,5Minute,Q50,/BUR-BUR-MER-KOCAYOKUS/BURDUR2/DEBI/02May2025/5Minute/Q50/,False
791,BUR-BUR-MER-KOCAYOKUS,BURDUR2,DEBI,02May2025,5Minute,Q500,/BUR-BUR-MER-KOCAYOKUS/BURDUR2/DEBI/02May2025/5Minute/Q500/,False
792,BUR-BUR-MER-KOKEZ1A,BURDUR2,DEBI,01May2025,30Minute,Q10,/BUR-BUR-MER-KOKEZ1A/BURDUR2/DEBI/01May2025/30Minute/Q10/,False
793,BUR-BUR-MER-KOKEZ1A,BURDUR2,DEBI,01May2025,30Minute,Q100,/BUR-BUR-MER-KOKEZ1A/BURDUR2/DEBI/01May2025/30Minute/Q100/,False
794,BUR-BUR-MER-KOKEZ1A,BURDUR2,DEBI,01May2025,30Minute,Q1000,/BUR-BUR-MER-KOKEZ1A/BURDUR2/DEBI/01May2025/30Minute/Q1000/,False
795,BUR-BUR-MER-KOKEZ1A,BURDUR2,DEBI,01May2025,30Minute,Q2,/BUR-BUR-MER-KOKEZ1A/BURDUR2/DEBI/01May2025/30Minute/Q2/,False
796,BUR-BUR-MER-KOKEZ1A,BURDUR2,DEBI,01May2025,30Minute,Q25,/BUR-BUR-MER-KOKEZ1A/BURDUR2/DEBI/01May2025/30Minute/Q25/,False
797,BUR-BUR-MER-KOKEZ1A,BURDUR2,DEBI,01May2025,30Minute,Q5,/BUR-BUR-MER-KOKEZ1A/BURDUR2/DEBI/01May2025/30Minute/Q5/,False
798,BUR-BUR-MER-KOKEZ1A,BURDUR2,DEBI,01May2025,30Minute,Q50,/BUR-BUR-MER-KOKEZ1A/BURDUR2/DEBI/01May2025/30Minute/Q50/,False
799,BUR-BUR-MER-KOKEZ1A,BURDUR2,DEBI,01May2025,30Minute,Q500,/BUR-BUR-MER-KOKEZ1A/BURDUR2/DEBI/01May2025/30Minute/Q500/,False
800,BUR-BUR-MER-KOKEZ1B,BURDUR2,DEBI,01May2025,30Minute,Q10,/BUR-BUR-MER-KOKEZ1B/BURDUR2/DEBI/01May2025/30Minute/Q10/,False
801,BUR-BUR-MER-KOKEZ1B,BURDUR2,DEBI,01May2025,30Minute,Q100,/BUR-BUR-MER-KOKEZ1B/BURDUR2/DEBI/01May2025/30Minute/Q100/,False
802,BUR-BUR-MER-KOKEZ1B,BURDUR2,DEBI,01May2025,30Minute,Q1000,/BUR-BUR-MER-KOKEZ1B/BURDUR2/DEBI/01May2025/30Minute/Q1000/,False
803,BUR-BUR-MER-KOKEZ1B,BURDUR2,DEBI,01May2025,30Minute,Q2,/BUR-BUR-MER-KOKEZ1B/BURDUR2/DEBI/01May2025/30Minute/Q2/,False
804,BUR-BUR-MER-KOKEZ1B,BURDUR2,DEBI,01May2025,30Minute,Q25,/BUR-BUR-MER-KOKEZ1B/BURDUR2/DEBI/01May2025/30Minute/Q25/,False
805,BUR-BUR-MER-KOKEZ1B,BURDUR2,DEBI,01May2025,30Minute,Q5,/BUR-BUR-MER-KOKEZ1B/BURDUR2/DEBI/01May2025/30Minute/Q5/,False
806,BUR-BUR-MER-KOKEZ1B,BURDUR2,DEBI,01May2025,30Minute,Q50,/BUR-BUR-MER-KOKEZ1B/BURDUR2/DEBI/01May2025/30Minute/Q50/,False
807,BUR-BUR-MER-KOKEZ1B,BURDUR2,DEBI,01May2025,30Minute,Q500,/BUR-BUR-MER-KOKEZ1B/BURDUR2/DEBI/01May2025/30Minute/Q500/,False
808,BUR-BUR-MER-KOKEZ2,BURDUR2,DEBI,01May2025,30Minute,Q10,/BUR-BUR-MER-KOKEZ2/BURDUR2/DEBI/01May2025/30Minute/Q10/,False
809,BUR-BUR-MER-KOKEZ2,BURDUR2,DEBI,01May2025,30Minute,Q100,/BUR-BUR-MER-KOKEZ2/BURDUR2/DEBI/01May2025/30Minute/Q100/,False
810,BUR-BUR-MER-KOKEZ2,BURDUR2,DEBI,01May2025,30Minute,Q1000,/BUR-BUR-MER-KOKEZ2/BURDUR2/DEBI/01May2025/30Minute/Q1000/,False
811,BUR-BUR-MER-KOKEZ2,BURDUR2,DEBI,01May2025,30Minute,Q2,/BUR-BUR-MER-KOKEZ2/BURDUR2/DEBI/01May2025/30Minute/Q2/,False
812,BUR-BUR-MER-KOKEZ2,BURDUR2,DEBI,01May2025,30Minute,Q25,/BUR-BUR-MER-KOKEZ2/BURDUR2/DEBI/01May2025/30Minute/Q25/,False
813,BUR-BUR-MER-KOKEZ2,BURDUR2,DEBI,01May2025,30Minute,Q5,/BUR-BUR-MER-KOKEZ2/BURDUR2/DEBI/01May2025/30Minute/Q5/,False
814,BUR-BUR-MER-KOKEZ2,BURDUR2,DEBI,01May2025,30Minute,Q50,/BUR-BUR-MER-KOKEZ2/BURDUR2/DEBI/01May2025/30Minute/Q50/,False
815,BUR-BUR-MER-KOKEZ2,BURDUR2,DEBI,01May2025,30Minute,Q500,/BUR-BUR-MER-KOKEZ2/BURDUR2/DEBI/01May2025/30Minute/Q500/,False
816,BUR-BUR-MER-KUMLUCA,BURDUR2,DEBI,01May2025,30Minute,Q10,/BUR-BUR-MER-KUMLUCA/BURDUR2/DEBI/01May2025/30Minute/Q10/,False
817,BUR-BUR-MER-KUMLUCA,BURDUR2,DEBI,01May2025,30Minute,Q100,/BUR-BUR-MER-KUMLUCA/BURDUR2/DEBI/01May2025/30Minute/Q100/,False
818,BUR-BUR-MER-KUMLUCA,BURDUR2,DEBI,01May2025,30Minute,Q1000,/BUR-BUR-MER-KUMLUCA/BURDUR2/DEBI/01May2025/30Minute/Q1000/,False
819,BUR-BUR-MER-KUMLUCA,BURDUR2,DEBI,01May2025,30Minute,Q2,/BUR-BUR-MER-KUMLUCA/BURDUR2/DEBI/01May2025/30Minute/Q2/,False
820,BUR-BUR-MER-KUMLUCA,BURDUR2,DEBI,01May2025,30Minute,Q25,/BUR-BUR-MER-KUMLUCA/BURDUR2/DEBI/01May2025/30Minute/Q25/,False
821,BUR-BUR-MER-KUMLUCA,BURDUR2,DEBI,01May2025,30Minute,Q5,/BUR-BUR-MER-KUMLUCA/BURDUR2/DEBI/01May2025/30Minute/Q5/,False
822,BUR-BUR-MER-KUMLUCA,BURDUR2,DEBI,01May2025,30Minute,Q50,/BUR-BUR-MER-KUMLUCA/BURDUR2/DEBI/01May2025/30Minute/Q50/,False
823,BUR-BUR-MER-KUMLUCA,BURDUR2,DEBI,01May2025,30Minute,Q500,/BUR-BUR-MER-KUMLUCA/BURDUR2/DEBI/01May2025/30Minute/Q500/,False
824,BUR-BUR-MER-KURNA3,BURDUR2,DEBI,01May2025,30Minute,Q10,/BUR-BUR-MER-KURNA3/BURDUR2/DEBI/01May2025/30Minute/Q10/,False
825,BUR-BUR-MER-KURNA3,BURDUR2,DEBI,01May2025,30Minute,Q100,/BUR-BUR-MER-KURNA3/BURDUR2/DEBI/01May2025/30Minute/Q100/,False
826,BUR-BUR-MER-KURNA3,BURDUR2,DEBI,01May2025,30Minute,Q1000,/BUR-BUR-MER-KURNA3/BURDUR2/DEBI/01May2025/30Minute/Q1000/,False
827,BUR-BUR-MER-KURNA3,BURDUR2,DEBI,01May2025,30Minute,Q2,/BUR-BUR-MER-KURNA3/BURDUR2/DEBI/01May2025/30Minute/Q2/,False
828,BUR-BUR-MER-KURNA3,BURDUR2,DEBI,01May2025,30Minute,Q25,/BUR-BUR-MER-KURNA3/BURDUR2/DEBI/01May2025/30Minute/Q25/,False
829,BUR-BUR-MER-KURNA3,BURDUR2,DEBI,01May2025,30Minute,Q5,/BUR-BUR-MER-KURNA3/BURDUR2/DEBI/01May2025/30Minute/Q5/,False
830,BUR-BUR-MER-KURNA3,BURDUR2,DEBI,01May2025,30Minute,Q50,/BUR-BUR-MER-KURNA3/BURDUR2/DEBI/01May2025/30Minute/Q50/,False
831,BUR-BUR-MER-KURNA3,BURDUR2,DEBI,01May2025,30Minute,Q500,/BUR-BUR-MER-KURNA3/BURDUR2/DEBI/01May2025/30Minute/Q500/,False
832,BUR-BUR-MER-KURUCAY1,BURDUR2,DEBI,01May2025,30Minute,Q10,/BUR-BUR-MER-KURUCAY1/BURDUR2/DEBI/01May2025/30Minute/Q10/,False
833,BUR-BUR-MER-KURUCAY1,BURDUR2,DEBI,01May2025,30Minute,Q100,/BUR-BUR-MER-KURUCAY1/BURDUR2/DEBI/01May2025/30Minute/Q100/,False
834,BUR-BUR-MER-KURUCAY1,BURDUR2,DEBI,01May2025,30Minute,Q1000,/BUR-BUR-MER-KURUCAY1/BURDUR2/DEBI/01May2025/30Minute/Q1000/,False
835,BUR-BUR-MER-KURUCAY1,BURDUR2,DEBI,01May2025,30Minute,Q2,/BUR-BUR-MER-KURUCAY1/BURDUR2/DEBI/01May2025/30Minute/Q2/,False
836,BUR-BUR-MER-KURUCAY1,BURDUR2,DEBI,01May2025,30Minute,Q25,/BUR-BUR-MER-KURUCAY1/BURDUR2/DEBI/01May2025/30Minute/Q25/,False
837,BUR-BUR-MER-KURUCAY1,BURDUR2,DEBI,01May2025,30Minute,Q5,/BUR-BUR-MER-KURUCAY1/BURDUR2/DEBI/01May2025/30Minute/Q5/,False
838,BUR-BUR-MER-KURUCAY1,BURDUR2,DEBI,01May2025,30Minute,Q50,/BUR-BUR-MER-KURUCAY1/BURDUR2/DEBI/01May2025/30Minute/Q50/,False
839,BUR-BUR-MER-KURUCAY1,BURDUR2,DEBI,01May2025,30Minute,Q500,/BUR-BUR-MER-KURUCAY1/BURDUR2/DEBI/01May2025/30Minute/Q500/,False
840,BUR-BUR-MER-KURUCAY2,BURDUR2,DEBI,02May2025,5Minute,Q10,/BUR-BUR-MER-KURUCAY2/BURDUR2/DEBI/02May2025/5Minute/Q10/,False
841,BUR-BUR-MER-KURUCAY2,BURDUR2,DEBI,02May2025,5Minute,Q100,/BUR-BUR-MER-KURUCAY2/BURDUR2/DEBI/02May2025/5Minute/Q100/,False
842,BUR-BUR-MER-KURUCAY2,BURDUR2,DEBI,02May2025,5Minute,Q1000,/BUR-BUR-MER-KURUCAY2/BURDUR2/DEBI/02May2025/5Minute/Q1000/,False
843,BUR-BUR-MER-KURUCAY2,BURDUR2,DEBI,02May2025,5Minute,Q2,/BUR-BUR-MER-KURUCAY2/BURDUR2/DEBI/02May2025/5Minute/Q2/,False
844,BUR-BUR-MER-KURUCAY2,BURDUR2,DEBI,02May2025,5Minute,Q25,/BUR-BUR-MER-KURUCAY2/BURDUR2/DEBI/02May2025/5Minute/Q25/,False
845,BUR-BUR-MER-KURUCAY2,BURDUR2,DEBI,02May2025,5Minute,Q5,/BUR-BUR-MER-KURUCAY2/BURDUR2/DEBI/02May2025/5Minute/Q5/,False
846,BUR-BUR-MER-KURUCAY2,BURDUR2,DEBI,02May2025,5Minute,Q50,/BUR-BUR-MER-KURUCAY2/BURDUR2/DEBI/02May2025/5Minute/Q50/,False
847,BUR-BUR-MER-KURUCAY2,BURDUR2,DEBI,02May2025,5Minute,Q500,/BUR-BUR-MER-KURUCAY2/BURDUR2/DEBI/02May2025/5Minute/Q500/,False
848,BUR-BUR-MER-KURUCAY3,BURDUR2,DEBI,02May2025,5Minute,Q10,/BUR-BUR-MER-KURUCAY3/BURDUR2/DEBI/02May2025/5Minute/Q10/,False
849,BUR-BUR-MER-KURUCAY3,BURDUR2,DEBI,02May2025,5Minute,Q100,/BUR-BUR-MER-KURUCAY3/BURDUR2/DEBI/02May2025/5Minute/Q100/,False
850,BUR-BUR-MER-KURUCAY3,BURDUR2,DEBI,02May2025,5Minute,Q1000,/BUR-BUR-MER-KURUCAY3/BURDUR2/DEBI/02May2025/5Minute/Q1000/,False
851,BUR-BUR-MER-KURUCAY3,BURDUR2,DEBI,02May2025,5Minute,Q2,/BUR-BUR-MER-KURUCAY3/BURDUR2/DEBI/02May2025/5Minute/Q2/,False
852,BUR-BUR-MER-KURUCAY3,BURDUR2,DEBI,02May2025,5Minute,Q25,/BUR-BUR-MER-KURUCAY3/BURDUR2/DEBI/02May2025/5Minute/Q25/,False
853,BUR-BUR-MER-KURUCAY3,BURDUR2,DEBI,02May2025,5Minute,Q5,/BUR-BUR-MER-KURUCAY3/BURDUR2/DEBI/02May2025/5Minute/Q5/,False
854,BUR-BUR-MER-KURUCAY3,BURDUR2,DEBI,02May2025,5Minute,Q50,/BUR-BUR-MER-KURUCAY3/BURDUR2/DEBI/02May2025/5Minute/Q50/,False
855,BUR-BUR-MER-KURUCAY3,BURDUR2,DEBI,02May2025,5Minute,Q500,/BUR-BUR-MER-KURUCAY3/BURDUR2/DEBI/02May2025/5Minute/Q500/,False
856,BUR-BUR-MER-MAE1,BURDUR2,DEBI,01May2025,30Minute,Q10,/BUR-BUR-MER-MAE1/BURDUR2/DEBI/01May2025/30Minute/Q10/,False
857,BUR-BUR-MER-MAE1,BURDUR2,DEBI,01May2025,30Minute,Q100,/BUR-BUR-MER-MAE1/BURDUR2/DEBI/01May2025/30Minute/Q100/,False
858,BUR-BUR-MER-MAE1,BURDUR2,DEBI,01May2025,30Minute,Q1000,/BUR-BUR-MER-MAE1/BURDUR2/DEBI/01May2025/30Minute/Q1000/,False
859,BUR-BUR-MER-MAE1,BURDUR2,DEBI,01May2025,30Minute,Q2,/BUR-BUR-MER-MAE1/BURDUR2/DEBI/01May2025/30Minute/Q2/,False
860,BUR-BUR-MER-MAE1,BURDUR2,DEBI,01May2025,30Minute,Q25,/BUR-BUR-MER-MAE1/BURDUR2/DEBI/01May2025/30Minute/Q25/,False
861,BUR-BUR-MER-MAE1,BURDUR2,DEBI,01May2025,30Minute,Q5,/BUR-BUR-MER-MAE1/BURDUR2/DEBI/01May2025/30Minute/Q5/,False
862,BUR-BUR-MER-MAE1,BURDUR2,DEBI,01May2025,30Minute,Q50,/BUR-BUR-MER-MAE1/BURDUR2/DEBI/01May2025/30Minute/Q50/,False
863,BUR-BUR-MER-MAE1,BURDUR2,DEBI,01May2025,30Minute,Q500,/BUR-BUR-MER-MAE1/BURDUR2/DEBI/01May2025/30Minute/Q500/,False
864,BUR-BUR-MER-MAE2,BURDUR2,DEBI,02May2025,5Minute,Q10,/BUR-BUR-MER-MAE2/BURDUR2/DEBI/02May2025/5Minute/Q10/,False
865,BUR-BUR-MER-MAE2,BURDUR2,DEBI,02May2025,5Minute,Q100,/BUR-BUR-MER-MAE2/BURDUR2/DEBI/02May2025/5Minute/Q100/,False
866,BUR-BUR-MER-MAE2,BURDUR2,DEBI,02May2025,5Minute,Q1000,/BUR-BUR-MER-MAE2/BURDUR2/DEBI/02May2025/5Minute/Q1000/,False
867,BUR-BUR-MER-MAE2,BURDUR2,DEBI,02May2025,5Minute,Q2,/BUR-BUR-MER-MAE2/BURDUR2/DEBI/02May2025/5Minute/Q2/,False
868,BUR-BUR-MER-MAE2,BURDUR2,DEBI,02May2025,5Minute,Q25,/BUR-BUR-MER-MAE2/BURDUR2/DEBI/02May2025/5Minute/Q25/,False
869,BUR-BUR-MER-MAE2,BURDUR2,DEBI,02May2025,5Minute,Q5,/BUR-BUR-MER-MAE2/BURDUR2/DEBI/02May2025/5Minute/Q5/,False
870,BUR-BUR-MER-MAE2,BURDUR2,DEBI,02May2025,5Minute,Q50,/BUR-BUR-MER-MAE2/BURDUR2/DEBI/02May2025/5Minute/Q50/,False
871,BUR-BUR-MER-MAE2,BURDUR2,DEBI,02May2025,5Minute,Q500,/BUR-BUR-MER-MAE2/BURDUR2/DEBI/02May2025/5Minute/Q500/,False
872,BUR-BUR-MER-MAE3,BURDUR2,DEBI,02May2025,5Minute,Q10,/BUR-BUR-MER-MAE3/BURDUR2/DEBI/02May2025/5Minute/Q10/,False
873,BUR-BUR-MER-MAE3,BURDUR2,DEBI,02May2025,5Minute,Q100,/BUR-BUR-MER-MAE3/BURDUR2/DEBI/02May2025/5Minute/Q100/,False
874,BUR-BUR-MER-MAE3,BURDUR2,DEBI,02May2025,5Minute,Q1000,/BUR-BUR-MER-MAE3/BURDUR2/DEBI/02May2025/5Minute/Q1000/,False
875,BUR-BUR-MER-MAE3,BURDUR2,DEBI,02May2025,5Minute,Q2,/BUR-BUR-MER-MAE3/BURDUR2/DEBI/02May2025/5Minute/Q2/,False
876,BUR-BUR-MER-MAE3,BURDUR2,DEBI,02May2025,5Minute,Q25,/BUR-BUR-MER-MAE3/BURDUR2/DEBI/02May2025/5Minute/Q25/,False
877,BUR-BUR-MER-MAE3,BURDUR2,DEBI,02May2025,5Minute,Q5,/BUR-BUR-MER-MAE3/BURDUR2/DEBI/02May2025/5Minute/Q5/,False
878,BUR-BUR-MER-MAE3,BURDUR2,DEBI,02May2025,5Minute,Q50,/BUR-BUR-MER-MAE3/BURDUR2/DEBI/02May2025/5Minute/Q50/,False
879,BUR-BUR-MER-MAE3,BURDUR2,DEBI,02May2025,5Minute,Q500,/BUR-BUR-MER-MAE3/BURDUR2/DEBI/02May2025/5Minute/Q500/,False
880,BUR-BUR-MER-MAE4,BURDUR2,DEBI,02May2025,5Minute,Q10,/BUR-BUR-MER-MAE4/BURDUR2/DEBI/02May2025/5Minute/Q10/,False
881,BUR-BUR-MER-MAE4,BURDUR2,DEBI,02May2025,5Minute,Q100,/BUR-BUR-MER-MAE4/BURDUR2/DEBI/02May2025/5Minute/Q100/,False
882,BUR-BUR-MER-MAE4,BURDUR2,DEBI,02May2025,5Minute,Q1000,/BUR-BUR-MER-MAE4/BURDUR2/DEBI/02May2025/5Minute/Q1000/,False
883,BUR-BUR-MER-MAE4,BURDUR2,DEBI,02May2025,5Minute,Q2,/BUR-BUR-MER-MAE4/BURDUR2/DEBI/02May2025/5Minute/Q2/,False
884,BUR-BUR-MER-MAE4,BURDUR2,DEBI,02May2025,5Minute,Q25,/BUR-BUR-MER-MAE4/BURDUR2/DEBI/02May2025/5Minute/Q25/,False
885,BUR-BUR-MER-MAE4,BURDUR2,DEBI,02May2025,5Minute,Q5,/BUR-BUR-MER-MAE4/BURDUR2/DEBI/02May2025/5Minute/Q5/,False
886,BUR-BUR-MER-MAE4,BURDUR2,DEBI,02May2025,5Minute,Q50,/BUR-BUR-MER-MAE4/BURDUR2/DEBI/02May2025/5Minute/Q50/,False
887,BUR-BUR-MER-MAE4,BURDUR2,DEBI,02May2025,5Minute,Q500,/BUR-BUR-MER-MAE4/BURDUR2/DEBI/02May2025/5Minute/Q500/,False
888,BUR-BUR-MER-MAE4A,BURDUR2,DEBI,01May2025,30Minute,Q10,/BUR-BUR-MER-MAE4A/BURDUR2/DEBI/01May2025/30Minute/Q10/,False
889,BUR-BUR-MER-MAE4A,BURDUR2,DEBI,01May2025,30Minute,Q100,/BUR-BUR-MER-MAE4A/BURDUR2/DEBI/01May2025/30Minute/Q100/,False
890,BUR-BUR-MER-MAE4A,BURDUR2,DEBI,01May2025,30Minute,Q1000,/BUR-BUR-MER-MAE4A/BURDUR2/DEBI/01May2025/30Minute/Q1000/,False
891,BUR-BUR-MER-MAE4A,BURDUR2,DEBI,01May2025,30Minute,Q2,/BUR-BUR-MER-MAE4A/BURDUR2/DEBI/01May2025/30Minute/Q2/,False
892,BUR-BUR-MER-MAE4A,BURDUR2,DEBI,01May2025,30Minute,Q25,/BUR-BUR-MER-MAE4A/BURDUR2/DEBI/01May2025/30Minute/Q25/,False
893,BUR-BUR-MER-MAE4A,BURDUR2,DEBI,01May2025,30Minute,Q5,/BUR-BUR-MER-MAE4A/BURDUR2/DEBI/01May2025/30Minute/Q5/,False
894,BUR-BUR-MER-MAE4A,BURDUR2,DEBI,01May2025,30Minute,Q50,/BUR-BUR-MER-MAE4A/BURDUR2/DEBI/01May2025/30Minute/Q50/,False
895,BUR-BUR-MER-MAE4A,BURDUR2,DEBI,01May2025,30Minute,Q500,/BUR-BUR-MER-MAE4A/BURDUR2/DEBI/01May2025/30Minute/Q500/,False
896,BUR-BUR-MER-MAE5,BURDUR2,DEBI,02May2025,5Minute,Q10,/BUR-BUR-MER-MAE5/BURDUR2/DEBI/02May2025/5Minute/Q10/,False
897,BUR-BUR-MER-MAE5,BURDUR2,DEBI,02May2025,5Minute,Q100,/BUR-BUR-MER-MAE5/BURDUR2/DEBI/02May2025/5Minute/Q100/,False
898,BUR-BUR-MER-MAE5,BURDUR2,DEBI,02May2025,5Minute,Q1000,/BUR-BUR-MER-MAE5/BURDUR2/DEBI/02May2025/5Minute/Q1000/,False
899,BUR-BUR-MER-MAE5,BURDUR2,DEBI,02May2025,5Minute,Q2,/BUR-BUR-MER-MAE5/BURDUR2/DEBI/02May2025/5Minute/Q2/,False
900,BUR-BUR-MER-MAE5,BURDUR2,DEBI,02May2025,5Minute,Q25,/BUR-BUR-MER-MAE5/BURDUR2/DEBI/02May2025/5Minute/Q25/,False
901,BUR-BUR-MER-MAE5,BURDUR2,DEBI,02May2025,5Minute,Q5,/BUR-BUR-MER-MAE5/BURDUR2/DEBI/02May2025/5Minute/Q5/,False
902,BUR-BUR-MER-MAE5,BURDUR2,DEBI,02May2025,5Minute,Q50,/BUR-BUR-MER-MAE5/BURDUR2/DEBI/02May2025/5Minute/Q50/,False
903,BUR-BUR-MER-MAE5,BURDUR2,DEBI,02May2025,5Minute,Q500,/BUR-BUR-MER-MAE5/BURDUR2/DEBI/02May2025/5Minute/Q500/,False
904,BUR-BUR-MER-MAE6,BURDUR2,DEBI,02May2025,5Minute,Q10,/BUR-BUR-MER-MAE6/BURDUR2/DEBI/02May2025/5Minute/Q10/,False
905,BUR-BUR-MER-MAE6,BURDUR2,DEBI,02May2025,5Minute,Q100,/BUR-BUR-MER-MAE6/BURDUR2/DEBI/02May2025/5Minute/Q100/,False
906,BUR-BUR-MER-MAE6,BURDUR2,DEBI,02May2025,5Minute,Q1000,/BUR-BUR-MER-MAE6/BURDUR2/DEBI/02May2025/5Minute/Q1000/,False
907,BUR-BUR-MER-MAE6,BURDUR2,DEBI,02May2025,5Minute,Q2,/BUR-BUR-MER-MAE6/BURDUR2/DEBI/02May2025/5Minute/Q2/,False
908,BUR-BUR-MER-MAE6,BURDUR2,DEBI,02May2025,5Minute,Q25,/BUR-BUR-MER-MAE6/BURDUR2/DEBI/02May2025/5Minute/Q25/,False
909,BUR-BUR-MER-MAE6,BURDUR2,DEBI,02May2025,5Minute,Q5,/BUR-BUR-MER-MAE6/BURDUR2/DEBI/02May2025/5Minute/Q5/,False
910,BUR-BUR-MER-MAE6,BURDUR2,DEBI,02May2025,5Minute,Q50,/BUR-BUR-MER-MAE6/BURDUR2/DEBI/02May2025/5Minute/Q50/,False
911,BUR-BUR-MER-MAE6,BURDUR2,DEBI,02May2025,5Minute,Q500,/BUR-BUR-MER-MAE6/BURDUR2/DEBI/02May2025/5Minute/Q500/,False
912,BUR-BUR-MER-MAE7,BURDUR2,DEBI,01May2025,30Minute,Q10,/BUR-BUR-MER-MAE7/BURDUR2/DEBI/01May2025/30Minute/Q10/,False
913,BUR-BUR-MER-MAE7,BURDUR2,DEBI,01May2025,30Minute,Q100,/BUR-BUR-MER-MAE7/BURDUR2/DEBI/01May2025/30Minute/Q100/,False
914,BUR-BUR-MER-MAE7,BURDUR2,DEBI,01May2025,30Minute,Q1000,/BUR-BUR-MER-MAE7/BURDUR2/DEBI/01May2025/30Minute/Q1000/,False
915,BUR-BUR-MER-MAE7,BURDUR2,DEBI,01May2025,30Minute,Q2,/BUR-BUR-MER-MAE7/BURDUR2/DEBI/01May2025/30Minute/Q2/,False
916,BUR-BUR-MER-MAE7,BURDUR2,DEBI,01May2025,30Minute,Q25,/BUR-BUR-MER-MAE7/BURDUR2/DEBI/01May2025/30Minute/Q25/,False
917,BUR-BUR-MER-MAE7,BURDUR2,DEBI,01May2025,30Minute,Q5,/BUR-BUR-MER-MAE7/BURDUR2/DEBI/01May2025/30Minute/Q5/,False
918,BUR-BUR-MER-MAE7,BURDUR2,DEBI,01May2025,30Minute,Q50,/BUR-BUR-MER-MAE7/BURDUR2/DEBI/01May2025/30Minute/Q50/,False
919,BUR-BUR-MER-MAE7,BURDUR2,DEBI,01May2025,30Minute,Q500,/BUR-BUR-MER-MAE7/BURDUR2/DEBI/01May2025/30Minute/Q500/,False
920,BUR-BUR-MER-MERKEZ,BURDUR2,DEBI,01May2025,30Minute,Q10,/BUR-BUR-MER-MERKEZ/BURDUR2/DEBI/01May2025/30Minute/Q10/,False
921,BUR-BUR-MER-MERKEZ,BURDUR2,DEBI,01May2025,30Minute,Q100,/BUR-BUR-MER-MERKEZ/BURDUR2/DEBI/01May2025/30Minute/Q100/,False
922,BUR-BUR-MER-MERKEZ,BURDUR2,DEBI,01May2025,30Minute,Q1000,/BUR-BUR-MER-MERKEZ/BURDUR2/DEBI/01May2025/30Minute/Q1000/,False
923,BUR-BUR-MER-MERKEZ,BURDUR2,DEBI,01May2025,30Minute,Q2,/BUR-BUR-MER-MERKEZ/BURDUR2/DEBI/01May2025/30Minute/Q2/,False
924,BUR-BUR-MER-MERKEZ,BURDUR2,DEBI,01May2025,30Minute,Q25,/BUR-BUR-MER-MERKEZ/BURDUR2/DEBI/01May2025/30Minute/Q25/,False
925,BUR-BUR-MER-MERKEZ,BURDUR2,DEBI,01May2025,30Minute,Q5,/BUR-BUR-MER-MERKEZ/BURDUR2/DEBI/01May2025/30Minute/Q5/,False
926,BUR-BUR-MER-MERKEZ,BURDUR2,DEBI,01May2025,30Minute,Q50,/BUR-BUR-MER-MERKEZ/BURDUR2/DEBI/01May2025/30Minute/Q50/,False
927,BUR-BUR-MER-MERKEZ,BURDUR2,DEBI,01May2025,30Minute,Q500,/BUR-BUR-MER-MERKEZ/BURDUR2/DEBI/01May2025/30Minute/Q500/,False
928,BUR-BUR-MER-NECATIBEY1,BURDUR2,DEBI,01May2025,30Minute,Q10,/BUR-BUR-MER-NECATIBEY1/BURDUR2/DEBI/01May2025/30Minute/Q10/,False
929,BUR-BUR-MER-NECATIBEY1,BURDUR2,DEBI,01May2025,30Minute,Q100,/BUR-BUR-MER-NECATIBEY1/BURDUR2/DEBI/01May2025/30Minute/Q100/,False
930,BUR-BUR-MER-NECATIBEY1,BURDUR2,DEBI,01May2025,30Minute,Q1000,/BUR-BUR-MER-NECATIBEY1/BURDUR2/DEBI/01May2025/30Minute/Q1000/,False
931,BUR-BUR-MER-NECATIBEY1,BURDUR2,DEBI,01May2025,30Minute,Q2,/BUR-BUR-MER-NECATIBEY1/BURDUR2/DEBI/01May2025/30Minute/Q2/,False
932,BUR-BUR-MER-NECATIBEY1,BURDUR2,DEBI,01May2025,30Minute,Q25,/BUR-BUR-MER-NECATIBEY1/BURDUR2/DEBI/01May2025/30Minute/Q25/,False
933,BUR-BUR-MER-NECATIBEY1,BURDUR2,DEBI,01May2025,30Minute,Q5,/BUR-BUR-MER-NECATIBEY1/BURDUR2/DEBI/01May2025/30Minute/Q5/,False
934,BUR-BUR-MER-NECATIBEY1,BURDUR2,DEBI,01May2025,30Minute,Q50,/BUR-BUR-MER-NECATIBEY1/BURDUR2/DEBI/01May2025/30Minute/Q50/,False
935,BUR-BUR-MER-NECATIBEY1,BURDUR2,DEBI,01May2025,30Minute,Q500,/BUR-BUR-MER-NECATIBEY1/BURDUR2/DEBI/01May2025/30Minute/Q500/,False
936,BUR-BUR-MER-NECATIBEY2,BURDUR2,DEBI,02May2025,5Minute,Q10,/BUR-BUR-MER-NECATIBEY2/BURDUR2/DEBI/02May2025/5Minute/Q10/,False
937,BUR-BUR-MER-NECATIBEY2,BURDUR2,DEBI,02May2025,5Minute,Q100,/BUR-BUR-MER-NECATIBEY2/BURDUR2/DEBI/02May2025/5Minute/Q100/,False
938,BUR-BUR-MER-NECATIBEY2,BURDUR2,DEBI,02May2025,5Minute,Q1000,/BUR-BUR-MER-NECATIBEY2/BURDUR2/DEBI/02May2025/5Minute/Q1000/,False
939,BUR-BUR-MER-NECATIBEY2,BURDUR2,DEBI,02May2025,5Minute,Q2,/BUR-BUR-MER-NECATIBEY2/BURDUR2/DEBI/02May2025/5Minute/Q2/,False
940,BUR-BUR-MER-NECATIBEY2,BURDUR2,DEBI,02May2025,5Minute,Q25,/BUR-BUR-MER-NECATIBEY2/BURDUR2/DEBI/02May2025/5Minute/Q25/,False
941,BUR-BUR-MER-NECATIBEY2,BURDUR2,DEBI,02May2025,5Minute,Q5,/BUR-BUR-MER-NECATIBEY2/BURDUR2/DEBI/02May2025/5Minute/Q5/,False
942,BUR-BUR-MER-NECATIBEY2,BURDUR2,DEBI,02May2025,5Minute,Q50,/BUR-BUR-MER-NECATIBEY2/BURDUR2/DEBI/02May2025/5Minute/Q50/,False
943,BUR-BUR-MER-NECATIBEY2,BURDUR2,DEBI,02May2025,5Minute,Q500,/BUR-BUR-MER-NECATIBEY2/BURDUR2/DEBI/02May2025/5Minute/Q500/,False
944,BUR-BUR-MER-NECATIBEY3,BURDUR2,DEBI,02May2025,5Minute,Q10,/BUR-BUR-MER-NECATIBEY3/BURDUR2/DEBI/02May2025/5Minute/Q10/,False
945,BUR-BUR-MER-NECATIBEY3,BURDUR2,DEBI,02May2025,5Minute,Q100,/BUR-BUR-MER-NECATIBEY3/BURDUR2/DEBI/02May2025/5Minute/Q100/,False
946,BUR-BUR-MER-NECATIBEY3,BURDUR2,DEBI,02May2025,5Minute,Q1000,/BUR-BUR-MER-NECATIBEY3/BURDUR2/DEBI/02May2025/5Minute/Q1000/,False
947,BUR-BUR-MER-NECATIBEY3,BURDUR2,DEBI,02May2025,5Minute,Q2,/BUR-BUR-MER-NECATIBEY3/BURDUR2/DEBI/02May2025/5Minute/Q2/,False
948,BUR-BUR-MER-NECATIBEY3,BURDUR2,DEBI,02May2025,5Minute,Q25,/BUR-BUR-MER-NECATIBEY3/BURDUR2/DEBI/02May2025/5Minute/Q25/,False
949,BUR-BUR-MER-NECATIBEY3,BURDUR2,DEBI,02May2025,5Minute,Q5,/BUR-BUR-MER-NECATIBEY3/BURDUR2/DEBI/02May2025/5Minute/Q5/,False
950,BUR-BUR-MER-NECATIBEY3,BURDUR2,DEBI,02May2025,5Minute,Q50,/BUR-BUR-MER-NECATIBEY3/BURDUR2/DEBI/02May2025/5Minute/Q50/,False
951,BUR-BUR-MER-NECATIBEY3,BURDUR2,DEBI,02May2025,5Minute,Q500,/BUR-BUR-MER-NECATIBEY3/BURDUR2/DEBI/02May2025/5Minute/Q500/,False
952,BUR-BUR-MER-NECATIBEY4,BURDUR2,DEBI,01May2025,30Minute,Q10,/BUR-BUR-MER-NECATIBEY4/BURDUR2/DEBI/01May2025/30Minute/Q10/,False
953,BUR-BUR-MER-NECATIBEY4,BURDUR2,DEBI,01May2025,30Minute,Q100,/BUR-BUR-MER-NECATIBEY4/BURDUR2/DEBI/01May2025/30Minute/Q100/,False
954,BUR-BUR-MER-NECATIBEY4,BURDUR2,DEBI,01May2025,30Minute,Q1000,/BUR-BUR-MER-NECATIBEY4/BURDUR2/DEBI/01May2025/30Minute/Q1000/,False
955,BUR-BUR-MER-NECATIBEY4,BURDUR2,DEBI,01May2025,30Minute,Q2,/BUR-BUR-MER-NECATIBEY4/BURDUR2/DEBI/01May2025/30Minute/Q2/,False
956,BUR-BUR-MER-NECATIBEY4,BURDUR2,DEBI,01May2025,30Minute,Q25,/BUR-BUR-MER-NECATIBEY4/BURDUR2/DEBI/01May2025/30Minute/Q25/,False
957,BUR-BUR-MER-NECATIBEY4,BURDUR2,DEBI,01May2025,30Minute,Q5,/BUR-BUR-MER-NECATIBEY4/BURDUR2/DEBI/01May2025/30Minute/Q5/,False
958,BUR-BUR-MER-NECATIBEY4,BURDUR2,DEBI,01May2025,30Minute,Q50,/BUR-BUR-MER-NECATIBEY4/BURDUR2/DEBI/01May2025/30Minute/Q50/,False
959,BUR-BUR-MER-NECATIBEY4,BURDUR2,DEBI,01May2025,30Minute,Q500,/BUR-BUR-MER-NECATIBEY4/BURDUR2/DEBI/01May2025/30Minute/Q500/,False
960,BUR-BUR-MER-NECATIBEY5,BURDUR2,DEBI,01May2025,30Minute,Q10,/BUR-BUR-MER-NECATIBEY5/BURDUR2/DEBI/01May2025/30Minute/Q10/,False
961,BUR-BUR-MER-NECATIBEY5,BURDUR2,DEBI,01May2025,30Minute,Q100,/BUR-BUR-MER-NECATIBEY5/BURDUR2/DEBI/01May2025/30Minute/Q100/,False
962,BUR-BUR-MER-NECATIBEY5,BURDUR2,DEBI,01May2025,30Minute,Q1000,/BUR-BUR-MER-NECATIBEY5/BURDUR2/DEBI/01May2025/30Minute/Q1000/,False
963,BUR-BUR-MER-NECATIBEY5,BURDUR2,DEBI,01May2025,30Minute,Q2,/BUR-BUR-MER-NECATIBEY5/BURDUR2/DEBI/01May2025/30Minute/Q2/,False
964,BUR-BUR-MER-NECATIBEY5,BURDUR2,DEBI,01May2025,30Minute,Q25,/BUR-BUR-MER-NECATIBEY5/BURDUR2/DEBI/01May2025/30Minute/Q25/,False
965,BUR-BUR-MER-NECATIBEY5,BURDUR2,DEBI,01May2025,30Minute,Q5,/BUR-BUR-MER-NECATIBEY5/BURDUR2/DEBI/01May2025/30Minute/Q5/,False
966,BUR-BUR-MER-NECATIBEY5,BURDUR2,DEBI,01May2025,30Minute,Q50,/BUR-BUR-MER-NECATIBEY5/BURDUR2/DEBI/01May2025/30Minute/Q50/,False
967,BUR-BUR-MER-NECATIBEY5,BURDUR2,DEBI,01May2025,30Minute,Q500,/BUR-BUR-MER-NECATIBEY5/BURDUR2/DEBI/01May2025/30Minute/Q500/,False
968,BUR-BUR-MER-NECATIBEYA-T,BURDUR2,DEBI,01May2025,30Minute,Q10,/BUR-BUR-MER-NECATIBEYA-T/BURDUR2/DEBI/01May2025/30Minute/Q10/,False
969,BUR-BUR-MER-NECATIBEYA-T,BURDUR2,DEBI,01May2025,30Minute,Q100,/BUR-BUR-MER-NECATIBEYA-T/BURDUR2/DEBI/01May2025/30Minute/Q100/,False
970,BUR-BUR-MER-NECATIBEYA-T,BURDUR2,DEBI,01May2025,30Minute,Q1000,/BUR-BUR-MER-NECATIBEYA-T/BURDUR2/DEBI/01May2025/30Minute/Q1000/,False
971,BUR-BUR-MER-NECATIBEYA-T,BURDUR2,DEBI,01May2025,30Minute,Q2,/BUR-BUR-MER-NECATIBEYA-T/BURDUR2/DEBI/01May2025/30Minute/Q2/,False
972,BUR-BUR-MER-NECATIBEYA-T,BURDUR2,DEBI,01May2025,30Minute,Q25,/BUR-BUR-MER-NECATIBEYA-T/BURDUR2/DEBI/01May2025/30Minute/Q25/,False
973,BUR-BUR-MER-NECATIBEYA-T,BURDUR2,DEBI,01May2025,30Minute,Q5,/BUR-BUR-MER-NECATIBEYA-T/BURDUR2/DEBI/01May2025/30Minute/Q5/,False
974,BUR-BUR-MER-NECATIBEYA-T,BURDUR2,DEBI,01May2025,30Minute,Q50,/BUR-BUR-MER-NECATIBEYA-T/BURDUR2/DEBI/01May2025/30Minute/Q50/,False
975,BUR-BUR-MER-NECATIBEYA-T,BURDUR2,DEBI,01May2025,30Minute,Q500,/BUR-BUR-MER-NECATIBEYA-T/BURDUR2/DEBI/01May2025/30Minute/Q500/,False
976,BUR-BUR-MER-NECATIBEYB-T,BURDUR2,DEBI,01May2025,30Minute,Q10,/BUR-BUR-MER-NECATIBEYB-T/BURDUR2/DEBI/01May2025/30Minute/Q10/,False
977,BUR-BUR-MER-NECATIBEYB-T,BURDUR2,DEBI,01May2025,30Minute,Q100,/BUR-BUR-MER-NECATIBEYB-T/BURDUR2/DEBI/01May2025/30Minute/Q100/,False
978,BUR-BUR-MER-NECATIBEYB-T,BURDUR2,DEBI,01May2025,30Minute,Q1000,/BUR-BUR-MER-NECATIBEYB-T/BURDUR2/DEBI/01May2025/30Minute/Q1000/,False
979,BUR-BUR-MER-NECATIBEYB-T,BURDUR2,DEBI,01May2025,30Minute,Q2,/BUR-BUR-MER-NECATIBEYB-T/BURDUR2/DEBI/01May2025/30Minute/Q2/,False
980,BUR-BUR-MER-NECATIBEYB-T,BURDUR2,DEBI,01May2025,30Minute,Q25,/BUR-BUR-MER-NECATIBEYB-T/BURDUR2/DEBI/01May2025/30Minute/Q25/,False
981,BUR-BUR-MER-NECATIBEYB-T,BURDUR2,DEBI,01May2025,30Minute,Q5,/BUR-BUR-MER-NECATIBEYB-T/BURDUR2/DEBI/01May2025/30Minute/Q5/,False
982,BUR-BUR-MER-NECATIBEYB-T,BURDUR2,DEBI,01May2025,30Minute,Q50,/BUR-BUR-MER-NECATIBEYB-T/BURDUR2/DEBI/01May2025/30Minute/Q50/,False
983,BUR-BUR-MER-NECATIBEYB-T,BURDUR2,DEBI,01May2025,30Minute,Q500,/BUR-BUR-MER-NECATIBEYB-T/BURDUR2/DEBI/01May2025/30Minute/Q500/,False
984,BUR-BUR-MER-SARIOVA,BURDUR2,DEBI,01May2025,30Minute,Q10,/BUR-BUR-MER-SARIOVA/BURDUR2/DEBI/01May2025/30Minute/Q10/,False
985,BUR-BUR-MER-SARIOVA,BURDUR2,DEBI,01May2025,30Minute,Q100,/BUR-BUR-MER-SARIOVA/BURDUR2/DEBI/01May2025/30Minute/Q100/,False
986,BUR-BUR-MER-SARIOVA,BURDUR2,DEBI,01May2025,30Minute,Q1000,/BUR-BUR-MER-SARIOVA/BURDUR2/DEBI/01May2025/30Minute/Q1000/,False
987,BUR-BUR-MER-SARIOVA,BURDUR2,DEBI,01May2025,30Minute,Q2,/BUR-BUR-MER-SARIOVA/BURDUR2/DEBI/01May2025/30Minute/Q2/,False
988,BUR-BUR-MER-SARIOVA,BURDUR2,DEBI,01May2025,30Minute,Q25,/BUR-BUR-MER-SARIOVA/BURDUR2/DEBI/01May2025/30Minute/Q25/,False
989,BUR-BUR-MER-SARIOVA,BURDUR2,DEBI,01May2025,30Minute,Q5,/BUR-BUR-MER-SARIOVA/BURDUR2/DEBI/01May2025/30Minute/Q5/,False
990,BUR-BUR-MER-SARIOVA,BURDUR2,DEBI,01May2025,30Minute,Q50,/BUR-BUR-MER-SARIOVA/BURDUR2/DEBI/01May2025/30Minute/Q50/,False
991,BUR-BUR-MER-SARIOVA,BURDUR2,DEBI,01May2025,30Minute,Q500,/BUR-BUR-MER-SARIOVA/BURDUR2/DEBI/01May2025/30Minute/Q500/,False
992,BUR-BUR-MER-SINOP_DERESI,BURDUR2,DEBI,02May2025,5Minute,Q10,/BUR-BUR-MER-SINOP_DERESI/BURDUR2/DEBI/02May2025/5Minute/Q10/,False
993,BUR-BUR-MER-SINOP_DERESI,BURDUR2,DEBI,02May2025,5Minute,Q100,/BUR-BUR-MER-SINOP_DERESI/BURDUR2/DEBI/02May2025/5Minute/Q100/,False
994,BUR-BUR-MER-SINOP_DERESI,BURDUR2,DEBI,02May2025,5Minute,Q1000,/BUR-BUR-MER-SINOP_DERESI/BURDUR2/DEBI/02May2025/5Minute/Q1000/,False
995,BUR-BUR-MER-SINOP_DERESI,BURDUR2,DEBI,02May2025,5Minute,Q2,/BUR-BUR-MER-SINOP_DERESI/BURDUR2/DEBI/02May2025/5Minute/Q2/,False
996,BUR-BUR-MER-SINOP_DERESI,BURDUR2,DEBI,02May2025,5Minute,Q25,/BUR-BUR-MER-SINOP_DERESI/BURDUR2/DEBI/02May2025/5Minute/Q25/,False
997,BUR-BUR-MER-SINOP_DERESI,BURDUR2,DEBI,02May2025,5Minute,Q5,/BUR-BUR-MER-SINOP_DERESI/BURDUR2/DEBI/02May2025/5Minute/Q5/,False
998,BUR-BUR-MER-SINOP_DERESI,BURDUR2,DEBI,02May2025,5Minute,Q50,/BUR-BUR-MER-SINOP_DERESI/BURDUR2/DEBI/02May2025/5Minute/Q50/,False
999,BUR-BUR-MER-SINOP_DERESI,BURDUR2,DEBI,02May2025,5Minute,Q500,/BUR-BUR-MER-SINOP_DERESI/BURDUR2/DEBI/02May2025/5Minute/Q500/,False
1000,BUR-BUR-MER-SINP_DERE2,BURDUR2,DEBI,02May2025,5Minute,Q10,/BUR-BUR-MER-SINP_DERE2/BURDUR2/DEBI/02May2025/5Minute/Q10/,False
1001,BUR-BUR-MER-SINP_DERE2,BURDUR2,DEBI,02May2025,5Minute,Q100,/BUR-BUR-MER-SINP_DERE2/BURDUR2/DEBI/02May2025/5Minute/Q100/,False
1002,BUR-BUR-MER-SINP_DERE2,BURDUR2,DEBI,02May2025,5Minute,Q1000,/BUR-BUR-MER-SINP_DERE2/BURDUR2/DEBI/02May2025/5Minute/Q1000/,False
1003,BUR-BUR-MER-SINP_DERE2,BURDUR2,DEBI,02May2025,5Minute,Q2,/BUR-BUR-MER-SINP_DERE2/BURDUR2/DEBI/02May2025/5Minute/Q2/,False
1004,BUR-BUR-MER-SINP_DERE2,BURDUR2,DEBI,02May2025,5Minute,Q25,/BUR-BUR-MER-SINP_DERE2/BURDUR2/DEBI/02May2025/5Minute/Q25/,False
1005,BUR-BUR-MER-SINP_DERE2,BURDUR2,DEBI,02May2025,5Minute,Q5,/BUR-BUR-MER-SINP_DERE2/BURDUR2/DEBI/02May2025/5Minute/Q5/,False
1006,BUR-BUR-MER-SINP_DERE2,BURDUR2,DEBI,02May2025,5Minute,Q50,/BUR-BUR-MER-SINP_DERE2/BURDUR2/DEBI/02May2025/5Minute/Q50/,False
1007,BUR-BUR-MER-SINP_DERE2,BURDUR2,DEBI,02May2025,5Minute,Q500,/BUR-BUR-MER-SINP_DERE2/BURDUR2/DEBI/02May2025/5Minute/Q500/,False
1008,BUR-BUR-MER-SOGANLI,BURDUR2,DEBI,02May2025,5Minute,Q10,/BUR-BUR-MER-SOGANLI/BURDUR2/DEBI/02May2025/5Minute/Q10/,False
1009,BUR-BUR-MER-SOGANLI,BURDUR2,DEBI,02May2025,5Minute,Q100,/BUR-BUR-MER-SOGANLI/BURDUR2/DEBI/02May2025/5Minute/Q100/,False
1010,BUR-BUR-MER-SOGANLI,BURDUR2,DEBI,02May2025,5Minute,Q1000,/BUR-BUR-MER-SOGANLI/BURDUR2/DEBI/02May2025/5Minute/Q1000/,False
1011,BUR-BUR-MER-SOGANLI,BURDUR2,DEBI,02May2025,5Minute,Q2,/BUR-BUR-MER-SOGANLI/BURDUR2/DEBI/02May2025/5Minute/Q2/,False
1012,BUR-BUR-MER-SOGANLI,BURDUR2,DEBI,02May2025,5Minute,Q25,/BUR-BUR-MER-SOGANLI/BURDUR2/DEBI/02May2025/5Minute/Q25/,False
1013,BUR-BUR-MER-SOGANLI,BURDUR2,DEBI,02May2025,5Minute,Q5,/BUR-BUR-MER-SOGANLI/BURDUR2/DEBI/02May2025/5Minute/Q5/,False
1014,BUR-BUR-MER-SOGANLI,BURDUR2,DEBI,02May2025,5Minute,Q50,/BUR-BUR-MER-SOGANLI/BURDUR2/DEBI/02May2025/5Minute/Q50/,False
1015,BUR-BUR-MER-SOGANLI,BURDUR2,DEBI,02May2025,5Minute,Q500,/BUR-BUR-MER-SOGANLI/BURDUR2/DEBI/02May2025/5Minute/Q500/,False
1016,BUR-BUR-MER-SULTAN_DERE3A,BURDUR2,DEBI,01May2025,30Minute,Q10,/BUR-BUR-MER-SULTAN_DERE3A/BURDUR2/DEBI/01May2025/30Minute/Q10/,False
1017,BUR-BUR-MER-SULTAN_DERE3A,BURDUR2,DEBI,01May2025,30Minute,Q100,/BUR-BUR-MER-SULTAN_DERE3A/BURDUR2/DEBI/01May2025/30Minute/Q100/,False
1018,BUR-BUR-MER-SULTAN_DERE3A,BURDUR2,DEBI,01May2025,30Minute,Q1000,/BUR-BUR-MER-SULTAN_DERE3A/BURDUR2/DEBI/01May2025/30Minute/Q1000/,False
1019,BUR-BUR-MER-SULTAN_DERE3A,BURDUR2,DEBI,01May2025,30Minute,Q2,/BUR-BUR-MER-SULTAN_DERE3A/BURDUR2/DEBI/01May2025/30Minute/Q2/,False
1020,BUR-BUR-MER-SULTAN_DERE3A,BURDUR2,DEBI,01May2025,30Minute,Q25,/BUR-BUR-MER-SULTAN_DERE3A/BURDUR2/DEBI/01May2025/30Minute/Q25/,False
1021,BUR-BUR-MER-SULTAN_DERE3A,BURDUR2,DEBI,01May2025,30Minute,Q5,/BUR-BUR-MER-SULTAN_DERE3A/BURDUR2/DEBI/01May2025/30Minute/Q5/,False
1022,BUR-BUR-MER-SULTAN_DERE3A,BURDUR2,DEBI,01May2025,30Minute,Q50,/BUR-BUR-MER-SULTAN_DERE3A/BURDUR2/DEBI/01May2025/30Minute/Q50/,False
1023,BUR-BUR-MER-SULTAN_DERE3A,BURDUR2,DEBI,01May2025,30Minute,Q500,/BUR-BUR-MER-SULTAN_DERE3A/BURDUR2/DEBI/01May2025/30Minute/Q500/,False
1024,BUR-BUR-MER-SULTAN_DERE3B,BURDUR2,DEBI,01May2025,30Minute,Q10,/BUR-BUR-MER-SULTAN_DERE3B/BURDUR2/DEBI/01May2025/30Minute/Q10/,False
1025,BUR-BUR-MER-SULTAN_DERE3B,BURDUR2,DEBI,01May2025,30Minute,Q100,/BUR-BUR-MER-SULTAN_DERE3B/BURDUR2/DEBI/01May2025/30Minute/Q100/,False
1026,BUR-BUR-MER-SULTAN_DERE3B,BURDUR2,DEBI,01May2025,30Minute,Q1000,/BUR-BUR-MER-SULTAN_DERE3B/BURDUR2/DEBI/01May2025/30Minute/Q1000/,False
1027,BUR-BUR-MER-SULTAN_DERE3B,BURDUR2,DEBI,01May2025,30Minute,Q2,/BUR-BUR-MER-SULTAN_DERE3B/BURDUR2/DEBI/01May2025/30Minute/Q2/,False
1028,BUR-BUR-MER-SULTAN_DERE3B,BURDUR2,DEBI,01May2025,30Minute,Q25,/BUR-BUR-MER-SULTAN_DERE3B/BURDUR2/DEBI/01May2025/30Minute/Q25/,False
1029,BUR-BUR-MER-SULTAN_DERE3B,BURDUR2,DEBI,01May2025,30Minute,Q5,/BUR-BUR-MER-SULTAN_DERE3B/BURDUR2/DEBI/01May2025/30Minute/Q5/,False
1030,BUR-BUR-MER-SULTAN_DERE3B,BURDUR2,DEBI,01May2025,30Minute,Q50,/BUR-BUR-MER-SULTAN_DERE3B/BURDUR2/DEBI/01May2025/30Minute/Q50/,False
1031,BUR-BUR-MER-SULTAN_DERE3B,BURDUR2,DEBI,01May2025,30Minute,Q500,/BUR-BUR-MER-SULTAN_DERE3B/BURDUR2/DEBI/01May2025/30Minute/Q500/,False
1032,BUR-BUR-MER-SULTAN_DERESI1,BURDUR2,DEBI,02May2025,5Minute,Q10,/BUR-BUR-MER-SULTAN_DERESI1/BURDUR2/DEBI/02May2025/5Minute/Q10/,False
1033,BUR-BUR-MER-SULTAN_DERESI1,BURDUR2,DEBI,02May2025,5Minute,Q100,/BUR-BUR-MER-SULTAN_DERESI1/BURDUR2/DEBI/02May2025/5Minute/Q100/,False
1034,BUR-BUR-MER-SULTAN_DERESI1,BURDUR2,DEBI,02May2025,5Minute,Q1000,/BUR-BUR-MER-SULTAN_DERESI1/BURDUR2/DEBI/02May2025/5Minute/Q1000/,False
1035,BUR-BUR-MER-SULTAN_DERESI1,BURDUR2,DEBI,02May2025,5Minute,Q2,/BUR-BUR-MER-SULTAN_DERESI1/BURDUR2/DEBI/02May2025/5Minute/Q2/,False
1036,BUR-BUR-MER-SULTAN_DERESI1,BURDUR2,DEBI,02May2025,5Minute,Q25,/BUR-BUR-MER-SULTAN_DERESI1/BURDUR2/DEBI/02May2025/5Minute/Q25/,False
1037,BUR-BUR-MER-SULTAN_DERESI1,BURDUR2,DEBI,02May2025,5Minute,Q5,/BUR-BUR-MER-SULTAN_DERESI1/BURDUR2/DEBI/02May2025/5Minute/Q5/,False
1038,BUR-BUR-MER-SULTAN_DERESI1,BURDUR2,DEBI,02May2025,5Minute,Q50,/BUR-BUR-MER-SULTAN_DERESI1/BURDUR2/DEBI/02May2025/5Minute/Q50/,False
1039,BUR-BUR-MER-SULTAN_DERESI1,BURDUR2,DEBI,02May2025,5Minute,Q500,/BUR-BUR-MER-SULTAN_DERESI1/BURDUR2/DEBI/02May2025/5Minute/Q500/,False
1040,BUR-BUR-MER-SULTAN_DERESI2,BURDUR2,DEBI,02May2025,5Minute,Q10,/BUR-BUR-MER-SULTAN_DERESI2/BURDUR2/DEBI/02May2025/5Minute/Q10/,False
1041,BUR-BUR-MER-SULTAN_DERESI2,BURDUR2,DEBI,02May2025,5Minute,Q100,/BUR-BUR-MER-SULTAN_DERESI2/BURDUR2/DEBI/02May2025/5Minute/Q100/,False
1042,BUR-BUR-MER-SULTAN_DERESI2,BURDUR2,DEBI,02May2025,5Minute,Q1000,/BUR-BUR-MER-SULTAN_DERESI2/BURDUR2/DEBI/02May2025/5Minute/Q1000/,False
1043,BUR-BUR-MER-SULTAN_DERESI2,BURDUR2,DEBI,02May2025,5Minute,Q2,/BUR-BUR-MER-SULTAN_DERESI2/BURDUR2/DEBI/02May2025/5Minute/Q2/,False
1044,BUR-BUR-MER-SULTAN_DERESI2,BURDUR2,DEBI,02May2025,5Minute,Q25,/BUR-BUR-MER-SULTAN_DERESI2/BURDUR2/DEBI/02May2025/5Minute/Q25/,False
1045,BUR-BUR-MER-SULTAN_DERESI2,BURDUR2,DEBI,02May2025,5Minute,Q5,/BUR-BUR-MER-SULTAN_DERESI2/BURDUR2/DEBI/02May2025/5Minute/Q5/,False
1046,BUR-BUR-MER-SULTAN_DERESI2,BURDUR2,DEBI,02May2025,5Minute,Q50,/BUR-BUR-MER-SULTAN_DERESI2/BURDUR2/DEBI/02May2025/5Minute/Q50/,False
1047,BUR-BUR-MER-SULTAN_DERESI2,BURDUR2,DEBI,02May2025,5Minute,Q500,/BUR-BUR-MER-SULTAN_DERESI2/BURDUR2/DEBI/02May2025/5Minute/Q500/,False
1048,BUR-BUR-MER-SULUDERE,BURDUR2,DEBI,01May2025,30Minute,Q10,/BUR-BUR-MER-SULUDERE/BURDUR2/DEBI/01May2025/30Minute/Q10/,False
1049,BUR-BUR-MER-SULUDERE,BURDUR2,DEBI,01May2025,30Minute,Q100,/BUR-BUR-MER-SULUDERE/BURDUR2/DEBI/01May2025/30Minute/Q100/,False
1050,BUR-BUR-MER-SULUDERE,BURDUR2,DEBI,01May2025,30Minute,Q1000,/BUR-BUR-MER-SULUDERE/BURDUR2/DEBI/01May2025/30Minute/Q1000/,False
1051,BUR-BUR-MER-SULUDERE,BURDUR2,DEBI,01May2025,30Minute,Q2,/BUR-BUR-MER-SULUDERE/BURDUR2/DEBI/01May2025/30Minute/Q2/,False
1052,BUR-BUR-MER-SULUDERE,BURDUR2,DEBI,01May2025,30Minute,Q25,/BUR-BUR-MER-SULUDERE/BURDUR2/DEBI/01May2025/30Minute/Q25/,False
1053,BUR-BUR-MER-SULUDERE,BURDUR2,DEBI,01May2025,30Minute,Q5,/BUR-BUR-MER-SULUDERE/BURDUR2/DEBI/01May2025/30Minute/Q5/,False
1054,BUR-BUR-MER-SULUDERE,BURDUR2,DEBI,01May2025,30Minute,Q50,/BUR-BUR-MER-SULUDERE/BURDUR2/DEBI/01May2025/30Minute/Q50/,False
1055,BUR-BUR-MER-SULUDERE,BURDUR2,DEBI,01May2025,30Minute,Q500,/BUR-BUR-MER-SULUDERE/BURDUR2/DEBI/01May2025/30Minute/Q500/,False
1056,BUR-BUR-MER-TASKAPI1,BURDUR2,DEBI,01May2025,30Minute,Q10,/BUR-BUR-MER-TASKAPI1/BURDUR2/DEBI/01May2025/30Minute/Q10/,False
1057,BUR-BUR-MER-TASKAPI1,BURDUR2,DEBI,01May2025,30Minute,Q100,/BUR-BUR-MER-TASKAPI1/BURDUR2/DEBI/01May2025/30Minute/Q100/,False
1058,BUR-BUR-MER-TASKAPI1,BURDUR2,DEBI,01May2025,30Minute,Q1000,/BUR-BUR-MER-TASKAPI1/BURDUR2/DEBI/01May2025/30Minute/Q1000/,False
1059,BUR-BUR-MER-TASKAPI1,BURDUR2,DEBI,01May2025,30Minute,Q2,/BUR-BUR-MER-TASKAPI1/BURDUR2/DEBI/01May2025/30Minute/Q2/,False
1060,BUR-BUR-MER-TASKAPI1,BURDUR2,DEBI,01May2025,30Minute,Q25,/BUR-BUR-MER-TASKAPI1/BURDUR2/DEBI/01May2025/30Minute/Q25/,False
1061,BUR-BUR-MER-TASKAPI1,BURDUR2,DEBI,01May2025,30Minute,Q5,/BUR-BUR-MER-TASKAPI1/BURDUR2/DEBI/01May2025/30Minute/Q5/,False
1062,BUR-BUR-MER-TASKAPI1,BURDUR2,DEBI,01May2025,30Minute,Q50,/BUR-BUR-MER-TASKAPI1/BURDUR2/DEBI/01May2025/30Minute/Q50/,False
1063,BUR-BUR-MER-TASKAPI1,BURDUR2,DEBI,01May2025,30Minute,Q500,/BUR-BUR-MER-TASKAPI1/BURDUR2/DEBI/01May2025/30Minute/Q500/,False
1064,BUR-BUR-MER-TASKAPI2,BURDUR2,DEBI,01May2025,30Minute,Q10,/BUR-BUR-MER-TASKAPI2/BURDUR2/DEBI/01May2025/30Minute/Q10/,False
1065,BUR-BUR-MER-TASKAPI2,BURDUR2,DEBI,01May2025,30Minute,Q100,/BUR-BUR-MER-TASKAPI2/BURDUR2/DEBI/01May2025/30Minute/Q100/,False
1066,BUR-BUR-MER-TASKAPI2,BURDUR2,DEBI,01May2025,30Minute,Q1000,/BUR-BUR-MER-TASKAPI2/BURDUR2/DEBI/01May2025/30Minute/Q1000/,False
1067,BUR-BUR-MER-TASKAPI2,BURDUR2,DEBI,01May2025,30Minute,Q2,/BUR-BUR-MER-TASKAPI2/BURDUR2/DEBI/01May2025/30Minute/Q2/,False
1068,BUR-BUR-MER-TASKAPI2,BURDUR2,DEBI,01May2025,30Minute,Q25,/BUR-BUR-MER-TASKAPI2/BURDUR2/DEBI/01May2025/30Minute/Q25/,False
1069,BUR-BUR-MER-TASKAPI2,BURDUR2,DEBI,01May2025,30Minute,Q5,/BUR-BUR-MER-TASKAPI2/BURDUR2/DEBI/01May2025/30Minute/Q5/,False
1070,BUR-BUR-MER-TASKAPI2,BURDUR2,DEBI,01May2025,30Minute,Q50,/BUR-BUR-MER-TASKAPI2/BURDUR2/DEBI/01May2025/30Minute/Q50/,False
1071,BUR-BUR-MER-TASKAPI2,BURDUR2,DEBI,01May2025,30Minute,Q500,/BUR-BUR-MER-TASKAPI2/BURDUR2/DEBI/01May2025/30Minute/Q500/,False
1072,BUR-BUR-MER-TASKAPI3,BURDUR2,DEBI,01May2025,30Minute,Q10,/BUR-BUR-MER-TASKAPI3/BURDUR2/DEBI/01May2025/30Minute/Q10/,False
1073,BUR-BUR-MER-TASKAPI3,BURDUR2,DEBI,01May2025,30Minute,Q100,/BUR-BUR-MER-TASKAPI3/BURDUR2/DEBI/01May2025/30Minute/Q100/,False
1074,BUR-BUR-MER-TASKAPI3,BURDUR2,DEBI,01May2025,30Minute,Q1000,/BUR-BUR-MER-TASKAPI3/BURDUR2/DEBI/01May2025/30Minute/Q1000/,False
1075,BUR-BUR-MER-TASKAPI3,BURDUR2,DEBI,01May2025,30Minute,Q2,/BUR-BUR-MER-TASKAPI3/BURDUR2/DEBI/01May2025/30Minute/Q2/,False
1076,BUR-BUR-MER-TASKAPI3,BURDUR2,DEBI,01May2025,30Minute,Q25,/BUR-BUR-MER-TASKAPI3/BURDUR2/DEBI/01May2025/30Minute/Q25/,False
1077,BUR-BUR-MER-TASKAPI3,BURDUR2,DEBI,01May2025,30Minute,Q5,/BUR-BUR-MER-TASKAPI3/BURDUR2/DEBI/01May2025/30Minute/Q5/,False
1078,BUR-BUR-MER-TASKAPI3,BURDUR2,DEBI,01May2025,30Minute,Q50,/BUR-BUR-MER-TASKAPI3/BURDUR2/DEBI/01May2025/30Minute/Q50/,False
1079,BUR-BUR-MER-TASKAPI3,BURDUR2,DEBI,01May2025,30Minute,Q500,/BUR-BUR-MER-TASKAPI3/BURDUR2/DEBI/01May2025/30Minute/Q500/,False
1080,BUR-BUR-MER-TASKAPI4,BURDUR2,DEBI,01May2025,30Minute,Q10,/BUR-BUR-MER-TASKAPI4/BURDUR2/DEBI/01May2025/30Minute/Q10/,False
1081,BUR-BUR-MER-TASKAPI4,BURDUR2,DEBI,01May2025,30Minute,Q100,/BUR-BUR-MER-TASKAPI4/BURDUR2/DEBI/01May2025/30Minute/Q100/,False
1082,BUR-BUR-MER-TASKAPI4,BURDUR2,DEBI,01May2025,30Minute,Q1000,/BUR-BUR-MER-TASKAPI4/BURDUR2/DEBI/01May2025/30Minute/Q1000/,False
1083,BUR-BUR-MER-TASKAPI4,BURDUR2,DEBI,01May2025,30Minute,Q2,/BUR-BUR-MER-TASKAPI4/BURDUR2/DEBI/01May2025/30Minute/Q2/,False
1084,BUR-BUR-MER-TASKAPI4,BURDUR2,DEBI,01May2025,30Minute,Q25,/BUR-BUR-MER-TASKAPI4/BURDUR2/DEBI/01May2025/30Minute/Q25/,False
1085,BUR-BUR-MER-TASKAPI4,BURDUR2,DEBI,01May2025,30Minute,Q5,/BUR-BUR-MER-TASKAPI4/BURDUR2/DEBI/01May2025/30Minute/Q5/,False
1086,BUR-BUR-MER-TASKAPI4,BURDUR2,DEBI,01May2025,30Minute,Q50,/BUR-BUR-MER-TASKAPI4/BURDUR2/DEBI/01May2025/30Minute/Q50/,False
1087,BUR-BUR-MER-TASKAPI4,BURDUR2,DEBI,01May2025,30Minute,Q500,/BUR-BUR-MER-TASKAPI4/BURDUR2/DEBI/01May2025/30Minute/Q500/,False
1088,BUR-BUR-MER-TASKAPI5,BURDUR2,DEBI,01May2025,30Minute,Q10,/BUR-BUR-MER-TASKAPI5/BURDUR2/DEBI/01May2025/30Minute/Q10/,False
1089,BUR-BUR-MER-TASKAPI5,BURDUR2,DEBI,01May2025,30Minute,Q100,/BUR-BUR-MER-TASKAPI5/BURDUR2/DEBI/01May2025/30Minute/Q100/,False
1090,BUR-BUR-MER-TASKAPI5,BURDUR2,DEBI,01May2025,30Minute,Q1000,/BUR-BUR-MER-TASKAPI5/BURDUR2/DEBI/01May2025/30Minute/Q1000/,False
1091,BUR-BUR-MER-TASKAPI5,BURDUR2,DEBI,01May2025,30Minute,Q2,/BUR-BUR-MER-TASKAPI5/BURDUR2/DEBI/01May2025/30Minute/Q2/,False
1092,BUR-BUR-MER-TASKAPI5,BURDUR2,DEBI,01May2025,30Minute,Q25,/BUR-BUR-MER-TASKAPI5/BURDUR2/DEBI/01May2025/30Minute/Q25/,False
1093,BUR-BUR-MER-TASKAPI5,BURDUR2,DEBI,01May2025,30Minute,Q5,/BUR-BUR-MER-TASKAPI5/BURDUR2/DEBI/01May2025/30Minute/Q5/,False
1094,BUR-BUR-MER-TASKAPI5,BURDUR2,DEBI,01May2025,30Minute,Q50,/BUR-BUR-MER-TASKAPI5/BURDUR2/DEBI/01May2025/30Minute/Q50/,False
1095,BUR-BUR-MER-TASKAPI5,BURDUR2,DEBI,01May2025,30Minute,Q500,/BUR-BUR-MER-TASKAPI5/BURDUR2/DEBI/01May2025/30Minute/Q500/,False
1096,BUR-BUR-MER-TASKAPI5A,BURDUR2,DEBI,01May2025,30Minute,Q10,/BUR-BUR-MER-TASKAPI5A/BURDUR2/DEBI/01May2025/30Minute/Q10/,False
1097,BUR-BUR-MER-TASKAPI5A,BURDUR2,DEBI,01May2025,30Minute,Q100,/BUR-BUR-MER-TASKAPI5A/BURDUR2/DEBI/01May2025/30Minute/Q100/,False
1098,BUR-BUR-MER-TASKAPI5A,BURDUR2,DEBI,01May2025,30Minute,Q1000,/BUR-BUR-MER-TASKAPI5A/BURDUR2/DEBI/01May2025/30Minute/Q1000/,False
1099,BUR-BUR-MER-TASKAPI5A,BURDUR2,DEBI,01May2025,30Minute,Q2,/BUR-BUR-MER-TASKAPI5A/BURDUR2/DEBI/01May2025/30Minute/Q2/,False
1100,BUR-BUR-MER-TASKAPI5A,BURDUR2,DEBI,01May2025,30Minute,Q25,/BUR-BUR-MER-TASKAPI5A/BURDUR2/DEBI/01May2025/30Minute/Q25/,False
1101,BUR-BUR-MER-TASKAPI5A,BURDUR2,DEBI,01May2025,30Minute,Q5,/BUR-BUR-MER-TASKAPI5A/BURDUR2/DEBI/01May2025/30Minute/Q5/,False
1102,BUR-BUR-MER-TASKAPI5A,BURDUR2,DEBI,01May2025,30Minute,Q50,/BUR-BUR-MER-TASKAPI5A/BURDUR2/DEBI/01May2025/30Minute/Q50/,False
1103,BUR-BUR-MER-TASKAPI5A,BURDUR2,DEBI,01May2025,30Minute,Q500,/BUR-BUR-MER-TASKAPI5A/BURDUR2/DEBI/01May2025/30Minute/Q500/,False
1104,BUR-BUR-MER-YAKAKOY1,BURDUR2,DEBI,01May2025,30Minute,Q10,/BUR-BUR-MER-YAKAKOY1/BURDUR2/DEBI/01May2025/30Minute/Q10/,False
1105,BUR-BUR-MER-YAKAKOY1,BURDUR2,DEBI,01May2025,30Minute,Q100,/BUR-BUR-MER-YAKAKOY1/BURDUR2/DEBI/01May2025/30Minute/Q100/,False
1106,BUR-BUR-MER-YAKAKOY1,BURDUR2,DEBI,01May2025,30Minute,Q1000,/BUR-BUR-MER-YAKAKOY1/BURDUR2/DEBI/01May2025/30Minute/Q1000/,False
1107,BUR-BUR-MER-YAKAKOY1,BURDUR2,DEBI,01May2025,30Minute,Q2,/BUR-BUR-MER-YAKAKOY1/BURDUR2/DEBI/01May2025/30Minute/Q2/,False
1108,BUR-BUR-MER-YAKAKOY1,BURDUR2,DEBI,01May2025,30Minute,Q25,/BUR-BUR-MER-YAKAKOY1/BURDUR2/DEBI/01May2025/30Minute/Q25/,False
1109,BUR-BUR-MER-YAKAKOY1,BURDUR2,DEBI,01May2025,30Minute,Q5,/BUR-BUR-MER-YAKAKOY1/BURDUR2/DEBI/01May2025/30Minute/Q5/,False
1110,BUR-BUR-MER-YAKAKOY1,BURDUR2,DEBI,01May2025,30Minute,Q50,/BUR-BUR-MER-YAKAKOY1/BURDUR2/DEBI/01May2025/30Minute/Q50/,False
1111,BUR-BUR-MER-YAKAKOY1,BURDUR2,DEBI,01May2025,30Minute,Q500,/BUR-BUR-MER-YAKAKOY1/BURDUR2/DEBI/01May2025/30Minute/Q500/,False
1112,BUR-BUR-MER-YAKAKOY2,BURDUR2,DEBI,01May2025,30Minute,Q10,/BUR-BUR-MER-YAKAKOY2/BURDUR2/DEBI/01May2025/30Minute/Q10/,False
1113,BUR-BUR-MER-YAKAKOY2,BURDUR2,DEBI,01May2025,30Minute,Q100,/BUR-BUR-MER-YAKAKOY2/BURDUR2/DEBI/01May2025/30Minute/Q100/,False
1114,BUR-BUR-MER-YAKAKOY2,BURDUR2,DEBI,01May2025,30Minute,Q1000,/BUR-BUR-MER-YAKAKOY2/BURDUR2/DEBI/01May2025/30Minute/Q1000/,False
1115,BUR-BUR-MER-YAKAKOY2,BURDUR2,DEBI,01May2025,30Minute,Q2,/BUR-BUR-MER-YAKAKOY2/BURDUR2/DEBI/01May2025/30Minute/Q2/,False
1116,BUR-BUR-MER-YAKAKOY2,BURDUR2,DEBI,01May2025,30Minute,Q25,/BUR-BUR-MER-YAKAKOY2/BURDUR2/DEBI/01May2025/30Minute/Q25/,False
1117,BUR-BUR-MER-YAKAKOY2,BURDUR2,DEBI,01May2025,30Minute,Q5,/BUR-BUR-MER-YAKAKOY2/BURDUR2/DEBI/01May2025/30Minute/Q5/,False
1118,BUR-BUR-MER-YAKAKOY2,BURDUR2,DEBI,01May2025,30Minute,Q50,/BUR-BUR-MER-YAKAKOY2/BURDUR2/DEBI/01May2025/30Minute/Q50/,False
1119,BUR-BUR-MER-YAKAKOY2,BURDUR2,DEBI,01May2025,30Minute,Q500,/BUR-BUR-MER-YAKAKOY2/BURDUR2/DEBI/01May2025/30Minute/Q500/,False
1120,BUR-BUR-MER-YARIKOY1,BURDUR2,DEBI,01May2025,30Minute,Q10,/BUR-BUR-MER-YARIKOY1/BURDUR2/DEBI/01May2025/30Minute/Q10/,False
1121,BUR-BUR-MER-YARIKOY1,BURDUR2,DEBI,01May2025,30Minute,Q100,/BUR-BUR-MER-YARIKOY1/BURDUR2/DEBI/01May2025/30Minute/Q100/,False
1122,BUR-BUR-MER-YARIKOY1,BURDUR2,DEBI,01May2025,30Minute,Q1000,/BUR-BUR-MER-YARIKOY1/BURDUR2/DEBI/01May2025/30Minute/Q1000/,False
1123,BUR-BUR-MER-YARIKOY1,BURDUR2,DEBI,01May2025,30Minute,Q2,/BUR-BUR-MER-YARIKOY1/BURDUR2/DEBI/01May2025/30Minute/Q2/,False
1124,BUR-BUR-MER-YARIKOY1,BURDUR2,DEBI,01May2025,30Minute,Q25,/BUR-BUR-MER-YARIKOY1/BURDUR2/DEBI/01May2025/30Minute/Q25/,False
1125,BUR-BUR-MER-YARIKOY1,BURDUR2,DEBI,01May2025,30Minute,Q5,/BUR-BUR-MER-YARIKOY1/BURDUR2/DEBI/01May2025/30Minute/Q5/,False
1126,BUR-BUR-MER-YARIKOY1,BURDUR2,DEBI,01May2025,30Minute,Q50,/BUR-BUR-MER-YARIKOY1/BURDUR2/DEBI/01May2025/30Minute/Q50/,False
1127,BUR-BUR-MER-YARIKOY1,BURDUR2,DEBI,01May2025,30Minute,Q500,/BUR-BUR-MER-YARIKOY1/BURDUR2/DEBI/01May2025/30Minute/Q500/,False
1128,BUR-BUR-MER-YARIKOY2,BURDUR2,DEBI,01May2025,30Minute,Q10,/BUR-BUR-MER-YARIKOY2/BURDUR2/DEBI/01May2025/30Minute/Q10/,False
1129,BUR-BUR-MER-YARIKOY2,BURDUR2,DEBI,01May2025,30Minute,Q100,/BUR-BUR-MER-YARIKOY2/BURDUR2/DEBI/01May2025/30Minute/Q100/,False
1130,BUR-BUR-MER-YARIKOY2,BURDUR2,DEBI,01May2025,30Minute,Q1000,/BUR-BUR-MER-YARIKOY2/BURDUR2/DEBI/01May2025/30Minute/Q1000/,False
1131,BUR-BUR-MER-YARIKOY2,BURDUR2,DEBI,01May2025,30Minute,Q2,/BUR-BUR-MER-YARIKOY2/BURDUR2/DEBI/01May2025/30Minute/Q2/,False
1132,BUR-BUR-MER-YARIKOY2,BURDUR2,DEBI,01May2025,30Minute,Q25,/BUR-BUR-MER-YARIKOY2/BURDUR2/DEBI/01May2025/30Minute/Q25/,False
1133,BUR-BUR-MER-YARIKOY2,BURDUR2,DEBI,01May2025,30Minute,Q5,/BUR-BUR-MER-YARIKOY2/BURDUR2/DEBI/01May2025/30Minute/Q5/,False
1134,BUR-BUR-MER-YARIKOY2,BURDUR2,DEBI,01May2025,30Minute,Q50,/BUR-BUR-MER-YARIKOY2/BURDUR2/DEBI/01May2025/30Minute/Q50/,False
1135,BUR-BUR-MER-YARIKOY2,BURDUR2,DEBI,01May2025,30Minute,Q500,/BUR-BUR-MER-YARIKOY2/BURDUR2/DEBI/01May2025/30Minute/Q500/,False
1136,BUR-BUR-MER-YARIKOY2B,BURDUR2,DEBI,01May2025,30Minute,Q10,/BUR-BUR-MER-YARIKOY2B/BURDUR2/DEBI/01May2025/30Minute/Q10/,False
1137,BUR-BUR-MER-YARIKOY2B,BURDUR2,DEBI,01May2025,30Minute,Q100,/BUR-BUR-MER-YARIKOY2B/BURDUR2/DEBI/01May2025/30Minute/Q100/,False
1138,BUR-BUR-MER-YARIKOY2B,BURDUR2,DEBI,01May2025,30Minute,Q1000,/BUR-BUR-MER-YARIKOY2B/BURDUR2/DEBI/01May2025/30Minute/Q1000/,False
1139,BUR-BUR-MER-YARIKOY2B,BURDUR2,DEBI,01May2025,30Minute,Q2,/BUR-BUR-MER-YARIKOY2B/BURDUR2/DEBI/01May2025/30Minute/Q2/,False
1140,BUR-BUR-MER-YARIKOY2B,BURDUR2,DEBI,01May2025,30Minute,Q25,/BUR-BUR-MER-YARIKOY2B/BURDUR2/DEBI/01May2025/30Minute/Q25/,False
1141,BUR-BUR-MER-YARIKOY2B,BURDUR2,DEBI,01May2025,30Minute,Q5,/BUR-BUR-MER-YARIKOY2B/BURDUR2/DEBI/01May2025/30Minute/Q5/,False
1142,BUR-BUR-MER-YARIKOY2B,BURDUR2,DEBI,01May2025,30Minute,Q50,/BUR-BUR-MER-YARIKOY2B/BURDUR2/DEBI/01May2025/30Minute/Q50/,False
1143,BUR-BUR-MER-YARIKOY2B,BURDUR2,DEBI,01May2025,30Minute,Q500,/BUR-BUR-MER-YARIKOY2B/BURDUR2/DEBI/01May2025/30Minute/Q500/,False
1144,BUR-BUR-MER-YASSIGUME1,BURDUR2,DEBI,01May2025,30Minute,Q10,/BUR-BUR-MER-YASSIGUME1/BURDUR2/DEBI/01May2025/30Minute/Q10/,False
1145,BUR-BUR-MER-YASSIGUME1,BURDUR2,DEBI,01May2025,30Minute,Q100,/BUR-BUR-MER-YASSIGUME1/BURDUR2/DEBI/01May2025/30Minute/Q100/,False
1146,BUR-BUR-MER-YASSIGUME1,BURDUR2,DEBI,01May2025,30Minute,Q1000,/BUR-BUR-MER-YASSIGUME1/BURDUR2/DEBI/01May2025/30Minute/Q1000/,False
1147,BUR-BUR-MER-YASSIGUME1,BURDUR2,DEBI,01May2025,30Minute,Q2,/BUR-BUR-MER-YASSIGUME1/BURDUR2/DEBI/01May2025/30Minute/Q2/,False
1148,BUR-BUR-MER-YASSIGUME1,BURDUR2,DEBI,01May2025,30Minute,Q25,/BUR-BUR-MER-YASSIGUME1/BURDUR2/DEBI/01May2025/30Minute/Q25/,False
1149,BUR-BUR-MER-YASSIGUME1,BURDUR2,DEBI,01May2025,30Minute,Q5,/BUR-BUR-MER-YASSIGUME1/BURDUR2/DEBI/01May2025/30Minute/Q5/,False
1150,BUR-BUR-MER-YASSIGUME1,BURDUR2,DEBI,01May2025,30Minute,Q50,/BUR-BUR-MER-YASSIGUME1/BURDUR2/DEBI/01May2025/30Minute/Q50/,False
1151,BUR-BUR-MER-YASSIGUME1,BURDUR2,DEBI,01May2025,30Minute,Q500,/BUR-BUR-MER-YASSIGUME1/BURDUR2/DEBI/01May2025/30Minute/Q500/,False
1152,BUR-BUR-MER-YASSIGUME2,BURDUR2,DEBI,01May2025,30Minute,Q10,/BUR-BUR-MER-YASSIGUME2/BURDUR2/DEBI/01May2025/30Minute/Q10/,False
1153,BUR-BUR-MER-YASSIGUME2,BURDUR2,DEBI,01May2025,30Minute,Q100,/BUR-BUR-MER-YASSIGUME2/BURDUR2/DEBI/01May2025/30Minute/Q100/,False
1154,BUR-BUR-MER-YASSIGUME2,BURDUR2,DEBI,01May2025,30Minute,Q1000,/BUR-BUR-MER-YASSIGUME2/BURDUR2/DEBI/01May2025/30Minute/Q1000/,False
1155,BUR-BUR-MER-YASSIGUME2,BURDUR2,DEBI,01May2025,30Minute,Q2,/BUR-BUR-MER-YASSIGUME2/BURDUR2/DEBI/01May2025/30Minute/Q2/,False
1156,BUR-BUR-MER-YASSIGUME2,BURDUR2,DEBI,01May2025,30Minute,Q25,/BUR-BUR-MER-YASSIGUME2/BURDUR2/DEBI/01May2025/30Minute/Q25/,False
1157,BUR-BUR-MER-YASSIGUME2,BURDUR2,DEBI,01May2025,30Minute,Q5,/BUR-BUR-MER-YASSIGUME2/BURDUR2/DEBI/01May2025/30Minute/Q5/,False
1158,BUR-BUR-MER-YASSIGUME2,BURDUR2,DEBI,01May2025,30Minute,Q50,/BUR-BUR-MER-YASSIGUME2/BURDUR2/DEBI/01May2025/30Minute/Q50/,False
1159,BUR-BUR-MER-YASSIGUME2,BURDUR2,DEBI,01May2025,30Minute,Q500,/BUR-BUR-MER-YASSIGUME2/BURDUR2/DEBI/01May2025/30Minute/Q500/,False
1160,BUR-BUR-MER-YASSIGUME3,BURDUR2,DEBI,01May2025,30Minute,Q10,/BUR-BUR-MER-YASSIGUME3/BURDUR2/DEBI/01May2025/30Minute/Q10/,False
1161,BUR-BUR-MER-YASSIGUME3,BURDUR2,DEBI,01May2025,30Minute,Q100,/BUR-BUR-MER-YASSIGUME3/BURDUR2/DEBI/01May2025/30Minute/Q100/,False
1162,BUR-BUR-MER-YASSIGUME3,BURDUR2,DEBI,01May2025,30Minute,Q1000,/BUR-BUR-MER-YASSIGUME3/BURDUR2/DEBI/01May2025/30Minute/Q1000/,False
1163,BUR-BUR-MER-YASSIGUME3,BURDUR2,DEBI,01May2025,30Minute,Q2,/BUR-BUR-MER-YASSIGUME3/BURDUR2/DEBI/01May2025/30Minute/Q2/,False
1164,BUR-BUR-MER-YASSIGUME3,BURDUR2,DEBI,01May2025,30Minute,Q25,/BUR-BUR-MER-YASSIGUME3/BURDUR2/DEBI/01May2025/30Minute/Q25/,False
1165,BUR-BUR-MER-YASSIGUME3,BURDUR2,DEBI,01May2025,30Minute,Q5,/BUR-BUR-MER-YASSIGUME3/BURDUR2/DEBI/01May2025/30Minute/Q5/,False
1166,BUR-BUR-MER-YASSIGUME3,BURDUR2,DEBI,01May2025,30Minute,Q50,/BUR-BUR-MER-YASSIGUME3/BURDUR2/DEBI/01May2025/30Minute/Q50/,False
1167,BUR-BUR-MER-YASSIGUME3,BURDUR2,DEBI,01May2025,30Minute,Q500,/BUR-BUR-MER-YASSIGUME3/BURDUR2/DEBI/01May2025/30Minute/Q500/,False
1168,BUR-BUR-MER-YAYLABELI,BURDUR2,DEBI,01May2025,30Minute,Q10,/BUR-BUR-MER-YAYLABELI/BURDUR2/DEBI/01May2025/30Minute/Q10/,False
1169,BUR-BUR-MER-YAYLABELI,BURDUR2,DEBI,01May2025,30Minute,Q100,/BUR-BUR-MER-YAYLABELI/BURDUR2/DEBI/01May2025/30Minute/Q100/,False
1170,BUR-BUR-MER-YAYLABELI,BURDUR2,DEBI,01May2025,30Minute,Q1000,/BUR-BUR-MER-YAYLABELI/BURDUR2/DEBI/01May2025/30Minute/Q1000/,False
1171,BUR-BUR-MER-YAYLABELI,BURDUR2,DEBI,01May2025,30Minute,Q2,/BUR-BUR-MER-YAYLABELI/BURDUR2/DEBI/01May2025/30Minute/Q2/,False
1172,BUR-BUR-MER-YAYLABELI,BURDUR2,DEBI,01May2025,30Minute,Q25,/BUR-BUR-MER-YAYLABELI/BURDUR2/DEBI/01May2025/30Minute/Q25/,False
1173,BUR-BUR-MER-YAYLABELI,BURDUR2,DEBI,01May2025,30Minute,Q5,/BUR-BUR-MER-YAYLABELI/BURDUR2/DEBI/01May2025/30Minute/Q5/,False
1174,BUR-BUR-MER-YAYLABELI,BURDUR2,DEBI,01May2025,30Minute,Q50,/BUR-BUR-MER-YAYLABELI/BURDUR2/DEBI/01May2025/30Minute/Q50/,False
1175,BUR-BUR-MER-YAYLABELI,BURDUR2,DEBI,01May2025,30Minute,Q500,/BUR-BUR-MER-YAYLABELI/BURDUR2/DEBI/01May2025/30Minute/Q500/,False
1176,BUR-BUR-MER-YAZIKOY1,BURDUR2,DEBI,01May2025,30Minute,Q10,/BUR-BUR-MER-YAZIKOY1/BURDUR2/DEBI/01May2025/30Minute/Q10/,False
1177,BUR-BUR-MER-YAZIKOY1,BURDUR2,DEBI,01May2025,30Minute,Q100,/BUR-BUR-MER-YAZIKOY1/BURDUR2/DEBI/01May2025/30Minute/Q100/,False
1178,BUR-BUR-MER-YAZIKOY1,BURDUR2,DEBI,01May2025,30Minute,Q1000,/BUR-BUR-MER-YAZIKOY1/BURDUR2/DEBI/01May2025/30Minute/Q1000/,False
1179,BUR-BUR-MER-YAZIKOY1,BURDUR2,DEBI,01May2025,30Minute,Q2,/BUR-BUR-MER-YAZIKOY1/BURDUR2/DEBI/01May2025/30Minute/Q2/,False
1180,BUR-BUR-MER-YAZIKOY1,BURDUR2,DEBI,01May2025,30Minute,Q25,/BUR-BUR-MER-YAZIKOY1/BURDUR2/DEBI/01May2025/30Minute/Q25/,False
1181,BUR-BUR-MER-YAZIKOY1,BURDUR2,DEBI,01May2025,30Minute,Q5,/BUR-BUR-MER-YAZIKOY1/BURDUR2/DEBI/01May2025/30Minute/Q5/,False
1182,BUR-BUR-MER-YAZIKOY1,BURDUR2,DEBI,01May2025,30Minute,Q50,/BUR-BUR-MER-YAZIKOY1/BURDUR2/DEBI/01May2025/30Minute/Q50/,False
1183,BUR-BUR-MER-YAZIKOY1,BURDUR2,DEBI,01May2025,30Minute,Q500,/BUR-BUR-MER-YAZIKOY1/BURDUR2/DEBI/01May2025/30Minute/Q500/,False
1184,BUR-BUR-MER-YAZIKOY2,BURDUR2,DEBI,01May2025,30Minute,Q10,/BUR-BUR-MER-YAZIKOY2/BURDUR2/DEBI/01May2025/30Minute/Q10/,False
1185,BUR-BUR-MER-YAZIKOY2,BURDUR2,DEBI,01May2025,30Minute,Q100,/BUR-BUR-MER-YAZIKOY2/BURDUR2/DEBI/01May2025/30Minute/Q100/,False
1186,BUR-BUR-MER-YAZIKOY2,BURDUR2,DEBI,01May2025,30Minute,Q1000,/BUR-BUR-MER-YAZIKOY2/BURDUR2/DEBI/01May2025/30Minute/Q1000/,False
1187,BUR-BUR-MER-YAZIKOY2,BURDUR2,DEBI,01May2025,30Minute,Q2,/BUR-BUR-MER-YAZIKOY2/BURDUR2/DEBI/01May2025/30Minute/Q2/,False
1188,BUR-BUR-MER-YAZIKOY2,BURDUR2,DEBI,01May2025,30Minute,Q25,/BUR-BUR-MER-YAZIKOY2/BURDUR2/DEBI/01May2025/30Minute/Q25/,False
1189,BUR-BUR-MER-YAZIKOY2,BURDUR2,DEBI,01May2025,30Minute,Q5,/BUR-BUR-MER-YAZIKOY2/BURDUR2/DEBI/01May2025/30Minute/Q5/,False
1190,BUR-BUR-MER-YAZIKOY2,BURDUR2,DEBI,01May2025,30Minute,Q50,/BUR-BUR-MER-YAZIKOY2/BURDUR2/DEBI/01May2025/30Minute/Q50/,False
1191,BUR-BUR-MER-YAZIKOY2,BURDUR2,DEBI,01May2025,30Minute,Q500,/BUR-BUR-MER-YAZIKOY2/BURDUR2/DEBI/01May2025/30Minute/Q500/,False
1192,BUR-BUR-MER-YAZIKOY3_1,BURDUR2,DEBI,01May2025,30Minute,Q10,/BUR-BUR-MER-YAZIKOY3_1/BURDUR2/DEBI/01May2025/30Minute/Q10/,False
1193,BUR-BUR-MER-YAZIKOY3_1,BURDUR2,DEBI,01May2025,30Minute,Q100,/BUR-BUR-MER-YAZIKOY3_1/BURDUR2/DEBI/01May2025/30Minute/Q100/,False
1194,BUR-BUR-MER-YAZIKOY3_1,BURDUR2,DEBI,01May2025,30Minute,Q1000,/BUR-BUR-MER-YAZIKOY3_1/BURDUR2/DEBI/01May2025/30Minute/Q1000/,False
1195,BUR-BUR-MER-YAZIKOY3_1,BURDUR2,DEBI,01May2025,30Minute,Q2,/BUR-BUR-MER-YAZIKOY3_1/BURDUR2/DEBI/01May2025/30Minute/Q2/,False
1196,BUR-BUR-MER-YAZIKOY3_1,BURDUR2,DEBI,01May2025,30Minute,Q25,/BUR-BUR-MER-YAZIKOY3_1/BURDUR2/DEBI/01May2025/30Minute/Q25/,False
1197,BUR-BUR-MER-YAZIKOY3_1,BURDUR2,DEBI,01May2025,30Minute,Q5,/BUR-BUR-MER-YAZIKOY3_1/BURDUR2/DEBI/01May2025/30Minute/Q5/,False
1198,BUR-BUR-MER-YAZIKOY3_1,BURDUR2,DEBI,01May2025,30Minute,Q50,/BUR-BUR-MER-YAZIKOY3_1/BURDUR2/DEBI/01May2025/30Minute/Q50/,False
1199,BUR-BUR-MER-YAZIKOY3_1,BURDUR2,DEBI,01May2025,30Minute,Q500,/BUR-BUR-MER-YAZIKOY3_1/BURDUR2/DEBI/01May2025/30Minute/Q500/,False
1200,BUR-BUR-MER-YAZIKOY3_2,BURDUR2,DEBI,01May2025,30Minute,Q10,/BUR-BUR-MER-YAZIKOY3_2/BURDUR2/DEBI/01May2025/30Minute/Q10/,False
1201,BUR-BUR-MER-YAZIKOY3_2,BURDUR2,DEBI,01May2025,30Minute,Q100,/BUR-BUR-MER-YAZIKOY3_2/BURDUR2/DEBI/01May2025/30Minute/Q100/,False
1202,BUR-BUR-MER-YAZIKOY3_2,BURDUR2,DEBI,01May2025,30Minute,Q1000,/BUR-BUR-MER-YAZIKOY3_2/BURDUR2/DEBI/01May2025/30Minute/Q1000/,False
1203,BUR-BUR-MER-YAZIKOY3_2,BURDUR2,DEBI,01May2025,30Minute,Q2,/BUR-BUR-MER-YAZIKOY3_2/BURDUR2/DEBI/01May2025/30Minute/Q2/,False
1204,BUR-BUR-MER-YAZIKOY3_2,BURDUR2,DEBI,01May2025,30Minute,Q25,/BUR-BUR-MER-YAZIKOY3_2/BURDUR2/DEBI/01May2025/30Minute/Q25/,False
1205,BUR-BUR-MER-YAZIKOY3_2,BURDUR2,DEBI,01May2025,30Minute,Q5,/BUR-BUR-MER-YAZIKOY3_2/BURDUR2/DEBI/01May2025/30Minute/Q5/,False
1206,BUR-BUR-MER-YAZIKOY3_2,BURDUR2,DEBI,01May2025,30Minute,Q50,/BUR-BUR-MER-YAZIKOY3_2/BURDUR2/DEBI/01May2025/30Minute/Q50/,False
1207,BUR-BUR-MER-YAZIKOY3_2,BURDUR2,DEBI,01May2025,30Minute,Q500,/BUR-BUR-MER-YAZIKOY3_2/BURDUR2/DEBI/01May2025/30Minute/Q500/,False
1208,BUR-BUR-MER-YAZIKOY4,BURDUR2,DEBI,02May2025,5Minute,Q10,/BUR-BUR-MER-YAZIKOY4/BURDUR2/DEBI/02May2025/5Minute/Q10/,False
1209,BUR-BUR-MER-YAZIKOY4,BURDUR2,DEBI,02May2025,5Minute,Q100,/BUR-BUR-MER-YAZIKOY4/BURDUR2/DEBI/02May2025/5Minute/Q100/,False
1210,BUR-BUR-MER-YAZIKOY4,BURDUR2,DEBI,02May2025,5Minute,Q1000,/BUR-BUR-MER-YAZIKOY4/BURDUR2/DEBI/02May2025/5Minute/Q1000/,False
1211,BUR-BUR-MER-YAZIKOY4,BURDUR2,DEBI,02May2025,5Minute,Q2,/BUR-BUR-MER-YAZIKOY4/BURDUR2/DEBI/02May2025/5Minute/Q2/,False
1212,BUR-BUR-MER-YAZIKOY4,BURDUR2,DEBI,02May2025,5Minute,Q25,/BUR-BUR-MER-YAZIKOY4/BURDUR2/DEBI/02May2025/5Minute/Q25/,False
1213,BUR-BUR-MER-YAZIKOY4,BURDUR2,DEBI,02May2025,5Minute,Q5,/BUR-BUR-MER-YAZIKOY4/BURDUR2/DEBI/02May2025/5Minute/Q5/,False
1214,BUR-BUR-MER-YAZIKOY4,BURDUR2,DEBI,02May2025,5Minute,Q50,/BUR-BUR-MER-YAZIKOY4/BURDUR2/DEBI/02May2025/5Minute/Q50/,False
1215,BUR-BUR-MER-YAZIKOY4,BURDUR2,DEBI,02May2025,5Minute,Q500,/BUR-BUR-MER-YAZIKOY4/BURDUR2/DEBI/02May2025/5Minute/Q500/,False
1216,BUR-BUR-MER-YAZIKOY5,BURDUR2,DEBI,01May2025,30Minute,Q10,/BUR-BUR-MER-YAZIKOY5/BURDUR2/DEBI/01May2025/30Minute/Q10/,False
1217,BUR-BUR-MER-YAZIKOY5,BURDUR2,DEBI,01May2025,30Minute,Q100,/BUR-BUR-MER-YAZIKOY5/BURDUR2/DEBI/01May2025/30Minute/Q100/,False
1218,BUR-BUR-MER-YAZIKOY5,BURDUR2,DEBI,01May2025,30Minute,Q1000,/BUR-BUR-MER-YAZIKOY5/BURDUR2/DEBI/01May2025/30Minute/Q1000/,False
1219,BUR-BUR-MER-YAZIKOY5,BURDUR2,DEBI,01May2025,30Minute,Q2,/BUR-BUR-MER-YAZIKOY5/BURDUR2/DEBI/01May2025/30Minute/Q2/,False
1220,BUR-BUR-MER-YAZIKOY5,BURDUR2,DEBI,01May2025,30Minute,Q25,/BUR-BUR-MER-YAZIKOY5/BURDUR2/DEBI/01May2025/30Minute/Q25/,False
1221,BUR-BUR-MER-YAZIKOY5,BURDUR2,DEBI,01May2025,30Minute,Q5,/BUR-BUR-MER-YAZIKOY5/BURDUR2/DEBI/01May2025/30Minute/Q5/,False
1222,BUR-BUR-MER-YAZIKOY5,BURDUR2,DEBI,01May2025,30Minute,Q50,/BUR-BUR-MER-YAZIKOY5/BURDUR2/DEBI/01May2025/30Minute/Q50/,False
1223,BUR-BUR-MER-YAZIKOY5,BURDUR2,DEBI,01May2025,30Minute,Q500,/BUR-BUR-MER-YAZIKOY5/BURDUR2/DEBI/01May2025/30Minute/Q500/,False
1224,BUR-BUR-MER-YAZIKOY6,BURDUR2,DEBI,01May2025,30Minute,Q10,/BUR-BUR-MER-YAZIKOY6/BURDUR2/DEBI/01May2025/30Minute/Q10/,False
1225,BUR-BUR-MER-YAZIKOY6,BURDUR2,DEBI,01May2025,30Minute,Q100,/BUR-BUR-MER-YAZIKOY6/BURDUR2/DEBI/01May2025/30Minute/Q100/,False
1226,BUR-BUR-MER-YAZIKOY6,BURDUR2,DEBI,01May2025,30Minute,Q1000,/BUR-BUR-MER-YAZIKOY6/BURDUR2/DEBI/01May2025/30Minute/Q1000/,False
1227,BUR-BUR-MER-YAZIKOY6,BURDUR2,DEBI,01May2025,30Minute,Q2,/BUR-BUR-MER-YAZIKOY6/BURDUR2/DEBI/01May2025/30Minute/Q2/,False
1228,BUR-BUR-MER-YAZIKOY6,BURDUR2,DEBI,01May2025,30Minute,Q25,/BUR-BUR-MER-YAZIKOY6/BURDUR2/DEBI/01May2025/30Minute/Q25/,False
1229,BUR-BUR-MER-YAZIKOY6,BURDUR2,DEBI,01May2025,30Minute,Q5,/BUR-BUR-MER-YAZIKOY6/BURDUR2/DEBI/01May2025/30Minute/Q5/,False
1230,BUR-BUR-MER-YAZIKOY6,BURDUR2,DEBI,01May2025,30Minute,Q50,/BUR-BUR-MER-YAZIKOY6/BURDUR2/DEBI/01May2025/30Minute/Q50/,False
1231,BUR-BUR-MER-YAZIKOY6,BURDUR2,DEBI,01May2025,30Minute,Q500,/BUR-BUR-MER-YAZIKOY6/BURDUR2/DEBI/01May2025/30Minute/Q500/,False
1232,BUR-BUR-MER-ZEMBEDIK,BURDUR2,DEBI,02May2025,5Minute,Q10,/BUR-BUR-MER-ZEMBEDIK/BURDUR2/DEBI/02May2025/5Minute/Q10/,False
1233,BUR-BUR-MER-ZEMBEDIK,BURDUR2,DEBI,02May2025,5Minute,Q100,/BUR-BUR-MER-ZEMBEDIK/BURDUR2/DEBI/02May2025/5Minute/Q100/,False
1234,BUR-BUR-MER-ZEMBEDIK,BURDUR2,DEBI,02May2025,5Minute,Q1000,/BUR-BUR-MER-ZEMBEDIK/BURDUR2/DEBI/02May2025/5Minute/Q1000/,False
1235,BUR-BUR-MER-ZEMBEDIK,BURDUR2,DEBI,02May2025,5Minute,Q2,/BUR-BUR-MER-ZEMBEDIK/BURDUR2/DEBI/02May2025/5Minute/Q2/,False
1236,BUR-BUR-MER-ZEMBEDIK,BURDUR2,DEBI,02May2025,5Minute,Q25,/BUR-BUR-MER-ZEMBEDIK/BURDUR2/DEBI/02May2025/5Minute/Q25/,False
1237,BUR-BUR-MER-ZEMBEDIK,BURDUR2,DEBI,02May2025,5Minute,Q5,/BUR-BUR-MER-ZEMBEDIK/BURDUR2/DEBI/02May2025/5Minute/Q5/,False
1238,BUR-BUR-MER-ZEMBEDIK,BURDUR2,DEBI,02May2025,5Minute,Q50,/BUR-BUR-MER-ZEMBEDIK/BURDUR2/DEBI/02May2025/5Minute/Q50/,False
1239,BUR-BUR-MER-ZEMBEDIK,BURDUR2,DEBI,02May2025,5Minute,Q500,/BUR-BUR-MER-ZEMBEDIK/BURDUR2/DEBI/02May2025/5Minute/Q500/,False
1240,BUR-BUR-YES-ORENCIK1,BURDUR2,DEBI,01May2025,30Minute,Q10,/BUR-BUR-YES-ORENCIK1/BURDUR2/DEBI/01May2025/30Minute/Q10/,False
1241,BUR-BUR-YES-ORENCIK1,BURDUR2,DEBI,01May2025,30Minute,Q100,/BUR-BUR-YES-ORENCIK1/BURDUR2/DEBI/01May2025/30Minute/Q100/,False
1242,BUR-BUR-YES-ORENCIK1,BURDUR2,DEBI,01May2025,30Minute,Q1000,/BUR-BUR-YES-ORENCIK1/BURDUR2/DEBI/01May2025/30Minute/Q1000/,False
1243,BUR-BUR-YES-ORENCIK1,BURDUR2,DEBI,01May2025,30Minute,Q2,/BUR-BUR-YES-ORENCIK1/BURDUR2/DEBI/01May2025/30Minute/Q2/,False
1244,BUR-BUR-YES-ORENCIK1,BURDUR2,DEBI,01May2025,30Minute,Q25,/BUR-BUR-YES-ORENCIK1/BURDUR2/DEBI/01May2025/30Minute/Q25/,False
1245,BUR-BUR-YES-ORENCIK1,BURDUR2,DEBI,01May2025,30Minute,Q5,/BUR-BUR-YES-ORENCIK1/BURDUR2/DEBI/01May2025/30Minute/Q5/,False
1246,BUR-BUR-YES-ORENCIK1,BURDUR2,DEBI,01May2025,30Minute,Q50,/BUR-BUR-YES-ORENCIK1/BURDUR2/DEBI/01May2025/30Minute/Q50/,False
1247,BUR-BUR-YES-ORENCIK1,BURDUR2,DEBI,01May2025,30Minute,Q500,/BUR-BUR-YES-ORENCIK1/BURDUR2/DEBI/01May2025/30Minute/Q500/,False
1248,BUR-BUR-YES-ORENCIK2,BURDUR2,DEBI,02May2025,5Minute,Q10,/BUR-BUR-YES-ORENCIK2/BURDUR2/DEBI/02May2025/5Minute/Q10/,False
1249,BUR-BUR-YES-ORENCIK2,BURDUR2,DEBI,02May2025,5Minute,Q100,/BUR-BUR-YES-ORENCIK2/BURDUR2/DEBI/02May2025/5Minute/Q100/,False
1250,BUR-BUR-YES-ORENCIK2,BURDUR2,DEBI,02May2025,5Minute,Q1000,/BUR-BUR-YES-ORENCIK2/BURDUR2/DEBI/02May2025/5Minute/Q1000/,False
1251,BUR-BUR-YES-ORENCIK2,BURDUR2,DEBI,02May2025,5Minute,Q2,/BUR-BUR-YES-ORENCIK2/BURDUR2/DEBI/02May2025/5Minute/Q2/,False
1252,BUR-BUR-YES-ORENCIK2,BURDUR2,DEBI,02May2025,5Minute,Q25,/BUR-BUR-YES-ORENCIK2/BURDUR2/DEBI/02May2025/5Minute/Q25/,False
1253,BUR-BUR-YES-ORENCIK2,BURDUR2,DEBI,02May2025,5Minute,Q5,/BUR-BUR-YES-ORENCIK2/BURDUR2/DEBI/02May2025/5Minute/Q5/,False
1254,BUR-BUR-YES-ORENCIK2,BURDUR2,DEBI,02May2025,5Minute,Q50,/BUR-BUR-YES-ORENCIK2/BURDUR2/DEBI/02May2025/5Minute/Q50/,False
1255,BUR-BUR-YES-ORENCIK2,BURDUR2,DEBI,02May2025,5Minute,Q500,/BUR-BUR-YES-ORENCIK2/BURDUR2/DEBI/02May2025/5Minute/Q500/,False
1256,BUR-BUR-YES-ORENCIK-T,BURDUR2,DEBI,01May2025,30Minute,Q10,/BUR-BUR-YES-ORENCIK-T/BURDUR2/DEBI/01May2025/30Minute/Q10/,False
1257,BUR-BUR-YES-ORENCIK-T,BURDUR2,DEBI,01May2025,30Minute,Q100,/BUR-BUR-YES-ORENCIK-T/BURDUR2/DEBI/01May2025/30Minute/Q100/,False
1258,BUR-BUR-YES-ORENCIK-T,BURDUR2,DEBI,01May2025,30Minute,Q1000,/BUR-BUR-YES-ORENCIK-T/BURDUR2/DEBI/01May2025/30Minute/Q1000/,False
1259,BUR-BUR-YES-ORENCIK-T,BURDUR2,DEBI,01May2025,30Minute,Q2,/BUR-BUR-YES-ORENCIK-T/BURDUR2/DEBI/01May2025/30Minute/Q2/,False
1260,BUR-BUR-YES-ORENCIK-T,BURDUR2,DEBI,01May2025,30Minute,Q25,/BUR-BUR-YES-ORENCIK-T/BURDUR2/DEBI/01May2025/30Minute/Q25/,False
1261,BUR-BUR-YES-ORENCIK-T,BURDUR2,DEBI,01May2025,30Minute,Q5,/BUR-BUR-YES-ORENCIK-T/BURDUR2/DEBI/01May2025/30Minute/Q5/,False
1262,BUR-BUR-YES-ORENCIK-T,BURDUR2,DEBI,01May2025,30Minute,Q50,/BUR-BUR-YES-ORENCIK-T/BURDUR2/DEBI/01May2025/30Minute/Q50/,False
1263,BUR-BUR-YES-ORENCIK-T,BURDUR2,DEBI,01May2025,30Minute,Q500,/BUR-BUR-YES-ORENCIK-T/BURDUR2/DEBI/01May2025/30Minute/Q500/,False
1264,BUR-ISP-KEC-ARDICLI,BURDUR2,DEBI,01May2025,30Minute,Q10,/BUR-ISP-KEC-ARDICLI/BURDUR2/DEBI/01May2025/30Minute/Q10/,False
1265,BUR-ISP-KEC-ARDICLI,BURDUR2,DEBI,01May2025,30Minute,Q100,/BUR-ISP-KEC-ARDICLI/BURDUR2/DEBI/01May2025/30Minute/Q100/,False
1266,BUR-ISP-KEC-ARDICLI,BURDUR2,DEBI,01May2025,30Minute,Q1000,/BUR-ISP-KEC-ARDICLI/BURDUR2/DEBI/01May2025/30Minute/Q1000/,False
1267,BUR-ISP-KEC-ARDICLI,BURDUR2,DEBI,01May2025,30Minute,Q2,/BUR-ISP-KEC-ARDICLI/BURDUR2/DEBI/01May2025/30Minute/Q2/,False
1268,BUR-ISP-KEC-ARDICLI,BURDUR2,DEBI,01May2025,30Minute,Q25,/BUR-ISP-KEC-ARDICLI/BURDUR2/DEBI/01May2025/30Minute/Q25/,False
1269,BUR-ISP-KEC-ARDICLI,BURDUR2,DEBI,01May2025,30Minute,Q5,/BUR-ISP-KEC-ARDICLI/BURDUR2/DEBI/01May2025/30Minute/Q5/,False
1270,BUR-ISP-KEC-ARDICLI,BURDUR2,DEBI,01May2025,30Minute,Q50,/BUR-ISP-KEC-ARDICLI/BURDUR2/DEBI/01May2025/30Minute/Q50/,False
1271,BUR-ISP-KEC-ARDICLI,BURDUR2,DEBI,01May2025,30Minute,Q500,/BUR-ISP-KEC-ARDICLI/BURDUR2/DEBI/01May2025/30Minute/Q500/,False
1272,BUR-ISP-KEC-CUKUROREN1,BURDUR2,DEBI,01May2025,30Minute,Q10,/BUR-ISP-KEC-CUKUROREN1/BURDUR2/DEBI/01May2025/30Minute/Q10/,False
1273,BUR-ISP-KEC-CUKUROREN1,BURDUR2,DEBI,01May2025,30Minute,Q100,/BUR-ISP-KEC-CUKUROREN1/BURDUR2/DEBI/01May2025/30Minute/Q100/,False
1274,BUR-ISP-KEC-CUKUROREN1,BURDUR2,DEBI,01May2025,30Minute,Q1000,/BUR-ISP-KEC-CUKUROREN1/BURDUR2/DEBI/01May2025/30Minute/Q1000/,False
1275,BUR-ISP-KEC-CUKUROREN1,BURDUR2,DEBI,01May2025,30Minute,Q2,/BUR-ISP-KEC-CUKUROREN1/BURDUR2/DEBI/01May2025/30Minute/Q2/,False
1276,BUR-ISP-KEC-CUKUROREN1,BURDUR2,DEBI,01May2025,30Minute,Q25,/BUR-ISP-KEC-CUKUROREN1/BURDUR2/DEBI/01May2025/30Minute/Q25/,False
1277,BUR-ISP-KEC-CUKUROREN1,BURDUR2,DEBI,01May2025,30Minute,Q5,/BUR-ISP-KEC-CUKUROREN1/BURDUR2/DEBI/01May2025/30Minute/Q5/,False
1278,BUR-ISP-KEC-CUKUROREN1,BURDUR2,DEBI,01May2025,30Minute,Q50,/BUR-ISP-KEC-CUKUROREN1/BURDUR2/DEBI/01May2025/30Minute/Q50/,False
1279,BUR-ISP-KEC-CUKUROREN1,BURDUR2,DEBI,01May2025,30Minute,Q500,/BUR-ISP-KEC-CUKUROREN1/BURDUR2/DEBI/01May2025/30Minute/Q500/,False
1280,BUR-ISP-KEC-CUKUROREN2,BURDUR2,DEBI,01May2025,30Minute,Q10,/BUR-ISP-KEC-CUKUROREN2/BURDUR2/DEBI/01May2025/30Minute/Q10/,False
1281,BUR-ISP-KEC-CUKUROREN2,BURDUR2,DEBI,01May2025,30Minute,Q100,/BUR-ISP-KEC-CUKUROREN2/BURDUR2/DEBI/01May2025/30Minute/Q100/,False
1282,BUR-ISP-KEC-CUKUROREN2,BURDUR2,DEBI,01May2025,30Minute,Q1000,/BUR-ISP-KEC-CUKUROREN2/BURDUR2/DEBI/01May2025/30Minute/Q1000/,False
1283,BUR-ISP-KEC-CUKUROREN2,BURDUR2,DEBI,01May2025,30Minute,Q2,/BUR-ISP-KEC-CUKUROREN2/BURDUR2/DEBI/01May2025/30Minute/Q2/,False
1284,BUR-ISP-KEC-CUKUROREN2,BURDUR2,DEBI,01May2025,30Minute,Q25,/BUR-ISP-KEC-CUKUROREN2/BURDUR2/DEBI/01May2025/30Minute/Q25/,False
1285,BUR-ISP-KEC-CUKUROREN2,BURDUR2,DEBI,01May2025,30Minute,Q5,/BUR-ISP-KEC-CUKUROREN2/BURDUR2/DEBI/01May2025/30Minute/Q5/,False
1286,BUR-ISP-KEC-CUKUROREN2,BURDUR2,DEBI,01May2025,30Minute,Q50,/BUR-ISP-KEC-CUKUROREN2/BURDUR2/DEBI/01May2025/30Minute/Q50/,False
1287,BUR-ISP-KEC-CUKUROREN2,BURDUR2,DEBI,01May2025,30Minute,Q500,/BUR-ISP-KEC-CUKUROREN2/BURDUR2/DEBI/01May2025/30Minute/Q500/,False
1288,BUR-ISP-KEC-CUKUROREN-T,BURDUR2,DEBI,01May2025,30Minute,Q10,/BUR-ISP-KEC-CUKUROREN-T/BURDUR2/DEBI/01May2025/30Minute/Q10/,False
1289,BUR-ISP-KEC-CUKUROREN-T,BURDUR2,DEBI,01May2025,30Minute,Q100,/BUR-ISP-KEC-CUKUROREN-T/BURDUR2/DEBI/01May2025/30Minute/Q100/,False
1290,BUR-ISP-KEC-CUKUROREN-T,BURDUR2,DEBI,01May2025,30Minute,Q1000,/BUR-ISP-KEC-CUKUROREN-T/BURDUR2/DEBI/01May2025/30Minute/Q1000/,False
1291,BUR-ISP-KEC-CUKUROREN-T,BURDUR2,DEBI,01May2025,30Minute,Q2,/BUR-ISP-KEC-CUKUROREN-T/BURDUR2/DEBI/01May2025/30Minute/Q2/,False
1292,BUR-ISP-KEC-CUKUROREN-T,BURDUR2,DEBI,01May2025,30Minute,Q25,/BUR-ISP-KEC-CUKUROREN-T/BURDUR2/DEBI/01May2025/30Minute/Q25/,False
1293,BUR-ISP-KEC-CUKUROREN-T,BURDUR2,DEBI,01May2025,30Minute,Q5,/BUR-ISP-KEC-CUKUROREN-T/BURDUR2/DEBI/01May2025/30Minute/Q5/,False
1294,BUR-ISP-KEC-CUKUROREN-T,BURDUR2,DEBI,01May2025,30Minute,Q50,/BUR-ISP-KEC-CUKUROREN-T/BURDUR2/DEBI/01May2025/30Minute/Q50/,False
1295,BUR-ISP-KEC-CUKUROREN-T,BURDUR2,DEBI,01May2025,30Minute,Q500,/BUR-ISP-KEC-CUKUROREN-T/BURDUR2/DEBI/01May2025/30Minute/Q500/,False
1296,BUR-ISP-KEC-KUSCULAR,BURDUR2,DEBI,01May2025,30Minute,Q10,/BUR-ISP-KEC-KUSCULAR/BURDUR2/DEBI/01May2025/30Minute/Q10/,False
1297,BUR-ISP-KEC-KUSCULAR,BURDUR2,DEBI,01May2025,30Minute,Q100,/BUR-ISP-KEC-KUSCULAR/BURDUR2/DEBI/01May2025/30Minute/Q100/,False
1298,BUR-ISP-KEC-KUSCULAR,BURDUR2,DEBI,01May2025,30Minute,Q1000,/BUR-ISP-KEC-KUSCULAR/BURDUR2/DEBI/01May2025/30Minute/Q1000/,False
1299,BUR-ISP-KEC-KUSCULAR,BURDUR2,DEBI,01May2025,30Minute,Q2,/BUR-ISP-KEC-KUSCULAR/BURDUR2/DEBI/01May2025/30Minute/Q2/,False
1300,BUR-ISP-KEC-KUSCULAR,BURDUR2,DEBI,01May2025,30Minute,Q25,/BUR-ISP-KEC-KUSCULAR/BURDUR2/DEBI/01May2025/30Minute/Q25/,False
1301,BUR-ISP-KEC-KUSCULAR,BURDUR2,DEBI,01May2025,30Minute,Q5,/BUR-ISP-KEC-KUSCULAR/BURDUR2/DEBI/01May2025/30Minute/Q5/,False
1302,BUR-ISP-KEC-KUSCULAR,BURDUR2,DEBI,01May2025,30Minute,Q50,/BUR-ISP-KEC-KUSCULAR/BURDUR2/DEBI/01May2025/30Minute/Q50/,False
1303,BUR-ISP-KEC-KUSCULAR,BURDUR2,DEBI,01May2025,30Minute,Q500,/BUR-ISP-KEC-KUSCULAR/BURDUR2/DEBI/01May2025/30Minute/Q500/,False
1304,BUR-ISP-KEC-KUYUCAK,BURDUR2,DEBI,01May2025,30Minute,Q10,/BUR-ISP-KEC-KUYUCAK/BURDUR2/DEBI/01May2025/30Minute/Q10/,False
1305,BUR-ISP-KEC-KUYUCAK,BURDUR2,DEBI,01May2025,30Minute,Q100,/BUR-ISP-KEC-KUYUCAK/BURDUR2/DEBI/01May2025/30Minute/Q100/,False
1306,BUR-ISP-KEC-KUYUCAK,BURDUR2,DEBI,01May2025,30Minute,Q1000,/BUR-ISP-KEC-KUYUCAK/BURDUR2/DEBI/01May2025/30Minute/Q1000/,False
1307,BUR-ISP-KEC-KUYUCAK,BURDUR2,DEBI,01May2025,30Minute,Q2,/BUR-ISP-KEC-KUYUCAK/BURDUR2/DEBI/01May2025/30Minute/Q2/,False
1308,BUR-ISP-KEC-KUYUCAK,BURDUR2,DEBI,01May2025,30Minute,Q25,/BUR-ISP-KEC-KUYUCAK/BURDUR2/DEBI/01May2025/30Minute/Q25/,False
1309,BUR-ISP-KEC-KUYUCAK,BURDUR2,DEBI,01May2025,30Minute,Q5,/BUR-ISP-KEC-KUYUCAK/BURDUR2/DEBI/01May2025/30Minute/Q5/,False
1310,BUR-ISP-KEC-KUYUCAK,BURDUR2,DEBI,01May2025,30Minute,Q50,/BUR-ISP-KEC-KUYUCAK/BURDUR2/DEBI/01May2025/30Minute/Q50/,False
1311,BUR-ISP-KEC-KUYUCAK,BURDUR2,DEBI,01May2025,30Minute,Q500,/BUR-ISP-KEC-KUYUCAK/BURDUR2/DEBI/01May2025/30Minute/Q500/,False
1312,BUR-ISP-KEC-SARACIK1,BURDUR2,DEBI,01May2025,30Minute,Q10,/BUR-ISP-KEC-SARACIK1/BURDUR2/DEBI/01May2025/30Minute/Q10/,False
1313,BUR-ISP-KEC-SARACIK1,BURDUR2,DEBI,01May2025,30Minute,Q100,/BUR-ISP-KEC-SARACIK1/BURDUR2/DEBI/01May2025/30Minute/Q100/,False
1314,BUR-ISP-KEC-SARACIK1,BURDUR2,DEBI,01May2025,30Minute,Q1000,/BUR-ISP-KEC-SARACIK1/BURDUR2/DEBI/01May2025/30Minute/Q1000/,False
1315,BUR-ISP-KEC-SARACIK1,BURDUR2,DEBI,01May2025,30Minute,Q2,/BUR-ISP-KEC-SARACIK1/BURDUR2/DEBI/01May2025/30Minute/Q2/,False
1316,BUR-ISP-KEC-SARACIK1,BURDUR2,DEBI,01May2025,30Minute,Q25,/BUR-ISP-KEC-SARACIK1/BURDUR2/DEBI/01May2025/30Minute/Q25/,False
1317,BUR-ISP-KEC-SARACIK1,BURDUR2,DEBI,01May2025,30Minute,Q5,/BUR-ISP-KEC-SARACIK1/BURDUR2/DEBI/01May2025/30Minute/Q5/,False
1318,BUR-ISP-KEC-SARACIK1,BURDUR2,DEBI,01May2025,30Minute,Q50,/BUR-ISP-KEC-SARACIK1/BURDUR2/DEBI/01May2025/30Minute/Q50/,False
1319,BUR-ISP-KEC-SARACIK1,BURDUR2,DEBI,01May2025,30Minute,Q500,/BUR-ISP-KEC-SARACIK1/BURDUR2/DEBI/01May2025/30Minute/Q500/,False
1320,BUR-ISP-KEC-SARACIK2,BURDUR2,DEBI,01May2025,30Minute,Q10,/BUR-ISP-KEC-SARACIK2/BURDUR2/DEBI/01May2025/30Minute/Q10/,False
1321,BUR-ISP-KEC-SARACIK2,BURDUR2,DEBI,01May2025,30Minute,Q100,/BUR-ISP-KEC-SARACIK2/BURDUR2/DEBI/01May2025/30Minute/Q100/,False
1322,BUR-ISP-KEC-SARACIK2,BURDUR2,DEBI,01May2025,30Minute,Q1000,/BUR-ISP-KEC-SARACIK2/BURDUR2/DEBI/01May2025/30Minute/Q1000/,False
1323,BUR-ISP-KEC-SARACIK2,BURDUR2,DEBI,01May2025,30Minute,Q2,/BUR-ISP-KEC-SARACIK2/BURDUR2/DEBI/01May2025/30Minute/Q2/,False
1324,BUR-ISP-KEC-SARACIK2,BURDUR2,DEBI,01May2025,30Minute,Q25,/BUR-ISP-KEC-SARACIK2/BURDUR2/DEBI/01May2025/30Minute/Q25/,False
1325,BUR-ISP-KEC-SARACIK2,BURDUR2,DEBI,01May2025,30Minute,Q5,/BUR-ISP-KEC-SARACIK2/BURDUR2/DEBI/01May2025/30Minute/Q5/,False
1326,BUR-ISP-KEC-SARACIK2,BURDUR2,DEBI,01May2025,30Minute,Q50,/BUR-ISP-KEC-SARACIK2/BURDUR2/DEBI/01May2025/30Minute/Q50/,False
1327,BUR-ISP-KEC-SARACIK2,BURDUR2,DEBI,01May2025,30Minute,Q500,/BUR-ISP-KEC-SARACIK2/BURDUR2/DEBI/01May2025/30Minute/Q500/,False
1328,BUR-ISP-KEC-SARACIK3,BURDUR2,DEBI,02May2025,5Minute,Q10,/BUR-ISP-KEC-SARACIK3/BURDUR2/DEBI/02May2025/5Minute/Q10/,False
1329,BUR-ISP-KEC-SARACIK3,BURDUR2,DEBI,02May2025,5Minute,Q100,/BUR-ISP-KEC-SARACIK3/BURDUR2/DEBI/02May2025/5Minute/Q100/,False
1330,BUR-ISP-KEC-SARACIK3,BURDUR2,DEBI,02May2025,5Minute,Q1000,/BUR-ISP-KEC-SARACIK3/BURDUR2/DEBI/02May2025/5Minute/Q1000/,False
1331,BUR-ISP-KEC-SARACIK3,BURDUR2,DEBI,02May2025,5Minute,Q2,/BUR-ISP-KEC-SARACIK3/BURDUR2/DEBI/02May2025/5Minute/Q2/,False
1332,BUR-ISP-KEC-SARACIK3,BURDUR2,DEBI,02May2025,5Minute,Q25,/BUR-ISP-KEC-SARACIK3/BURDUR2/DEBI/02May2025/5Minute/Q25/,False
1333,BUR-ISP-KEC-SARACIK3,BURDUR2,DEBI,02May2025,5Minute,Q5,/BUR-ISP-KEC-SARACIK3/BURDUR2/DEBI/02May2025/5Minute/Q5/,False
1334,BUR-ISP-KEC-SARACIK3,BURDUR2,DEBI,02May2025,5Minute,Q50,/BUR-ISP-KEC-SARACIK3/BURDUR2/DEBI/02May2025/5Minute/Q50/,False
1335,BUR-ISP-KEC-SARACIK3,BURDUR2,DEBI,02May2025,5Minute,Q500,/BUR-ISP-KEC-SARACIK3/BURDUR2/DEBI/02May2025/5Minute/Q500/,False
1336,BUR-ISP-KEC-SARACIK4,BURDUR2,DEBI,01May2025,30Minute,Q10,/BUR-ISP-KEC-SARACIK4/BURDUR2/DEBI/01May2025/30Minute/Q10/,False
1337,BUR-ISP-KEC-SARACIK4,BURDUR2,DEBI,01May2025,30Minute,Q100,/BUR-ISP-KEC-SARACIK4/BURDUR2/DEBI/01May2025/30Minute/Q100/,False
1338,BUR-ISP-KEC-SARACIK4,BURDUR2,DEBI,01May2025,30Minute,Q1000,/BUR-ISP-KEC-SARACIK4/BURDUR2/DEBI/01May2025/30Minute/Q1000/,False
1339,BUR-ISP-KEC-SARACIK4,BURDUR2,DEBI,01May2025,30Minute,Q2,/BUR-ISP-KEC-SARACIK4/BURDUR2/DEBI/01May2025/30Minute/Q2/,False
1340,BUR-ISP-KEC-SARACIK4,BURDUR2,DEBI,01May2025,30Minute,Q25,/BUR-ISP-KEC-SARACIK4/BURDUR2/DEBI/01May2025/30Minute/Q25/,False
1341,BUR-ISP-KEC-SARACIK4,BURDUR2,DEBI,01May2025,30Minute,Q5,/BUR-ISP-KEC-SARACIK4/BURDUR2/DEBI/01May2025/30Minute/Q5/,False
1342,BUR-ISP-KEC-SARACIK4,BURDUR2,DEBI,01May2025,30Minute,Q50,/BUR-ISP-KEC-SARACIK4/BURDUR2/DEBI/01May2025/30Minute/Q50/,False
1343,BUR-ISP-KEC-SARACIK4,BURDUR2,DEBI,01May2025,30Minute,Q500,/BUR-ISP-KEC-SARACIK4/BURDUR2/DEBI/01May2025/30Minute/Q500/,False
1344,BUR-ISP-KEC-SENIR,BURDUR2,DEBI,01May2025,30Minute,Q10,/BUR-ISP-KEC-SENIR/BURDUR2/DEBI/01May2025/30Minute/Q10/,False
1345,BUR-ISP-KEC-SENIR,BURDUR2,DEBI,01May2025,30Minute,Q100,/BUR-ISP-KEC-SENIR/BURDUR2/DEBI/01May2025/30Minute/Q100/,False
1346,BUR-ISP-KEC-SENIR,BURDUR2,DEBI,01May2025,30Minute,Q1000,/BUR-ISP-KEC-SENIR/BURDUR2/DEBI/01May2025/30Minute/Q1000/,False
1347,BUR-ISP-KEC-SENIR,BURDUR2,DEBI,01May2025,30Minute,Q2,/BUR-ISP-KEC-SENIR/BURDUR2/DEBI/01May2025/30Minute/Q2/,False
1348,BUR-ISP-KEC-SENIR,BURDUR2,DEBI,01May2025,30Minute,Q25,/BUR-ISP-KEC-SENIR/BURDUR2/DEBI/01May2025/30Minute/Q25/,False
1349,BUR-ISP-KEC-SENIR,BURDUR2,DEBI,01May2025,30Minute,Q5,/BUR-ISP-KEC-SENIR/BURDUR2/DEBI/01May2025/30Minute/Q5/,False
1350,BUR-ISP-KEC-SENIR,BURDUR2,DEBI,01May2025,30Minute,Q50,/BUR-ISP-KEC-SENIR/BURDUR2/DEBI/01May2025/30Minute/Q50/,False
1351,BUR-ISP-KEC-SENIR,BURDUR2,DEBI,01May2025,30Minute,Q500,/BUR-ISP-KEC-SENIR/BURDUR2/DEBI/01May2025/30Minute/Q500/,False
1352,BUR-ISP-KEC-TEPECIK,BURDUR2,DEBI,01May2025,30Minute,Q10,/BUR-ISP-KEC-TEPECIK/BURDUR2/DEBI/01May2025/30Minute/Q10/,False
1353,BUR-ISP-KEC-TEPECIK,BURDUR2,DEBI,01May2025,30Minute,Q100,/BUR-ISP-KEC-TEPECIK/BURDUR2/DEBI/01May2025/30Minute/Q100/,False
1354,BUR-ISP-KEC-TEPECIK,BURDUR2,DEBI,01May2025,30Minute,Q1000,/BUR-ISP-KEC-TEPECIK/BURDUR2/DEBI/01May2025/30Minute/Q1000/,False
1355,BUR-ISP-KEC-TEPECIK,BURDUR2,DEBI,01May2025,30Minute,Q2,/BUR-ISP-KEC-TEPECIK/BURDUR2/DEBI/01May2025/30Minute/Q2/,False
1356,BUR-ISP-KEC-TEPECIK,BURDUR2,DEBI,01May2025,30Minute,Q25,/BUR-ISP-KEC-TEPECIK/BURDUR2/DEBI/01May2025/30Minute/Q25/,False
1357,BUR-ISP-KEC-TEPECIK,BURDUR2,DEBI,01May2025,30Minute,Q5,/BUR-ISP-KEC-TEPECIK/BURDUR2/DEBI/01May2025/30Minute/Q5/,False
1358,BUR-ISP-KEC-TEPECIK,BURDUR2,DEBI,01May2025,30Minute,Q50,/BUR-ISP-KEC-TEPECIK/BURDUR2/DEBI/01May2025/30Minute/Q50/,False
1359,BUR-ISP-KEC-TEPECIK,BURDUR2,DEBI,01May2025,30Minute,Q500,/BUR-ISP-KEC-TEPECIK/BURDUR2/DEBI/01May2025/30Minute/Q500/,False
1360,BUR-ISP-KEC-TEPECIK-T,BURDUR2,DEBI,01May2025,30Minute,Q10,/BUR-ISP-KEC-TEPECIK-T/BURDUR2/DEBI/01May2025/30Minute/Q10/,False
1361,BUR-ISP-KEC-TEPECIK-T,BURDUR2,DEBI,01May2025,30Minute,Q100,/BUR-ISP-KEC-TEPECIK-T/BURDUR2/DEBI/01May2025/30Minute/Q100/,False
1362,BUR-ISP-KEC-TEPECIK-T,BURDUR2,DEBI,01May2025,30Minute,Q1000,/BUR-ISP-KEC-TEPECIK-T/BURDUR2/DEBI/01May2025/30Minute/Q1000/,False
1363,BUR-ISP-KEC-TEPECIK-T,BURDUR2,DEBI,01May2025,30Minute,Q2,/BUR-ISP-KEC-TEPECIK-T/BURDUR2/DEBI/01May2025/30Minute/Q2/,False
1364,BUR-ISP-KEC-TEPECIK-T,BURDUR2,DEBI,01May2025,30Minute,Q25,/BUR-ISP-KEC-TEPECIK-T/BURDUR2/DEBI/01May2025/30Minute/Q25/,False
1365,BUR-ISP-KEC-TEPECIK-T,BURDUR2,DEBI,01May2025,30Minute,Q5,/BUR-ISP-KEC-TEPECIK-T/BURDUR2/DEBI/01May2025/30Minute/Q5/,False
1366,BUR-ISP-KEC-TEPECIK-T,BURDUR2,DEBI,01May2025,30Minute,Q50,/BUR-ISP-KEC-TEPECIK-T/BURDUR2/DEBI/01May2025/30Minute/Q50/,False
1367,BUR-ISP-KEC-TEPECIK-T,BURDUR2,DEBI,01May2025,30Minute,Q500,/BUR-ISP-KEC-TEPECIK-T/BURDUR2/DEBI/01May2025/30Minute/Q500/,False
1368,BUR-ISP-MER-GELINCIK1,BURDUR2,DEBI,01May2025,30Minute,Q10,/BUR-ISP-MER-GELINCIK1/BURDUR2/DEBI/01May2025/30Minute/Q10/,False
1369,BUR-ISP-MER-GELINCIK1,BURDUR2,DEBI,01May2025,30Minute,Q100,/BUR-ISP-MER-GELINCIK1/BURDUR2/DEBI/01May2025/30Minute/Q100/,False
1370,BUR-ISP-MER-GELINCIK1,BURDUR2,DEBI,01May2025,30Minute,Q1000,/BUR-ISP-MER-GELINCIK1/BURDUR2/DEBI/01May2025/30Minute/Q1000/,False
1371,BUR-ISP-MER-GELINCIK1,BURDUR2,DEBI,01May2025,30Minute,Q2,/BUR-ISP-MER-GELINCIK1/BURDUR2/DEBI/01May2025/30Minute/Q2/,False
1372,BUR-ISP-MER-GELINCIK1,BURDUR2,DEBI,01May2025,30Minute,Q25,/BUR-ISP-MER-GELINCIK1/BURDUR2/DEBI/01May2025/30Minute/Q25/,False
1373,BUR-ISP-MER-GELINCIK1,BURDUR2,DEBI,01May2025,30Minute,Q5,/BUR-ISP-MER-GELINCIK1/BURDUR2/DEBI/01May2025/30Minute/Q5/,False
1374,BUR-ISP-MER-GELINCIK1,BURDUR2,DEBI,01May2025,30Minute,Q50,/BUR-ISP-MER-GELINCIK1/BURDUR2/DEBI/01May2025/30Minute/Q50/,False
1375,BUR-ISP-MER-GELINCIK1,BURDUR2,DEBI,01May2025,30Minute,Q500,/BUR-ISP-MER-GELINCIK1/BURDUR2/DEBI/01May2025/30Minute/Q500/,False
1376,BUR-ISP-MER-GELINCIK2,BURDUR2,DEBI,01May2025,30Minute,Q10,/BUR-ISP-MER-GELINCIK2/BURDUR2/DEBI/01May2025/30Minute/Q10/,False
1377,BUR-ISP-MER-GELINCIK2,BURDUR2,DEBI,01May2025,30Minute,Q100,/BUR-ISP-MER-GELINCIK2/BURDUR2/DEBI/01May2025/30Minute/Q100/,False
1378,BUR-ISP-MER-GELINCIK2,BURDUR2,DEBI,01May2025,30Minute,Q1000,/BUR-ISP-MER-GELINCIK2/BURDUR2/DEBI/01May2025/30Minute/Q1000/,False
1379,BUR-ISP-MER-GELINCIK2,BURDUR2,DEBI,01May2025,30Minute,Q2,/BUR-ISP-MER-GELINCIK2/BURDUR2/DEBI/01May2025/30Minute/Q2/,False
1380,BUR-ISP-MER-GELINCIK2,BURDUR2,DEBI,01May2025,30Minute,Q25,/BUR-ISP-MER-GELINCIK2/BURDUR2/DEBI/01May2025/30Minute/Q25/,False
1381,BUR-ISP-MER-GELINCIK2,BURDUR2,DEBI,01May2025,30Minute,Q5,/BUR-ISP-MER-GELINCIK2/BURDUR2/DEBI/01May2025/30Minute/Q5/,False
1382,BUR-ISP-MER-GELINCIK2,BURDUR2,DEBI,01May2025,30Minute,Q50,/BUR-ISP-MER-GELINCIK2/BURDUR2/DEBI/01May2025/30Minute/Q50/,False
1383,BUR-ISP-MER-GELINCIK2,BURDUR2,DEBI,01May2025,30Minute,Q500,/BUR-ISP-MER-GELINCIK2/BURDUR2/DEBI/01May2025/30Minute/Q500/,False
1384,BUR-ISP-MER-GELINCIK3,BURDUR2,DEBI,02May2025,5Minute,Q10,/BUR-ISP-MER-GELINCIK3/BURDUR2/DEBI/02May2025/5Minute/Q10/,False
1385,BUR-ISP-MER-GELINCIK3,BURDUR2,DEBI,02May2025,5Minute,Q100,/BUR-ISP-MER-GELINCIK3/BURDUR2/DEBI/02May2025/5Minute/Q100/,False
1386,BUR-ISP-MER-GELINCIK3,BURDUR2,DEBI,02May2025,5Minute,Q1000,/BUR-ISP-MER-GELINCIK3/BURDUR2/DEBI/02May2025/5Minute/Q1000/,False
1387,BUR-ISP-MER-GELINCIK3,BURDUR2,DEBI,02May2025,5Minute,Q2,/BUR-ISP-MER-GELINCIK3/BURDUR2/DEBI/02May2025/5Minute/Q2/,False
1388,BUR-ISP-MER-GELINCIK3,BURDUR2,DEBI,02May2025,5Minute,Q25,/BUR-ISP-MER-GELINCIK3/BURDUR2/DEBI/02May2025/5Minute/Q25/,False
1389,BUR-ISP-MER-GELINCIK3,BURDUR2,DEBI,02May2025,5Minute,Q5,/BUR-ISP-MER-GELINCIK3/BURDUR2/DEBI/02May2025/5Minute/Q5/,False
1390,BUR-ISP-MER-GELINCIK3,BURDUR2,DEBI,02May2025,5Minute,Q50,/BUR-ISP-MER-GELINCIK3/BURDUR2/DEBI/02May2025/5Minute/Q50/,False
1391,BUR-ISP-MER-GELINCIK3,BURDUR2,DEBI,02May2025,5Minute,Q500,/BUR-ISP-MER-GELINCIK3/BURDUR2/DEBI/02May2025/5Minute/Q500/,False
