1D Steady Open Channel Network Solver																																												
																																												
Two-pass steady 1D workbook: subcritical backwater, supercritical forewater, mixed-flow specific-force selection, and spill routing to drain.																																												
	Parameter	Unit	Value				Fundamental Inputs			Boundary	Segment	End	Type	Value	Resolved Stage	Remarks																												
	Total inflow Q	m3/s	51			Acceleration g	m/s2	9.81		Inlet-UsProject	UsProject	start	Known WSE	637	637	Master inlet boundary																												
	Manning n	-	0.015			Density rho	kg/m3	998.2		Outlet-UsExit	UsExit	end	Dead End	637	636.131694	Dead End outlet; dummy reach resolves downstream stage only to maintain the solved upstream junction energy.																												
	Default bank slope	H:V	0			Allowed BC types	-	Known WSE / Known Depth / Normal Depth / Critical Depth / Dead End / Spill End / Spill Zero		Outlet-forebay	forebay	end	Spill End	635.5	634.6085762	Spill End outlet; lateral spill is capacity-limited and the downstream stage rises when spill capacity is short.																												
	Expansion coeff Ke	-	0.3							Outlet-sidechannel	sidechannel	end	Spill End	635.5	635.6	Spill End outlet; lateral spill is capacity-limited and the downstream stage rises when spill capacity is short.																												
	Contraction coeff Kc	-	0.1							Inlet-drain	drain	start	Spill Zero		631.51	Master inlet boundary																												
	Bend coeff Kb	-	0.15							Outlet-drain	drain	end	Known WSE	625	625	Master outlet boundary																												
	Junction coeff base	-	0.75			Final alpha J1	-	0.98																																				
	Spill coeff Cw	-	1.7			Final alpha J2	-	0.02																																				
	Stage relaxation	-	0.05			Final J1 WSE	m	636.0855519																																				
	Split relaxation	-	0.08			Final J2 WSE	m	635.9372853																																				
	Junction energy weight	-	0.05			Total spill to drain	m3/s	0.05																																				
	Minimum depth	m	0.01			J1 junction error	m	0																																				
	Boundary slope	-	0.001			J2 junction error	m	0																																				
	Profile relaxation	-	0.15			J1 target WSE	m	636.0855519																																				
	Profile tolerance	m	0.001			J2 target WSE	m	635.9372853																																				
	Reset (0: Hold, 1: Eval)	-	1			UsProject done	-	1																																				
	J1 initial WSE	m	637			waterway done	-	0																																				
	J2 initial WSE	m	636			UsExit done	-	1																																				
	alpha J1 initial	-	0.65			forebay done	-	0																																				
	alpha J2 initial	-	0.65			sidechannel done	-	0																																				
	Spill relaxation	-	0.1			J1 ready	-	0																																				
Junction Internal Boundary Conditions						J2 ready	-	0																																				
Junction WSE cells iterate directly from the reach passes: forward-pass junction stage from the upstream reach and backward-pass junction stages from the connected downstream reaches are compared each recalculation, the junction error is relaxed in small increments, and the updated node stage is fed back into the reach passes.																																												
																																												
																																												
Segment	From	To	Pts	Length	b_start	b_end	z_start	z_end	bed_start	bed_end	WS_start	WS_end	Q_in	Q_spill	Q_out	y_avg	Sf_avg	hf	h_junc	h_total	Profile	Start ang	End ang																					
UsProject	Inlet	Junction1	12	10.742	6.003	6.558	0	0	634.32	634.298	637	635.7964172	51	0	51	0	0	0	0	0	Mixed	-118.025	-117.982																					
waterway	Junction1	Junction2	1387	1385.515	6.558	10.206	0	0	634.298	631.875	637.0955677	635.9372853	50.95	0	50.95	0	0	0	0	0	Mixed	-161.275	-90																					
UsExit	Junction1	Outlet	19	17.255	6.558	5.994	0	0	634.298	634.262	636.1482347	636.131694	0.05	0	0	0	0	0	0	0	Mixed	-118.025	-117.874																					
forebay	Junction2	Outlet	39	38	10.206	5.005	0	0	631.875	621.978	635.9372853	634.6085762	1.019	0	0	0	0	0	0	0	Mixed	-90	-90																					
sidechannel	Junction2	Outlet	36	34.931	10.206	3.82	0	0	631.5	631.5	635.9372853	635.6	49.931	0	0	0	0	0	5.39252E-05	5.39252E-05	Mixed	-17.819	-85.755																					
drain	Inlet	Outlet	47	45.363	2.05	3.2	0	0	631.5	622	634.5	625	0.05	0	2.130087445	0	0	0	0	0	Mixed	-65.101	-90.405																					
																																												
																																												
																																												
																																												
																																												
Segment: UsProject				10.742	m length		51	m3/s		Mixed	profile																																	
SN	Dist	Easting	Northing	Bed Z	Width	Side z	Type	Def Ang	dx	Q_used	y_super	A_super	R_super	v_super	WS_super	EG_super	Sf_super	Fr_super	M_super	Err_super	Done_super	y_sub	A_sub	R_sub	v_sub	WS_sub	EG_sub	Sf_sub	Fr_sub	M_sub	Err_sub	Done_sub	y_final	WS_final	EG_final	Crest_L	Crest_R	Spill_L	Spill_R	Spill_Q	Cum_spill	Fr_final	Regime	Sf_final
-	m	m	m	m	m	-	-	deg	m	m3/s	m	m2	m	m/s	m	m	-	-	m3	m	-	m	m2	m	m/s	m	m	-	-	m3	m	-	m	m	m	m	m	m3/s	m3/s	m3/s	m3/s	-	-	-
1	0	616561.061	3097769.93	634.32	6.003	0	Normal	0	0	51	2.68	16.08804	1.415826806	3.170056763	637	637.5121947	0.00142223	0.618251442	38.03839102	0	1	1.944963935	11.6756185	1.180198487	4.368076945	636.2649639	637.2374459	0.003442096	1	34.06298535	0.001442096	1	2.68	637	637.5121947			0	0	0	0	0.618251442	Subcritical	0.00142223
2	1	616560.591	3097769.047	634.318	6.003	0	Normal	0	1	51	1.944963935	11.6756185	1.180198487	4.368076945	636.2629639	637.2354459	0.003442096	1	34.06298535	0.2282879	1	1.944963935	11.6756185	1.180198487	4.368076945	636.2629639	637.2354459	0.003442096	1	34.06298535	0.001197555	1	1.944963935	636.2629639	637.2354459			0	0	0	0	1	Supercritical	0.003442096
3	2.001	616560.121	3097768.164	634.316	6.004	0	Normal	0.027	1.001	51	1.944747966	11.67626679	1.180196249	4.367834423	636.260748	637.2331219	0.003441723	1	34.06109412	-0.001197555	1	1.944747966	11.67626679	1.180196249	4.367834423	636.260748	637.2331219	0.003441723	1	34.06109412	0.001482038	1	1.944747966	636.260748	637.2331219			0	0	0	0	1	Supercritical	0.003441723
4	3	616559.651	3097767.282	634.314	6.004	0	Normal	0.027	0.999	51	1.944747966	11.67626679	1.180196249	4.367834423	636.258748	637.2311219	0.003441723	1	34.06109412	-0.001482038	1	1.944747966	11.67626679	1.180196249	4.367834423	636.258748	637.2311219	0.003441723	1	34.06109412	0.001150059	1	1.944747966	636.258748	637.2311219			0	0	0	0	1	Supercritical	0.003441723
5	4	616559.181	3097766.399	634.312	6.005	0	Normal	0	1	51	1.944532057	11.676915	1.18019399	4.367591954	636.2565321	637.2287981	0.003441349	1	34.05920331	-0.001150059	1	1.944532057	11.676915	1.18019399	4.367591954	636.2565321	637.2287981	0.003441349	1	34.05920331	0.001444791	1	1.944532057	636.2565321	637.2287981			0	0	0	0	1	Supercritical	0.003441349
6	5.001	616558.711	3097765.516	634.31	6.005	0	Normal	0	1.001	51	1.944532057	11.676915	1.18019399	4.367591954	636.2545321	637.2267981	0.003441349	1	34.05920331	-0.001444791	1	1.944532057	11.676915	1.18019399	4.367591954	636.2545321	637.2267981	0.003441349	1	34.05920331	0.001193518	1	1.944532057	636.2545321	637.2267981			0	0	0	0	1	Supercritical	0.003441349
7	6.001	616558.241	3097764.633	634.308	6.006	0	Normal	0.027	1	51	1.944316207	11.67756314	1.180191709	4.367349539	636.2523162	637.2244743	0.003440976	1	34.05731292	-0.001193518	1	1.944316207	11.67756314	1.180191709	4.367349539	636.2523162	637.2244743	0.003440976	1	34.05731292	0.001481282	1	1.944316207	636.2523162	637.2244743			0	0	0	0	1	Supercritical	0.003440976
8	7	616557.771	3097763.751	634.306	6.006	0	Normal	0.027	0.999	51	1.944316207	11.67756314	1.180191709	4.367349539	636.2503162	637.2224743	0.003440976	1	34.05731292	-0.001481282	1	1.944316207	11.67756314	1.180191709	4.367349539	636.2503162	637.2224743	0.003440976	1	34.05731292	0.001152915	1	1.944316207	636.2503162	637.2224743			0	0	0	0	1	Supercritical	0.003440976
9	8.001	616557.301	3097762.868	634.304	6.007	0	Normal	0	1.001	51	1.944100418	11.67821121	1.180189407	4.367107178	636.2481004	637.2201506	0.003440603	1	34.05542294	-0.001152915	1	1.944100418	11.67821121	1.180189407	4.367107178	636.2481004	637.2201506	0.003440603	1	34.05542294	0.001484346	1	1.944100418	636.2481004	637.2201506			0	0	0	0	1	Supercritical	0.003440603
10	9.001	616556.831	3097761.985	634.302	6.007	0	Normal	0.027	1	51	1.944100418	11.67821121	1.180189407	4.367107178	636.2461004	637.2181506	0.003440603	1	34.05542294	-0.001484346	1	1.944100418	11.67821121	1.180189407	4.367107178	636.2461004	637.2181506	0.003440603	1	34.05542294	-0.112318056	1	1.944100418	636.2461004	637.2181506			0	0	0	0	1	Supercritical	0.003440603
11	10	616556.361	3097761.103	634.3	6.42	0	Normal	0.071	0.999	51	1.563575345	10.03815371	1.051429273	5.080615565	635.8635753	637.179205	0.005432192	1.29724625	34.26069094	0	1	1.859803652	11.93993945	1.177554425	4.271378446	636.1598037	637.0897055	0.003301242	1	33.30891449	-0.034912558	1	1.563575345	635.8635753	637.179205			0	0	0	0	1.29724625	Supercritical	0.005432192
12	10.742	616556.013	3097760.448	634.298	6.558	0	Junction	0	0.742	51	1.498417237	9.826620238	1.028444843	5.189983816	635.7964172	637.1692986	0.005838122	1.353677218	34.34375581	0	1	1.833620715	12.02488465	1.176000071	4.241204925	636.1316207	637.0484311	0.003260503	1	33.07361639	0	1	1.498417237	635.7964172	637.1692986			0	0	0	0	1.353677218	Supercritical	0.005838122
																																												
																																												
Segment: waterway				1385.515	m length		50.95	m3/s		Mixed	profile																																	
SN	Dist	Easting	Northing	Bed Z	Width	Side z	Type	Def Ang	dx	Q_used	y_super	A_super	R_super	v_super	WS_super	EG_super	Sf_super	Fr_super	M_super	Err_super	Done_super	y_sub	A_sub	R_sub	v_sub	WS_sub	EG_sub	Sf_sub	Fr_sub	M_sub	Err_sub	Done_sub	y_final	WS_final	EG_final	Crest_L	Crest_R	Spill_L	Spill_R	Spill_Q	Cum_spill	Fr_final	Regime	Sf_final
-	m	m	m	m	m	-	-	deg	m	m3/s	m	m2	m	m/s	m	m	-	-	m3	m	-	m	m2	m	m/s	m	m	-	-	m3	m	-	m	m	m	m	m	m3/s	m3/s	m3/s	m3/s	-	-	-
1	0	616556.013	3097760.448	634.298	6.558	0	Junction	0	0	50.95	1.787551858	11.72276509	1.156878032	4.34624422	636.0855519	637.0483367	0.003499672	1.037887538	33.05052658	0	1	2.797567651	18.34644865	1.509606221	2.777104221	637.0955677	637.4886516	0.001002033	0.530111684	40.08610605	-0.000906829	1	2.797567651	637.0955677	637.4886516			0	0	0	0	0.530111684	Subcritical	0.001002033
2	1	616555.066	3097760.127	634.296	7.191	0	Junction	0.054	1	50.95	1.392626662	10.01437833	1.003821575	5.087684761	635.6886267	637.00792	0.005794476	1.376475031	33.3969513	0	1	2.852843531	20.51479783	1.590702925	2.483573097	637.1488435	637.4632235	0.000747396	0.469465267	42.16163787	-0.000949076	1	2.852843531	637.1488435	637.4632235			0	0	0	0	0.469465267	Subcritical	0.000747396
3	2	616554.119	3097759.805	634.294	7.927	0	Junction	0.054	1	50.95	1.1824095	9.372960104	0.910719486	5.435849447	635.4764095	636.9824472	0.007531321	1.596059072	33.77340065	0	1	2.897751579	22.97047677	1.673927599	2.218064541	637.1917516	637.4425064	0.000556949	0.416015105	44.80128492	-0.000963645	1	2.897751579	637.1917516	637.4425064			0	0	0	0	0.416015105	Subcritical	0.000556949
4	3	616553.172	3097759.484	634.292	8.664	0	Junction	0	1	50.95	1.039936011	9.010005602	0.838618106	5.654824453	635.331936	636.9617545	0.009097774	1.770440415	34.05426285	0	1	2.930114506	25.38651208	1.747873299	2.006971255	637.2221145	637.4274118	0.000430446	0.374338376	47.61625995	-0.000926921	1	2.930114506	637.2221145	637.4274118			0	0	0	0	0.374338376	Subcritical	0.000430446
5	4	616552.225	3097759.163	634.29	9.401	0	Junction	0	1	50.95	0.932965295	8.770806737	0.778455735	5.809043744	635.2229653	636.9428934	0.010602621	1.920159913	34.26174298	0	1	2.954453054	27.77481316	1.814172665	1.834395778	637.2444531	637.4159621	0.000342187	0.340737546	50.55695529	-0.000939598	1	2.954453054	637.2444531	637.4159621			0	0	0	0	0.340737546	Subcritical	0.000342187
6	5	616551.278	3097758.842	634.288	10.138	0	Junction	0	1	50.95	0.848449696	8.601583014	0.726798153	5.92332829	635.1364497	636.9247177	0.0120808	2.053138517	34.41287643	0	1	2.973330938	30.14362905	1.874060473	1.690241076	637.2613309	637.4069433	0.000278207	0.312962659	53.59206355	-0.000986897	1	2.973330938	637.2613309	637.4069433			0	0	0	0	0.312962659	Subcritical	0.000278207
7	6	616550.331	3097758.521	634.286	10.874	0	Junction	0.054	1	50.95	0.779646156	8.4778723	0.681868655	6.009762615	635.0656462	636.9064844	0.013540338	2.173071635	34.51765368	0	1	2.988292562	32.49469331	1.928401481	1.567948326	637.2742926	637.3995964	0.000230453	0.289591417	56.6952469	-0.000912508	1	2.988292562	637.2742926	637.3995964			0	0	0	0	0.289591417	Subcritical	0.000230453
8	7	616549.384	3097758.199	634.284	11.611	0	Junction	0.054	1	50.95	0.722171274	8.385130666	0.642275807	6.076232086	635.0061713	636.887955	0.014990719	2.282862453	34.58575481	0	1	3.000566356	34.83957596	1.978157701	1.46241734	637.2845664	637.3935707	0.000193781	0.269547437	59.8645573	-0.000998917	1	3.000566356	637.2845664	637.3935707			0	0	0	0	0.269547437	Subcritical	0.000193781
9	8	616548.437	3097757.878	634.282	12.348	0	Junction	0	1	50.95	0.673386975	8.31498237	0.607164631	6.127493449	634.955387	636.8690555	0.016431339	2.384053494	34.62384009	-1.13687E-13	1	3.010676968	37.17583921	2.023796772	1.370513782	637.292677	637.3884113	0.000165092	0.25218359	63.08023135	-0.000940397	1	3.010676968	637.292677	637.3884113			0	0	0	0	0.25218359	Subcritical	0.000165092
10	9	616547.49	3097757.557	634.28	6.224	0	Normal	0	1	50.95	1.897405115	11.80944944	1.17872773	4.314341686	636.1774051	637.1261077	0.003363517	1	33.61096466	-0.556439408	1	2.528608023	15.73805633	1.395067364	3.237375628	636.808608	637.3427875	0.001512778	0.6500067	36.71158054	-0.000933333	1	2.528608023	636.808608	637.3427875			0	0	0	0	0.6500067	Subcritical	0.001512778
11	10	616546.543	3097757.236	634.278	6.224	0	Normal	0.054	1	50.95	1.897405115	11.80944944	1.17872773	4.314341686	636.1754051	637.1241077	0.003363517	1	33.61096466	-0.0014489	1	2.527682802	15.73229776	1.394785692	3.238560621	636.8056828	637.3402534	0.001514293	0.650363621	36.7031765	-0.000937849	1	2.527682802	636.8056828	637.3402534			0	0	0	0	0.650363621	Subcritical	0.001514293
12	11	616545.596	3097756.914	634.276	6	0	Normal	0.054	1	50.95	1.944340352	11.66604211	1.17973696	4.367376656	636.2203404	637.1925105	0.003442788	1	34.02413465	-0.074240265	1	2.430882147	14.58529288	1.34281066	3.493244901	636.7068821	637.3288373	0.001853336	0.715340111	35.87035994	-0.000953362	1	2.430882147	636.7068821	637.3288373			0	0	0	0	0.715340111	Subcritical	0.001853336
13	12	616544.649	3097756.593	634.274	6	0	Normal	0	1	50.95	1.944340352	11.66604211	1.17973696	4.367376656	636.2183404	637.1905105	0.003442788	1	34.02413465	-0.001442788	1	2.429029494	14.57417697	1.342245145	3.495909245	636.7030295	637.3259337	0.001857207	0.716158667	35.8571865	-0.000965768	1	2.429029494	636.7030295	637.3259337			0	0	0	0	0.716158667	Subcritical	0.001857207
14	13	616543.702	3097756.272	634.272	6	0	Normal	0	1	50.95	1.944340352	11.66604211	1.17973696	4.367376656	636.2163404	637.1885105	0.003442788	1	34.02413465	-0.001442788	1	2.42713376	14.56280256	1.34166608	3.498639756	636.6991338	637.3230114	0.00186118	0.716997874	35.84374991	-0.000978646	1	2.42713376	636.6991338	637.3230114			0	0	0	0	0.716997874	Subcritical	0.00186118
15	14	616542.755	3097755.951	634.27	6	0	Normal	0	1	50.95	1.944340352	11.66604211	1.17973696	4.367376656	636.2143404	637.1865105	0.003442788	1	34.02413465	-0.001442788	1	2.425193202	14.55115921	1.341072905	3.50143925	636.6951932	637.3200697	0.001865259	0.717858622	35.83004092	-0.000992023	1	2.425193202	636.6951932	637.3200697			0	0	0	0	0.717858622	Subcritical	0.001865259
16	15	616541.808	3097755.63	634.268	6	0	Normal	0.054	1	50.95	1.944340352	11.66604211	1.17973696	4.367376656	636.2123404	637.1845105	0.003442788	1	34.02413465	-0.001530283	1	2.42307515	14.5384509	1.340424989	3.504499918	636.6910752	637.3170446	0.001869726	0.718800066	35.8151304	-0.000940497	1	2.42307515	636.6910752	637.3170446			0	0	0	0	0.718800066	Subcritical	0.001869726
17	16	616540.861	3097755.308	634.266	6	0	Normal	0.054	1	50.95	1.944340352	11.66604211	1.17973696	4.367376656	636.2103404	637.1825105	0.003442788	1	34.02413465	-0.001530283	1	2.421059165	14.52635499	1.339807826	3.507418072	636.6870592	637.3140715	0.001873991	0.719698057	35.80098924	-0.000954094	1	2.421059165	636.6870592	637.3140715			0	0	0	0	0.719698057	Subcritical	0.001873991
18	17	616539.914	3097754.987	634.264	6	0	Normal	0	1	50.95	1.944340352	11.66604211	1.17973696	4.367376656	636.2083404	637.1805105	0.003442788	1	34.02413465	-0.001442788	1	2.419126617	14.5147597	1.339215775	3.510220014	636.6831266	637.3111411	0.001878093	0.720560638	35.78747996	-0.000967329	1	2.419126617	636.6831266	637.3111411			0	0	0	0	0.720560638	Subcritical	0.001878093
19	18	616538.967	3097754.666	634.262	6	0	Normal	0.598	1	50.95	1.944340352	11.66604211	1.17973696	4.367376656	636.2063404	637.1785105	0.003442788	1	34.02413465	-0.002411717	1	2.415673261	14.49403957	1.33815676	3.515238093	636.6776733	637.3074846	0.001885454	0.72210632	35.7634534	-0.000918399	1	2.415673261	636.6776733	637.3074846			0	0	0	0	0.72210632	Subcritical	0.001885454
20	19	616538.023	3097754.335	634.26	6.25	0	Normal	2.649	1	50.95	1.669504042	10.43440026	1.088162631	4.882887249	635.929504	637.1447226	0.004793038	1.206558699	34.07029016	0	1	2.461907909	15.38692443	1.377051912	3.31125302	636.7219079	637.2807457	0.001610275	0.673785968	36.13818379	-0.000937644	1	2.461907909	636.7219079	637.2807457			0	0	0	0	0.673785968	Subcritical	0.001610275
21	20	616537.096	3097753.961	634.258	6.17	0	Normal	2.799	1	50.95	1.908459789	11.7751969	1.179061952	4.326891555	636.1664598	637.1206897	0.003381835	1	33.70873466	-0.06402012	1	2.420971013	14.93739115	1.356472012	3.410903516	636.678971	637.2719508	0.001743306	0.699906676	35.79663659	-0.000936973	1	2.420971013	636.678971	637.2719508			0	0	0	0	0.699906676	Subcritical	0.001743306
22	21	616536.188	3097753.542	634.256	6.102	0	Normal	2.947	1	50.95	1.922612025	11.73177858	1.179402265	4.342905014	636.178612	637.139918	0.003405602	1	33.83348784	-0.028051299	1	2.378470258	14.51342551	1.33654158	3.510542701	636.6344703	637.2626002	0.001883451	0.726759795	35.49251059	-0.000939142	1	2.378470258	636.6344703	637.2626002			0	0	0	0	0.726759795	Subcritical	0.001883451
23	22	616535.303	3097753.077	634.254	6.052	0	Normal	2.823	1	50.95	1.9331869	11.69964712	1.179593284	4.3548322	636.1871869	637.1537803	0.003423594	1	33.92640682	-0.022353477	1	2.339281233	14.15733002	1.319346499	3.598842432	636.5932812	637.253407	0.002013862	0.751254541	35.25022388	-0.000969543	1	2.339281233	636.5932812	637.253407			0	0	0	0	0.751254541	Subcritical	0.002013862
24	22.999	616534.442	3097752.569	634.252	6.02	0	Normal	2.879	0.999	50.95	1.940031563	11.67899001	1.179688438	4.362534771	636.1920316	637.1620473	0.003435347	1	33.98641385	-0.016689727	1	2.305630643	13.87989647	1.305573826	3.670776659	636.5576306	637.2444095	0.002124695	0.771842325	35.06579633	-0.000992059	1	2.305630643	636.5576306	637.2444095			0	0	0	0	0.771842325	Subcritical	0.002124695
25	24	616533.607	3097752.018	634.25	6.002	0	Normal	2.831	1.001	50.95	1.943908397	11.6673382	1.179732491	4.3668915	636.1939084	637.1658626	0.00344204	1	34.02035503	-0.012037229	1	2.278132989	13.6733542	1.295037862	3.726225421	636.528133	637.2358168	0.00221315	0.788215706	34.92768177	-0.000985936	1	2.278132989	636.528133	637.2358168			0	0	0	0	0.788215706	Subcritical	0.00221315
26	24.999	616532.801	3097751.427	634.248	6.002	0	Normal	2.91	0.999	50.95	1.943908397	11.6673382	1.179732491	4.3668915	636.1919084	637.1638626	0.00344204	1	34.02035503	-0.006152576	1	2.262970617	13.58234965	1.290123999	3.751191902	636.5109706	637.2281694	0.002254304	0.796150773	34.85071913	-0.000929999	1	2.262970617	636.5109706	637.2281694			0	0	0	0	0.796150773	Subcritical	0.002254304
27	26	616532.025	3097750.795	634.246	6.016	0	Normal	2.839	1.001	50.95	1.94089141	11.67640273	1.179698821	4.363501431	636.1868914	637.1573371	0.003436829	1	33.99394463	-0.001968906	1	2.25894142	13.58979158	1.290102784	3.749137703	636.5049414	637.221355	0.002251885	0.796424119	34.82109275	-0.000984754	1	2.25894142	636.5049414	637.221355			0	0	0	0	0.796424119	Subcritical	0.002251885
28	27	616531.282	3097750.126	634.1835	6.044	0	Normal	2.878	1	50.95	1.730339028	10.45816909	1.100318078	4.871789658	635.913839	637.1235401	0.004701126	1.182465351	34.35060518	1.13687E-13	1	2.361931048	14.27551125	1.325751679	3.569049058	636.545431	637.1946722	0.001967907	0.741454331	35.39538505	-0.000990744	1	2.361931048	636.545431	637.1946722			0	0	0	0	0.741454331	Subcritical	0.001967907
29	27.999	616530.574	3097749.421	634.121	6.091	0	Normal	2.836	0.999	50.95	1.623300309	9.887522179	1.058893241	5.152959364	635.7443003	637.0976637	0.005535536	1.291286999	34.78803047	-1.13687E-13	1	2.460723745	14.98826833	1.361029721	3.399325318	636.5817237	637.1706846	0.001723764	0.691873657	36.09600152	-0.000977757	1	2.460723745	636.5817237	637.1706846			0	0	0	0	0.691873657	Subcritical	0.001723764
30	28.999	616529.901	3097748.681	634.0585	6.155	0	Normal	2.927	1	50.95	1.538642636	9.470345425	1.025785615	5.379951597	635.5971426	637.0723658	0.00629502	1.384761509	35.2274852	1.13687E-13	1	2.555748718	15.73063336	1.396231034	3.238903281	636.6142487	637.1489324	0.001512523	0.646851217	36.92359995	-0.000978178	1	2.555748718	636.6142487	637.1489324			0	0	0	0	0.646851217	Subcritical	0.001512523
31	29.999	616529.267	3097747.908	633.996	6.238	0	Normal	2.775	1	50.95	1.463408511	9.128742293	0.996063781	5.581272684	635.4594085	637.047105	0.00704584	1.47304478	35.66688344	-1.13687E-13	1	2.648294399	16.52006046	1.43221928	3.084129148	636.6442944	637.1290983	0.001325669	0.605082958	37.89297142	-0.000979791	1	2.648294399	636.6442944	637.1290983			0	0	0	0	0.605082958	Subcritical	0.001325669
32	30.999	616528.671	3097747.105	633.994	6	0	Normal	1.559	1	50.95	1.944340352	11.66604211	1.17973696	4.367376656	635.9383404	636.9105105	0.003442788	1	34.02413465	-0.057433113	1	2.565401447	15.39240868	1.382865983	3.310073235	636.5594014	637.117841	0.001600114	0.659819933	36.93531464	-0.000962375	1	2.565401447	636.5594014	637.117841			0	0	0	0	0.659819933	Subcritical	0.001600114
33	31.999	616528.097	3097746.286	633.992	6	0	Normal	0.08	1	50.95	1.944340352	11.66604211	1.17973696	4.367376656	635.9363404	636.9085105	0.003442788	1	34.02413465	-0.00157241	1	2.564176197	15.38505718	1.382509884	3.3116549	636.5561762	637.1151496	0.001602194	0.660292916	36.92467426	-0.000968698	1	2.564176197	636.5561762	637.1151496			0	0	0	0	0.660292916	Subcritical	0.001602194
34	32.999	616527.522	3097745.468	633.99	6	0	Normal	0.08	1	50.95	1.944340352	11.66604211	1.17973696	4.367376656	635.9343404	636.9065105	0.003442788	1	34.02413465	-0.00157241	1	2.562932987	15.37759792	1.382148406	3.313261295	636.552933	637.1124488	0.001604308	0.66077341	36.91389513	-0.000975162	1	2.562932987	636.552933	637.1124488			0	0	0	0	0.66077341	Subcritical	0.001604308
35	33.999	616526.948	3097744.649	633.988	6	0	Normal	0.033	1	50.95	1.944340352	11.66604211	1.17973696	4.367376656	635.9323404	636.9045105	0.003442788	1	34.02413465	-0.001496257	1	2.561756069	15.37053641	1.381806054	3.314783468	636.5497561	637.1097861	0.001606313	0.661228819	36.9037068	-0.000981334	1	2.561756069	636.5497561	637.1097861			0	0	0	0	0.661228819	Subcritical	0.001606313
36	34.998	616526.374	3097743.831	633.986	6	0	Normal	0.014	0.999	50.95	1.944340352	11.66604211	1.17973696	4.367376656	635.9303404	636.9025105	0.003442788	1	34.02413465	-0.001462029	1	2.560599191	15.36359514	1.38146939	3.316281087	636.5465992	637.1071354	0.001608287	0.661676984	36.89370713	-0.000984507	1	2.560599191	636.5465992	637.1071354			0	0	0	0	0.661676984	Subcritical	0.001608287
37	35.999	616525.799	3097743.012	633.9235	6	0	Normal	0.014	1.001	50.95	1.74600829	10.47604974	1.103669558	4.863474425	635.6695083	636.8750834	0.004666132	1.175138303	34.40496431	0	1	2.645278772	15.87167263	1.405747464	3.210121654	636.5687788	637.0940021	0.001472366	0.630160626	37.66484371	-0.00090652	1	2.645278772	636.5687788	637.0940021			0	0	0	0	0.630160626	Subcritical	0.001472366
38	36.998	616525.225	3097742.194	633.861	6	0	Normal	0.014	0.999	50.95	1.656816351	9.940898105	1.067349167	5.125291443	635.5178164	636.8566855	0.005418482	1.271296573	34.85424451	0	1	2.72720445	16.3632267	1.428552695	3.113689062	636.5882044	637.0823461	0.001355828	0.601979759	38.48443669	-0.000985218	1	2.72720445	636.5882044	637.0823461			0	0	0	0	0.601979759	Subcritical	0.001355828
39	37.999	616524.65	3097741.375	633.7985	6	0	Normal	0.047	1.001	50.95	1.592906747	9.557440481	1.040456622	5.330925168	635.3914067	636.8398656	0.006064882	1.348568175	35.2991747	-1.13687E-13	1	2.806687657	16.84012594	1.450063008	3.025511814	636.6051877	637.0717382	0.001254867	0.576590267	39.34602677	-0.00099177	1	2.806687657	636.6051877	637.0717382			0	0	0	0	0.576590267	Subcritical	0.001254867
40	38.999	616524.076	3097740.556	633.736	5.999	0	Normal	0.08	1	50.95	1.542550621	9.253761177	1.018676579	5.505869346	635.2785506	636.8236371	0.006654558	1.415375537	35.73292058	1.13687E-13	1	2.884120567	17.30183928	1.470339486	2.944773626	636.6201206	637.0621028	0.001166978	0.553618642	40.24450691	-0.000924846	1	2.884120567	636.6201206	637.0621028			0	0	0	0	0.553618642	Subcritical	0.001166978
41	39.999	616523.501	3097739.738	633.734	5.999	0	Normal	0.08	1	50.95	1.554960351	9.328207143	1.024073812	5.461928452	635.2889604	636.8094834	0.006502787	1.398465779	35.62000424	0	1	2.88389292	17.30047363	1.470280318	2.945006079	636.6178929	637.0599449	0.001167225	0.553684195	40.24177564	-0.000925564	1	2.88389292	636.6178929	637.0599449			0	0	0	0	0.553684195	Subcritical	0.001167225
42	40.999	616522.927	3097738.919	633.732	5.999	0	Normal	0.08	1	50.95	1.568113977	9.407115748	1.029762563	5.416112799	635.300114	636.7952352	0.006347097	1.38090685	35.50527112	0	1	2.883663775	17.29909899	1.470220756	2.945240099	636.6156638	637.0577861	0.001167474	0.553750192	40.2390269	-0.000926287	1	2.883663775	636.6156638	637.0577861			0	0	0	0	0.553750192	Subcritical	0.001167474
43	41.999	616522.352	3097738.101	633.73	5.999	0	Normal	0.08	1	50.95	1.582199351	9.491613909	1.035818065	5.367896386	635.3121994	636.7808187	0.006186041	1.36250787	35.38794835	0	1	2.88343312	17.29771529	1.470160797	2.945475697	636.6134331	637.0556261	0.001167724	0.553816638	40.23626056	-0.000927015	1	2.88343312	636.6134331	637.0556261			0	0	0	0	0.553816638	Subcritical	0.001167724
44	42.999	616521.778	3097737.282	633.728	5.999	0	Normal	0.08	1	50.95	1.597499115	9.583397192	1.042353604	5.316486313	635.3254991	636.7661223	0.006017441	1.342981046	35.26686247	0	1	2.883200944	17.29632246	1.470100438	2.945712888	636.6112009	637.0534652	0.001167976	0.553883535	40.2334765	-0.000927749	1	2.883200944	636.6112009	637.0534652			0	0	0	0	0.553883535	Subcritical	0.001167976
45	43.999	616521.203	3097736.464	633.726	5.999	0	Normal	0.08	1	50.95	1.614475141	9.685236371	1.04955446	5.260584053	635.3404751	636.7509616	0.005837727	1.321854882	35.14007643	0	1	2.882967236	17.29492045	1.470039675	2.945951683	636.6089672	637.0513032	0.00116823	0.553950888	40.2306746	-0.000928488	1	2.882967236	636.6089672	637.0513032			0	0	0	0	0.553950888	Subcritical	0.00116823
46	44.999	616520.629	3097735.645	633.724	5.999	0	Normal	0.033	1	50.95	1.63338847	9.798697429	1.057514928	5.199670708	635.3573885	636.7353995	0.005646147	1.298962443	35.00796504	0	1	2.882784347	17.2938233	1.469992122	2.946138579	636.6067843	637.0491764	0.001168429	0.554003604	40.22848233	-0.000929072	1	2.882784347	636.6067843	637.0491764			0	0	0	0	0.554003604	Subcritical	0.001168429
47	45.998	616520.055	3097734.827	633.722	5.999	0	Normal	0.014	0.999	50.95	1.656095276	9.934915563	1.066986601	5.128377758	635.3780953	636.7185774	0.005427468	1.272339016	34.86173594	-1.7053E-12	1	2.88262319	17.29285652	1.469950217	2.946303287	636.6046232	637.0470647	0.001168604	0.554050063	40.22655083	-0.000978237	1	2.88262319	636.6046232	637.0470647			0	0	0	0	0.554050063	Subcritical	0.001168604
48	46.999	616519.48	3097734.008	633.682	5.999	0	Normal	0.014	1.001	50.95	1.615616319	9.692082296	1.050036622	5.256868281	635.2976163	636.7061109	0.005825915	1.320454606	35.13183439	-1.47793E-12	1	2.930534114	17.58027415	1.482308011	2.898134555	636.6125341	637.0406271	0.001118154	0.540518609	40.8117798	-0.000973349	1	2.930534114	636.6125341	637.0406271			0	0	0	0	0.540518609	Subcritical	0.001118154
49	47.998	616518.906	3097733.19	633.642	5.999	0	Normal	0.014	0.999	50.95	1.581013188	9.484498115	1.035309552	5.371923678	635.2230132	636.693837	0.006199384	1.3640415	35.39761043	-1.59162E-12	1	2.977917615	17.86452777	1.494334922	2.852020532	636.6199176	637.0344957	0.001071249	0.527669272	41.41202773	-0.000976465	1	2.977917615	636.6199176	637.0344957			0	0	0	0	0.527669272	Subcritical	0.001071249
50	48.999	616518.331	3097732.371	633.602	5.999	0	Normal	0.014	1.001	50.95	1.550681156	9.302536255	1.022216032	5.47700096	635.1526812	636.6816077	0.006554575	1.404258491	35.65842374	-1.7053E-12	1	3.024808936	18.14582881	1.506050653	2.807807818	636.6268089	637.0286328	0.001027538	0.515446864	42.02668765	-0.00099743	1	3.024808936	636.6268089	637.0286328			0	0	0	0	0.515446864	Subcritical	0.001027538
51	49.998	616517.757	3097731.553	633.562	5.993	0	Normal	0.014	0.999	50.95	1.526302248	9.147129371	1.01122367	5.570053503	635.0883022	636.6696221	0.006877622	1.43947654	35.90971709	-1.59162E-12	1	3.070568673	18.40191806	1.516541105	2.76873312	636.6325687	637.0232865	0.000989933	0.504472137	42.63209017	-0.000933584	1	3.070568673	636.6325687	637.0232865			0	0	0	0	0.504472137	Subcritical	0.000989933
52	50.999	616517.182	3097730.734	633.522	5.967	0	Normal	0.014	1.001	50.95	1.51294643	9.027751347	1.003876226	5.643708831	635.0349464	636.6583638	0.007129704	1.464934883	36.14086931	-1.7053E-12	1	3.113880389	18.58052428	1.523648116	2.742118534	636.6358804	637.0191227	0.000964959	0.496136019	43.17045106	-0.000972186	1	3.113880389	636.6358804	637.0191227			0	0	0	0	0.496136019	Subcritical	0.000964959
53	51.998	616516.608	3097729.916	633.482	5.94	0	Normal	0.014	0.999	50.95	1.501282118	8.917615779	0.997210145	5.713410542	634.9832821	636.6470466	0.007372099	1.488777416	36.36755415	-1.7053E-12	1	3.15681628	18.7514887	1.530279989	2.717117601	636.6388163	637.0151021	0.000941972	0.488257899	43.70934153	-0.000883265	1	3.15681628	636.6388163	637.0151021			0	0	0	0	0.488257899	Subcritical	0.000941972
54	52.999	616516.033	3097729.097	633.442	5.914	0	Normal	0.047	1.001	50.95	1.490358165	8.81397819	0.99092291	5.78059066	634.9323582	636.6354789	0.007610394	1.5117932	36.59052981	-1.93268E-12	1	3.199730477	18.92320604	1.536790194	2.692461303	636.6417305	637.0112181	0.000919734	0.480571783	44.25836175	-0.00092058	1	3.199730477	636.6417305	637.0112181			0	0	0	0	0.480571783	Subcritical	0.000919734
55	53.999	616515.459	3097728.278	633.402	5.888	0	Normal	0.08	1	50.95	1.480459631	8.716946305	0.98508598	5.844936772	634.8824596	636.6237076	0.007842297	1.533723349	36.80927429	-1.81899E-12	1	3.242381698	19.09114344	1.542997536	2.668776764	636.6443817	637.0073975	0.00089878	0.473201023	44.81115932	-0.000963319	1	3.242381698	636.6443817	637.0073975			0	0	0	0	0.473201023	Subcritical	0.00089878
56	54.999	616514.884	3097727.46	633.362	5.861	0	Normal	0.08	1	50.95	1.471820206	8.626338227	0.979749067	5.90632997	634.8338202	636.6118393	0.008066122	1.554375069	37.02379681	-1.81899E-12	1	3.284699731	19.25162512	1.548753536	2.646529822	636.6466997	637.0036885	0.000879481	0.466223812	45.36313272	-0.00087639	1	3.284699731	636.6466997	637.0036885			0	0	0	0	0.466223812	Subcritical	0.000879481
57	55.999	616514.31	3097726.641	633.322	5.835	0	Normal	0.033	1	50.95	1.463457562	8.539274874	0.974590002	5.96654877	634.7854576	636.5999175	0.008289588	1.57470289	37.23677773	-2.04636E-12	1	3.327084567	19.41353845	1.554429942	2.624457161	636.6490846	637.0001435	0.000860663	0.459381038	45.92583254	-0.000914914	1	3.327084567	636.6490846	637.0001435			0	0	0	0	0.459381038	Subcritical	0.000860663
58	56.999	616513.736	3097725.823	633.282	5.809	0	Normal	0.014	1	50.95	1.455762559	8.456524704	0.969726546	6.024933621	634.7377626	636.5879066	0.008509186	1.594308972	37.44692278	-2.16005E-12	1	3.369275848	19.5721234	1.559836044	2.603192252	636.6512758	636.9966688	0.000842862	0.45279691	46.49208866	-0.000957782	1	3.369275848	636.6512758	636.9966688			0	0	0	0	0.45279691	Subcritical	0.000842862
59	57.999	616513.161	3097725.004	633.242	5.782	0	Normal	0.014	1	50.95	1.4490898	8.378637222	0.965260814	6.080941166	634.6910898	636.5757914	0.008721635	1.612830205	37.65316089	-2.27374E-12	1	3.411169465	19.72338184	1.564808909	2.583228394	636.6531695	636.9932851	0.000826469	0.446556746	47.05636037	-0.000997455	1	3.411169465	636.6531695	636.9932851			0	0	0	0	0.446556746	Subcritical	0.000826469
60	58.999	616512.587	3097724.186	633.202	5.756	0	Normal	0.014	1	50.95	1.442609413	8.303659782	0.960936177	6.13584869	634.6446094	636.5635003	0.008933173	1.6310443	37.85710301	-2.38742E-12	1	3.452971317	19.8753029	1.569688276	2.563482944	636.6549713	636.9899073	0.000810511	0.440452869	47.62833531	-0.000904422	1	3.452971317	636.6549713	636.9899073			0	0	0	0	0.440452869	Subcritical	0.000810511
61	59.999	616512.012	3097723.367	633.162	5.73	0	Normal	0.014	1	50.95	1.436664882	8.232089776	0.956849267	6.189193921	634.5986649	636.5510666	0.009140978	1.648624876	38.05806932	-2.27374E-12	1	3.494745985	20.02489449	1.574347037	2.544333006	636.656746	636.9866966	0.000795298	0.434541882	48.20541105	-0.000941962	1	3.494745985	636.656746	636.9866966			0	0	0	0	0.434541882	Subcritical	0.000795298
62	60.999	616511.438	3097722.549	633.122	5.703	0	Normal	0.014	1	50.95	1.431587448	8.164343217	0.953090885	6.240550972	634.5535874	636.5385251	0.009342203	1.665250183	38.2554099	-2.27374E-12	1	3.536257808	20.16727828	1.578588206	2.526369662	636.6582578	636.9835658	0.0007813	0.428933962	48.77950301	-0.000973961	1	3.536257808	636.6582578	636.9835658			0	0	0	0	0.428933962	Subcritical	0.0007813
63	61.999	616510.863	3097721.73	633.082	5.677	0	Normal	0.014	1	50.95	1.426591273	8.098758656	0.949423839	6.29108758	634.5085913	636.5258075	0.009543049	1.681672592	38.45070444	-2.38742E-12	1	3.577704894	20.31063068	1.582760449	2.508538548	636.6597049	636.9804371	0.000767604	0.423432333	49.36126768	-0.000872587	1	3.577704894	636.6597049	636.9804371			0	0	0	0	0.423432333	Subcritical	0.000767604
64	62.999	616510.289	3097720.912	633.042	5.651	0	Normal	0.014	1	50.95	1.422022152	8.035847181	0.945945294	6.340339588	634.4640222	636.512947	0.009740611	1.697558833	38.64327074	-2.6148E-12	1	3.619153234	20.45183492	1.586728888	2.491219012	636.6611532	636.9774719	0.000754518	0.418093986	49.94775641	-0.000897064	1	3.619153234	636.6611532	636.9774719			0	0	0	0	0.418093986	Subcritical	0.000754518
65	63.999	616509.714	3097720.093	633.002	5.624	0	Normal	0.014	1	50.95	1.4182166	7.976050157	0.942747253	6.387873571	634.4202166	636.4999785	0.009931956	1.712578652	38.83245405	-2.6148E-12	1	3.660376086	20.58595511	1.59029349	2.474988396	636.6623761	636.9745865	0.000742493	0.413024495	50.53046641	-0.000911872	1	3.660376086	636.6623761	636.9745865			0	0	0	0	0.413024495	Subcritical	0.000742493
66	64.999	616509.14	3097719.275	632.962	5.598	0	Normal	0.014	1	50.95	1.414416941	7.917906037	0.93960628	6.434782095	634.3764169	636.4868359	0.010123305	1.727470407	39.01980877	-2.6148E-12	1	3.701567552	20.72137516	1.59381277	2.458813646	636.6635676	636.9717105	0.000730663	0.408035802	51.12107602	-0.000920417	1	3.701567552	636.6635676	636.9717105			0	0	0	0	0.408035802	Subcritical	0.000730663
67	65.999	616508.565	3097718.456	632.922	5.572	0	Normal	0.047	1	50.95	1.411019428	7.862200251	0.936640917	6.480374243	634.3330194	636.4734501	0.01031063	1.741803211	39.20384822	-2.72848E-12	1	3.742631649	20.85394355	1.597114424	2.443182983	636.6646316	636.9688693	0.000719416	0.403211535	51.71342496	-0.00092056	1	3.742631649	636.6646316	636.9688693			0	0	0	0	0.403211535	Subcritical	0.000719416
68	66.999	616507.991	3097717.637	632.882	5.545	0	Normal	0.033	1	50.95	1.408290342	7.808969948	0.933910733	6.524548095	634.2902903	636.4600012	0.010492434	1.755374692	39.3850629	-2.72848E-12	1	3.783524429	20.97964296	1.600027821	2.428544666	636.6655244	636.9661273	0.000709095	0.398623888	52.30157949	-0.000902778	1	3.783524429	636.6655244	636.9661273			0	0	0	0	0.398623888	Subcritical	0.000709095
69	67.999	616507.417	3097716.819	632.842	5.519	0	Normal	0.014	1	50.95	1.405483869	7.756865471	0.931199942	6.568374841	634.2474839	636.4464415	0.010675162	1.768929369	39.56511115	-2.72848E-12	1	3.824444462	21.10710899	1.60292277	2.413878662	636.6664445	636.9634277	0.00069887	0.394091214	52.89839617	-0.00086851	1	3.824444462	636.6664445	636.9634277			0	0	0	0	0.394091214	Subcritical	0.00069887
70	68.999	616506.842	3097716	632.802	5.493	0	Normal	0.014	1	50.95	1.402975677	7.706545393	0.928616769	6.611263206	634.2049757	636.4327433	0.010855156	1.782070467	39.74283282	-2.95586E-12	1	3.865317142	21.23218706	1.605624188	2.399658587	636.6673171	636.9608116	0.000689112	0.389692804	53.49762691	-0.000939558	1	3.865317142	636.6673171	636.9608116			0	0	0	0	0.389692804	Subcritical	0.000689112
71	69.999	616506.268	3097715.182	632.762	5.466	0	Normal	0.014	1	50.95	1.401107528	7.65845375	0.926252365	6.652778963	634.1631075	636.4189418	0.011029342	1.794456179	39.9175631	-2.95586E-12	1	3.905945212	21.34989653	1.607928357	2.386428428	636.6679452	636.9582123	0.000680232	0.385523483	54.09010846	-0.000970272	1	3.905945212	636.6679452	636.9582123			0	0	0	0	0.385523483	Subcritical	0.000680232
72	70.999	616505.693	3097714.363	632.722	5.44	0	Normal	0.014	1	50.95	1.399151328	7.611383225	0.923901869	6.693921261	634.1211513	636.404973	0.011204073	1.806815266	40.09082291	-3.29692E-12	1	3.946544288	21.46920093	1.610219628	2.373167039	636.6685443	636.9555943	0.000671417	0.381404062	54.69004615	-0.000936	1	3.946544288	636.6685443	636.9555943			0	0	0	0	0.381404062	Subcritical	0.000671417
73	71.999	616505.119	3097713.545	632.682	5.414	0	Normal	0.014	1	50.95	1.39745355	7.565813522	0.92165905	6.734239464	634.0794536	636.3908695	0.011376253	1.81880174	40.26192076	-3.29692E-12	1	3.987106555	21.58619489	1.6123283	2.360304827	636.6691066	636.9530535	0.000663001	0.377402411	55.29189735	-0.000917014	1	3.987106555	636.6691066	636.9530535			0	0	0	0	0.377402411	Subcritical	0.000663001
74	72.999	616504.544	3097712.726	632.642	5.387	0	Normal	0.014	1	50.95	1.396358243	7.522181855	0.919614007	6.77330075	634.0383582	636.3766662	0.011542746	1.830068852	40.43018641	-2.95586E-12	1	4.027536732	21.69634037	1.614062029	2.348322303	636.6695367	636.950608	0.000655346	0.373597055	55.88783829	-0.000992688	1	4.027536732	636.6695367	636.950608			0	0	0	0	0.373597055	Subcritical	0.000655346
75	73.999	616503.97	3097711.908	632.602	5.361	0	Normal	0.014	1	50.95	1.395143813	7.479365981	0.91756865	6.812074731	633.9971438	636.3622999	0.011709991	1.841346036	40.59713132	-3.41061E-12	1	4.067895322	21.80798682	1.615790553	2.336300018	636.6698953	636.948096	0.000647728	0.369836035	56.49029826	0.000901228	1	4.067895322	636.6698953	636.948096			0	0	0	0	0.369836035	Subcritical	0.000647728
76	74.999	616503.395	3097711.089	632.562	5.335	0	Normal	0.014	1	50.95	1.394157687	7.437831261	0.915615228	6.850115069	633.9561577	636.3478028	0.011874835	1.852283313	40.76205989	-3.41061E-12	1	4.110278044	21.92833337	1.617663873	2.323477993	636.672278	636.9474335	0.000639649	0.365905097	57.13317458	0.000892114	1	4.110278044	636.672278	636.9474335			0	0	0	0	0.365905097	Subcritical	0.000639649
77	75.999	616502.821	3097710.271	632.56	5.308	0	Normal	0.014	1	50.95	1.413664618	7.50373179	0.922363628	6.789954842	633.9736646	636.3234856	0.011553495	1.823304434	40.56873218	-3.97904E-12	1	4.109284334	21.81208125	1.612536171	2.335861463	636.6692843	636.9473806	0.000649228	0.367899741	56.94773865	0.00087836	1	4.109284334	636.6692843	636.9473806			0	0	0	0	0.367899741	Subcritical	0.000649228
78	76.999	616502.246	3097709.452	632.558	5.282	0	Normal	0.014	1	50.95	1.433394725	7.571190936	0.929118488	6.729456492	633.9913947	636.2995285	0.011238656	1.794579015	40.37689562	-4.77485E-12	1	4.108341404	21.7002593	1.607583466	2.347898212	636.6663414	636.9473111	0.000658632	0.369837971	56.77026867	0.000996189	1	4.108341404	636.6663414	636.9473111			0	0	0	0	0.369837971	Subcritical	0.000658632
79	77.999	616501.672	3097708.634	632.556	5.256	0	Normal	0.033	1	50.95	1.453930089	7.641856549	0.936059215	6.667228006	634.0099301	636.2755738	0.010922835	1.765383412	40.18281079	-5.34328E-12	1	4.107459165	21.58880537	1.602623135	2.360019423	636.6634592	636.9473374	0.000668198	0.371787211	56.59475372	0.000985103	1	4.107459165	636.6634592	636.9473374			0	0	0	0	0.371787211	Subcritical	0.000668198
80	78.999	616501.098	3097707.815	632.554	5.229	0	Normal	0.047	1	50.95	1.47588114	7.717382481	0.943357381	6.601979379	634.0298811	636.2513965	0.010599755	1.735057885	39.98353735	-6.59384E-12	1	4.106343991	21.47207273	1.597423832	2.372849638	636.660344	636.9473173	0.000678416	0.373859182	56.40967992	0.000956814	1	4.106343991	636.660344	636.9473173			0	0	0	0	0.373859182	Subcritical	0.000678416
81	79.999	616500.523	3097706.996	632.552	5.208	0	Normal	0.014	1	50.95	1.495340059	7.787731027	0.949876189	6.542342028	634.0473401	636.2289017	0.010313981	1.708160824	39.8014835	-7.84439E-12	1	4.106008897	21.38409433	1.59344754	2.382612011	636.6580089	636.9473483	0.000686287	0.37541263	56.27616494	0.000933456	1	4.106008897	636.6580089	636.9473483			0	0	0	0	0.37541263	Subcritical	0.000686287
82	80.999	616499.949	3097706.178	632.55	5.205	0	Normal	0.014	1	50.95	1.505134162	7.834223314	0.95361746	6.503516425	634.0551342	636.2108796	0.010138649	1.692490077	39.67296123	-9.32232E-12	1	4.108226076	21.38331672	1.593219309	2.382698655	636.6582261	636.9475866	0.000686468	0.375324961	56.29872383	0.000977462	1	4.108226076	636.6582261	636.9475866			0	0	0	0	0.375324961	Subcritical	0.000686468
83	81.999	616499.374	3097705.359	632.548	5.202	0	Normal	0.014	1	50.95	1.515099432	7.881547244	0.957404865	6.464466737	634.0630994	636.1930347	0.00996446	1.676785979	39.54503495	-1.10276E-11	1	4.110494651	21.38279318	1.592997856	2.382756994	636.6584947	636.9478693	0.000686628	0.375230564	56.32220564	0.000878177	1	4.110494651	636.6584947	636.9478693			0	0	0	0	0.375230564	Subcritical	0.000686628
84	82.999	616498.8	3097704.541	632.546	5.747	0	Normal	1.113	1	50.95	1.32141922	7.594196255	0.905165971	6.709070755	633.8674192	636.16159	0.011566527	1.863406297	39.86232449	-8.52651E-12	1	4.152150029	23.86240622	1.698234762	2.135157684	636.69815	636.9305098	0.000506266	0.33454838	60.62947092	0.000877237	1	4.152150029	636.69815	636.9305098			0	0	0	0	0.33454838	Subcritical	0.000506266
85	83.998	616498.21	3097703.734	632.544	5.645	0	Normal	2.784	0.999	50.95	1.378831972	7.78350648	0.926314147	6.545892925	633.922832	636.1067624	0.010676836	1.779830811	39.36334643	-1.09139E-11	1	4.142877108	23.38654127	1.678770647	2.178603471	636.6868771	636.9287891	0.000535242	0.341737519	59.75875234	0.000928686	1	4.142877108	636.6868771	636.9287891			0	0	0	0	0.341737519	Subcritical	0.000535242
86	84.999	616497.581	3097702.956	632.542	5.528	0	Normal	2.883	1.001	50.95	1.452641173	8.030200404	0.952203433	6.344798067	633.9946412	636.0464486	0.009668931	1.680753894	38.78535017	-1.53477E-11	1	4.131059538	22.83649713	1.656004346	2.231077723	636.6730595	636.9267653	0.00057165	0.350468887	58.7569682	0.000938326	1	4.131059538	636.6730595	636.9267653			0	0	0	0	0.350468887	Subcritical	0.00057165
87	85.999	616496.914	3097702.211	632.54	5.433	0	Normal	2.838	1	50.95	1.527845143	8.300782664	0.977863767	6.137975425	634.0678451	635.9880665	0.008733634	1.58544424	38.21983494	-2.31921E-11	1	4.120888616	22.38878785	1.637232364	2.275692652	636.6608886	636.9248426	0.00060385	0.357918103	57.95006972	0.000941732	1	4.120888616	636.6608886	636.9248426			0	0	0	0	0.357918103	Subcritical	0.00060385
88	86.999	616496.211	3097701.5	632.538	5.354	0	Normal	2.919	1	50.95	1.610131066	8.62064173	1.005409165	5.910232857	634.1481311	635.9285007	0.007803113	1.487097603	37.63603923	-4.11546E-11	1	4.111951348	22.01538752	1.621412969	2.314290401	636.6499513	636.922935	0.000632645	0.364384057	57.28278477	0.000936234	1	4.111951348	636.6499513	636.922935			0	0	0	0	0.364384057	Subcritical	0.000632645
89	87.998	616495.473	3097700.826	632.536	5.294	0	Normal	2.841	0.999	50.95	1.702411911	9.012568659	1.036067501	5.653216295	634.2384119	635.8673036	0.006858929	1.383339486	37.03254806	-1.05047E-10	1	4.105036889	21.73206529	1.609296991	2.344461942	636.6410369	636.9211848	0.000655774	0.369445305	56.78184976	0.000939945	1	4.105036889	636.6410369	636.9211848			0	0	0	0	0.369445305	Subcritical	0.000655774
90	88.998	616494.702	3097700.189	632.534	5.25	0	Normal	2.854	1	50.95	1.869632002	9.815568008	1.091921208	5.190733736	634.403632	635.7769101	0.005391608	1.212037848	36.1347596	-0.000163972	1	4.099995844	21.52497818	1.600371114	2.367017498	636.6339958	636.9195602	0.000673428	0.373228893	56.4196918	0.000961021	1	4.099995844	636.6339958	636.9195602			0	0	0	0	0.373228893	Subcritical	0.000673428
91	89.999	616493.9	3097699.591	632.532	5.218	0	Normal	2.845	1.001	50.95	2.13404582	11.13545109	1.173871338	4.575476969	634.6660458	635.7330687	0.00380389	1	35.64534428	-0.059149145	1	4.096494781	21.37550977	1.593880129	2.383568886	636.6284948	636.9180667	0.000686589	0.375999269	56.16182595	0.000987185	1	4.096494781	636.6284948	636.9180667			0	0	0	0	0.375999269	Subcritical	0.000686589
92	90.998	616493.07	3097699.034	632.53	5.203	0	Normal	2.911	0.999	50.95	2.13814542	11.12477062	1.173586802	4.579869711	634.6681454	635.7372181	0.003812429	1	35.67956602	-0.013345515	1	4.095362858	21.30817295	1.590907071	2.391101298	636.6253629	636.9167678	0.000692658	0.377239602	56.05096483	0.000875028	1	4.095362858	636.6253629	636.9167678			0	0	0	0	0.377239602	Subcritical	0.000692658
93	91.998	616492.213	3097698.52	632.528	5.2	0	Normal	2.851	1	50.95	2.138967704	11.12263206	1.173529	4.580750286	634.6669677	635.7364516	0.003814146	1	35.68642616	-0.00816966	1	4.095868051	21.29851386	1.590422161	2.392185686	636.6238681	636.9155374	0.000693568	0.377387408	56.04219799	0.00095843	1	4.095868051	636.6238681	636.9155374			0	0	0	0	0.377387408	Subcritical	0.000693568
94	92.997	616491.331	3097698.049	632.526	5.212	0	Normal	2.844	0.999	50.95	2.1356833	11.13118136	1.173758416	4.577232043	634.6616833	635.729525	0.003807297	1	35.65901722	-0.002442319	1	4.097893695	21.35822194	1.592971407	2.3854982	636.6238937	636.9139346	0.000688224	0.376239376	56.15137561	0.000873463	1	4.097893695	636.6238937	636.9139346			0	0	0	0	0.376239376	Subcritical	0.000688224
95	93.998	616490.426	3097697.622	632.524	5.237	0	Normal	2.851	1.001	50.95	2.100781821	11.0017944	1.165621679	4.631062731	634.6247818	635.7178879	0.003933692	1.020130388	35.60844234	4.21247E-05	1	4.100937492	21.47660965	1.598095798	2.372348375	636.6249375	636.9117895	0.000677749	0.374026511	56.35833497	0.000944451	1	4.100937492	636.6249375	636.9117895			0	0	0	0	0.374026511	Subcritical	0.000677749
96	94.998	616489.502	3097697.241	632.522	5.271	0	Normal	2.905	1	50.95	2.054956737	10.83167696	1.154650556	4.703796113	634.5769567	635.7046681	0.004109718	1.047641379	35.55932519	0.000277553	1	4.104774742	21.63626767	1.604998942	2.354842378	636.6267747	636.9094089	0.000663957	0.371092925	56.63630009	0.000889742	1	4.104774742	636.6267747	636.9094089			0	0	0	0	0.371092925	Subcritical	0.000663957
97	95.998	616488.559	3097696.907	632.52	5.327	0	Normal	2.881	1	50.95	1.996249296	10.63402	1.141050658	4.791226647	634.5162493	635.6862724	0.00433181	1.082691741	35.4981751	0.004325782	0	4.110313739	21.89564129	1.616197473	2.326947146	636.6303137	636.9062915	0.000642337	0.366449834	57.08439628	0.000997483	1	4.110313739	636.6303137	636.9062915			0	0	0	0	0.366449834	Subcritical	0.000642337
98	96.998	616487.601	3097696.621	632.518	5.396	0	Normal	2.85	1	50.95	1.996249296	10.7717612	1.14733587	4.729960035	634.5142493	635.6545409	0.004190926	1.068847091	35.31745881	0.01299303	0	4.116879719	22.21468296	1.629866108	2.293528117	636.6348797	636.9029873	0.000617052	0.360898831	57.63943981	0.000966736	1	4.116879719	636.6348797	636.9029873			0	0	0	0	0.360898831	Subcritical	0.000617052
99	97.997	616486.63	3097696.383	632.516	5.482	0	Normal	2.811	0.999	50.95	1.996249296	10.94343864	1.155041455	4.655757816	634.5122493	635.6170444	0.004024388	1.052079333	35.10343172	0.017401726	0	4.124502363	22.61052196	1.646676438	2.253375667	636.6405024	636.8993047	0.000587542	0.354252822	58.33188757	0.000936989	1	4.124502363	636.6405024	636.8993047			0	0	0	0	0.354252822	Subcritical	0.000587542
100	98.997	616485.649	3097696.193	632.514	5.593	0	Normal	2.912	1	50.95	1.996249296	11.16502232	1.164782636	4.563358546	634.5102493	635.5716275	0.003823184	1.031199518	34.84470761	0.023106106	0	4.133488626	23.11860189	1.668011532	2.203852995	636.6474886	636.8950405	0.000552436	0.346090553	59.22634602	0.000909029	1	4.133488626	636.6474886	636.8950405			0	0	0	0	0.346090553	Subcritical	0.000552436
101	99.997	616484.659	3097696.053	632.512	5.709	0	Normal	2.829	1	50.95	1.996249296	11.39658723	1.174724412	4.4706366	634.5082493	635.5269339	0.00362805	1.010246786	34.59427016	0.023155547	0	4.142378288	23.64883764	1.68995634	2.154439925	636.6543783	636.8909538	0.000518821	0.337967552	60.17068717	0.000911752	1	4.142378288	636.6543783	636.8909538			0	0	0	0	0.337967552	Subcritical	0.000518821
102	100.997	616483.663	3097695.962	632.5115	5.2	0	Normal	2.298	1	50.95	1.996249296	10.38049634	1.129235565	4.908243144	634.5077493	635.7356214	0.004609515	1.109134404	35.85287311	-0.238427805	0	4.078752126	21.20951105	1.587834872	2.402224166	636.5902521	636.8843745	0.000700921	0.37976538	55.73055256	0.000865772	1	4.078752126	636.5902521	636.8843745			0	0	0	0	0.37976538	Subcritical	0.000700921
103	101.997	616482.664	3097695.911	632.511	5.2	0	Normal	0.229	1	50.95	1.996249296	10.38049634	1.129235565	4.908243144	634.5072493	635.7351214	0.004609515	1.109134404	35.85287311	-0.004578153	0	4.079366904	21.2127079	1.587928033	2.40186214	636.5903669	636.8844006	0.000700655	0.379679535	55.74171244	0.000898114	1	4.079366904	636.5903669	636.8844006			0	0	0	0	0.379679535	Subcritical	0.000700655
104	102.997	616481.665	3097695.864	632.5105	5.2	0	Normal	0.057	1	50.95	1.996249296	10.38049634	1.129235565	4.908243144	634.5067493	635.7346214	0.004609515	1.109134404	35.85287311	-0.004226163	0	4.08011173	21.216581	1.588040878	2.401423679	636.5906117	636.8845381	0.000700333	0.379575574	55.75523644	0.000937203	1	4.08011173	636.5906117	636.8845381			0	0	0	0	0.379575574	Subcritical	0.000700333
105	103.997	616480.666	3097695.816	632.51	5.2	0	Normal	0.003	1	50.95	1.996249296	10.38049634	1.129235565	4.908243144	634.5062493	635.7341214	0.004609515	1.109134404	35.85287311	-0.004115655	0	4.080929787	21.22083489	1.588164789	2.400942294	636.5909298	636.8847383	0.000699979	0.379461446	55.77009439	0.000979848	1	4.080929787	636.5909298	636.8847383			0	0	0	0	0.379461446	Subcritical	0.000699979
106	104.996	616479.668	3097695.768	632.5095	5.2	0	Normal	0.06	0.999	50.95	1.996249296	10.38049634	1.129235565	4.908243144	634.5057493	635.7336214	0.004609515	1.109134404	35.85287311	-0.004227693	0	4.081765348	21.22517981	1.58829132	2.400450807	636.5912653	636.8849536	0.000699618	0.379344935	55.78527488	0.000878614	1	4.081765348	636.5912653	636.8849536			0	0	0	0	0.379344935	Subcritical	0.000699618
107	105.997	616478.669	3097695.721	632.509	5.2	0	Normal	0.057	1.001	50.95	1.996249296	10.38049634	1.129235565	4.908243144	634.5052493	635.7331214	0.004609515	1.109134404	35.85287311	-0.004230773	0	4.08248875	21.2289415	1.588400841	2.400025456	636.5914887	636.885073	0.000699306	0.379244111	55.79842144	0.000911171	1	4.08248875	636.5914887	636.885073			0	0	0	0	0.379244111	Subcritical	0.000699306
108	106.997	616477.67	3097695.673	632.5085	5.2	0	Normal	0	1	50.95	1.996249296	10.38049634	1.129235565	4.908243144	634.5047493	635.7326214	0.004609515	1.109134404	35.85287311	-0.004109515	0	4.083280471	21.23305845	1.588520678	2.399560107	636.5917805	636.8852508	0.000698965	0.379133817	55.8128136	0.000946719	1	4.083280471	636.5917805	636.8852508			0	0	0	0	0.379133817	Subcritical	0.000698965
109	107.997	616476.671	3097695.625	632.508	5.2	0	Normal	0.057	1	50.95	1.996249296	10.38049634	1.129235565	4.908243144	634.5042493	635.7321214	0.004609515	1.109134404	35.85287311	-0.004226163	0	4.084081048	21.23722145	1.588641827	2.399089736	636.592081	636.8854364	0.00069862	0.379022344	55.827371	0.000982516	1	4.084081048	636.592081	636.8854364			0	0	0	0	0.379022344	Subcritical	0.00069862
110	108.997	616475.672	3097695.578	632.5075	5.2	0	Normal	0.057	1	50.95	1.996249296	10.38049634	1.129235565	4.908243144	634.5037493	635.7316214	0.004609515	1.109134404	35.85287311	-0.004226163	0	4.084921775	21.24159323	1.58876902	2.398595974	636.5924218	636.8856564	0.000698258	0.378905339	55.8426631	0.000876675	1	4.084921775	636.5924218	636.8856564			0	0	0	0	0.378905339	Subcritical	0.000698258
111	109.997	616474.673	3097695.53	632.507	5.2	0	Normal	0.057	1	50.95	1.996249296	10.38049634	1.129235565	4.908243144	634.5032493	635.7311214	0.004609515	1.109134404	35.85287311	-0.004226163	0	4.085645171	21.24535489	1.588878436	2.398171283	636.5926452	636.8857759	0.000697946	0.378804711	55.85582485	0.000904578	1	4.085645171	636.5926452	636.8857759			0	0	0	0	0.378804711	Subcritical	0.000697946
112	110.997	616473.674	3097695.483	632.5065	5.2	0	Normal	0.057	1	50.95	1.996249296	10.38049634	1.129235565	4.908243144	634.5027493	635.7306214	0.004609515	1.109134404	35.85287311	-0.004226163	0	4.086399907	21.24927952	1.588992568	2.397728354	636.5928999	636.8859224	0.000697622	0.378699771	55.86956052	0.000933719	1	4.086399907	636.5928999	636.8859224			0	0	0	0	0.378699771	Subcritical	0.000697622
113	111.997	616472.675	3097695.435	632.506	5.2	0	Normal	0.003	1	50.95	1.996249296	10.38049634	1.129235565	4.908243144	634.5022493	635.7301214	0.004609515	1.109134404	35.85287311	-0.004115655	0	4.087216686	21.25352677	1.589116053	2.397249198	636.5932167	636.8861221	0.000697271	0.378586259	55.88442964	0.00096517	1	4.087216686	636.5932167	636.8861221			0	0	0	0	0.378586259	Subcritical	0.000697271
114	112.996	616471.677	3097695.387	632.5055	5.2	0	Normal	0.06	0.999	50.95	1.996249296	10.38049634	1.129235565	4.908243144	634.5017493	635.7296214	0.004609515	1.109134404	35.85287311	-0.004227693	0	4.088038606	21.25780075	1.589240284	2.39676722	636.5935386	636.8863262	0.000696918	0.37847209	55.89939685	0.000996698	1	4.088038606	636.5935386	636.8863262			0	0	0	0	0.37847209	Subcritical	0.000696918
115	113.997	616470.678	3097695.34	632.505	5.2	0	Normal	0.057	1.001	50.95	1.996249296	10.38049634	1.129235565	4.908243144	634.5012493	635.7291214	0.004609515	1.109134404	35.85287311	-0.004230773	0	4.088896002	21.26225921	1.589369845	2.396264644	636.593896	636.8865608	0.00069655	0.378353054	55.91501489	0.000885596	1	4.088896002	636.593896	636.8865608			0	0	0	0	0.378353054	Subcritical	0.00069655
116	114.997	616469.679	3097695.292	632.5045	5.2	0	Normal	0.057	1	50.95	1.996249296	10.38049634	1.129235565	4.908243144	634.5007493	635.7286214	0.004609515	1.109134404	35.85287311	-0.004226163	0	4.089631037	21.26608139	1.58948089	2.39583396	636.594131	636.8866907	0.000696234	0.378251056	55.92840798	0.000909936	1	4.089631037	636.594131	636.8866907			0	0	0	0	0.378251056	Subcritical	0.000696234
117	115.997	616468.68	3097695.245	632.504	5.2	0	Normal	0.057	1	50.95	1.996249296	10.38049634	1.129235565	4.908243144	634.5002493	635.7281214	0.004609515	1.109134404	35.85287311	-0.004226163	0	4.090393444	21.27004591	1.589596044	2.395387402	636.5943934	636.886844	0.000695908	0.378145308	55.94230361	0.000935214	1	4.090393444	636.5943934	636.886844			0	0	0	0	0.378145308	Subcritical	0.000695908
118	116.997	616467.681	3097695.197	632.5035	5.2	0	Normal	0	1	50.95	1.996249296	10.38049634	1.129235565	4.908243144	634.4997493	635.7276214	0.004609515	1.109134404	35.85287311	-0.004109515	0	4.091215151	21.27431878	1.589720126	2.394906296	636.5947152	636.8870483	0.000695556	0.378031389	55.9572844	0.000962369	1	4.091215151	636.5947152	636.8870483			0	0	0	0	0.378031389	Subcritical	0.000695556
119	117.997	616466.682	3097695.149	632.503	5.2	0	Normal	0.057	1	50.95	1.996249296	10.38049634	1.129235565	4.908243144	634.4992493	635.7271214	0.004609515	1.109134404	35.85287311	-0.004226163	0	4.092036508	21.27858984	1.589844124	2.394425589	636.5950365	636.8872523	0.000695204	0.377917577	55.97226332	0.000989413	1	4.092036508	636.5950365	636.8872523			0	0	0	0	0.377917577	Subcritical	0.000695204
120	118.997	616465.683	3097695.102	632.5025	5.2	0	Normal	0.06	1	50.95	1.996249296	10.38049634	1.129235565	4.908243144	634.4987493	635.7266214	0.004609515	1.109134404	35.85287311	-0.004232302	0	4.092886643	21.28301054	1.589972435	2.393928241	636.5953866	636.8874811	0.000694841	0.377799837	55.98777182	0.00087581	1	4.092886643	636.5953866	636.8874811			0	0	0	0	0.377799837	Subcritical	0.000694841
121	119.996	616464.685	3097695.054	632.502	5.2	0	Normal	0.003	0.999	50.95	1.996249296	10.38049634	1.129235565	4.908243144	634.4982493	635.7261214	0.004609515	1.109134404	35.85287311	-0.004111045	0	4.093642507	21.28694104	1.59008649	2.393486218	636.5956425	636.8876291	0.000694518	0.377695204	56.00156465	0.000897273	1	4.093642507	636.5956425	636.8876291			0	0	0	0	0.377695204	Subcritical	0.000694518
122	120.997	616463.686	3097695.006	632.5015	5.2	0	Normal	0.057	1.001	50.95	1.996249296	10.38049634	1.129235565	4.908243144	634.4977493	635.7256214	0.004609515	1.109134404	35.85287311	-0.004230773	0	4.09439179	21.29083731	1.590199526	2.393048205	636.5958918	636.8877715	0.000694198	0.377591531	56.01524115	0.000918581	1	4.09439179	636.5958918	636.8877715			0	0	0	0	0.377591531	Subcritical	0.000694198
123	121.997	616462.687	3097694.959	632.501	5.2	0	Normal	0.057	1	50.95	1.996249296	10.38049634	1.129235565	4.908243144	634.4972493	635.7251214	0.004609515	1.109134404	35.85287311	-0.004226163	0	4.095165841	21.29486237	1.590316273	2.392595881	636.5961658	636.8879352	0.000693868	0.37748448	56.02937366	0.000940586	1	4.095165841	636.5961658	636.8879352			0	0	0	0	0.37748448	Subcritical	0.000693868
124	122.997	616461.688	3097694.911	632.5005	5.2	0	Normal	0.057	1	50.95	1.996249296	10.38049634	1.129235565	4.908243144	634.4967493	635.7246214	0.004609515	1.109134404	35.85287311	-0.004226163	0	4.095964668	21.29901628	1.590436728	2.392129258	636.5964647	636.8881202	0.000693527	0.377374055	56.04396276	0.000963289	1	4.095964668	636.5964647	636.8881202			0	0	0	0	0.377374055	Subcritical	0.000693527
125	123.997	616460.689	3097694.864	632.5	5.2	0	Normal	0.057	1	50.95	1.996249296	10.38049634	1.129235565	4.908243144	634.4962493	635.7241214	0.004609515	1.109134404	35.85287311	-0.004226163	0	4.096789056	21.30330309	1.590561007	2.391647895	636.5967891	636.8883273	0.000693176	0.377260153	56.05902312	0.000986646	1	4.096789056	636.5967891	636.8883273			0	0	0	0	0.377260153	Subcritical	0.000693176
126	124.997	616459.69	3097694.816	632.4995	5.2	0	Normal	0	1	50.95	1.996249296	10.38049634	1.129235565	4.908243144	634.4957493	635.7236214	0.004609515	1.109134404	35.85287311	-0.004109515	0	4.097670502	21.30788661	1.590693854	2.39113343	636.5971705	636.8885833	0.0006928	0.377138432	56.07513089	0.000871254	1	4.097670502	636.5971705	636.8885833			0	0	0	0	0.377138432	Subcritical	0.0006928
127	125.997	616458.691	3097694.768	632.499	5.2	0	Normal	0.057	1	50.95	1.996249296	10.38049634	1.129235565	4.908243144	634.4952493	635.7231214	0.004609515	1.109134404	35.85287311	-0.004226163	0	4.098393378	21.31164556	1.590802776	2.390711681	636.5973934	636.8887034	0.000692493	0.377038657	56.08834477	0.000888919	1	4.098393378	636.5973934	636.8887034			0	0	0	0	0.377038657	Subcritical	0.000692493
128	126.997	616457.692	3097694.721	632.4985	5.2	0	Normal	0.06	1	50.95	1.996249296	10.38049634	1.129235565	4.908243144	634.4947493	635.7226214	0.004609515	1.109134404	35.85287311	-0.004232302	0	4.099134567	21.31549975	1.590914433	2.390279402	636.5976346	636.8888392	0.000692177	0.376936399	56.10189705	0.00090703	1	4.099134567	636.5976346	636.8888392			0	0	0	0	0.376936399	Subcritical	0.000692177
129	127.996	616456.694	3097694.673	632.498	5.2	0	Normal	0.06	0.999	50.95	1.996249296	10.38049634	1.129235565	4.908243144	634.4942493	635.7221214	0.004609515	1.109134404	35.85287311	-0.004227693	0	4.099896957	21.31946418	1.591029259	2.389834922	636.597897	636.8889933	0.000691853	0.376831265	56.11584079	0.000925653	1	4.099896957	636.597897	636.8889933			0	0	0	0	0.376831265	Subcritical	0.000691853
130	128.997	616455.695	3097694.626	632.4975	5.2	0	Normal	0.057	1.001	50.95	1.996249296	10.38049634	1.129235565	4.908243144	634.4937493	635.7216214	0.004609515	1.109134404	35.85287311	-0.004230773	0	4.100680433	21.32353825	1.591147232	2.38937832	636.5981804	636.8891656	0.000691521	0.376723274	56.13017424	0.000944829	1	4.100680433	636.5981804	636.8891656			0	0	0	0	0.376723274	Subcritical	0.000691521
131	129.997	616454.696	3097694.578	632.497	5.2	0	Normal	0	1	50.95	1.996249296	10.38049634	1.129235565	4.908243144	634.4932493	635.7211214	0.004609515	1.109134404	35.85287311	-0.004109515	0	4.101517002	21.32788841	1.59127317	2.388890968	636.598517	636.8893835	0.000691166	0.376608022	56.14548352	0.000965207	1	4.101517002	636.598517	636.8893835			0	0	0	0	0.376608022	Subcritical	0.000691166
132	130.997	616453.697	3097694.53	632.4965	5.2	0	Normal	0.057	1	50.95	1.996249296	10.38049634	1.129235565	4.908243144	634.4927493	635.7206214	0.004609515	1.109134404	35.85287311	-0.004226163	0	4.102345853	21.33219843	1.591397915	2.388408309	636.5988459	636.8895948	0.000690814	0.376493891	56.16065616	0.00098534	1	4.102345853	636.5988459	636.8895948			0	0	0	0	0.376493891	Subcritical	0.000690814
133	131.997	616452.698	3097694.483	632.496	5.2	0	Normal	0.057	1	50.95	1.996249296	10.38049634	1.129235565	4.908243144	634.4922493	635.7201214	0.004609515	1.109134404	35.85287311	-0.004226163	0	4.103197406	21.33662651	1.591526045	2.387912634	636.5991974	636.8898257	0.000690453	0.376376695	56.17624916	0.000866997	1	4.103197406	636.5991974	636.8898257			0	0	0	0	0.376376695	Subcritical	0.000690453
134	132.997	616451.699	3097694.435	632.4955	5.2	0	Normal	0	1	50.95	1.996249296	10.38049634	1.129235565	4.908243144	634.4917493	635.7196214	0.004609515	1.109134404	35.85287311	-0.004109515	0	4.103948575	21.34053259	1.591639043	2.38747556	636.5994486	636.8899705	0.000690135	0.376273364	56.19000802	0.000882733	1	4.103948575	636.5994486	636.8899705			0	0	0	0	0.376273364	Subcritical	0.000690135
135	133.997	616450.7	3097694.387	632.495	5.2	0	Normal	0.055	1	50.95	1.996249296	10.38049634	1.129235565	4.908243144	634.4912493	635.7191214	0.004609515	1.109134404	35.85287311	-0.00422207	0	4.104687955	21.34437737	1.591750243	2.387045502	636.599688	636.8901052	0.000689822	0.376171701	56.20355464	0.000898257	1	4.104687955	636.599688	636.8901052			0	0	0	0	0.376171701	Subcritical	0.000689822
136	134.996	616449.702	3097694.34	632.4945	5.2	0	Normal	0.055	0.999	50.95	1.996249296	10.38049634	1.129235565	4.908243144	634.4907493	635.7186214	0.004609515	1.109134404	35.85287311	-0.004217461	0	4.10544565	21.34831738	1.591864172	2.386604953	636.5999456	636.8902557	0.000689502	0.376067567	56.21744058	0.000914157	1	4.10544565	636.5999456	636.8902557			0	0	0	0	0.376067567	Subcritical	0.000689502
137	135.997	616448.703	3097694.292	632.494	5.2	0	Normal	0.057	1.001	50.95	1.996249296	10.38049634	1.129235565	4.908243144	634.4902493	635.7181214	0.004609515	1.109134404	35.85287311	-0.004230773	0	4.10621871	21.35233729	1.591980385	2.386155637	636.6002187	636.8904195	0.000689175	0.375961371	56.23161206	0.000930378	1	4.10621871	636.6002187	636.8904195			0	0	0	0	0.375961371	Subcritical	0.000689175
138	136.997	616447.704	3097694.245	632.4935	5.2	0	Normal	0.057	1	50.95	1.996249296	10.38049634	1.129235565	4.908243144	634.4897493	635.7176214	0.004609515	1.109134404	35.85287311	-0.004226163	0	4.107010866	21.35645651	1.592099441	2.385695398	636.6005109	636.8905997	0.000688841	0.375852604	56.24613775	0.000947039	1	4.107010866	636.6005109	636.8905997			0	0	0	0	0.375852604	Subcritical	0.000688841
139	137.997	616446.705	3097694.197	632.493	5.2	0	Normal	0	1	50.95	1.996249296	10.38049634	1.129235565	4.908243144	634.4892493	635.7171214	0.004609515	1.109134404	35.85287311	-0.004109515	0	4.107852435	21.36083266	1.592225893	2.385206644	636.6008524	636.8908224	0.000688486	0.375737109	56.26157409	0.00096464	1	4.107852435	636.6008524	636.8908224			0	0	0	0	0.375737109	Subcritical	0.000688486
140	138.997	616445.706	3097694.149	632.4925	5.2	0	Normal	0.057	1	50.95	1.996249296	10.38049634	1.129235565	4.908243144	634.4887493	635.7166214	0.004609515	1.109134404	35.85287311	-0.004226163	0	4.108683303	21.36515317	1.592350705	2.384724302	636.6011833	636.891036	0.000688135	0.375623141	56.27681878	0.000982055	1	4.108683303	636.6011833	636.891036			0	0	0	0	0.375623141	Subcritical	0.000688135
141	139.997	616444.707	3097694.102	632.492	5.2	0	Normal	0.057	1	50.95	1.996249296	10.38049634	1.129235565	4.908243144	634.4882493	635.7161214	0.004609515	1.109134404	35.85287311	-0.004226163	0	4.109533843	21.36957598	1.592478441	2.384230742	636.6015338	636.8912666	0.000687777	0.375506535	56.29242918	0.000999841	1	4.109533843	636.6015338	636.8912666			0	0	0	0	0.375506535	Subcritical	0.000687777
142	140.997	616443.708	3097694.054	632.4915	5.2	0	Normal	0.003	1	50.95	1.996249296	10.38049634	1.129235565	4.908243144	634.4877493	635.7156214	0.004609515	1.109134404	35.85287311	-0.004115655	0	4.110433409	21.37425373	1.592613504	2.383708954	636.6019334	636.8915393	0.000687398	0.375383272	56.30894463	0.000878119	1	4.110433409	636.6019334	636.8915393			0	0	0	0	0.375383272	Subcritical	0.000687398
143	141.996	616442.71	3097694.006	632.491	5.2	0	Normal	0.06	0.999	50.95	1.996249296	10.38049634	1.129235565	4.908243144	634.4872493	635.7151214	0.004609515	1.109134404	35.85287311	-0.004227693	0	4.1111685	21.3780762	1.592723845	2.383282739	636.6021685	636.8916709	0.000687089	0.375282597	56.32244443	0.000891381	1	4.1111685	636.6021685	636.8916709			0	0	0	0	0.375282597	Subcritical	0.000687089
144	142.996	616441.711	3097693.959	632.4905	5.2	0	Normal	0.057	1	50.95	1.996249296	10.38049634	1.129235565	4.908243144	634.4867493	635.7146214	0.004609515	1.109134404	35.85287311	-0.004226163	0	4.11191946	21.38198119	1.592836544	2.38284748	636.6024195	636.8918161	0.000686773	0.375179795	56.33623939	0.000904922	1	4.11191946	636.6024195	636.8918161			0	0	0	0	0.375179795	Subcritical	0.000686773
145	143.997	616440.712	3097693.911	632.49	5.2	0	Normal	0.057	1.001	50.95	1.996249296	10.38049634	1.129235565	4.908243144	634.4862493	635.7141214	0.004609515	1.109134404	35.85287311	-0.004230773	0	4.112684999	21.385962	1.592951405	2.382403934	636.602685	636.8919739	0.000686452	0.375075045	56.35030602	0.000918722	1	4.112684999	636.602685	636.8919739			0	0	0	0	0.375075045	Subcritical	0.000686452
146	144.997	616439.713	3097693.864	632.4895	5.2	0	Normal	0.057	1	50.95	1.996249296	10.38049634	1.129235565	4.908243144	634.4857493	635.7136214	0.004609515	1.109134404	35.85287311	-0.004226163	0	4.113466932	21.39002805	1.593068698	2.381951061	636.6029669	636.8921459	0.000686123	0.374968103	56.36467791	0.000932859	1	4.113466932	636.6029669	636.8921459			0	0	0	0	0.374968103	Subcritical	0.000686123
147	145.997	616438.714	3097693.816	632.489	5.2	0	Normal	0	1	50.95	1.996249296	10.38049634	1.129235565	4.908243144	634.4852493	635.7131214	0.004609515	1.109134404	35.85287311	-0.004109515	0	4.114295351	21.39433582	1.593192934	2.381471452	636.6032954	636.8923579	0.000685776	0.374854858	56.37990866	0.000947736	1	4.114295351	636.6032954	636.8923579			0	0	0	0	0.374854858	Subcritical	0.000685776
148	146.997	616437.715	3097693.768	632.4885	5.2	0	Normal	0.057	1	50.95	1.996249296	10.38049634	1.129235565	4.908243144	634.4847493	635.7126214	0.004609515	1.109134404	35.85287311	-0.004226163	0	4.115110141	21.39857274	1.593315097	2.380999921	636.6036101	636.8925582	0.000685434	0.374743532	56.39489332	0.000962409	1	4.115110141	636.6036101	636.8925582			0	0	0	0	0.374743532	Subcritical	0.000685434
149	147.997	616436.716	3097693.721	632.488	5.2	0	Normal	0.057	1	50.95	1.996249296	10.38049634	1.129235565	4.908243144	634.4842493	635.7121214	0.004609515	1.109134404	35.85287311	-0.004226163	0	4.115941545	21.40289603	1.59343972	2.380518969	636.6039415	636.8927729	0.000685086	0.374629993	56.41018805	0.000977377	1	4.115941545	636.6039415	636.8927729			0	0	0	0	0.374629993	Subcritical	0.000685086
150	148.997	616435.717	3097693.673	632.4875	5.2	0	Normal	0.055	1	50.95	1.996249296	10.38049634	1.129235565	4.908243144	634.4837493	635.7116214	0.004609515	1.109134404	35.85287311	-0.00422207	0	4.116790961	21.407313	1.593567012	2.380027797	636.604291	636.8930031	0.00068473	0.374514053	56.4258189	0.000992594	1	4.116790961	636.604291	636.8930031			0	0	0	0	0.374514053	Subcritical	0.00068473
151	149.996	616434.719	3097693.626	632.487	5.2	0	Normal	0.055	0.999	50.95	1.996249296	10.38049634	1.129235565	4.908243144	634.4832493	635.7111214	0.004609515	1.109134404	35.85287311	-0.004217461	0	4.117658362	21.41182348	1.593696965	2.379526435	636.6046584	636.8932489	0.000684367	0.37439572	56.44178566	0.000869468	1	4.117658362	636.6046584	636.8932489			0	0	0	0	0.37439572	Subcritical	0.000684367
152	150.997	616433.72	3097693.578	632.4865	5.2	0	Normal	0	1.001	50.95	1.996249296	10.38049634	1.129235565	4.908243144	634.4827493	635.7106214	0.004609515	1.109134404	35.85287311	-0.004114125	0	4.118417393	21.41577045	1.593810654	2.379087884	636.6049174	636.8934016	0.00068405	0.374292222	56.45576172	0.000881186	1	4.118417393	636.6049174	636.8934016			0	0	0	0	0.374292222	Subcritical	0.00068405
153	151.997	616432.721	3097693.53	632.486	5.2	0	Normal	0.057	1	50.95	1.996249296	10.38049634	1.129235565	4.908243144	634.4822493	635.7101214	0.004609515	1.109134404	35.85287311	-0.004226163	0	4.119160092	21.41963248	1.593921873	2.378658927	636.6051601	636.8935402	0.00068374	0.374190997	56.46944075	0.00089269	1	4.119160092	636.6051601	636.8935402			0	0	0	0	0.374190997	Subcritical	0.00068374
154	152.997	616431.722	3097693.483	632.4855	5.2	0	Normal	0.057	1	50.95	1.996249296	10.38049634	1.129235565	4.908243144	634.4817493	635.7096214	0.004609515	1.109134404	35.85287311	-0.004226163	0	4.119915859	21.42356247	1.594035023	2.37822258	636.6054159	636.8936902	0.000683424	0.374088038	56.48336424	0.00090444	1	4.119915859	636.6054159	636.8936902			0	0	0	0	0.374088038	Subcritical	0.000683424
155	153.997	616430.723	3097693.435	632.485	5.2	0	Normal	0	1	50.95	1.996249296	10.38049634	1.129235565	4.908243144	634.4812493	635.7091214	0.004609515	1.109134404	35.85287311	-0.004109515	0	4.120715334	21.42771974	1.59415469	2.377761172	636.6057153	636.8938778	0.000683091	0.373979176	56.49809711	0.000916768	1	4.120715334	636.6057153	636.8938778			0	0	0	0	0.373979176	Subcritical	0.000683091
156	154.997	616429.724	3097693.387	632.4845	5.2	0	Normal	0.057	1	50.95	1.996249296	10.38049634	1.129235565	4.908243144	634.4807493	635.7086214	0.004609515	1.109134404	35.85287311	-0.004226163	0	4.121498447	21.43179192	1.594271879	2.377309382	636.6059984	636.8940514	0.000682764	0.373872593	56.51253255	0.000928883	1	4.121498447	636.6059984	636.8940514			0	0	0	0	0.373872593	Subcritical	0.000682764
157	155.997	616428.725	3097693.34	632.484	5.2	0	Normal	0.06	1	50.95	1.996249296	10.38049634	1.129235565	4.908243144	634.4802493	635.7081214	0.004609515	1.109134404	35.85287311	-0.004232302	0	4.122293718	21.43592733	1.594390861	2.376850752	636.6062937	636.8942356	0.000682433	0.373764407	56.52719631	0.000941185	1	4.122293718	636.6062937	636.8942356			0	0	0	0	0.373764407	Subcritical	0.000682433
158	156.996	616427.727	3097693.292	632.4835	5.2	0	Normal	0.06	0.999	50.95	1.996249296	10.38049634	1.129235565	4.908243144	634.4797493	635.7076214	0.004609515	1.109134404	35.85287311	-0.004227693	0	4.123103713	21.44013931	1.594512016	2.376383813	636.6066037	636.8944325	0.000682096	0.373654272	56.54213589	0.000953712	1	4.123103713	636.6066037	636.8944325			0	0	0	0	0.373654272	Subcritical	0.000682096
159	157.996	616426.728	3097693.245	632.483	5.2	0	Normal	0.057	1	50.95	1.996249296	10.38049634	1.129235565	4.908243144	634.4792493	635.7071214	0.004609515	1.109134404	35.85287311	-0.004226163	0	4.123928767	21.44442959	1.594635393	2.375908382	636.6069288	636.8946424	0.000681752	0.373542145	56.55735769	0.000966513	1	4.123928767	636.6069288	636.8946424			0	0	0	0	0.373542145	Subcritical	0.000681752
160	158.997	616425.729	3097693.197	632.4825	5.2	0	Normal	0	1.001	50.95	1.996249296	10.38049634	1.129235565	4.908243144	634.4787493	635.7066214	0.004609515	1.109134404	35.85287311	-0.004114125	0	4.124797891	21.44894903	1.594765328	2.375407761	636.6072979	636.8948902	0.000681391	0.373424089	56.57339745	0.000979893	1	4.124797891	636.6072979	636.8948902			0	0	0	0	0.373424089	Subcritical	0.000681391
161	159.997	616424.73	3097693.149	632.482	5.2	0	Normal	0.057	1	50.95	1.996249296	10.38049634	1.129235565	4.908243144	634.4782493	635.7061214	0.004609515	1.109134404	35.85287311	-0.004226163	0	4.125652658	21.45339382	1.594893084	2.374915616	636.6076527	636.8951259	0.000681036	0.373308044	56.58917716	0.000993035	1	4.125652658	636.6076527	636.8951259			0	0	0	0	0.373308044	Subcritical	0.000681036
162	160.997	616423.731	3097693.102	632.4815	5.2	0	Normal	0.057	1	50.95	1.996249296	10.38049634	1.129235565	4.908243144	634.4777493	635.7056214	0.004609515	1.109134404	35.85287311	-0.004226163	0	4.126522339	21.45791616	1.595023036	2.374415093	636.6080223	636.8953744	0.000680675	0.373190036	56.60523718	0.000868214	1	4.126522339	636.6080223	636.8953744			0	0	0	0	0.373190036	Subcritical	0.000680675
163	161.997	616422.732	3097693.054	632.481	5.2	0	Normal	0	1	50.95	1.996249296	10.38049634	1.129235565	4.908243144	634.4772493	635.7051214	0.004609515	1.109134404	35.85287311	-0.004109515	0	4.127284298	21.46187835	1.595136863	2.37397674	636.6082843	636.8955302	0.000680359	0.373086696	56.61931208	0.000878302	1	4.127284298	636.6082843	636.8955302			0	0	0	0	0.373086696	Subcritical	0.000680359
164	162.997	616421.733	3097693.006	632.4805	5.2	0	Normal	0.057	1	50.95	1.996249296	10.38049634	1.129235565	4.908243144	634.4767493	635.7046214	0.004609515	1.109134404	35.85287311	-0.004226163	0	4.128027502	21.46574301	1.595247865	2.373549333	636.6085275	636.89567	0.000680051	0.372985946	56.63304425	0.000888182	1	4.128027502	636.6085275	636.89567			0	0	0	0	0.372985946	Subcritical	0.000680051
165	163.997	616420.734	3097692.959	632.48	5.2	0	Normal	0.06	1	50.95	1.996249296	10.38049634	1.129235565	4.908243144	634.4762493	635.7041214	0.004609515	1.109134404	35.85287311	-0.004232302	0	4.128780371	21.46965793	1.595360284	2.373116524	636.6087804	636.8958182	0.000679739	0.372883932	56.64695876	0.00089819	1	4.128780371	636.6087804	636.8958182			0	0	0	0	0.372883932	Subcritical	0.000679739
166	164.996	616419.736	3097692.911	632.4795	5.2	0	Normal	0.06	0.999	50.95	1.996249296	10.38049634	1.129235565	4.908243144	634.4757493	635.7036214	0.004609515	1.109134404	35.85287311	-0.004227693	0	4.129545395	21.47363606	1.595474493	2.372676889	636.6090454	636.8959769	0.000679422	0.372780318	56.66110176	0.000908356	1	4.129545395	636.6090454	636.8959769			0	0	0	0	0.372780318	Subcritical	0.000679422
167	165.997	616418.737	3097692.864	632.479	5.2	0	Normal	0.057	1.001	50.95	1.996249296	10.38049634	1.129235565	4.908243144	634.4752493	635.7031214	0.004609515	1.109134404	35.85287311	-0.004230773	0	4.130322083	21.47767483	1.595590417	2.372230718	636.6093221	636.8961457	0.000679101	0.372675173	56.67546438	0.000918722	1	4.130322083	636.6093221	636.8961457			0	0	0	0	0.372675173	Subcritical	0.000679101
168	166.997	616417.738	3097692.816	632.4785	5.2	0	Normal	0	1	50.95	1.996249296	10.38049634	1.129235565	4.908243144	634.4747493	635.7026214	0.004609515	1.109134404	35.85287311	-0.004109515	0	4.131141516	21.48193588	1.595712691	2.371760175	636.6096415	636.8963513	0.000678762	0.372564296	56.69062177	0.000929553	1	4.131141516	636.6096415	636.8963513			0	0	0	0	0.372564296	Subcritical	0.000678762
169	167.997	616416.739	3097692.768	632.478	5.2	0	Normal	0.057	1	50.95	1.996249296	10.38049634	1.129235565	4.908243144	634.4742493	635.7021214	0.004609515	1.109134404	35.85287311	-0.004226163	0	4.131943096	21.4861041	1.595832273	2.371300063	636.6099431	636.8965417	0.000678431	0.372455887	56.70545326	0.000940192	1	4.131943096	636.6099431	636.8965417			0	0	0	0	0.372455887	Subcritical	0.000678431
170	168.997	616415.74	3097692.721	632.4775	5.2	0	Normal	0.057	1	50.95	1.996249296	10.38049634	1.129235565	4.908243144	634.4737493	635.7016214	0.004609515	1.109134404	35.85287311	-0.004226163	0	4.132756789	21.4903353	1.595953632	2.370833181	636.6102568	636.8967425	0.000678095	0.372345894	56.72051324	0.000950987	1	4.132756789	636.6102568	636.8967425			0	0	0	0	0.372345894	Subcritical	0.000678095
171	169.997	616414.741	3097692.673	632.477	5.2	0	Normal	0.057	1	50.95	1.996249296	10.38049634	1.129235565	4.908243144	634.4732493	635.7011214	0.004609515	1.109134404	35.85287311	-0.004226163	0	4.133582772	21.49463041	1.596076795	2.370359435	636.6105828	636.896954	0.000677755	0.372234295	56.73580518	0.000961939	1	4.133582772	636.6105828	636.896954			0	0	0	0	0.372234295	Subcritical	0.000677755
172	170.997	616413.742	3097692.626	632.4765	5.2	0	Normal	0.06	1	50.95	1.996249296	10.38049634	1.129235565	4.908243144	634.4727493	635.7006214	0.004609515	1.109134404	35.85287311	-0.004232302	0	4.134419635	21.4989821	1.596201549	2.369879642	636.6109196	636.897175	0.00067741	0.372121283	56.75130316	0.000973085	1	4.134419635	636.6109196	636.897175			0	0	0	0	0.372121283	Subcritical	0.00067741
173	171.996	616412.744	3097692.578	632.476	5.2	0	Normal	0.003	0.999	50.95	1.996249296	10.38049634	1.129235565	4.908243144	634.4722493	635.7001214	0.004609515	1.109134404	35.85287311	-0.004111045	0	4.135300051	21.50356026	1.596332762	2.369375088	636.6113001	636.8974335	0.000677047	0.372002451	56.76761274	0.000984702	1	4.135300051	636.6113001	636.8974335			0	0	0	0	0.372002451	Subcritical	0.000677047
174	172.997	616411.745	3097692.53	632.4755	5.2	0	Normal	0.057	1.001	50.95	1.996249296	10.38049634	1.129235565	4.908243144	634.4717493	635.6996214	0.004609515	1.109134404	35.85287311	-0.004230773	0	4.136163654	21.508051	1.596461436	2.368880378	636.6116637	636.8976776	0.000676692	0.371885949	56.78361587	0.000996091	1	4.136163654	636.6116637	636.8976776			0	0	0	0	0.371885949	Subcritical	0.000676692
175	173.997	616410.746	3097692.483	632.475	5.2	0	Normal	0.057	1	50.95	1.996249296	10.38049634	1.129235565	4.908243144	634.4712493	635.6991214	0.004609515	1.109134404	35.85287311	-0.004226163	0	4.137040968	21.51261303	1.596592119	2.368378027	636.612041	636.8979337	0.000676331	0.371767661	56.79987811	0.000869464	1	4.137040968	636.612041	636.8979337			0	0	0	0	0.371767661	Subcritical	0.000676331
176	174.997	616409.747	3097692.435	632.4745	5.2	0	Normal	0	1	50.95	1.996249296	10.38049634	1.129235565	4.908243144	634.4707493	635.6986214	0.004609515	1.109134404	35.85287311	-0.004109515	0	4.137808494	21.51660417	1.596706421	2.367938714	636.6123085	636.8980951	0.000676016	0.371664226	56.8141095	0.000878172	1	4.137808494	636.6123085	636.8980951			0	0	0	0	0.371664226	Subcritical	0.000676016
177	175.997	616408.748	3097692.387	632.474	5.2	0	Normal	0.057	1	50.95	1.996249296	10.38049634	1.129235565	4.908243144	634.4702493	635.6981214	0.004609515	1.109134404	35.85287311	-0.004226163	0	4.138555905	21.52049071	1.596817702	2.367511071	636.6125559	636.8982393	0.000675709	0.371563548	56.82797166	0.000886696	1	4.138555905	636.6125559	636.8982393			0	0	0	0	0.371563548	Subcritical	0.000675709
178	176.997	616407.749	3097692.34	632.4735	5.2	0	Normal	0.057	1	50.95	1.996249296	10.38049634	1.129235565	4.908243144	634.4697493	635.6976214	0.004609515	1.109134404	35.85287311	-0.004226163	0	4.139313061	21.52442792	1.596930408	2.36707801	636.6128131	636.898392	0.000675398	0.371461605	56.84201832	0.000895328	1	4.139313061	636.6128131	636.898392			0	0	0	0	0.371461605	Subcritical	0.000675398
179	177.997	616406.75	3097692.292	632.473	5.2	0	Normal	0.057	1	50.95	1.996249296	10.38049634	1.129235565	4.908243144	634.4692493	635.6971214	0.004609515	1.109134404	35.85287311	-0.004226163	0	4.140080083	21.52841643	1.597044558	2.366639468	636.6130801	636.8985532	0.000675083	0.37135838	56.85625192	0.000904066	1	4.140080083	636.6130801	636.8985532			0	0	0	0	0.37135838	Subcritical	0.000675083
180	178.997	616405.751	3097692.245	632.4725	5.2	0	Normal	0.06	1	50.95	1.996249296	10.38049634	1.129235565	4.908243144	634.4687493	635.6966214	0.004609515	1.109134404	35.85287311	-0.004232302	0	4.140855512	21.53244866	1.597159932	2.366196283	636.6133555	636.8987217	0.000674765	0.371254072	56.87064549	0.00091295	1	4.140855512	636.6133555	636.8987217			0	0	0	0	0.371254072	Subcritical	0.000674765
181	179.996	616404.753	3097692.197	632.472	5.2	0	Normal	0.003	0.999	50.95	1.996249296	10.38049634	1.129235565	4.908243144	634.4682493	635.6961214	0.004609515	1.109134404	35.85287311	-0.004111045	0	4.14167185	21.53669362	1.597281364	2.365729898	636.6136718	636.8989256	0.000674431	0.371144314	56.88580271	0.000922197	1	4.14167185	636.6136718	636.8989256			0	0	0	0	0.371144314	Subcritical	0.000674431
182	180.997	616403.754	3097692.149	632.4715	5.2	0	Normal	0.057	1.001	50.95	1.996249296	10.38049634	1.129235565	4.908243144	634.4677493	635.6956214	0.004609515	1.109134404	35.85287311	-0.004230773	0	4.142468831	21.54083792	1.597399889	2.365274749	636.6139688	636.8991128	0.000674105	0.371037211	56.9006048	0.000931269	1	4.142468831	636.6139688	636.8991128			0	0	0	0	0.371037211	Subcritical	0.000674105
183	181.997	616402.755	3097692.102	632.471	5.2	0	Normal	0.057	1	50.95	1.996249296	10.38049634	1.129235565	4.908243144	634.4672493	635.6951214	0.004609515	1.109134404	35.85287311	-0.004226163	0	4.143276923	21.54504	1.597520037	2.364813433	636.6142769	636.8993097	0.000673774	0.370928667	56.91561756	0.000940516	1	4.143276923	636.6142769	636.8993097			0	0	0	0	0.370928667	Subcritical	0.000673774
184	182.997	616401.756	3097692.054	632.4705	5.2	0	Normal	0	1	50.95	1.996249296	10.38049634	1.129235565	4.908243144	634.4667493	635.6946214	0.004609515	1.109134404	35.85287311	-0.004109515	0	4.144125545	21.54945283	1.59764618	2.364329173	636.6146255	636.8995416	0.000673428	0.370814737	56.93138793	0.000950116	1	4.144125545	636.6146255	636.8995416			0	0	0	0	0.370814737	Subcritical	0.000673428
185	183.997	616400.757	3097692.006	632.47	5.2	0	Normal	0.057	1	50.95	1.996249296	10.38049634	1.129235565	4.908243144	634.4662493	635.6941214	0.004609515	1.109134404	35.85287311	-0.004226163	0	4.144955164	21.55376686	1.597769468	2.363855949	636.6149552	636.8997571	0.000673089	0.370703414	56.94680979	0.000959548	1	4.144955164	636.6149552	636.8997571			0	0	0	0	0.370703414	Subcritical	0.000673089
186	184.997	616399.758	3097691.959	632.4695	5.2	0	Normal	0.057	1	50.95	1.996249296	10.38049634	1.129235565	4.908243144	634.4657493	635.6936214	0.004609515	1.109134404	35.85287311	-0.004226163	0	4.145795555	21.55813689	1.597894326	2.363376774	636.6152956	636.8999821	0.000672746	0.370590702	56.96243653	0.0009691	1	4.145795555	636.6152956	636.8999821			0	0	0	0	0.370590702	Subcritical	0.000672746
187	185.997	616398.759	3097691.911	632.469	5.2	0	Normal	0.055	1	50.95	1.996249296	10.38049634	1.129235565	4.908243144	634.4652493	635.6931214	0.004609515	1.109134404	35.85287311	-0.00422207	0	4.146647903	21.56256909	1.598020929	2.362890979	636.6156479	636.9002174	0.000672398	0.370476445	56.97829038	0.000978783	1	4.146647903	636.6156479	636.9002174			0	0	0	0	0.370476445	Subcritical	0.000672398
188	186.996	616397.761	3097691.864	632.4685	5.2	0	Normal	0.055	0.999	50.95	1.996249296	10.38049634	1.129235565	4.908243144	634.4647493	635.6926214	0.004609515	1.109134404	35.85287311	-0.004217461	0	4.147512049	21.56706265	1.598149251	2.362398664	636.616012	636.900463	0.000672046	0.370360666	56.9943686	0.000988646	1	4.147512049	636.616012	636.900463			0	0	0	0	0.370360666	Subcritical	0.000672046
189	187.997	616396.762	3097691.816	632.468	5.2	0	Normal	0	1.001	50.95	1.996249296	10.38049634	1.129235565	4.908243144	634.4642493	635.6921214	0.004609515	1.109134404	35.85287311	-0.004114125	0	4.148414812	21.57175702	1.598283273	2.361884567	636.6164148	636.900742	0.000671679	0.370239778	57.01117063	0.000998795	1	4.148414812	636.6164148	636.900742			0	0	0	0	0.370239778	Subcritical	0.000671679
190	188.997	616395.763	3097691.768	632.4675	5.2	0	Normal	0.057	1	50.95	1.996249296	10.38049634	1.129235565	4.908243144	634.4637493	635.6916214	0.004609515	1.109134404	35.85287311	-0.004226163	0	4.149300009	21.57636005	1.598414652	2.361380691	636.6168	636.9010059	0.000671318	0.370121306	57.02765094	0.000870509	1	4.149300009	636.6168	636.9010059			0	0	0	0	0.370121306	Subcritical	0.000671318
191	189.997	616394.764	3097691.721	632.467	5.2	0	Normal	0.057	1	50.95	1.996249296	10.38049634	1.129235565	4.908243144	634.4632493	635.6911214	0.004609515	1.109134404	35.85287311	-0.004226163	0	4.150043641	21.58022693	1.598524993	2.360957563	636.6170436	636.9011476	0.000671016	0.370021829	57.04149966	0.000877778	1	4.150043641	636.6170436	636.9011476			0	0	0	0	0.370021829	Subcritical	0.000671016
192	190.997	616393.765	3097691.673	632.4665	5.2	0	Normal	0.057	1	50.95	1.996249296	10.38049634	1.129235565	4.908243144	634.4627493	635.6906214	0.004609515	1.109134404	35.85287311	-0.004226163	0	4.150795617	21.58413721	1.598636548	2.360529842	636.6172956	636.9012967	0.000670711	0.369921281	57.0555075	0.000885126	1	4.150795617	636.6172956	636.9012967			0	0	0	0	0.369921281	Subcritical	0.000670711
193	191.997	616392.766	3097691.626	632.466	5.2	0	Normal	0.057	1	50.95	1.996249296	10.38049634	1.129235565	4.908243144	634.4622493	635.6901214	0.004609515	1.109134404	35.85287311	-0.004226163	0	4.151556026	21.58809134	1.598749329	2.360097482	636.617556	636.9014531	0.000670402	0.369819653	57.06967624	0.000892602	1	4.151556026	636.617556	636.9014531			0	0	0	0	0.369819653	Subcritical	0.000670402
194	192.997	616391.767	3097691.578	632.4655	5.2	0	Normal	0.003	1	50.95	1.996249296	10.38049634	1.129235565	4.908243144	634.4617493	635.6896214	0.004609515	1.109134404	35.85287311	-0.004115655	0	4.152353272	21.59223702	1.598867546	2.359644346	636.6178533	636.9016413	0.000670078	0.36971315	57.08453547	0.000900336	1	4.152353272	636.6178533	636.9016413			0	0	0	0	0.36971315	Subcritical	0.000670078
195	193.996	616390.769	3097691.53	632.465	5.2	0	Normal	0.06	0.999	50.95	1.996249296	10.38049634	1.129235565	4.908243144	634.4612493	635.6891214	0.004609515	1.109134404	35.85287311	-0.004227693	0	4.153130305	21.59627759	1.598982739	2.359202867	636.6181303	636.9018122	0.000669763	0.369609398	57.09902202	0.000907922	1	4.153130305	636.6181303	636.9018122			0	0	0	0	0.369609398	Subcritical	0.000669763
196	194.996	616389.77	3097691.483	632.4645	5.2	0	Normal	0.057	1	50.95	1.996249296	10.38049634	1.129235565	4.908243144	634.4607493	635.6886214	0.004609515	1.109134404	35.85287311	-0.004226163	0	4.15391687	21.60036772	1.599099318	2.35875614	636.6184169	636.9019913	0.000669445	0.369504422	57.11369034	0.000915647	1	4.15391687	636.6184169	636.9019913			0	0	0	0	0.369504422	Subcritical	0.000669445
197	195.997	616388.771	3097691.435	632.464	5.2	0	Normal	0	1.001	50.95	1.996249296	10.38049634	1.129235565	4.908243144	634.4602493	635.6881214	0.004609515	1.109134404	35.85287311	-0.004114125	0	4.154741344	21.60465499	1.599221487	2.358288064	636.6187413	636.9022033	0.000669111	0.369394439	57.12907002	0.000923636	1	4.154741344	636.6187413	636.9022033			0	0	0	0	0.369394439	Subcritical	0.000669111
198	196.997	616387.772	3097691.387	632.4635	5.2	0	Normal	0.057	1	50.95	1.996249296	10.38049634	1.129235565	4.908243144	634.4597493	635.6876214	0.004609515	1.109134404	35.85287311	-0.004226163	0	4.155545933	21.60883885	1.59934068	2.357831457	636.6190459	636.9023981	0.000668785	0.369287162	57.14408309	0.00093148	1	4.155545933	636.6190459	636.9023981			0	0	0	0	0.369287162	Subcritical	0.000668785
199	197.997	616386.773	3097691.34	632.463	5.2	0	Normal	0.057	1	50.95	1.996249296	10.38049634	1.129235565	4.908243144	634.4592493	635.6871214	0.004609515	1.109134404	35.85287311	-0.004226163	0	4.156359516	21.61306948	1.599461177	2.357369926	636.6193595	636.9026007	0.000668456	0.369178739	57.15926835	0.000939407	1	4.156359516	636.6193595	636.9026007			0	0	0	0	0.369178739	Subcritical	0.000668456
200	198.997	616385.774	3097691.292	632.4625	5.2	0	Normal	0.057	1	50.95	1.996249296	10.38049634	1.129235565	4.908243144	634.4587493	635.6866214	0.004609515	1.109134404	35.85287311	-0.004226163	0	4.157182189	21.61734738	1.59958299	2.356903421	636.6196822	636.9028113	0.000668124	0.369069158	57.17462772	0.00094742	1	4.157182189	636.6196822	636.9028113			0	0	0	0	0.369069158	Subcritical	0.000668124
201	199.997	616384.775	3097691.245	632.462	5.2	0	Normal	0.057	1	50.95	1.996249296	10.38049634	1.129235565	4.908243144	634.4582493	635.6861214	0.004609515	1.109134404	35.85287311	-0.004226163	0	4.158014048	21.62167305	1.599706134	2.356431895	636.620014	636.9030299	0.000667788	0.368958409	57.19016316	0.000955571	1	4.158014048	636.620014	636.9030299			0	0	0	0	0.368958409	Subcritical	0.000667788
202	200.997	616383.776	3097691.197	632.4615	5.2	0	Normal	0.003	1	50.95	1.996249296	10.38049634	1.129235565	4.908243144	634.4577493	635.6856214	0.004609515	1.109134404	35.85287311	-0.004115655	0	4.158883408	21.62619372	1.599834796	2.355939314	636.6203834	636.903281	0.000667437	0.368842726	57.20640382	0.000963978	1	4.158883408	636.6203834	636.903281			0	0	0	0	0.368842726	Subcritical	0.000667437
203	201.996	616382.778	3097691.149	632.461	5.2	0	Normal	0.06	0.999	50.95	1.996249296	10.38049634	1.129235565	4.908243144	634.4572493	635.6851214	0.004609515	1.109134404	35.85287311	-0.004227693	0	4.15973342	21.63061378	1.599960564	2.355457895	636.6207334	636.9035154	0.000667095	0.368729676	57.22228789	0.000972248	1	4.15973342	636.6207334	636.9035154			0	0	0	0	0.368729676	Subcritical	0.000667095
204	202.997	616381.779	3097691.102	632.4605	5.2	0	Normal	0.057	1.001	50.95	1.996249296	10.38049634	1.129235565	4.908243144	634.4567493	635.6846214	0.004609515	1.109134404	35.85287311	-0.004230773	0	4.160592998	21.63508359	1.600087714	2.354971257	636.621093	636.9037581	0.000666748	0.368615413	57.23835558	0.000980662	1	4.160592998	636.621093	636.9037581			0	0	0	0	0.368615413	Subcritical	0.000666748
205	203.997	616380.78	3097691.054	632.46	5.2	0	Normal	0	1	50.95	1.996249296	10.38049634	1.129235565	4.908243144	634.4562493	635.6841214	0.004609515	1.109134404	35.85287311	-0.004109515	0	4.161492633	21.63976169	1.600220755	2.354462157	636.6214926	636.9040356	0.000666386	0.368495888	57.25517726	0.00098935	1	4.161492633	636.6214926	636.9040356			0	0	0	0	0.368495888	Subcritical	0.000666386
206	204.997	616379.781	3097691.006	632.4595	5.2	0	Normal	0.057	1	50.95	1.996249296	10.38049634	1.129235565	4.908243144	634.4557493	635.6836214	0.004609515	1.109134404	35.85287311	-0.004226163	0	4.162372544	21.64433723	1.600350845	2.353964433	636.6218725	636.904296	0.000666032	0.368379046	57.2716353	0.000997861	1	4.162372544	636.6218725	636.904296			0	0	0	0	0.368379046	Subcritical	0.000666032
207	205.997	616378.782	3097690.959	632.459	5.2	0	Normal	0.057	1	50.95	1.996249296	10.38049634	1.129235565	4.908243144	634.4552493	635.6831214	0.004609515	1.109134404	35.85287311	-0.004226163	0	4.163262205	21.64896346	1.600482342	2.353461406	636.6222622	636.904565	0.000665675	0.368260972	57.28828093	0.000868561	1	4.163262205	636.6222622	636.904565			0	0	0	0	0.368260972	Subcritical	0.000665675
208	206.997	616377.783	3097690.911	632.4585	5.2	0	Normal	0.057	1	50.95	1.996249296	10.38049634	1.129235565	4.908243144	634.4547493	635.6826214	0.004609515	1.109134404	35.85287311	-0.004226163	0	4.164009328	21.65284851	1.600592744	2.353039139	636.6225093	636.9047108	0.000665375	0.368161864	57.3022637	0.000874809	1	4.164009328	636.6225093	636.9047108			0	0	0	0	0.368161864	Subcritical	0.000665375
209	207.997	616376.784	3097690.864	632.458	5.2	0	Normal	0.06	1	50.95	1.996249296	10.38049634	1.129235565	4.908243144	634.4542493	635.6821214	0.004609515	1.109134404	35.85287311	-0.004232302	0	4.164762097	21.6567629	1.600703956	2.352613834	636.6227621	636.9048616	0.000665073	0.368062052	57.31635586	0.000881157	1	4.164762097	636.6227621	636.9048616			0	0	0	0	0.368062052	Subcritical	0.000665073
210	208.996	616375.786	3097690.816	632.4575	5.2	0	Normal	0.003	0.999	50.95	1.996249296	10.38049634	1.129235565	4.908243144	634.4537493	635.6816214	0.004609515	1.109134404	35.85287311	-0.004111045	0	4.165552528	21.66087314	1.600820706	2.352167415	636.6230525	636.905045	0.000664756	0.367957295	57.33115711	0.000887714	1	4.165552528	636.6230525	636.905045			0	0	0	0	0.367957295	Subcritical	0.000664756
211	209.997	616374.787	3097690.768	632.457	5.2	0	Normal	0.057	1.001	50.95	1.996249296	10.38049634	1.129235565	4.908243144	634.4532493	635.6811214	0.004609515	1.109134404	35.85287311	-0.004230773	0	4.166320997	21.66486919	1.600934185	2.351733563	636.623321	636.9052094	0.000664448	0.367855497	57.34555108	0.000894136	1	4.166320997	636.623321	636.9052094			0	0	0	0	0.367855497	Subcritical	0.000664448
212	210.997	616373.788	3097690.721	632.4565	5.2	0	Normal	0.057	1	50.95	1.996249296	10.38049634	1.129235565	4.908243144	634.4527493	635.6806214	0.004609515	1.109134404	35.85287311	-0.004226163	0	4.167097604	21.66890754	1.60104884	2.351295279	636.6235976	636.905381	0.000664137	0.367752668	57.36010141	0.000900623	1	4.167097604	636.6235976	636.905381			0	0	0	0	0.367752668	Subcritical	0.000664137
213	211.997	616372.789	3097690.673	632.456	5.2	0	Normal	0.057	1	50.95	1.996249296	10.38049634	1.129235565	4.908243144	634.4522493	635.6801214	0.004609515	1.109134404	35.85287311	-0.004226163	0	4.167881685	21.67298476	1.601164572	2.350852942	636.6238817	636.905559	0.000663823	0.367648898	57.37479585	0.00090717	1	4.167881685	636.6238817	636.905559			0	0	0	0	0.367648898	Subcritical	0.000663823
214	212.997	616371.79	3097690.626	632.4555	5.2	0	Normal	0.057	1	50.95	1.996249296	10.38049634	1.129235565	4.908243144	634.4517493	635.6796214	0.004609515	1.109134404	35.85287311	-0.004226163	0	4.16867331	21.67710121	1.60128139	2.350406519	636.6241733	636.9057437	0.000663506	0.367544178	57.38963577	0.00091383	1	4.16867331	636.6241733	636.9057437			0	0	0	0	0.367544178	Subcritical	0.000663506
215	213.997	616370.791	3097690.578	632.455	5.2	0	Normal	0	1	50.95	1.996249296	10.38049634	1.129235565	4.908243144	634.4512493	635.6791214	0.004609515	1.109134404	35.85287311	-0.004109515	0	4.169502154	21.6814112	1.601403671	2.349939288	636.6245022	636.9059606	0.000663175	0.367434589	57.40517784	0.000920692	1	4.169502154	636.6245022	636.9059606			0	0	0	0	0.367434589	Subcritical	0.000663175
216	214.997	616369.792	3097690.53	632.4545	5.2	0	Normal	0.057	1	50.95	1.996249296	10.38049634	1.129235565	4.908243144	634.4507493	635.6786214	0.004609515	1.109134404	35.85287311	-0.004226163	0	4.170309357	21.68560865	1.60152273	2.349484435	636.6248094	636.9061589	0.000662852	0.367327914	57.42031847	0.00092742	1	4.170309357	636.6248094	636.9061589			0	0	0	0	0.367327914	Subcritical	0.000662852
217	215.997	616368.793	3097690.483	632.454	5.2	0	Normal	0.06	1	50.95	1.996249296	10.38049634	1.129235565	4.908243144	634.4502493	635.6781214	0.004609515	1.109134404	35.85287311	-0.004232302	0	4.171122755	21.68983833	1.601642675	2.349026269	636.6251228	636.9063625	0.000662528	0.367220472	57.43557966	0.000934256	1	4.171122755	636.6251228	636.9063625			0	0	0	0	0.367220472	Subcritical	0.000662528
218	216.996	616367.795	3097690.435	632.4535	5.2	0	Normal	0.003	0.999	50.95	1.996249296	10.38049634	1.129235565	4.908243144	634.4497493	635.6776214	0.004609515	1.109134404	35.85287311	-0.004111045	0	4.171974263	21.69426617	1.601768209	2.348546828	636.6254743	636.9065992	0.000662188	0.367108052	57.45156055	0.000941297	1	4.171974263	636.6254743	636.9065992			0	0	0	0	0.367108052	Subcritical	0.000662188
219	217.997	616366.796	3097690.387	632.453	5.2	0	Normal	0.057	1.001	50.95	1.996249296	10.38049634	1.129235565	4.908243144	634.4492493	635.6771214	0.004609515	1.109134404	35.85287311	-0.004230773	0	4.172804464	21.69858322	1.601890571	2.348079573	636.6258045	636.9068176	0.000661857	0.3669985	57.46714618	0.000948212	1	4.172804464	636.6258045	636.9068176			0	0	0	0	0.3669985	Subcritical	0.000661857
220	218.997	616365.797	3097690.34	632.4525	5.2	0	Normal	0.057	1	50.95	1.996249296	10.38049634	1.129235565	4.908243144	634.4487493	635.6766214	0.004609515	1.109134404	35.85287311	-0.004226163	0	4.173643358	21.70294546	1.602014183	2.347607613	636.6261434	636.9070435	0.000661523	0.366887857	57.48289961	0.000955196	1	4.173643358	636.6261434	636.9070435			0	0	0	0	0.366887857	Subcritical	0.000661523
221	219.997	616364.798	3097690.292	632.452	5.2	0	Normal	0.057	1	50.95	1.996249296	10.38049634	1.129235565	4.908243144	634.4482493	635.6761214	0.004609515	1.109134404	35.85287311	-0.004226163	0	4.174490292	21.70734952	1.602138949	2.347131324	636.6264903	636.9072765	0.000661186	0.36677621	57.49880873	0.000962243	1	4.174490292	636.6264903	636.9072765			0	0	0	0	0.36677621	Subcritical	0.000661186
222	220.997	616363.799	3097690.245	632.4515	5.2	0	Normal	0.057	1	50.95	1.996249296	10.38049634	1.129235565	4.908243144	634.4477493	635.6756214	0.004609515	1.109134404	35.85287311	-0.004226163	0	4.175345336	21.71179575	1.602264879	2.346650668	636.6268453	636.9075166	0.000660846	0.36666355	57.51487501	0.000969411	1	4.175345336	636.6268453	636.9075166			0	0	0	0	0.36666355	Subcritical	0.000660846
223	221.997	616362.8	3097690.197	632.451	5.2	0	Normal	0	1	50.95	1.996249296	10.38049634	1.129235565	4.908243144	634.4472493	635.6751214	0.004609515	1.109134404	35.85287311	-0.004109515	0	4.176238067	21.71643795	1.602396325	2.346149038	636.6272381	636.9077893	0.000660491	0.366545987	57.53165455	0.000976779	1	4.176238067	636.6272381	636.9077893			0	0	0	0	0.366545987	Subcritical	0.000660491
224	222.997	616361.801	3097690.149	632.4505	5.2	0	Normal	0.055	1	50.95	1.996249296	10.38049634	1.129235565	4.908243144	634.4467493	635.6746214	0.004609515	1.109134404	35.85287311	-0.00422207	0	4.177110871	21.72097653	1.602524803	2.345658812	636.6276109	636.9080449	0.000660145	0.366431109	57.54806466	0.000984033	1	4.177110871	636.6276109	636.9080449			0	0	0	0	0.366431109	Subcritical	0.000660145
225	223.996	616360.803	3097690.102	632.45	5.2	0	Normal	0.055	0.999	50.95	1.996249296	10.38049634	1.129235565	4.908243144	634.4462493	635.6741214	0.004609515	1.109134404	35.85287311	-0.004217461	0	4.177992749	21.72556229	1.602654584	2.345163697	636.6279927	636.9083084	0.000659795	0.366315097	57.56465047	0.000991412	1	4.177992749	636.6279927	636.9083084			0	0	0	0	0.366315097	Subcritical	0.000659795
226	224.997	616359.804	3097690.054	632.4495	5.2	0	Normal	0	1.001	50.95	1.996249296	10.38049634	1.129235565	4.908243144	634.4457493	635.6736214	0.004609515	1.109134404	35.85287311	-0.004114125	0	4.178910019	21.7303321	1.602789537	2.344648934	636.62841	636.9086026	0.000659431	0.366194495	57.58190736	0.000998938	1	4.178910019	636.62841	636.9086026			0	0	0	0	0.366194495	Subcritical	0.000659431
227	225.997	616358.805	3097690.006	632.449	5.2	0	Normal	0.057	1	50.95	1.996249296	10.38049634	1.129235565	4.908243144	634.4452493	635.6731214	0.004609515	1.109134404	35.85287311	-0.004226163	0	4.179807284	21.73499788	1.602921511	2.344145617	636.6288073	636.9088796	0.000659076	0.366076587	57.59879323	0.000868475	1	4.179807284	636.6288073	636.9088796			0	0	0	0	0.366076587	Subcritical	0.000659076
228	226.997	616357.806	3097689.959	632.4485	5.2	0	Normal	0.057	1	50.95	1.996249296	10.38049634	1.129235565	4.908243144	634.4447493	635.6726214	0.004609515	1.109134404	35.85287311	-0.004226163	0	4.180560902	21.73891669	1.603032331	2.343723044	636.6290609	636.9090322	0.000658777	0.365977604	57.6129799	0.000873863	1	4.180560902	636.6290609	636.9090322			0	0	0	0	0.365977604	Subcritical	0.000658777
229	227.997	616356.807	3097689.911	632.448	5.2	0	Normal	0.057	1	50.95	1.996249296	10.38049634	1.129235565	4.908243144	634.4442493	635.6721214	0.004609515	1.109134404	35.85287311	-0.004226163	0	4.181320764	21.74286797	1.603144043	2.343297124	636.6293208	636.9091904	0.000658477	0.365877846	57.62728788	0.000879292	1	4.181320764	636.6293208	636.9091904			0	0	0	0	0.365877846	Subcritical	0.000658477
230	228.997	616355.808	3097689.864	632.4475	5.2	0	Normal	0.057	1	50.95	1.996249296	10.38049634	1.129235565	4.908243144	634.4437493	635.6716214	0.004609515	1.109134404	35.85287311	-0.004226163	0	4.182086917	21.74685197	1.603256655	2.342867835	636.6295869	636.909354	0.000658174	0.365777308	57.64171819	0.000884818	1	4.182086917	636.6295869	636.909354			0	0	0	0	0.365777308	Subcritical	0.000658174
231	229.997	616354.809	3097689.816	632.447	5.2	0	Normal	0	1	50.95	1.996249296	10.38049634	1.129235565	4.908243144	634.4432493	635.6711214	0.004609515	1.109134404	35.85287311	-0.004109515	0	4.182888798	21.75102175	1.603374491	2.342418696	636.6298888	636.9095486	0.000657857	0.365672131	57.65682556	0.000890492	1	4.182888798	636.6298888	636.9095486			0	0	0	0	0.365672131	Subcritical	0.000657857
232	230.997	616353.81	3097689.768	632.4465	5.2	0	Normal	0.055	1	50.95	1.996249296	10.38049634	1.129235565	4.908243144	634.4427493	635.6706214	0.004609515	1.109134404	35.85287311	-0.00422207	0	4.183668955	21.75507856	1.603489108	2.341981889	636.630169	636.9097245	0.000657549	0.365569852	57.67152771	0.00089606	1	4.183668955	636.630169	636.9097245			0	0	0	0	0.365569852	Subcritical	0.000657549
233	231.996	616352.812	3097689.721	632.446	5.2	0	Normal	0.055	0.999	50.95	1.996249296	10.38049634	1.129235565	4.908243144	634.4422493	635.6701214	0.004609515	1.109134404	35.85287311	-0.004217461	0	4.184456286	21.75917269	1.603604753	2.341541231	636.6304563	636.9099066	0.000657239	0.36546668	57.68636913	0.000901673	1	4.184456286	636.6304563	636.9099066			0	0	0	0	0.36546668	Subcritical	0.000657239
234	232.997	616351.813	3097689.673	632.4455	5.2	0	Normal	0.057	1.001	50.95	1.996249296	10.38049634	1.129235565	4.908243144	634.4417493	635.6696214	0.004609515	1.109134404	35.85287311	-0.004230773	0	4.185247639	21.76328772	1.603720961	2.341098489	636.6307476	636.9100923	0.000656927	0.365363031	57.70129049	0.000907317	1	4.185247639	636.6307476	636.9100923			0	0	0	0	0.365363031	Subcritical	0.000656927
235	233.997	616350.814	3097689.626	632.445	5.2	0	Normal	0.057	1	50.95	1.996249296	10.38049634	1.129235565	4.908243144	634.4412493	635.6691214	0.004609515	1.109134404	35.85287311	-0.004226163	0	4.186046253	21.76744052	1.603838207	2.340651854	636.6310463	636.9102843	0.000656612	0.36525848	57.71635293	0.000913064	1	4.186046253	636.6310463	636.9102843			0	0	0	0	0.36525848	Subcritical	0.000656612
236	234.997	616349.815	3097689.578	632.4445	5.2	0	Normal	0	1	50.95	1.996249296	10.38049634	1.129235565	4.908243144	634.4407493	635.6686214	0.004609515	1.109134404	35.85287311	-0.004109515	0	4.186880783	21.77178007	1.603960698	2.340185315	636.6313808	636.9105076	0.000656283	0.36514928	57.73209726	0.000918955	1	4.186880783	636.6313808	636.9105076			0	0	0	0	0.36514928	Subcritical	0.000656283
237	235.997	616348.816	3097689.53	632.444	5.2	0	Normal	0.057	1	50.95	1.996249296	10.38049634	1.129235565	4.908243144	634.4402493	635.6681214	0.004609515	1.109134404	35.85287311	-0.004226163	0	4.18769287	21.77600292	1.604079865	2.339731501	636.6316929	636.9107114	0.000655964	0.365043069	57.7474226	0.000924738	1	4.18769287	636.6316929	636.9107114			0	0	0	0	0.365043069	Subcritical	0.000655964
238	236.997	616347.817	3097689.483	632.4435	5.2	0	Normal	0.057	1	50.95	1.996249296	10.38049634	1.129235565	4.908243144	634.4397493	635.6676214	0.004609515	1.109134404	35.85287311	-0.004226163	0	4.188511652	21.78026059	1.604199986	2.339274123	636.6320117	636.9109211	0.000655642	0.364936035	57.76287867	0.00093062	1	4.188511652	636.6320117	636.9109211			0	0	0	0	0.364936035	Subcritical	0.000655642
239	237.997	616346.818	3097689.435	632.443	5.2	0	Normal	0.003	1	50.95	1.996249296	10.38049634	1.129235565	4.908243144	634.4392493	635.6671214	0.004609515	1.109134404	35.85287311	-0.004115655	0	4.189364925	21.78469761	1.604325136	2.33879767	636.6323649	636.9111608	0.000655307	0.364824548	57.77899052	0.000936636	1	4.189364925	636.6323649	636.9111608			0	0	0	0	0.364824548	Subcritical	0.000655307
240	238.996	616345.82	3097689.387	632.4425	5.2	0	Normal	0.06	0.999	50.95	1.996249296	10.38049634	1.129235565	4.908243144	634.4387493	635.6666214	0.004609515	1.109134404	35.85287311	-0.004227693	0	4.190196661	21.78902264	1.604447097	2.338333428	636.6326967	636.9113818	0.00065498	0.364715929	57.79470031	0.000942553	1	4.190196661	636.6326967	636.9113818			0	0	0	0	0.364715929	Subcritical	0.00065498
241	239.997	616344.821	3097689.34	632.442	5.2	0	Normal	0.057	1.001	50.95	1.996249296	10.38049634	1.129235565	4.908243144	634.4382493	635.6661214	0.004609515	1.109134404	35.85287311	-0.004230773	0	4.191035335	21.79338374	1.604570045	2.337865501	636.6330353	636.911609	0.000654651	0.364606459	57.81054578	0.000948516	1	4.191035335	636.6330353	636.911609			0	0	0	0	0.364606459	Subcritical	0.000654651
242	240.997	616343.822	3097689.292	632.4415	5.2	0	Normal	0.057	1	50.95	1.996249296	10.38049634	1.129235565	4.908243144	634.4377493	635.6656214	0.004609515	1.109134404	35.85287311	-0.004226163	0	4.19188163	21.79778448	1.604694079	2.337393511	636.6333816	636.9118428	0.000654319	0.364496049	57.82653991	0.000954529	1	4.19188163	636.6333816	636.9118428			0	0	0	0	0.364496049	Subcritical	0.000654319
243	241.997	616342.823	3097689.245	632.441	5.2	0	Normal	0.057	1	50.95	1.996249296	10.38049634	1.129235565	4.908243144	634.4372493	635.6651214	0.004609515	1.109134404	35.85287311	-0.004226163	0	4.192734882	21.80222139	1.604819102	2.336917835	636.6337349	636.9120827	0.000653985	0.364384788	57.84267028	0.00096064	1	4.192734882	636.6337349	636.9120827			0	0	0	0	0.364384788	Subcritical	0.000653985
244	242.997	616341.824	3097689.197	632.4405	5.2	0	Normal	0	1	50.95	1.996249296	10.38049634	1.129235565	4.908243144	634.4367493	635.6646214	0.004609515	1.109134404	35.85287311	-0.004109515	0	4.193624355	21.80684665	1.604949399	2.336422172	636.6341244	636.9123541	0.000653637	0.364268865	57.85949051	0.000940194	1	4.193624355	636.6341244	636.9123541			0	0	0	0	0.364268865	Subcritical	0.000653637
245	243.997	616340.825	3097689.149	632.44	4.796	0	Normal	0.632	1	50.95	1.996249296	9.574011626	1.089379662	5.321698154	634.4362493	635.8796984	0.00568474	1.202564408	37.19525382	-0.243302247	0	4.128842793	19.80193004	1.516960854	2.572981518	636.5688428	636.9062655	0.000854588	0.404285336	54.2427705	0.00095318	1	4.128842793	636.5688428	636.9062655			0	0	0	0	0.404285336	Subcritical	0.000854588
246	244.997	616339.827	3097689.09	632.4395	4.527	0	Normal	1.437	1	50.95	1.996249296	9.037020565	1.06074559	5.637920112	634.4357493	636.0558381	0.006611074	1.274022289	38.30162544	-0.203831748	0	4.071090149	18.42982511	1.454697516	2.764540613	636.5105901	636.9001256	0.001043274	0.437454724	51.87287879	0.00096663	1	4.071090149	636.5105901	636.9001256			0	0	0	0	0.437454724	Subcritical	0.001043274
247	245.996	616338.831	3097689.006	632.439	4.527	0	Normal	1.494	0.999	50.95	1.996249296	9.037020565	1.06074559	5.637920112	634.4352493	636.0553381	0.006611074	1.274022289	38.30162544	-0.010138484	0	4.070398405	18.42669358	1.454609184	2.765010434	636.5093984	636.8990662	0.001043713	0.437566244	51.86257124	0.000894049	1	4.070398405	636.5093984	636.8990662			0	0	0	0	0.437566244	Subcritical	0.001043713
248	246.996	616337.837	3097688.896	632.4385	4.527	0	Normal	1.386	1	50.95	1.996249296	9.037020565	1.06074559	5.637920112	634.4347493	636.0548381	0.006611074	1.274022289	38.30162544	-0.00985348	0	4.069701203	18.42353735	1.454520136	2.765484122	636.5082012	636.8980025	0.001044156	0.437678691	51.8521854	0.000950781	1	4.069701203	636.5082012	636.8980025			0	0	0	0	0.437678691	Subcritical	0.001044156
249	247.996	616336.846	3097688.762	632.438	4.527	0	Normal	1.385	1	50.95	1.996249296	9.037020565	1.06074559	5.637920112	634.4342493	636.0543381	0.006611074	1.274022289	38.30162544	-0.009850779	0	4.069075733	18.42070584	1.454440233	2.765909213	636.5070757	636.8969969	0.001044553	0.437779611	51.8428707	0.000882156	1	4.069075733	636.5070757	636.8969969			0	0	0	0	0.437779611	Subcritical	0.001044553
250	248.997	616335.858	3097688.604	632.4375	4.527	0	Normal	1.516	1.001	50.95	1.996249296	9.037020565	1.06074559	5.637920112	634.4337493	636.0538381	0.006611074	1.274022289	38.30162544	-0.01021111	0	4.068252914	18.41698094	1.454335094	2.766468628	636.5057529	636.8958318	0.001045076	0.437912431	51.83062075	0.000904487	1	4.068252914	636.5057529	636.8958318			0	0	0	0	0.437912431	Subcritical	0.001045076
251	249.997	616334.875	3097688.42	632.437	4.527	0	Normal	1.405	1	50.95	1.996249296	9.037020565	1.06074559	5.637920112	634.4332493	636.0533381	0.006611074	1.274022289	38.30162544	-0.009904782	0	4.067550047	18.41379906	1.454245261	2.76694667	636.50455	636.8947638	0.001045524	0.438025942	51.82015997	0.00093814	1	4.067550047	636.50455	636.8947638			0	0	0	0	0.438025942	Subcritical	0.001045524
252	250.997	616333.897	3097688.212	632.4365	4.527	0	Normal	1.418	1	50.95	1.996249296	9.037020565	1.06074559	5.637920112	634.4327493	636.0528381	0.006611074	1.274022289	38.30162544	-0.009939884	0	4.066878084	18.41075709	1.45415936	2.767403847	636.5033781	636.8937208	0.001045952	0.438134508	51.81016205	0.00096635	1	4.066878084	636.5033781	636.8937208			0	0	0	0	0.438134508	Subcritical	0.001045952
253	251.996	616332.925	3097687.98	632.436	4.527	0	Normal	1.404	0.999	50.95	1.996249296	9.037020565	1.06074559	5.637920112	634.4322493	636.0523381	0.006611074	1.274022289	38.30162544	-0.009895471	0	4.066253793	18.40793092	1.454079536	2.767828727	636.5022538	636.8927164	0.001046349	0.438235412	51.80087594	0.000995409	1	4.066253793	636.5022538	636.8927164			0	0	0	0	0.438235412	Subcritical	0.001046349
254	252.997	616331.958	3097687.724	632.4355	4.527	0	Normal	1.487	1.001	50.95	1.996249296	9.037020565	1.06074559	5.637920112	634.4317493	636.0518381	0.006611074	1.274022289	38.30162544	-0.010132806	0	4.065594212	18.404945	1.453995183	2.768277765	636.5010942	636.8916835	0.00104677	0.438342062	51.79106756	0.000992669	1	4.065594212	636.5010942	636.8916835			0	0	0	0	0.438342062	Subcritical	0.00104677
255	253.997	616330.998	3097687.443	632.435	4.527	0	Normal	1.395	1	50.95	1.996249296	9.037020565	1.06074559	5.637920112	634.4312493	636.0513381	0.006611074	1.274022289	38.30162544	-0.009877781	0	4.06500751	18.402289	1.453920136	2.76867731	636.5000075	636.8907096	0.001047144	0.438436964	51.78234524	0.000991208	1	4.06500751	636.5000075	636.8907096			0	0	0	0	0.438436964	Subcritical	0.001047144
256	254.996	616330.046	3097687.139	632.4345	4.527	0	Normal	1.486	0.999	50.95	1.996249296	9.037020565	1.06074559	5.637920112	634.4307493	636.0508381	0.006611074	1.274022289	38.30162544	-0.010116883	0	4.064344154	18.39928599	1.453835267	2.769129195	636.4988442	636.8896737	0.001047568	0.438544307	51.77248592	0.000920428	1	4.064344154	636.4988442	636.8896737			0	0	0	0	0.438544307	Subcritical	0.001047568
257	255.997	616329.101	3097686.81	632.434	4.527	0	Normal	1.361	1.001	50.95	1.996249296	9.037020565	1.06074559	5.637920112	634.4302493	636.0503381	0.006611074	1.274022289	38.30162544	-0.009792587	0	4.063690659	18.39632761	1.453751642	2.769574508	636.4976907	636.888646	0.001047985	0.438650096	51.76277585	0.00098449	1	4.063690659	636.4976907	636.888646			0	0	0	0	0.438650096	Subcritical	0.001047985
258	256.996	616328.165	3097686.459	632.4335	4.527	0	Normal	1.469	0.999	50.95	1.996249296	9.037020565	1.06074559	5.637920112	634.4297493	636.0498381	0.006611074	1.274022289	38.30162544	-0.010070981	0	4.063030807	18.39334046	1.453667185	2.770024298	636.4965308	636.8876131	0.001048406	0.438756959	51.75297404	0.000898072	1	4.063030807	636.4965308	636.8876131			0	0	0	0	0.438756959	Subcritical	0.001048406
259	257.996	616327.238	3097686.084	632.433	4.527	0	Normal	1.437	1	50.95	1.996249296	9.037020565	1.06074559	5.637920112	634.4292493	636.0493381	0.006611074	1.274022289	38.30162544	-0.009991187	0	4.062285346	18.38996576	1.453571751	2.770532618	636.4952853	636.8865112	0.001048883	0.438877737	51.74190385	-0.000398807	1	4.062285346	636.4952853	636.8865112			0	0	0	0	0.438877737	Subcritical	0.001048883
260	258.996	616326.321	3097685.686	632.4325	4.527	0	Normal	1.437	1	50.95	1.996249296	9.037020565	1.06074559	5.637920112	634.4287493	636.0488381	0.006611074	1.274022289	38.30162544	-0.009991187	0	4.05989106	18.37912683	1.45326508	2.772166517	636.4923911	636.8840785	0.001050416	0.439266031	51.70637192	-0.00090494	1	4.05989106	636.4923911	636.8840785			0	0	0	0	0.439266031	Subcritical	0.001050416
261	259.996	616325.414	3097685.265	632.432	4.527	0	Normal	1.435	1	50.95	1.996249296	9.037020565	1.06074559	5.637920112	634.4282493	636.0483381	0.006611074	1.274022289	38.30162544	-0.009985787	0	4.056850439	18.36536194	1.452875289	2.774244263	636.4888504	636.8811252	0.001052368	0.43975997	51.66130004	-0.00089237	1	4.056850439	636.4888504	636.8811252			0	0	0	0	0.43975997	Subcritical	0.001052368
262	260.997	616324.517	3097684.821	632.4315	4.527	0	Normal	1.384	1.001	50.95	1.996249296	9.037020565	1.06074559	5.637920112	634.4277493	636.0478381	0.006611074	1.274022289	38.30162544	-0.00985469	0	4.053860827	18.35182796	1.452491671	2.776290193	636.4853608	636.8782144	0.001054291	0.440246526	51.61704087	-0.000889995	1	4.053860827	636.4853608	636.8782144			0	0	0	0	0.440246526	Subcritical	0.001054291
263	261.997	616323.632	3097684.356	632.431	4.527	0	Normal	1.486	1	50.95	1.996249296	9.037020565	1.06074559	5.637920112	634.4272493	636.0473381	0.006611074	1.274022289	38.30162544	-0.010123494	0	4.050784483	18.33790135	1.452096544	2.77839863	636.4817845	636.875235	0.001056277	0.440748135	51.5715563	-0.000917792	1	4.050784483	636.4817845	636.875235			0	0	0	0	0.440748135	Subcritical	0.001056277
264	262.997	616322.759	3097683.868	632.4305	4.527	0	Normal	1.415	1	50.95	1.996249296	9.037020565	1.06074559	5.637920112	634.4267493	636.0468381	0.006611074	1.274022289	38.30162544	-0.009931784	0	4.047725799	18.32405469	1.451703304	2.78049814	636.4782258	636.8722712	0.001058256	0.44124781	51.52639182	-0.000884536	1	4.047725799	636.4782258	636.8722712			0	0	0	0	0.44124781	Subcritical	0.001058256
265	263.996	616321.899	3097683.359	632.43	4.527	0	Normal	1.434	0.999	50.95	1.996249296	9.037020565	1.06074559	5.637920112	634.4262493	636.0463381	0.006611074	1.274022289	38.30162544	-0.009976476	0	4.044688714	18.31030581	1.451312464	2.782585967	636.4746887	636.8693261	0.001060226	0.441744891	51.48160449	-0.000935215	1	4.044688714	636.4746887	636.8693261			0	0	0	0	0.441744891	Subcritical	0.001060226
266	264.997	616321.051	3097682.828	632.4295	4.527	0	Normal	1.445	1.001	50.95	1.996249296	9.037020565	1.06074559	5.637920112	634.4257493	636.0458381	0.006611074	1.274022289	38.30162544	-0.010019399	0	4.041568849	18.29618218	1.450910578	2.784733968	636.4710688	636.8663157	0.001062256	0.442256493	51.43565686	-0.000964484	1	4.041568849	636.4710688	636.8663157			0	0	0	0	0.442256493	Subcritical	0.001062256
267	265.997	616320.217	3097682.276	632.429	4.527	0	Normal	1.399	1	50.95	1.996249296	9.037020565	1.06074559	5.637920112	634.4252493	636.0453381	0.006611074	1.274022289	38.30162544	-0.009888581	0	4.03844526	18.28204169	1.450507814	2.786887857	636.4674453	636.8633038	0.001064293	0.442769696	51.38971581	-0.000973395	1	4.03844526	636.4674453	636.8633038			0	0	0	0	0.442769696	Subcritical	0.001064293
268	266.997	616319.397	3097681.704	632.4285	4.527	0	Normal	1.479	1	50.95	1.996249296	9.037020565	1.06074559	5.637920112	634.4247493	636.0448381	0.006611074	1.274022289	38.30162544	-0.010104593	0	4.035236354	18.26751497	1.450093634	2.78910405	636.4637364	636.8602247	0.001066393	0.443297951	51.34258395	-0.000969605	1	4.035236354	636.4637364	636.8602247			0	0	0	0	0.443297951	Subcritical	0.001066393
269	267.996	616318.592	3097681.111	632.428	4.527	0	Normal	1.387	0.999	50.95	1.996249296	9.037020565	1.06074559	5.637920112	634.4242493	636.0443381	0.006611074	1.274022289	38.30162544	-0.009849569	0	4.032104677	18.25333787	1.449689014	2.791270307	636.4601047	636.8572092	0.001068447	0.443814506	51.29664904	-0.000950651	1	4.032104677	636.4601047	636.8572092			0	0	0	0	0.443814506	Subcritical	0.001068447
270	268.996	616317.802	3097680.499	632.4275	4.527	0	Normal	1.432	1	50.95	1.996249296	9.037020565	1.06074559	5.637920112	634.4237493	636.0438381	0.006611074	1.274022289	38.30162544	-0.009977686	0	4.02895125	18.23906231	1.449281177	2.793455011	636.4564512	636.8541776	0.001070522	0.444335663	51.25045763	-0.000923403	1	4.02895125	636.4564512	636.8541776			0	0	0	0	0.444335663	Subcritical	0.001070522
271	269.996	616317.027	3097679.867	632.427	4.527	0	Normal	1.467	1	50.95	1.996249296	9.037020565	1.06074559	5.637920112	634.4232493	636.0433381	0.006611074	1.274022289	38.30162544	-0.010072192	0	4.025796336	18.22478001	1.448872739	2.79564417	636.4527963	636.8511463	0.001072604	0.444858087	51.20430729	-0.000889667	1	4.025796336	636.4527963	636.8511463			0	0	0	0	0.444858087	Subcritical	0.001072604
272	270.996	616316.268	3097679.215	632.4265	4.527	0	Normal	1.418	1	50.95	1.996249296	9.037020565	1.06074559	5.637920112	634.4227493	636.0428381	0.006611074	1.274022289	38.30162544	-0.009939884	0	4.022719643	18.21085183	1.448474032	2.79778236	636.4492196	636.8481792	0.001074639	0.445368545	51.15936174	-0.000966058	1	4.022719643	636.4492196	636.8481792			0	0	0	0	0.445368545	Subcritical	0.001074639
273	271.996	616315.526	3097678.545	632.426	4.527	0	Normal	1.419	1	50.95	1.996249296	9.037020565	1.06074559	5.637920112	634.4222493	636.0423381	0.006611074	1.274022289	38.30162544	-0.009942584	0	4.019537788	18.19644757	1.448061287	2.799997077	636.4455378	636.8451292	0.001076751	0.445897478	51.1129429	-0.000919361	1	4.019537788	636.4455378	636.8451292			0	0	0	0	0.445897478	Subcritical	0.001076751
274	272.996	616314.801	3097677.857	632.4255	4.527	0	Normal	1.459	1	50.95	1.996249296	9.037020565	1.06074559	5.637920112	634.4217493	636.0418381	0.006611074	1.274022289	38.30162544	-0.01005059	0	4.016374845	18.18212892	1.44765058	2.802202108	636.4418748	636.8420959	0.001078855	0.446424306	51.06686344	-0.000988927	1	4.016374845	636.4418748	636.8420959			0	0	0	0	0.446424306	Subcritical	0.001078855
275	273.996	616314.093	3097677.15	632.425	4.527	0	Normal	1.418	1	50.95	1.996249296	9.037020565	1.06074559	5.637920112	634.4212493	636.0413381	0.006611074	1.274022289	38.30162544	-0.009939884	0	4.01315102	18.16753467	1.447231542	2.80445316	636.438151	636.8390153	0.001081006	0.446962344	51.01996219	-0.0009329	1	4.01315102	636.438151	636.8390153			0	0	0	0	0.446962344	Subcritical	0.001081006
276	274.996	616313.403	3097676.426	632.4245	4.527	0	Normal	1.418	1	50.95	1.996249296	9.037020565	1.06074559	5.637920112	634.4207493	636.0408381	0.006611074	1.274022289	38.30162544	-0.009939884	0	4.009992209	18.15323473	1.446820537	2.806662325	636.4344922	636.8359883	0.00108312	0.447490579	50.97407067	-0.000994516	1	4.009992209	636.4344922	636.8359883			0	0	0	0	0.447490579	Subcritical	0.00108312
277	275.997	616312.731	3097675.685	632.424	4.527	0	Normal	1.466	1.001	50.95	1.996249296	9.037020565	1.06074559	5.637920112	634.4202493	636.0403381	0.006611074	1.274022289	38.30162544	-0.010076102	0	4.00670476	18.13835245	1.446392354	2.808965155	636.4307048	636.83286	0.001085326	0.448041433	50.92637747	-0.000932358	1	4.00670476	636.4307048	636.83286			0	0	0	0	0.448041433	Subcritical	0.001085326
278	276.996	616312.079	3097674.928	632.4235	4.527	0	Normal	1.417	0.999	50.95	1.996249296	9.037020565	1.06074559	5.637920112	634.4197493	636.0398381	0.006611074	1.274022289	38.30162544	-0.009930573	0	4.003535092	18.12400336	1.445979087	2.811189061	636.4270351	636.8298273	0.00108746	0.448573621	50.88045791	-0.000987255	1	4.003535092	636.4270351	636.8298273			0	0	0	0	0.448573621	Subcritical	0.00108746
279	277.996	616311.445	3097674.154	632.423	4.527	0	Normal	1.432	1	50.95	1.996249296	9.037020565	1.06074559	5.637920112	634.4192493	636.0393381	0.006611074	1.274022289	38.30162544	-0.009977686	0	4.000273594	18.10923856	1.44555341	2.813481076	636.4232736	636.8267229	0.001089662	0.449122329	50.83327458	-0.000919685	1	4.000273594	636.4232736	636.8267229			0	0	0	0	0.449122329	Subcritical	0.001089662
280	278.996	616310.831	3097673.365	632.4225	4.527	0	Normal	1.387	1	50.95	1.996249296	9.037020565	1.06074559	5.637920112	634.4187493	636.0388381	0.006611074	1.274022289	38.30162544	-0.00985618	0	3.99713096	18.09501186	1.445142828	2.815693098	636.419631	636.8237149	0.001091789	0.449652098	50.78787476	-0.000968063	1	3.99713096	636.419631	636.8237149			0	0	0	0	0.449652098	Subcritical	0.001091789
281	279.996	616310.236	3097672.561	632.422	4.527	0	Normal	1.478	1	50.95	1.996249296	9.037020565	1.06074559	5.637920112	634.4182493	636.0383381	0.006611074	1.274022289	38.30162544	-0.010101893	0	3.993840158	18.08011439	1.444712445	2.818013143	636.4158402	636.8205903	0.001094024	0.450207962	50.74040174	-0.00089807	1	3.993840158	636.4158402	636.8205903			0	0	0	0	0.450207962	Subcritical	0.001094024
282	280.996	616309.662	3097671.742	632.4215	4.527	0	Normal	1.446	1	50.95	1.996249296	9.037020565	1.06074559	5.637920112	634.4177493	636.0378381	0.006611074	1.274022289	38.30162544	-0.010015488	0	3.990660123	18.06571838	1.444296118	2.820258732	636.4121601	636.8175556	0.001096189	0.450746204	50.6945921	-0.000994787	1	3.990660123	636.4121601	636.8175556			0	0	0	0	0.450746204	Subcritical	0.001096189
283	281.996	616309.109	3097670.909	632.421	4.93	0	Normal	1.415	1	50.95	1.996249296	9.841509032	1.102999225	5.177051592	634.4172493	635.7832974	0.005291521	1.169878073	36.71100163	0.168556535	0	4.038360929	19.90911938	1.530679259	2.55912876	636.4593609	636.7931601	0.000835323	0.406588479	53.49140057	-0.000962685	1	4.038360929	636.4593609	636.7931601			0	0	0	0	0.406588479	Subcritical	0.000835323
284	282.996	616308.577	3097670.063	632.4205	5.2	0	Normal	1.445	1	50.95	1.996249296	10.38049634	1.129235565	4.908243144	634.4167493	635.6446214	0.004609515	1.109134404	35.85287311	0.088982758	0	4.062439675	21.12468631	1.585356667	2.411870134	636.4829397	636.7794288	0.000708034	0.382055058	55.43536338	0.000890358	1	4.062439675	636.4829397	636.7794288			0	0	0	0	0.382055058	Subcritical	0.000708034
285	283.996	616308.066	3097669.203	632.42	5.2	0	Normal	1.385	1	50.95	1.996249296	10.38049634	1.129235565	4.908243144	634.4162493	635.6441214	0.004609515	1.109134404	35.85287311	-0.006943853	0	4.062437205	21.12467347	1.585356291	2.4118716	636.4824372	636.7789267	0.000708036	0.382055406	55.43531881	0.000875978	1	4.062437205	636.4824372	636.7789267			0	0	0	0	0.382055406	Subcritical	0.000708036
286	284.996	616307.576	3097668.331	632.4195	5.2	0	Normal	1.024	1	50.95	1.996249296	10.38049634	1.129235565	4.908243144	634.4157493	635.6436214	0.004609515	1.109134404	35.85287311	-0.006205084	0	4.06261761	21.12561157	1.585383764	2.411764498	636.4821176	636.7785808	0.000707956	0.382029958	55.43857365	0.000957226	1	4.06261761	636.4821176	636.7785808			0	0	0	0	0.382029958	Subcritical	0.000707956
287	285.996	616307.102	3097667.451	632.419	5.2	0	Normal	0.05	1	50.95	1.996249296	10.38049634	1.129235565	4.908243144	634.4152493	635.6431214	0.004609515	1.109134404	35.85287311	-0.004211838	0	4.063424791	21.12980891	1.585506671	2.411285412	636.4824248	636.7787702	0.000707602	0.381916131	55.45313931	0.000943173	1	4.063424791	636.4824248	636.7787702			0	0	0	0	0.381916131	Subcritical	0.000707602
288	286.996	616306.627	3097666.571	632.419	5.2	0	Normal	0.078	1	50.95	1.996249296	10.38049634	1.129235565	4.908243144	634.4152493	635.6431214	0.004609515	1.109134404	35.85287311	-0.004769139	0	4.063644295	21.13095034	1.585540089	2.411155163	636.4826443	636.7789577	0.000707506	0.381885187	55.45710104	-0.00091969	1	4.063644295	636.4826443	636.7789577			0	0	0	0	0.381885187	Subcritical	0.000707506
289	287.996	616306.153	3097665.69	632.4185	5.2	0	Normal	0.027	1	50.95	1.996249296	10.38049634	1.129235565	4.908243144	634.4147493	635.6426214	0.004609515	1.109134404	35.85287311	-0.00416477	0	4.062285346	21.1238838	1.585333163	2.411961762	636.4807853	636.777297	0.000708102	0.38207683	55.43257918	0.000728248	1	4.062285346	636.4807853	636.777297			0	0	0	0	0.38207683	Subcritical	0.000708102
290	288.996	616305.679	3097664.81	632.418	5.2	0	Normal	0	1	50.95	1.996249296	10.38049634	1.129235565	4.908243144	634.4142493	635.6421214	0.004609515	1.109134404	35.85287311	-0.004109515	0	4.062864822	21.12689708	1.58542141	2.41161775	636.4808648	636.7772919	0.000707848	0.381995091	55.44303415	0.000916876	1	4.062864822	636.4808648	636.7772919			0	0	0	0	0.381995091	Subcritical	0.000707848
291	289.995	616305.205	3097663.93	632.4175	5.2	0	Normal	0.023	0.999	50.95	1.996249296	10.38049634	1.129235565	4.908243144	634.4137493	635.6416214	0.004609515	1.109134404	35.85287311	-0.004151974	0	4.063642811	21.13094262	1.585539863	2.411156044	636.4811428	636.7774564	0.000707506	0.381885396	55.45707424	-0.000919712	1	4.063642811	636.4811428	636.7774564			0	0	0	0	0.381885396	Subcritical	0.000707506
292	290.996	616304.73	3097663.049	632.417	5.2	0	Normal	0.023	1.001	50.95	1.996249296	10.38049634	1.129235565	4.908243144	634.4132493	635.6411214	0.004609515	1.109134404	35.85287311	-0.004161193	0	4.062285346	21.1238838	1.585333163	2.411961762	636.4792853	636.775797	0.000708102	0.38207683	55.43257918	0.000747201	1	4.062285346	636.4792853	636.775797			0	0	0	0	0.38207683	Subcritical	0.000708102
293	291.996	616304.256	3097662.169	632.4165	5.2	0	Normal	0.027	1	50.95	1.996249296	10.38049634	1.129235565	4.908243144	634.4127493	635.6406214	0.004609515	1.109134404	35.85287311	-0.00416477	0	4.062871072	21.12692958	1.585422361	2.411614041	636.4793711	636.7757973	0.000707845	0.381994209	55.44314692	0.000927212	1	4.062871072	636.4793711	636.7757973			0	0	0	0	0.381994209	Subcritical	0.000707845
294	292.996	616303.782	3097661.288	632.416	5.2	0	Normal	0.027	1	50.95	1.996249296	10.38049634	1.129235565	4.908243144	634.4122493	635.6401214	0.004609515	1.109134404	35.85287311	-0.00416477	0	4.063657587	21.13101945	1.585542112	2.411147277	636.4796576	636.7759691	0.0007075	0.381883313	55.45734095	-0.000919486	1	4.063657587	636.4796576	636.7759691			0	0	0	0	0.381883313	Subcritical	0.0007075
295	293.996	616303.308	3097660.408	632.4155	5.2	0	Normal	0.05	1	50.95	1.996249296	10.38049634	1.129235565	4.908243144	634.4117493	635.6396214	0.004609515	1.109134404	35.85287311	-0.004211838	0	4.062285346	21.1238838	1.585333163	2.411961762	636.4777853	636.774297	0.000708102	0.38207683	55.43257918	0.000768208	1	4.062285346	636.4777853	636.774297			0	0	0	0	0.38207683	Subcritical	0.000708102
296	294.996	616302.833	3097659.528	632.415	5.2	0	Normal	0.078	1	50.95	1.996249296	10.38049634	1.129235565	4.908243144	634.4112493	635.6391214	0.004609515	1.109134404	35.85287311	-0.004269139	0	4.062866397	21.12690527	1.585421649	2.411616816	636.4778664	636.7742933	0.000707847	0.381994869	55.44306257	0.000919479	1	4.062866397	636.4778664	636.7742933			0	0	0	0	0.381994869	Subcritical	0.000707847
297	295.996	616302.359	3097658.647	632.4145	5.2	0	Normal	0.027	1	50.95	1.996249296	10.38049634	1.129235565	4.908243144	634.4107493	635.6386214	0.004609515	1.109134404	35.85287311	-0.00416477	0	4.063644295	21.13095034	1.585540089	2.411155163	636.4781443	636.7744577	0.000707506	0.381885187	55.45710104	-0.00091969	1	4.063644295	636.4781443	636.7744577			0	0	0	0	0.381885187	Subcritical	0.000707506
298	296.996	616301.885	3097657.767	632.414	5.2	0	Normal	0.027	1	50.95	1.996249296	10.38049634	1.129235565	4.908243144	634.4102493	635.6381214	0.004609515	1.109134404	35.85287311	-0.00416477	0	4.062285346	21.1238838	1.585333163	2.411961762	636.4762853	636.772797	0.000708102	0.38207683	55.43257918	0.000756061	1	4.062285346	636.4762853	636.772797			0	0	0	0	0.38207683	Subcritical	0.000708102
299	297.996	616301.411	3097656.886	632.4135	5.2	0	Normal	0.027	1	50.95	1.996249296	10.38049634	1.129235565	4.908243144	634.4097493	635.6376214	0.004609515	1.109134404	35.85287311	-0.00416477	0	4.062880942	21.1269809	1.585423864	2.411608182	636.4763809	636.7728057	0.000707841	0.381992817	55.44332501	0.000943529	1	4.062880942	636.4763809	636.7728057			0	0	0	0	0.381992817	Subcritical	0.000707841
300	298.995	616300.937	3097656.006	632.413	5.2	0	Normal	0.05	0.999	50.95	1.996249296	10.38049634	1.129235565	4.908243144	634.4092493	635.6371214	0.004609515	1.109134404	35.85287311	-0.004207228	0	4.063673768	21.13110359	1.585544576	2.411137676	636.4766738	636.7729829	0.000707493	0.381881032	55.457633	-0.000919237	1	4.063673768	636.4766738	636.7729829			0	0	0	0	0.381881032	Subcritical	0.000707493
301	299.995	616300.462	3097655.126	632.4125	5.2	0	Normal	0.078	1	50.95	1.996249296	10.38049634	1.129235565	4.908243144	634.4087493	635.6366214	0.004609515	1.109134404	35.85287311	-0.004269139	0	4.062285346	21.1238838	1.585333163	2.411961762	636.4747853	636.771297	0.000708102	0.38207683	55.43257918	0.00075303	1	4.062285346	636.4747853	636.771297			0	0	0	0	0.38207683	Subcritical	0.000708102
302	300.996	616299.988	3097654.245	632.412	5.2	0	Normal	0.027	1.001	50.95	1.996249296	10.38049634	1.129235565	4.908243144	634.4082493	635.6361214	0.004609515	1.109134404	35.85287311	-0.004169379	0	4.062876777	21.12695924	1.58542323	2.411610655	636.4748768	636.7713022	0.000707842	0.381993405	55.44324985	0.000936649	1	4.062876777	636.4748768	636.7713022			0	0	0	0	0.381993405	Subcritical	0.000707842
303	301.995	616299.514	3097653.365	632.4115	5.2	0	Normal	0.027	0.999	50.95	1.996249296	10.38049634	1.129235565	4.908243144	634.4077493	635.6356214	0.004609515	1.109134404	35.85287311	-0.00416016	0	4.063674594	21.13110789	1.585544701	2.411137185	636.4751746	636.7714836	0.000707492	0.381880916	55.45764792	-0.000919224	1	4.063674594	636.4751746	636.7714836			0	0	0	0	0.381880916	Subcritical	0.000707492
304	302.996	616299.04	3097652.484	632.411	5.2	0	Normal	0.078	1.001	50.95	1.996249296	10.38049634	1.129235565	4.908243144	634.4072493	635.6351214	0.004609515	1.109134404	35.85287311	-0.004273748	0	4.062285346	21.1238838	1.585333163	2.411961762	636.4732853	636.769797	0.000708102	0.38207683	55.43257918	0.000754383	1	4.062285346	636.4732853	636.769797			0	0	0	0	0.38207683	Subcritical	0.000708102
305	303.996	616298.565	3097651.604	632.4105	5.2	0	Normal	0.05	1	50.95	1.996249296	10.38049634	1.129235565	4.908243144	634.4067493	635.6346214	0.004609515	1.109134404	35.85287311	-0.004211838	0	4.062866411	21.12690533	1.585421651	2.411616808	636.4733664	636.7697933	0.000707847	0.381994867	55.44306281	0.000919501	1	4.062866411	636.4733664	636.7697933			0	0	0	0	0.381994867	Subcritical	0.000707847
306	304.995	616298.091	3097650.724	632.41	5.2	0	Normal	0.027	0.999	50.95	1.996249296	10.38049634	1.129235565	4.908243144	634.4062493	635.6341214	0.004609515	1.109134404	35.85287311	-0.00416016	0	4.063645122	21.13095464	1.585540215	2.411154672	636.4736451	636.7699584	0.000707505	0.38188507	55.45711597	-0.000919677	1	4.063645122	636.4736451	636.7699584			0	0	0	0	0.38188507	Subcritical	0.000707505
307	305.996	616297.617	3097649.843	632.4095	5.2	0	Normal	0.027	1.001	50.95	1.996249296	10.38049634	1.129235565	4.908243144	634.4057493	635.6336214	0.004609515	1.109134404	35.85287311	-0.004169379	0	4.062285346	21.1238838	1.585333163	2.411961762	636.4717853	636.768297	0.000708102	0.38207683	55.43257918	0.000734947	1	4.062285346	636.4717853	636.768297			0	0	0	0	0.38207683	Subcritical	0.000708102
308	306.995	616297.143	3097648.963	632.409	5.2	0	Normal	0.023	0.999	50.95	1.996249296	10.38049634	1.129235565	4.908243144	634.4052493	635.6331214	0.004609515	1.109134404	35.85287311	-0.004151974	0	4.062860412	21.12687414	1.585420738	2.411620368	636.4718604	636.7682882	0.00070785	0.381995713	55.44295457	0.000909579	1	4.062860412	636.4718604	636.7682882			0	0	0	0	0.381995713	Subcritical	0.00070785
309	307.996	616296.668	3097648.082	632.4085	5.2	0	Normal	0.023	1.001	50.95	1.996249296	10.38049634	1.129235565	4.908243144	634.4047493	635.6326214	0.004609515	1.109134404	35.85287311	-0.004161193	0	4.063628692	21.1308692	1.585537713	2.411164421	636.4721287	636.7684444	0.000707512	0.381887386	55.45681942	-0.00091993	1	4.063628692	636.4721287	636.7684444			0	0	0	0	0.381887386	Subcritical	0.000707512
310	308.996	616296.194	3097647.202	632.408	5.2	0	Normal	0	1	50.95	1.996249296	10.38049634	1.129235565	4.908243144	634.4042493	635.6321214	0.004609515	1.109134404	35.85287311	-0.004109515	0	4.062285346	21.1238838	1.585333163	2.411961762	636.4702853	636.766797	0.000708102	0.38207683	55.43257918	0.000741555	1	4.062285346	636.4702853	636.766797			0	0	0	0	0.38207683	Subcritical	0.000708102
311	309.995	616295.72	3097646.322	632.4075	5.2	0	Normal	0.027	0.999	50.95	1.996249296	10.38049634	1.129235565	4.908243144	634.4037493	635.6316214	0.004609515	1.109134404	35.85287311	-0.00416016	0	4.062865571	21.12690097	1.585421524	2.411617306	636.4703656	636.7667926	0.000707847	0.381994985	55.44304766	0.000918111	1	4.062865571	636.4703656	636.7667926			0	0	0	0	0.381994985	Subcritical	0.000707847
312	310.996	616295.246	3097645.441	632.407	5.2	0	Normal	0.027	1.001	50.95	1.996249296	10.38049634	1.129235565	4.908243144	634.4032493	635.6311214	0.004609515	1.109134404	35.85287311	-0.004169379	0	4.063641157	21.13093402	1.585539611	2.411157025	636.4706412	636.766955	0.000707507	0.381885629	55.4570444	-0.000919739	1	4.063641157	636.4706412	636.766955			0	0	0	0	0.381885629	Subcritical	0.000707507
313	311.995	616294.772	3097644.561	632.4065	5.2	0	Normal	0.023	0.999	50.95	1.996249296	10.38049634	1.129235565	4.908243144	634.4027493	635.6306214	0.004609515	1.109134404	35.85287311	-0.004151974	0	4.062285346	21.1238838	1.585333163	2.411961762	636.4687853	636.765297	0.000708102	0.38207683	55.43257918	0.000736779	1	4.062285346	636.4687853	636.765297			0	0	0	0	0.38207683	Subcritical	0.000708102
314	312.996	616294.297	3097643.68	632.406	5.2	0	Normal	0.023	1.001	50.95	1.996249296	10.38049634	1.129235565	4.908243144	634.4022493	635.6301214	0.004609515	1.109134404	35.85287311	-0.004161193	0	4.062860875	21.12687655	1.585420808	2.411620093	636.4688609	636.7652886	0.000707849	0.381995647	55.44296293	0.000910357	1	4.062860875	636.4688609	636.7652886			0	0	0	0	0.381995647	Subcritical	0.000707849
315	313.996	616293.823	3097642.8	632.4055	5.2	0	Normal	0	1	50.95	1.996249296	10.38049634	1.129235565	4.908243144	634.4017493	635.6296214	0.004609515	1.109134404	35.85287311	-0.004109515	0	4.063643469	21.13094604	1.585539963	2.411155653	636.4691435	636.765457	0.000707506	0.381885303	55.45708612	-0.000919704	1	4.063643469	636.4691435	636.765457			0	0	0	0	0.381885303	Subcritical	0.000707506
316	314.995	616293.349	3097641.92	632.405	5.2	0	Normal	0.027	0.999	50.95	1.996249296	10.38049634	1.129235565	4.908243144	634.4012493	635.6291214	0.004609515	1.109134404	35.85287311	-0.00416016	0	4.062285346	21.1238838	1.585333163	2.411961762	636.4672853	636.763797	0.000708102	0.38207683	55.43257918	0.000777786	1	4.062285346	636.4672853	636.763797			0	0	0	0	0.38207683	Subcritical	0.000708102
317	315.996	616292.875	3097641.039	632.4045	5.2	0	Normal	0.078	1.001	50.95	1.996249296	10.38049634	1.129235565	4.908243144	634.4007493	635.6286214	0.004609515	1.109134404	35.85287311	-0.004273748	0	4.062876278	21.12695665	1.585423154	2.41161095	636.4673763	636.7638017	0.000707843	0.381993475	55.44324086	0.000935801	1	4.062876278	636.4673763	636.7638017			0	0	0	0	0.381993475	Subcritical	0.000707843
318	316.996	616292.4	3097640.159	632.404	5.2	0	Normal	0.078	1	50.95	1.996249296	10.38049634	1.129235565	4.908243144	634.4002493	635.6281214	0.004609515	1.109134404	35.85287311	-0.004269139	0	4.063644295	21.13095034	1.585540089	2.411155163	636.4676443	636.7639577	0.000707506	0.381885187	55.45710104	-0.00091969	1	4.063644295	636.4676443	636.7639577			0	0	0	0	0.381885187	Subcritical	0.000707506
319	317.996	616291.926	3097639.278	632.4035	5.2	0	Normal	0.027	1	50.95	1.996249296	10.38049634	1.129235565	4.908243144	634.3997493	635.6276214	0.004609515	1.109134404	35.85287311	-0.00416477	0	4.062285346	21.1238838	1.585333163	2.411961762	636.4657853	636.762297	0.000708102	0.38207683	55.43257918	0.000728248	1	4.062285346	636.4657853	636.762297			0	0	0	0	0.38207683	Subcritical	0.000708102
320	318.996	616291.452	3097638.398	632.403	5.2	0	Normal	0	1	50.95	1.996249296	10.38049634	1.129235565	4.908243144	634.3992493	635.6271214	0.004609515	1.109134404	35.85287311	-0.004109515	0	4.062864822	21.12689708	1.58542141	2.41161775	636.4658648	636.7622919	0.000707848	0.381995091	55.44303415	0.000916876	1	4.062864822	636.4658648	636.7622919			0	0	0	0	0.381995091	Subcritical	0.000707848
321	319.995	616290.978	3097637.518	632.4025	5.2	0	Normal	0.023	0.999	50.95	1.996249296	10.38049634	1.129235565	4.908243144	634.3987493	635.6266214	0.004609515	1.109134404	35.85287311	-0.004151974	0	4.063642811	21.13094262	1.585539863	2.411156044	636.4661428	636.7624564	0.000707506	0.381885396	55.45707424	-0.000919712	1	4.063642811	636.4661428	636.7624564			0	0	0	0	0.381885396	Subcritical	0.000707506
322	320.996	616290.503	3097636.637	632.402	5.2	0	Normal	0.023	1.001	50.95	1.996249296	10.38049634	1.129235565	4.908243144	634.3982493	635.6261214	0.004609515	1.109134404	35.85287311	-0.004161193	0	4.062285346	21.1238838	1.585333163	2.411961762	636.4642853	636.760797	0.000708102	0.38207683	55.43257918	0.000738079	1	4.062285346	636.4642853	636.760797			0	0	0	0	0.38207683	Subcritical	0.000708102
323	321.996	616290.029	3097635.757	632.4015	5.2	0	Normal	0.027	1	50.95	1.996249296	10.38049634	1.129235565	4.908243144	634.3977493	635.6256214	0.004609515	1.109134404	35.85287311	-0.00416477	0	4.062860909	21.12687673	1.585420814	2.411620073	636.4643609	636.7607886	0.000707849	0.381995643	55.44296354	0.000910401	1	4.062860909	636.4643609	636.7607886			0	0	0	0	0.381995643	Subcritical	0.000707849
324	322.996	616289.555	3097634.876	632.401	5.2	0	Normal	0.027	1	50.95	1.996249296	10.38049634	1.129235565	4.908243144	634.3972493	635.6251214	0.004609515	1.109134404	35.85287311	-0.00416477	0	4.063628692	21.1308692	1.585537713	2.411164421	636.4646287	636.7609444	0.000707512	0.381887386	55.45681942	-0.00091993	1	4.063628692	636.4646287	636.7609444			0	0	0	0	0.381887386	Subcritical	0.000707512
325	323.996	616289.081	3097633.996	632.4005	5.2	0	Normal	0	1	50.95	1.996249296	10.38049634	1.129235565	4.908243144	634.3967493	635.6246214	0.004609515	1.109134404	35.85287311	-0.004109515	0	4.062285346	21.1238838	1.585333163	2.411961762	636.4627853	636.759297	0.000708102	0.38207683	55.43257918	0.000739874	1	4.062285346	636.4627853	636.759297			0	0	0	0	0.38207683	Subcritical	0.000708102
326	324.995	616288.607	3097633.116	632.4	5.2	0	Normal	0.023	0.999	50.95	1.996249296	10.38049634	1.129235565	4.908243144	634.3962493	635.6241214	0.004609515	1.109134404	35.85287311	-0.004151974	0	4.0628659	21.12690268	1.585421574	2.411617111	636.4628659	636.7592929	0.000707847	0.381994939	55.44305359	0.000918657	1	4.0628659	636.4628659	636.7592929			0	0	0	0	0.381994939	Subcritical	0.000707847
327	325.996	616288.132	3097632.235	632.3995	5.2	0	Normal	0.023	1.001	50.95	1.996249296	10.38049634	1.129235565	4.908243144	634.3957493	635.6236214	0.004609515	1.109134404	35.85287311	-0.004161193	0	4.063644295	21.13095034	1.585540089	2.411155163	636.4631443	636.7594577	0.000707506	0.381885187	55.45710104	-0.00091969	1	4.063644295	636.4631443	636.7594577			0	0	0	0	0.381885187	Subcritical	0.000707506
328	326.996	616287.658	3097631.355	632.399	5.2	0	Normal	0.027	1	50.95	1.996249296	10.38049634	1.129235565	4.908243144	634.3952493	635.6231214	0.004609515	1.109134404	35.85287311	-0.00416477	0	4.062285346	21.1238838	1.585333163	2.411961762	636.4612853	636.757797	0.000708102	0.38207683	55.43257918	0.00075631	1	4.062285346	636.4612853	636.757797			0	0	0	0	0.38207683	Subcritical	0.000708102
329	327.996	616287.184	3097630.474	632.3985	5.2	0	Normal	0.027	1	50.95	1.996249296	10.38049634	1.129235565	4.908243144	634.3947493	635.6226214	0.004609515	1.109134404	35.85287311	-0.00416477	0	4.06288122	21.12698234	1.585423906	2.411608017	636.4613812	636.757806	0.000707841	0.381992778	55.44333002	0.000943987	1	4.06288122	636.4613812	636.757806			0	0	0	0	0.381992778	Subcritical	0.000707841
330	328.996	616286.71	3097629.594	632.398	5.2	0	Normal	0.05	1	50.95	1.996249296	10.38049634	1.129235565	4.908243144	634.3942493	635.6221214	0.004609515	1.109134404	35.85287311	-0.004211838	0	4.063673768	21.13110359	1.585544576	2.411137676	636.4616738	636.7579829	0.000707493	0.381881032	55.457633	-0.000919237	1	4.063673768	636.4616738	636.7579829			0	0	0	0	0.381881032	Subcritical	0.000707493
331	329.996	616286.235	3097628.714	632.3975	5.2	0	Normal	0.078	1	50.95	1.996249296	10.38049634	1.129235565	4.908243144	634.3937493	635.6216214	0.004609515	1.109134404	35.85287311	-0.004269139	0	4.062285346	21.1238838	1.585333163	2.411961762	636.4597853	636.756297	0.000708102	0.38207683	55.43257918	0.000752322	1	4.062285346	636.4597853	636.756297			0	0	0	0	0.38207683	Subcritical	0.000708102
332	330.996	616285.761	3097627.833	632.397	5.2	0	Normal	0.027	1	50.95	1.996249296	10.38049634	1.129235565	4.908243144	634.3932493	635.6211214	0.004609515	1.109134404	35.85287311	-0.00416477	0	4.062876777	21.12695924	1.58542323	2.411610655	636.4598768	636.7563022	0.000707842	0.381993405	55.44324985	0.000936649	1	4.062876777	636.4598768	636.7563022			0	0	0	0	0.381993405	Subcritical	0.000707842
333	331.995	616285.287	3097626.953	632.3965	5.2	0	Normal	0.027	0.999	50.95	1.996249296	10.38049634	1.129235565	4.908243144	634.3927493	635.6206214	0.004609515	1.109134404	35.85287311	-0.00416016	0	4.063674594	21.13110789	1.585544701	2.411137185	636.4601746	636.7564836	0.000707492	0.381880916	55.45764792	-0.000919224	1	4.063674594	636.4601746	636.7564836			0	0	0	0	0.381880916	Subcritical	0.000707492
334	332.996	616284.813	3097626.072	632.396	5.2	0	Normal	0.078	1.001	50.95	1.996249296	10.38049634	1.129235565	4.908243144	634.3922493	635.6201214	0.004609515	1.109134404	35.85287311	-0.004273748	0	4.062285346	21.1238838	1.585333163	2.411961762	636.4582853	636.754797	0.000708102	0.38207683	55.43257918	0.000754383	1	4.062285346	636.4582853	636.754797			0	0	0	0	0.38207683	Subcritical	0.000708102
335	333.996	616284.338	3097625.192	632.3955	5.2	0	Normal	0.05	1	50.95	1.996249296	10.38049634	1.129235565	4.908243144	634.3917493	635.6196214	0.004609515	1.109134404	35.85287311	-0.004211838	0	4.062866411	21.12690533	1.585421651	2.411616808	636.4583664	636.7547933	0.000707847	0.381994867	55.44306281	0.000919501	1	4.062866411	636.4583664	636.7547933			0	0	0	0	0.381994867	Subcritical	0.000707847
336	334.995	616283.864	3097624.312	632.395	5.2	0	Normal	0.027	0.999	50.95	1.996249296	10.38049634	1.129235565	4.908243144	634.3912493	635.6191214	0.004609515	1.109134404	35.85287311	-0.00416016	0	4.063645122	21.13095464	1.585540215	2.411154672	636.4586451	636.7549584	0.000707505	0.38188507	55.45711597	-0.000919677	1	4.063645122	636.4586451	636.7549584			0	0	0	0	0.38188507	Subcritical	0.000707505
337	335.996	616283.39	3097623.431	632.3945	5.2	0	Normal	0.027	1.001	50.95	1.996249296	10.38049634	1.129235565	4.908243144	634.3907493	635.6186214	0.004609515	1.109134404	35.85287311	-0.004169379	0	4.062285346	21.1238838	1.585333163	2.411961762	636.4567853	636.753297	0.000708102	0.38207683	55.43257918	0.000755612	1	4.062285346	636.4567853	636.753297			0	0	0	0	0.38207683	Subcritical	0.000708102
338	336.995	616282.916	3097622.551	632.394	5.2	0	Normal	0.027	0.999	50.95	1.996249296	10.38049634	1.129235565	4.908243144	634.3902493	635.6181214	0.004609515	1.109134404	35.85287311	-0.00416016	0	4.062881231	21.1269824	1.585423908	2.411608011	636.4568812	636.753306	0.000707841	0.381992777	55.44333023	0.000943992	1	4.062881231	636.4568812	636.753306			0	0	0	0	0.381992777	Subcritical	0.000707841
339	337.996	616282.442	3097621.67	632.3935	5.2	0	Normal	0.078	1.001	50.95	1.996249296	10.38049634	1.129235565	4.908243144	634.3897493	635.6176214	0.004609515	1.109134404	35.85287311	-0.004273748	0	4.063657587	21.13101945	1.585542112	2.411147277	636.4571576	636.7534691	0.0007075	0.381883313	55.45734095	-0.000919486	1	4.063657587	636.4571576	636.7534691			0	0	0	0	0.381883313	Subcritical	0.0007075
340	338.996	616281.967	3097620.79	632.393	5.2	0	Normal	0.05	1	50.95	1.996249296	10.38049634	1.129235565	4.908243144	634.3892493	635.6171214	0.004609515	1.109134404	35.85287311	-0.004211838	0	4.062285346	21.1238838	1.585333163	2.411961762	636.4552853	636.751797	0.000708102	0.38207683	55.43257918	0.000741555	1	4.062285346	636.4552853	636.751797			0	0	0	0	0.38207683	Subcritical	0.000708102
341	339.995	616281.493	3097619.91	632.3925	5.2	0	Normal	0.027	0.999	50.95	1.996249296	10.38049634	1.129235565	4.908243144	634.3887493	635.6166214	0.004609515	1.109134404	35.85287311	-0.00416016	0	4.062865571	21.12690097	1.585421524	2.411617306	636.4553656	636.7517926	0.000707847	0.381994985	55.44304766	0.000918111	1	4.062865571	636.4553656	636.7517926			0	0	0	0	0.381994985	Subcritical	0.000707847
342	340.996	616281.019	3097619.029	632.392	5.2	0	Normal	0.027	1.001	50.95	1.996249296	10.38049634	1.129235565	4.908243144	634.3882493	635.6161214	0.004609515	1.109134404	35.85287311	-0.004169379	0	4.063641157	21.13093402	1.585539611	2.411157025	636.4556412	636.751955	0.000707507	0.381885629	55.4570444	-0.000919739	1	4.063641157	636.4556412	636.751955			0	0	0	0	0.381885629	Subcritical	0.000707507
343	341.995	616280.545	3097618.149	632.3915	5.2	0	Normal	0.023	0.999	50.95	1.996249296	10.38049634	1.129235565	4.908243144	634.3877493	635.6156214	0.004609515	1.109134404	35.85287311	-0.004151974	0	4.062285346	21.1238838	1.585333163	2.411961762	636.4537853	636.750297	0.000708102	0.38207683	55.43257918	0.000736779	1	4.062285346	636.4537853	636.750297			0	0	0	0	0.38207683	Subcritical	0.000708102
344	342.996	616280.07	3097617.268	632.391	5.2	0	Normal	0.023	1.001	50.95	1.996249296	10.38049634	1.129235565	4.908243144	634.3872493	635.6151214	0.004609515	1.109134404	35.85287311	-0.004161193	0	4.062860875	21.12687655	1.585420808	2.411620093	636.4538609	636.7502886	0.000707849	0.381995647	55.44296293	0.000910357	1	4.062860875	636.4538609	636.7502886			0	0	0	0	0.381995647	Subcritical	0.000707849
345	343.996	616279.596	3097616.388	632.3905	5.2	0	Normal	0	1	50.95	1.996249296	10.38049634	1.129235565	4.908243144	634.3867493	635.6146214	0.004609515	1.109134404	35.85287311	-0.004109515	0	4.063643469	21.13094604	1.585539963	2.411155653	636.4541435	636.750457	0.000707506	0.381885303	55.45708612	-0.000919704	1	4.063643469	636.4541435	636.750457			0	0	0	0	0.381885303	Subcritical	0.000707506
346	344.995	616279.122	3097615.508	632.39	5.2	0	Normal	0.027	0.999	50.95	1.996249296	10.38049634	1.129235565	4.908243144	634.3862493	635.6141214	0.004609515	1.109134404	35.85287311	-0.00416016	0	4.062285346	21.1238838	1.585333163	2.411961762	636.4522853	636.748797	0.000708102	0.38207683	55.43257918	0.000777786	1	4.062285346	636.4522853	636.748797			0	0	0	0	0.38207683	Subcritical	0.000708102
347	345.996	616278.648	3097614.627	632.3895	5.2	0	Normal	0.078	1.001	50.95	1.996249296	10.38049634	1.129235565	4.908243144	634.3857493	635.6136214	0.004609515	1.109134404	35.85287311	-0.004273748	0	4.062876278	21.12695665	1.585423154	2.41161095	636.4523763	636.7488017	0.000707843	0.381993475	55.44324086	0.000935801	1	4.062876278	636.4523763	636.7488017			0	0	0	0	0.381993475	Subcritical	0.000707843
348	346.996	616278.173	3097613.747	632.389	5.2	0	Normal	0.078	1	50.95	1.996249296	10.38049634	1.129235565	4.908243144	634.3852493	635.6131214	0.004609515	1.109134404	35.85287311	-0.004269139	0	4.063644295	21.13095034	1.585540089	2.411155163	636.4526443	636.7489577	0.000707506	0.381885187	55.45710104	-0.00091969	1	4.063644295	636.4526443	636.7489577			0	0	0	0	0.381885187	Subcritical	0.000707506
349	347.996	616277.699	3097612.866	632.3885	5.2	0	Normal	0.027	1	50.95	1.996249296	10.38049634	1.129235565	4.908243144	634.3847493	635.6126214	0.004609515	1.109134404	35.85287311	-0.00416477	0	4.062285346	21.1238838	1.585333163	2.411961762	636.4507853	636.747297	0.000708102	0.38207683	55.43257918	0.000738979	1	4.062285346	636.4507853	636.747297			0	0	0	0	0.38207683	Subcritical	0.000708102
350	348.996	616277.225	3097611.986	632.388	5.2	0	Normal	0	1	50.95	1.996249296	10.38049634	1.129235565	4.908243144	634.3842493	635.6121214	0.004609515	1.109134404	35.85287311	-0.004109515	0	4.062876777	21.12695924	1.58542323	2.411610655	636.4508768	636.7473022	0.000707842	0.381993405	55.44324985	0.000936649	1	4.062876777	636.4508768	636.7473022			0	0	0	0	0.381993405	Subcritical	0.000707842
351	349.995	616276.751	3097611.106	632.3875	5.2	0	Normal	0.027	0.999	50.95	1.996249296	10.38049634	1.129235565	4.908243144	634.3837493	635.6116214	0.004609515	1.109134404	35.85287311	-0.00416016	0	4.063674594	21.13110789	1.585544701	2.411137185	636.4511746	636.7474836	0.000707492	0.381880916	55.45764792	-0.000919224	1	4.063674594	636.4511746	636.7474836			0	0	0	0	0.381880916	Subcritical	0.000707492
352	350.996	616276.277	3097610.225	632.387	5.2	0	Normal	0.078	1.001	50.95	1.996249296	10.38049634	1.129235565	4.908243144	634.3832493	635.6111214	0.004609515	1.109134404	35.85287311	-0.004273748	0	4.062285346	21.1238838	1.585333163	2.411961762	636.4492853	636.745797	0.000708102	0.38207683	55.43257918	0.000763282	1	4.062285346	636.4492853	636.745797			0	0	0	0	0.38207683	Subcritical	0.000708102
353	351.996	616275.802	3097609.345	632.3865	5.2	0	Normal	0.078	1	50.95	1.996249296	10.38049634	1.129235565	4.908243144	634.3827493	635.6106214	0.004609515	1.109134404	35.85287311	-0.004269139	0	4.062860909	21.12687673	1.585420814	2.411620073	636.4493609	636.7457886	0.000707849	0.381995643	55.44296354	0.000910401	1	4.062860909	636.4493609	636.7457886			0	0	0	0	0.381995643	Subcritical	0.000707849
354	352.996	616275.328	3097608.464	632.386	5.2	0	Normal	0.027	1	50.95	1.996249296	10.38049634	1.129235565	4.908243144	634.3822493	635.6101214	0.004609515	1.109134404	35.85287311	-0.00416477	0	4.063628692	21.1308692	1.585537713	2.411164421	636.4496287	636.7459444	0.000707512	0.381887386	55.45681942	-0.00091993	1	4.063628692	636.4496287	636.7459444			0	0	0	0	0.381887386	Subcritical	0.000707512
355	353.996	616274.854	3097607.584	632.3855	5.2	0	Normal	0	1	50.95	1.996249296	10.38049634	1.129235565	4.908243144	634.3817493	635.6096214	0.004609515	1.109134404	35.85287311	-0.004109515	0	4.062285346	21.1238838	1.585333163	2.411961762	636.4477853	636.744297	0.000708102	0.38207683	55.43257918	0.000739874	1	4.062285346	636.4477853	636.744297			0	0	0	0	0.38207683	Subcritical	0.000708102
356	354.995	616274.38	3097606.704	632.385	5.2	0	Normal	0.023	0.999	50.95	1.996249296	10.38049634	1.129235565	4.908243144	634.3812493	635.6091214	0.004609515	1.109134404	35.85287311	-0.004151974	0	4.0628659	21.12690268	1.585421574	2.411617111	636.4478659	636.7442929	0.000707847	0.381994939	55.44305359	0.000918657	1	4.0628659	636.4478659	636.7442929			0	0	0	0	0.381994939	Subcritical	0.000707847
357	355.996	616273.905	3097605.823	632.3845	5.2	0	Normal	0.023	1.001	50.95	1.996249296	10.38049634	1.129235565	4.908243144	634.3807493	635.6086214	0.004609515	1.109134404	35.85287311	-0.004161193	0	4.063644295	21.13095034	1.585540089	2.411155163	636.4481443	636.7444577	0.000707506	0.381885187	55.45710104	-0.00091969	1	4.063644295	636.4481443	636.7444577			0	0	0	0	0.381885187	Subcritical	0.000707506
358	356.996	616273.431	3097604.943	632.384	5.2	0	Normal	0.027	1	50.95	1.996249296	10.38049634	1.129235565	4.908243144	634.3802493	635.6081214	0.004609515	1.109134404	35.85287311	-0.00416477	0	4.062285346	21.1238838	1.585333163	2.411961762	636.4462853	636.742797	0.000708102	0.38207683	55.43257918	0.00075631	1	4.062285346	636.4462853	636.742797			0	0	0	0	0.38207683	Subcritical	0.000708102
359	357.996	616272.957	3097604.062	632.3835	5.2	0	Normal	0.027	1	50.95	1.996249296	10.38049634	1.129235565	4.908243144	634.3797493	635.6076214	0.004609515	1.109134404	35.85287311	-0.00416477	0	4.06288122	21.12698234	1.585423906	2.411608017	636.4463812	636.742806	0.000707841	0.381992778	55.44333002	0.000943987	1	4.06288122	636.4463812	636.742806			0	0	0	0	0.381992778	Subcritical	0.000707841
360	358.996	616272.483	3097603.182	632.383	5.2	0	Normal	0.05	1	50.95	1.996249296	10.38049634	1.129235565	4.908243144	634.3792493	635.6071214	0.004609515	1.109134404	35.85287311	-0.004211838	0	4.063673768	21.13110359	1.585544576	2.411137676	636.4466738	636.7429829	0.000707493	0.381881032	55.457633	-0.000919237	1	4.063673768	636.4466738	636.7429829			0	0	0	0	0.381881032	Subcritical	0.000707493
361	359.996	616272.008	3097602.302	632.3825	5.2	0	Normal	0.078	1	50.95	1.996249296	10.38049634	1.129235565	4.908243144	634.3787493	635.6066214	0.004609515	1.109134404	35.85287311	-0.004269139	0	4.062285346	21.1238838	1.585333163	2.411961762	636.4447853	636.741297	0.000708102	0.38207683	55.43257918	0.000743017	1	4.062285346	636.4447853	636.741297			0	0	0	0	0.38207683	Subcritical	0.000708102
362	360.996	616271.534	3097601.421	632.382	5.2	0	Normal	0.027	1	50.95	1.996249296	10.38049634	1.129235565	4.908243144	634.3782493	635.6061214	0.004609515	1.109134404	35.85287311	-0.00416477	0	4.062866411	21.12690533	1.585421651	2.411616808	636.4448664	636.7412933	0.000707847	0.381994867	55.44306281	0.000919501	1	4.062866411	636.4448664	636.7412933			0	0	0	0	0.381994867	Subcritical	0.000707847
363	361.995	616271.06	3097600.541	632.3815	5.2	0	Normal	0.027	0.999	50.95	1.996249296	10.38049634	1.129235565	4.908243144	634.3777493	635.6056214	0.004609515	1.109134404	35.85287311	-0.00416016	0	4.063645122	21.13095464	1.585540215	2.411154672	636.4451451	636.7414584	0.000707505	0.38188507	55.45711597	-0.000919677	1	4.063645122	636.4451451	636.7414584			0	0	0	0	0.38188507	Subcritical	0.000707505
364	362.996	616270.586	3097599.66	632.381	5.2	0	Normal	0.027	1.001	50.95	1.996249296	10.38049634	1.129235565	4.908243144	634.3772493	635.6051214	0.004609515	1.109134404	35.85287311	-0.004169379	0	4.062285346	21.1238838	1.585333163	2.411961762	636.4432853	636.739797	0.000708102	0.38207683	55.43257918	0.000762794	1	4.062285346	636.4432853	636.739797			0	0	0	0	0.38207683	Subcritical	0.000708102
365	363.995	616270.112	3097598.78	632.3805	5.2	0	Normal	0.05	0.999	50.95	1.996249296	10.38049634	1.129235565	4.908243144	634.3767493	635.6046214	0.004609515	1.109134404	35.85287311	-0.004207228	0	4.062876569	21.12695816	1.585423198	2.411610778	636.4433766	636.739802	0.000707843	0.381993434	55.44324611	0.000936282	1	4.062876569	636.4433766	636.739802			0	0	0	0	0.381993434	Subcritical	0.000707843
366	364.995	616269.637	3097597.9	632.38	5.2	0	Normal	0.078	1	50.95	1.996249296	10.38049634	1.129235565	4.908243144	634.3762493	635.6041214	0.004609515	1.109134404	35.85287311	-0.004269139	0	4.063645122	21.13095464	1.585540215	2.411154672	636.4436451	636.7399584	0.000707505	0.38188507	55.45711597	-0.000919677	1	4.063645122	636.4436451	636.7399584			0	0	0	0	0.38188507	Subcritical	0.000707505
367	365.996	616269.163	3097597.019	632.3795	5.2	0	Normal	0.027	1.001	50.95	1.996249296	10.38049634	1.129235565	4.908243144	634.3757493	635.6036214	0.004609515	1.109134404	35.85287311	-0.004169379	0	4.062285346	21.1238838	1.585333163	2.411961762	636.4417853	636.738297	0.000708102	0.38207683	55.43257918	0.000755612	1	4.062285346	636.4417853	636.738297			0	0	0	0	0.38207683	Subcritical	0.000708102
368	366.995	616268.689	3097596.139	632.379	5.2	0	Normal	0.027	0.999	50.95	1.996249296	10.38049634	1.129235565	4.908243144	634.3752493	635.6031214	0.004609515	1.109134404	35.85287311	-0.00416016	0	4.062881231	21.1269824	1.585423908	2.411608011	636.4418812	636.738306	0.000707841	0.381992777	55.44333023	0.000943992	1	4.062881231	636.4418812	636.738306			0	0	0	0	0.381992777	Subcritical	0.000707841
369	367.996	616268.215	3097595.258	632.3785	5.2	0	Normal	0.078	1.001	50.95	1.996249296	10.38049634	1.129235565	4.908243144	634.3747493	635.6026214	0.004609515	1.109134404	35.85287311	-0.004273748	0	4.063657587	21.13101945	1.585542112	2.411147277	636.4421576	636.7384691	0.0007075	0.381883313	55.45734095	-0.000919486	1	4.063657587	636.4421576	636.7384691			0	0	0	0	0.381883313	Subcritical	0.0007075
370	368.996	616267.74	3097594.378	632.378	5.2	0	Normal	0.05	1	50.95	1.996249296	10.38049634	1.129235565	4.908243144	634.3742493	635.6021214	0.004609515	1.109134404	35.85287311	-0.004211838	0	4.062285346	21.1238838	1.585333163	2.411961762	636.4402853	636.736797	0.000708102	0.38207683	55.43257918	0.000741555	1	4.062285346	636.4402853	636.736797			0	0	0	0	0.38207683	Subcritical	0.000708102
371	369.995	616267.266	3097593.498	632.3775	5.2	0	Normal	0.027	0.999	50.95	1.996249296	10.38049634	1.129235565	4.908243144	634.3737493	635.6016214	0.004609515	1.109134404	35.85287311	-0.00416016	0	4.062865571	21.12690097	1.585421524	2.411617306	636.4403656	636.7367926	0.000707847	0.381994985	55.44304766	0.000918111	1	4.062865571	636.4403656	636.7367926			0	0	0	0	0.381994985	Subcritical	0.000707847
372	370.996	616266.792	3097592.617	632.377	5.2	0	Normal	0.027	1.001	50.95	1.996249296	10.38049634	1.129235565	4.908243144	634.3732493	635.6011214	0.004609515	1.109134404	35.85287311	-0.004169379	0	4.063641157	21.13093402	1.585539611	2.411157025	636.4406412	636.736955	0.000707507	0.381885629	55.4570444	-0.000919739	1	4.063641157	636.4406412	636.736955			0	0	0	0	0.381885629	Subcritical	0.000707507
373	371.995	616266.318	3097591.737	632.3765	5.2	0	Normal	0.023	0.999	50.95	1.996249296	10.38049634	1.129235565	4.908243144	634.3727493	635.6006214	0.004609515	1.109134404	35.85287311	-0.004151974	0	4.062285346	21.1238838	1.585333163	2.411961762	636.4387853	636.735297	0.000708102	0.38207683	55.43257918	0.000736779	1	4.062285346	636.4387853	636.735297			0	0	0	0	0.38207683	Subcritical	0.000708102
374	372.996	616265.843	3097590.856	632.376	5.2	0	Normal	0.023	1.001	50.95	1.996249296	10.38049634	1.129235565	4.908243144	634.3722493	635.6001214	0.004609515	1.109134404	35.85287311	-0.004161193	0	4.062860875	21.12687655	1.585420808	2.411620093	636.4388609	636.7352886	0.000707849	0.381995647	55.44296293	0.000910357	1	4.062860875	636.4388609	636.7352886			0	0	0	0	0.381995647	Subcritical	0.000707849
375	373.996	616265.369	3097589.976	632.3755	5.2	0	Normal	0	1	50.95	1.996249296	10.38049634	1.129235565	4.908243144	634.3717493	635.5996214	0.004609515	1.109134404	35.85287311	-0.004109515	0	4.063643469	21.13094604	1.585539963	2.411155653	636.4391435	636.735457	0.000707506	0.381885303	55.45708612	-0.000919704	1	4.063643469	636.4391435	636.735457			0	0	0	0	0.381885303	Subcritical	0.000707506
376	374.995	616264.895	3097589.096	632.375	5.2	0	Normal	0.027	0.999	50.95	1.996249296	10.38049634	1.129235565	4.908243144	634.3712493	635.5991214	0.004609515	1.109134404	35.85287311	-0.00416016	0	4.062285346	21.1238838	1.585333163	2.411961762	636.4372853	636.733797	0.000708102	0.38207683	55.43257918	0.000742299	1	4.062285346	636.4372853	636.733797			0	0	0	0	0.38207683	Subcritical	0.000708102
377	375.996	616264.421	3097588.215	632.3745	5.2	0	Normal	0.027	1.001	50.95	1.996249296	10.38049634	1.129235565	4.908243144	634.3707493	635.5986214	0.004609515	1.109134404	35.85287311	-0.004169379	0	4.062864822	21.12689708	1.58542141	2.41161775	636.4373648	636.7337919	0.000707848	0.381995091	55.44303415	0.000916876	1	4.062864822	636.4373648	636.7337919			0	0	0	0	0.381995091	Subcritical	0.000707848
378	376.995	616263.947	3097587.335	632.374	5.2	0	Normal	0.023	0.999	50.95	1.996249296	10.38049634	1.129235565	4.908243144	634.3702493	635.5981214	0.004609515	1.109134404	35.85287311	-0.004151974	0	4.063642811	21.13094262	1.585539863	2.411156044	636.4376428	636.7339564	0.000707506	0.381885396	55.45707424	-0.000919712	1	4.063642811	636.4376428	636.7339564			0	0	0	0	0.381885396	Subcritical	0.000707506
379	377.996	616263.472	3097586.454	632.3735	5.2	0	Normal	0.023	1.001	50.95	1.996249296	10.38049634	1.129235565	4.908243144	634.3697493	635.5976214	0.004609515	1.109134404	35.85287311	-0.004161193	0	4.062285346	21.1238838	1.585333163	2.411961762	636.4357853	636.732297	0.000708102	0.38207683	55.43257918	0.000738979	1	4.062285346	636.4357853	636.732297			0	0	0	0	0.38207683	Subcritical	0.000708102
380	378.996	616262.998	3097585.574	632.373	5.2	0	Normal	0	1	50.95	1.996249296	10.38049634	1.129235565	4.908243144	634.3692493	635.5971214	0.004609515	1.109134404	35.85287311	-0.004109515	0	4.062876777	21.12695924	1.58542323	2.411610655	636.4358768	636.7323022	0.000707842	0.381993405	55.44324985	0.000936649	1	4.062876777	636.4358768	636.7323022			0	0	0	0	0.381993405	Subcritical	0.000707842
381	379.995	616262.524	3097584.694	632.3725	5.2	0	Normal	0.027	0.999	50.95	1.996249296	10.38049634	1.129235565	4.908243144	634.3687493	635.5966214	0.004609515	1.109134404	35.85287311	-0.00416016	0	4.063674594	21.13110789	1.585544701	2.411137185	636.4361746	636.7324836	0.000707492	0.381880916	55.45764792	-0.000919224	1	4.063674594	636.4361746	636.7324836			0	0	0	0	0.381880916	Subcritical	0.000707492
382	380.996	616262.05	3097583.813	632.372	5.2	0	Normal	0.078	1.001	50.95	1.996249296	10.38049634	1.129235565	4.908243144	634.3682493	635.5961214	0.004609515	1.109134404	35.85287311	-0.004273748	0	4.062285346	21.1238838	1.585333163	2.411961762	636.4342853	636.730797	0.000708102	0.38207683	55.43257918	0.000763282	1	4.062285346	636.4342853	636.730797			0	0	0	0	0.38207683	Subcritical	0.000708102
383	381.996	616261.575	3097582.933	632.3715	5.2	0	Normal	0.078	1	50.95	1.996249296	10.38049634	1.129235565	4.908243144	634.3677493	635.5956214	0.004609515	1.109134404	35.85287311	-0.004269139	0	4.062860909	21.12687673	1.585420814	2.411620073	636.4343609	636.7307886	0.000707849	0.381995643	55.44296354	0.000910401	1	4.062860909	636.4343609	636.7307886			0	0	0	0	0.381995643	Subcritical	0.000707849
384	382.996	616261.101	3097582.052	632.371	5.2	0	Normal	0.027	1	50.95	1.996249296	10.38049634	1.129235565	4.908243144	634.3672493	635.5951214	0.004609515	1.109134404	35.85287311	-0.00416477	0	4.063628692	21.1308692	1.585537713	2.411164421	636.4346287	636.7309444	0.000707512	0.381887386	55.45681942	-0.00091993	1	4.063628692	636.4346287	636.7309444			0	0	0	0	0.381887386	Subcritical	0.000707512
385	383.996	616260.627	3097581.172	632.3705	5.2	0	Normal	0	1	50.95	1.996249296	10.38049634	1.129235565	4.908243144	634.3667493	635.5946214	0.004609515	1.109134404	35.85287311	-0.004109515	0	4.062285346	21.1238838	1.585333163	2.411961762	636.4327853	636.729297	0.000708102	0.38207683	55.43257918	0.000739874	1	4.062285346	636.4327853	636.729297			0	0	0	0	0.38207683	Subcritical	0.000708102
386	384.995	616260.153	3097580.292	632.37	5.2	0	Normal	0.023	0.999	50.95	1.996249296	10.38049634	1.129235565	4.908243144	634.3662493	635.5941214	0.004609515	1.109134404	35.85287311	-0.004151974	0	4.0628659	21.12690268	1.585421574	2.411617111	636.4328659	636.7292929	0.000707847	0.381994939	55.44305359	0.000918657	1	4.0628659	636.4328659	636.7292929			0	0	0	0	0.381994939	Subcritical	0.000707847
387	385.996	616259.678	3097579.411	632.3695	5.2	0	Normal	0.023	1.001	50.95	1.996249296	10.38049634	1.129235565	4.908243144	634.3657493	635.5936214	0.004609515	1.109134404	35.85287311	-0.004161193	0	4.063644295	21.13095034	1.585540089	2.411155163	636.4331443	636.7294577	0.000707506	0.381885187	55.45710104	-0.00091969	1	4.063644295	636.4331443	636.7294577			0	0	0	0	0.381885187	Subcritical	0.000707506
388	386.996	616259.204	3097578.531	632.369	5.2	0	Normal	0.027	1	50.95	1.996249296	10.38049634	1.129235565	4.908243144	634.3652493	635.5931214	0.004609515	1.109134404	35.85287311	-0.00416477	0	4.062285346	21.1238838	1.585333163	2.411961762	636.4312853	636.727797	0.000708102	0.38207683	55.43257918	0.000737318	1	4.062285346	636.4312853	636.727797			0	0	0	0	0.38207683	Subcritical	0.000708102
389	387.996	616258.73	3097577.65	632.3685	5.2	0	Normal	0.027	1	50.95	1.996249296	10.38049634	1.129235565	4.908243144	634.3647493	635.5926214	0.004609515	1.109134404	35.85287311	-0.00416477	0	4.062860062	21.12687232	1.585420685	2.411620576	636.4313601	636.7277879	0.00070785	0.381995762	55.44294826	0.000909012	1	4.062860062	636.4313601	636.7277879			0	0	0	0	0.381995762	Subcritical	0.00070785
390	388.996	616258.256	3097576.77	632.368	5.2	0	Normal	0	1	50.95	1.996249296	10.38049634	1.129235565	4.908243144	634.3642493	635.5921214	0.004609515	1.109134404	35.85287311	-0.004109515	0	4.063641157	21.13093402	1.585539611	2.411157025	636.4316412	636.727955	0.000707507	0.381885629	55.4570444	-0.000919739	1	4.063641157	636.4316412	636.727955			0	0	0	0	0.381885629	Subcritical	0.000707507
391	389.995	616257.782	3097575.89	632.3675	5.2	0	Normal	0.023	0.999	50.95	1.996249296	10.38049634	1.129235565	4.908243144	634.3637493	635.5916214	0.004609515	1.109134404	35.85287311	-0.004151974	0	4.062285346	21.1238838	1.585333163	2.411961762	636.4297853	636.726297	0.000708102	0.38207683	55.43257918	0.000741736	1	4.062285346	636.4297853	636.726297			0	0	0	0	0.38207683	Subcritical	0.000708102
392	390.996	616257.307	3097575.009	632.367	5.2	0	Normal	0.023	1.001	50.95	1.996249296	10.38049634	1.129235565	4.908243144	634.3632493	635.5911214	0.004609515	1.109134404	35.85287311	-0.004161193	0	4.062866397	21.12690527	1.585421649	2.411616816	636.4298664	636.7262933	0.000707847	0.381994869	55.44306257	0.000919479	1	4.062866397	636.4298664	636.7262933			0	0	0	0	0.381994869	Subcritical	0.000707847
393	391.996	616256.833	3097574.129	632.3665	5.2	0	Normal	0.027	1	50.95	1.996249296	10.38049634	1.129235565	4.908243144	634.3627493	635.5906214	0.004609515	1.109134404	35.85287311	-0.00416477	0	4.063644295	21.13095034	1.585540089	2.411155163	636.4301443	636.7264577	0.000707506	0.381885187	55.45710104	-0.00091969	1	4.063644295	636.4301443	636.7264577			0	0	0	0	0.381885187	Subcritical	0.000707506
394	392.996	616256.359	3097573.248	632.366	5.2	0	Normal	0.027	1	50.95	1.996249296	10.38049634	1.129235565	4.908243144	634.3622493	635.5901214	0.004609515	1.109134404	35.85287311	-0.00416477	0	4.062285346	21.1238838	1.585333163	2.411961762	636.4282853	636.724797	0.000708102	0.38207683	55.43257918	0.000762794	1	4.062285346	636.4282853	636.724797			0	0	0	0	0.38207683	Subcritical	0.000708102
395	393.995	616255.885	3097572.368	632.3655	5.2	0	Normal	0.05	0.999	50.95	1.996249296	10.38049634	1.129235565	4.908243144	634.3617493	635.5896214	0.004609515	1.109134404	35.85287311	-0.004207228	0	4.062876569	21.12695816	1.585423198	2.411610778	636.4283766	636.724802	0.000707843	0.381993434	55.44324611	0.000936282	1	4.062876569	636.4283766	636.724802			0	0	0	0	0.381993434	Subcritical	0.000707843
396	394.995	616255.41	3097571.488	632.365	5.2	0	Normal	0.078	1	50.95	1.996249296	10.38049634	1.129235565	4.908243144	634.3612493	635.5891214	0.004609515	1.109134404	35.85287311	-0.004269139	0	4.063645122	21.13095464	1.585540215	2.411154672	636.4286451	636.7249584	0.000707505	0.38188507	55.45711597	-0.000919677	1	4.063645122	636.4286451	636.7249584			0	0	0	0	0.38188507	Subcritical	0.000707505
397	395.996	616254.936	3097570.607	632.3645	5.2	0	Normal	0.027	1.001	50.95	1.996249296	10.38049634	1.129235565	4.908243144	634.3607493	635.5886214	0.004609515	1.109134404	35.85287311	-0.004169379	0	4.062285346	21.1238838	1.585333163	2.411961762	636.4267853	636.723297	0.000708102	0.38207683	55.43257918	0.000755612	1	4.062285346	636.4267853	636.723297			0	0	0	0	0.38207683	Subcritical	0.000708102
398	396.995	616254.462	3097569.727	632.364	5.2	0	Normal	0.027	0.999	50.95	1.996249296	10.38049634	1.129235565	4.908243144	634.3602493	635.5881214	0.004609515	1.109134404	35.85287311	-0.00416016	0	4.062881231	21.1269824	1.585423908	2.411608011	636.4268812	636.723306	0.000707841	0.381992777	55.44333023	0.000943992	1	4.062881231	636.4268812	636.723306			0	0	0	0	0.381992777	Subcritical	0.000707841
399	397.996	616253.988	3097568.846	632.3635	5.2	0	Normal	0.078	1.001	50.95	1.996249296	10.38049634	1.129235565	4.908243144	634.3597493	635.5876214	0.004609515	1.109134404	35.85287311	-0.004273748	0	4.063657587	21.13101945	1.585542112	2.411147277	636.4271576	636.7234691	0.0007075	0.381883313	55.45734095	-0.000919486	1	4.063657587	636.4271576	636.7234691			0	0	0	0	0.381883313	Subcritical	0.0007075
400	398.996	616253.513	3097567.966	632.363	5.2	0	Normal	0.05	1	50.95	1.996249296	10.38049634	1.129235565	4.908243144	634.3592493	635.5871214	0.004609515	1.109134404	35.85287311	-0.004211838	0	4.062285346	21.1238838	1.585333163	2.411961762	636.4252853	636.721797	0.000708102	0.38207683	55.43257918	0.000741555	1	4.062285346	636.4252853	636.721797			0	0	0	0	0.38207683	Subcritical	0.000708102
401	399.995	616253.039	3097567.086	632.3625	5.2	0	Normal	0.027	0.999	50.95	1.996249296	10.38049634	1.129235565	4.908243144	634.3587493	635.5866214	0.004609515	1.109134404	35.85287311	-0.00416016	0	4.062865571	21.12690097	1.585421524	2.411617306	636.4253656	636.7217926	0.000707847	0.381994985	55.44304766	0.000918111	1	4.062865571	636.4253656	636.7217926			0	0	0	0	0.381994985	Subcritical	0.000707847
402	400.996	616252.565	3097566.205	632.362	5.2	0	Normal	0.027	1.001	50.95	1.996249296	10.38049634	1.129235565	4.908243144	634.3582493	635.5861214	0.004609515	1.109134404	35.85287311	-0.004169379	0	4.063641157	21.13093402	1.585539611	2.411157025	636.4256412	636.721955	0.000707507	0.381885629	55.4570444	-0.000919739	1	4.063641157	636.4256412	636.721955			0	0	0	0	0.381885629	Subcritical	0.000707507
403	401.995	616252.091	3097565.325	632.3615	5.2	0	Normal	0.023	0.999	50.95	1.996249296	10.38049634	1.129235565	4.908243144	634.3577493	635.5856214	0.004609515	1.109134404	35.85287311	-0.004151974	0	4.062285346	21.1238838	1.585333163	2.411961762	636.4237853	636.720297	0.000708102	0.38207683	55.43257918	0.000736779	1	4.062285346	636.4237853	636.720297			0	0	0	0	0.38207683	Subcritical	0.000708102
404	402.996	616251.616	3097564.444	632.361	5.2	0	Normal	0.023	1.001	50.95	1.996249296	10.38049634	1.129235565	4.908243144	634.3572493	635.5851214	0.004609515	1.109134404	35.85287311	-0.004161193	0	4.062860875	21.12687655	1.585420808	2.411620093	636.4238609	636.7202886	0.000707849	0.381995647	55.44296293	0.000910357	1	4.062860875	636.4238609	636.7202886			0	0	0	0	0.381995647	Subcritical	0.000707849
405	403.996	616251.142	3097563.564	632.3605	5.2	0	Normal	0	1	50.95	1.996249296	10.38049634	1.129235565	4.908243144	634.3567493	635.5846214	0.004609515	1.109134404	35.85287311	-0.004109515	0	4.063643469	21.13094604	1.585539963	2.411155653	636.4241435	636.720457	0.000707506	0.381885303	55.45708612	-0.000919704	1	4.063643469	636.4241435	636.720457			0	0	0	0	0.381885303	Subcritical	0.000707506
406	404.995	616250.668	3097562.684	632.36	5.2	0	Normal	0.027	0.999	50.95	1.996249296	10.38049634	1.129235565	4.908243144	634.3562493	635.5841214	0.004609515	1.109134404	35.85287311	-0.00416016	0	4.062285346	21.1238838	1.585333163	2.411961762	636.4222853	636.718797	0.000708102	0.38207683	55.43257918	0.000742299	1	4.062285346	636.4222853	636.718797			0	0	0	0	0.38207683	Subcritical	0.000708102
407	405.996	616250.194	3097561.803	632.3595	5.2	0	Normal	0.027	1.001	50.95	1.996249296	10.38049634	1.129235565	4.908243144	634.3557493	635.5836214	0.004609515	1.109134404	35.85287311	-0.004169379	0	4.062864822	21.12689708	1.58542141	2.41161775	636.4223648	636.7187919	0.000707848	0.381995091	55.44303415	0.000916876	1	4.062864822	636.4223648	636.7187919			0	0	0	0	0.381995091	Subcritical	0.000707848
408	406.995	616249.72	3097560.923	632.359	5.2	0	Normal	0.023	0.999	50.95	1.996249296	10.38049634	1.129235565	4.908243144	634.3552493	635.5831214	0.004609515	1.109134404	35.85287311	-0.004151974	0	4.063642811	21.13094262	1.585539863	2.411156044	636.4226428	636.7189564	0.000707506	0.381885396	55.45707424	-0.000919712	1	4.063642811	636.4226428	636.7189564			0	0	0	0	0.381885396	Subcritical	0.000707506
409	407.996	616249.245	3097560.042	632.3585	5.2	0	Normal	0.023	1.001	50.95	1.996249296	10.38049634	1.129235565	4.908243144	634.3547493	635.5826214	0.004609515	1.109134404	35.85287311	-0.004161193	0	4.062285346	21.1238838	1.585333163	2.411961762	636.4207853	636.717297	0.000708102	0.38207683	55.43257918	0.000738979	1	4.062285346	636.4207853	636.717297			0	0	0	0	0.38207683	Subcritical	0.000708102
410	408.996	616248.771	3097559.162	632.358	5.2	0	Normal	0	1	50.95	1.996249296	10.38049634	1.129235565	4.908243144	634.3542493	635.5821214	0.004609515	1.109134404	35.85287311	-0.004109515	0	4.062876777	21.12695924	1.58542323	2.411610655	636.4208768	636.7173022	0.000707842	0.381993405	55.44324985	0.000936649	1	4.062876777	636.4208768	636.7173022			0	0	0	0	0.381993405	Subcritical	0.000707842
411	409.995	616248.297	3097558.282	632.3575	5.2	0	Normal	0.027	0.999	50.95	1.996249296	10.38049634	1.129235565	4.908243144	634.3537493	635.5816214	0.004609515	1.109134404	35.85287311	-0.00416016	0	4.063674594	21.13110789	1.585544701	2.411137185	636.4211746	636.7174836	0.000707492	0.381880916	55.45764792	-0.000919224	1	4.063674594	636.4211746	636.7174836			0	0	0	0	0.381880916	Subcritical	0.000707492
412	410.996	616247.823	3097557.401	632.357	5.2	0	Normal	0.078	1.001	50.95	1.996249296	10.38049634	1.129235565	4.908243144	634.3532493	635.5811214	0.004609515	1.109134404	35.85287311	-0.004273748	0	4.062285346	21.1238838	1.585333163	2.411961762	636.4192853	636.715797	0.000708102	0.38207683	55.43257918	0.000763282	1	4.062285346	636.4192853	636.715797			0	0	0	0	0.38207683	Subcritical	0.000708102
413	411.996	616247.348	3097556.521	632.3565	5.2	0	Normal	0.078	1	50.95	1.996249296	10.38049634	1.129235565	4.908243144	634.3527493	635.5806214	0.004609515	1.109134404	35.85287311	-0.004269139	0	4.062860909	21.12687673	1.585420814	2.411620073	636.4193609	636.7157886	0.000707849	0.381995643	55.44296354	0.000910401	1	4.062860909	636.4193609	636.7157886			0	0	0	0	0.381995643	Subcritical	0.000707849
414	412.996	616246.874	3097555.64	632.356	5.2	0	Normal	0.027	1	50.95	1.996249296	10.38049634	1.129235565	4.908243144	634.3522493	635.5801214	0.004609515	1.109134404	35.85287311	-0.00416477	0	4.063628692	21.1308692	1.585537713	2.411164421	636.4196287	636.7159444	0.000707512	0.381887386	55.45681942	-0.00091993	1	4.063628692	636.4196287	636.7159444			0	0	0	0	0.381887386	Subcritical	0.000707512
415	413.996	616246.4	3097554.76	632.3555	5.2	0	Normal	0	1	50.95	1.996249296	10.38049634	1.129235565	4.908243144	634.3517493	635.5796214	0.004609515	1.109134404	35.85287311	-0.004109515	0	4.062285346	21.1238838	1.585333163	2.411961762	636.4177853	636.714297	0.000708102	0.38207683	55.43257918	0.000739874	1	4.062285346	636.4177853	636.714297			0	0	0	0	0.38207683	Subcritical	0.000708102
416	414.995	616245.926	3097553.88	632.355	5.2	0	Normal	0.023	0.999	50.95	1.996249296	10.38049634	1.129235565	4.908243144	634.3512493	635.5791214	0.004609515	1.109134404	35.85287311	-0.004151974	0	4.0628659	21.12690268	1.585421574	2.411617111	636.4178659	636.7142929	0.000707847	0.381994939	55.44305359	0.000918657	1	4.0628659	636.4178659	636.7142929			0	0	0	0	0.381994939	Subcritical	0.000707847
417	415.996	616245.451	3097552.999	632.3545	5.2	0	Normal	0.023	1.001	50.95	1.996249296	10.38049634	1.129235565	4.908243144	634.3507493	635.5786214	0.004609515	1.109134404	35.85287311	-0.004161193	0	4.063644295	21.13095034	1.585540089	2.411155163	636.4181443	636.7144577	0.000707506	0.381885187	55.45710104	-0.00091969	1	4.063644295	636.4181443	636.7144577			0	0	0	0	0.381885187	Subcritical	0.000707506
418	416.996	616244.977	3097552.119	632.354	5.2	0	Normal	0.027	1	50.95	1.996249296	10.38049634	1.129235565	4.908243144	634.3502493	635.5781214	0.004609515	1.109134404	35.85287311	-0.00416477	0	4.062285346	21.1238838	1.585333163	2.411961762	636.4162853	636.712797	0.000708102	0.38207683	55.43257918	0.000737318	1	4.062285346	636.4162853	636.712797			0	0	0	0	0.38207683	Subcritical	0.000708102
419	417.996	616244.503	3097551.238	632.3535	5.2	0	Normal	0.027	1	50.95	1.996249296	10.38049634	1.129235565	4.908243144	634.3497493	635.5776214	0.004609515	1.109134404	35.85287311	-0.00416477	0	4.062860062	21.12687232	1.585420685	2.411620576	636.4163601	636.7127879	0.00070785	0.381995762	55.44294826	0.000909012	1	4.062860062	636.4163601	636.7127879			0	0	0	0	0.381995762	Subcritical	0.00070785
420	418.996	616244.029	3097550.358	632.353	5.2	0	Normal	0	1	50.95	1.996249296	10.38049634	1.129235565	4.908243144	634.3492493	635.5771214	0.004609515	1.109134404	35.85287311	-0.004109515	0	4.063641157	21.13093402	1.585539611	2.411157025	636.4166412	636.712955	0.000707507	0.381885629	55.4570444	-0.000919739	1	4.063641157	636.4166412	636.712955			0	0	0	0	0.381885629	Subcritical	0.000707507
421	419.995	616243.555	3097549.478	632.3525	5.2	0	Normal	0.023	0.999	50.95	1.996249296	10.38049634	1.129235565	4.908243144	634.3487493	635.5766214	0.004609515	1.109134404	35.85287311	-0.004151974	0	4.062285346	21.1238838	1.585333163	2.411961762	636.4147853	636.711297	0.000708102	0.38207683	55.43257918	0.000741736	1	4.062285346	636.4147853	636.711297			0	0	0	0	0.38207683	Subcritical	0.000708102
422	420.996	616243.08	3097548.597	632.352	5.2	0	Normal	0.023	1.001	50.95	1.996249296	10.38049634	1.129235565	4.908243144	634.3482493	635.5761214	0.004609515	1.109134404	35.85287311	-0.004161193	0	4.062866397	21.12690527	1.585421649	2.411616816	636.4148664	636.7112933	0.000707847	0.381994869	55.44306257	0.000919479	1	4.062866397	636.4148664	636.7112933			0	0	0	0	0.381994869	Subcritical	0.000707847
423	421.996	616242.606	3097547.717	632.3515	5.2	0	Normal	0.027	1	50.95	1.996249296	10.38049634	1.129235565	4.908243144	634.3477493	635.5756214	0.004609515	1.109134404	35.85287311	-0.00416477	0	4.063644295	21.13095034	1.585540089	2.411155163	636.4151443	636.7114577	0.000707506	0.381885187	55.45710104	-0.00091969	1	4.063644295	636.4151443	636.7114577			0	0	0	0	0.381885187	Subcritical	0.000707506
424	422.996	616242.132	3097546.836	632.351	5.2	0	Normal	0.027	1	50.95	1.996249296	10.38049634	1.129235565	4.908243144	634.3472493	635.5751214	0.004609515	1.109134404	35.85287311	-0.00416477	0	4.062285346	21.1238838	1.585333163	2.411961762	636.4132853	636.709797	0.000708102	0.38207683	55.43257918	0.000763241	1	4.062285346	636.4132853	636.709797			0	0	0	0	0.38207683	Subcritical	0.000708102
425	423.996	616241.658	3097545.956	632.3505	5.2	0	Normal	0.05	1	50.95	1.996249296	10.38049634	1.129235565	4.908243144	634.3467493	635.5746214	0.004609515	1.109134404	35.85287311	-0.004211838	0	4.062876278	21.12695665	1.585423154	2.41161095	636.4133763	636.7098017	0.000707843	0.381993475	55.44324086	0.000935801	1	4.062876278	636.4133763	636.7098017			0	0	0	0	0.381993475	Subcritical	0.000707843
426	424.996	616241.183	3097545.076	632.35	5.2	0	Normal	0.078	1	50.95	1.996249296	10.38049634	1.129235565	4.908243144	634.3462493	635.5741214	0.004609515	1.109134404	35.85287311	-0.004269139	0	4.063644295	21.13095034	1.585540089	2.411155163	636.4136443	636.7099577	0.000707506	0.381885187	55.45710104	-0.00091969	1	4.063644295	636.4136443	636.7099577			0	0	0	0	0.381885187	Subcritical	0.000707506
427	425.996	616240.709	3097544.195	632.3495	5.2	0	Normal	0.027	1	50.95	1.996249296	10.38049634	1.129235565	4.908243144	634.3457493	635.5736214	0.004609515	1.109134404	35.85287311	-0.00416477	0	4.062285346	21.1238838	1.585333163	2.411961762	636.4117853	636.708297	0.000708102	0.38207683	55.43257918	0.000755612	1	4.062285346	636.4117853	636.708297			0	0	0	0	0.38207683	Subcritical	0.000708102
428	426.995	616240.235	3097543.315	632.349	5.2	0	Normal	0.027	0.999	50.95	1.996249296	10.38049634	1.129235565	4.908243144	634.3452493	635.5731214	0.004609515	1.109134404	35.85287311	-0.00416016	0	4.062881231	21.1269824	1.585423908	2.411608011	636.4118812	636.708306	0.000707841	0.381992777	55.44333023	0.000943992	1	4.062881231	636.4118812	636.708306			0	0	0	0	0.381992777	Subcritical	0.000707841
429	427.996	616239.761	3097542.434	632.3485	5.2	0	Normal	0.078	1.001	50.95	1.996249296	10.38049634	1.129235565	4.908243144	634.3447493	635.5726214	0.004609515	1.109134404	35.85287311	-0.004273748	0	4.063657587	21.13101945	1.585542112	2.411147277	636.4121576	636.7084691	0.0007075	0.381883313	55.45734095	-0.000919486	1	4.063657587	636.4121576	636.7084691			0	0	0	0	0.381883313	Subcritical	0.0007075
430	428.996	616239.286	3097541.554	632.348	5.2	0	Normal	0.05	1	50.95	1.996249296	10.38049634	1.129235565	4.908243144	634.3442493	635.5721214	0.004609515	1.109134404	35.85287311	-0.004211838	0	4.062285346	21.1238838	1.585333163	2.411961762	636.4102853	636.706797	0.000708102	0.38207683	55.43257918	0.000742285	1	4.062285346	636.4102853	636.706797			0	0	0	0	0.38207683	Subcritical	0.000708102
431	429.995	616238.812	3097540.674	632.3475	5.2	0	Normal	0.027	0.999	50.95	1.996249296	10.38049634	1.129235565	4.908243144	634.3437493	635.5716214	0.004609515	1.109134404	35.85287311	-0.00416016	0	4.062866384	21.1269052	1.585421647	2.411616823	636.4103664	636.7067933	0.000707847	0.381994871	55.44306233	0.000919456	1	4.062866384	636.4103664	636.7067933			0	0	0	0	0.381994871	Subcritical	0.000707847
432	430.996	616238.338	3097539.793	632.347	5.2	0	Normal	0.027	1.001	50.95	1.996249296	10.38049634	1.129235565	4.908243144	634.3432493	635.5711214	0.004609515	1.109134404	35.85287311	-0.004169379	0	4.063643469	21.13094604	1.585539963	2.411155653	636.4106435	636.706957	0.000707506	0.381885303	55.45708612	-0.000919704	1	4.063643469	636.4106435	636.706957			0	0	0	0	0.381885303	Subcritical	0.000707506
433	431.995	616237.864	3097538.913	632.3465	5.2	0	Normal	0.027	0.999	50.95	1.996249296	10.38049634	1.129235565	4.908243144	634.3427493	635.5706214	0.004609515	1.109134404	35.85287311	-0.00416016	0	4.062285346	21.1238838	1.585333163	2.411961762	636.4087853	636.705297	0.000708102	0.38207683	55.43257918	0.000772655	1	4.062285346	636.4087853	636.705297			0	0	0	0	0.38207683	Subcritical	0.000708102
434	432.996	616237.39	3097538.032	632.346	5.2	0	Normal	0.078	1.001	50.95	1.996249296	10.38049634	1.129235565	4.908243144	634.3422493	635.5701214	0.004609515	1.109134404	35.85287311	-0.004273748	0	4.062870563	21.12692693	1.585422284	2.411614343	636.4088706	636.7052968	0.000707845	0.381994281	55.44313773	0.000926359	1	4.062870563	636.4088706	636.7052968			0	0	0	0	0.381994281	Subcritical	0.000707845
435	433.996	616236.915	3097537.152	632.3455	5.2	0	Normal	0.05	1	50.95	1.996249296	10.38049634	1.129235565	4.908243144	634.3417493	635.5696214	0.004609515	1.109134404	35.85287311	-0.004211838	0	4.063643469	21.13094604	1.585539963	2.411155653	636.4091435	636.705457	0.000707506	0.381885303	55.45708612	-0.000919704	1	4.063643469	636.4091435	636.705457			0	0	0	0	0.381885303	Subcritical	0.000707506
436	434.995	616236.441	3097536.272	632.345	5.2	0	Normal	0.027	0.999	50.95	1.996249296	10.38049634	1.129235565	4.908243144	634.3412493	635.5691214	0.004609515	1.109134404	35.85287311	-0.00416016	0	4.062285346	21.1238838	1.585333163	2.411961762	636.4072853	636.703797	0.000708102	0.38207683	55.43257918	0.000742299	1	4.062285346	636.4072853	636.703797			0	0	0	0	0.38207683	Subcritical	0.000708102
437	435.996	616235.967	3097535.391	632.3445	5.2	0	Normal	0.027	1.001	50.95	1.996249296	10.38049634	1.129235565	4.908243144	634.3407493	635.5686214	0.004609515	1.109134404	35.85287311	-0.004169379	0	4.062864822	21.12689708	1.58542141	2.41161775	636.4073648	636.7037919	0.000707848	0.381995091	55.44303415	0.000916876	1	4.062864822	636.4073648	636.7037919			0	0	0	0	0.381995091	Subcritical	0.000707848
438	436.995	616235.493	3097534.511	632.344	5.2	0	Normal	0.023	0.999	50.95	1.996249296	10.38049634	1.129235565	4.908243144	634.3402493	635.5681214	0.004609515	1.109134404	35.85287311	-0.004151974	0	4.063642811	21.13094262	1.585539863	2.411156044	636.4076428	636.7039564	0.000707506	0.381885396	55.45707424	-0.000919712	1	4.063642811	636.4076428	636.7039564			0	0	0	0	0.381885396	Subcritical	0.000707506
439	437.996	616235.018	3097533.63	632.3435	5.2	0	Normal	0.023	1.001	50.95	1.996249296	10.38049634	1.129235565	4.908243144	634.3397493	635.5676214	0.004609515	1.109134404	35.85287311	-0.004161193	0	4.062285346	21.1238838	1.585333163	2.411961762	636.4057853	636.702297	0.000708102	0.38207683	55.43257918	0.000738979	1	4.062285346	636.4057853	636.702297			0	0	0	0	0.38207683	Subcritical	0.000708102
440	438.996	616234.544	3097532.75	632.343	5.2	0	Normal	0	1	50.95	1.996249296	10.38049634	1.129235565	4.908243144	634.3392493	635.5671214	0.004609515	1.109134404	35.85287311	-0.004109515	0	4.062876777	21.12695924	1.58542323	2.411610655	636.4058768	636.7023022	0.000707842	0.381993405	55.44324985	0.000936649	1	4.062876777	636.4058768	636.7023022			0	0	0	0	0.381993405	Subcritical	0.000707842
441	439.995	616234.07	3097531.87	632.3425	5.2	0	Normal	0.027	0.999	50.95	1.996249296	10.38049634	1.129235565	4.908243144	634.3387493	635.5666214	0.004609515	1.109134404	35.85287311	-0.00416016	0	4.063674594	21.13110789	1.585544701	2.411137185	636.4061746	636.7024836	0.000707492	0.381880916	55.45764792	-0.000919224	1	4.063674594	636.4061746	636.7024836			0	0	0	0	0.381880916	Subcritical	0.000707492
442	440.996	616233.596	3097530.989	632.342	5.2	0	Normal	0.078	1.001	50.95	1.996249296	10.38049634	1.129235565	4.908243144	634.3382493	635.5661214	0.004609515	1.109134404	35.85287311	-0.004273748	0	4.062285346	21.1238838	1.585333163	2.411961762	636.4042853	636.700797	0.000708102	0.38207683	55.43257918	0.000763282	1	4.062285346	636.4042853	636.700797			0	0	0	0	0.38207683	Subcritical	0.000708102
443	441.996	616233.121	3097530.109	632.3415	5.2	0	Normal	0.078	1	50.95	1.996249296	10.38049634	1.129235565	4.908243144	634.3377493	635.5656214	0.004609515	1.109134404	35.85287311	-0.004269139	0	4.062860909	21.12687673	1.585420814	2.411620073	636.4043609	636.7007886	0.000707849	0.381995643	55.44296354	0.000910401	1	4.062860909	636.4043609	636.7007886			0	0	0	0	0.381995643	Subcritical	0.000707849
444	442.996	616232.647	3097529.228	632.341	5.2	0	Normal	0.027	1	50.95	1.996249296	10.38049634	1.129235565	4.908243144	634.3372493	635.5651214	0.004609515	1.109134404	35.85287311	-0.00416477	0	4.063628692	21.1308692	1.585537713	2.411164421	636.4046287	636.7009444	0.000707512	0.381887386	55.45681942	-0.00091993	1	4.063628692	636.4046287	636.7009444			0	0	0	0	0.381887386	Subcritical	0.000707512
445	443.996	616232.173	3097528.348	632.3405	5.2	0	Normal	0	1	50.95	1.996249296	10.38049634	1.129235565	4.908243144	634.3367493	635.5646214	0.004609515	1.109134404	35.85287311	-0.004109515	0	4.062285346	21.1238838	1.585333163	2.411961762	636.4027853	636.699297	0.000708102	0.38207683	55.43257918	0.000760721	1	4.062285346	636.4027853	636.699297			0	0	0	0	0.38207683	Subcritical	0.000708102
446	444.995	616231.699	3097527.468	632.34	5.2	0	Normal	0.027	0.999	50.95	1.996249296	10.38049634	1.129235565	4.908243144	634.3362493	635.5641214	0.004609515	1.109134404	35.85287311	-0.00416016	0	4.062886922	21.12701199	1.585424775	2.411604633	636.4028869	636.6993108	0.000707838	0.381991974	55.44343292	0.000953407	1	4.062886922	636.4028869	636.6993108			0	0	0	0	0.381991974	Subcritical	0.000707838
447	445.996	616231.225	3097526.587	632.3395	5.2	0	Normal	0.078	1.001	50.95	1.996249296	10.38049634	1.129235565	4.908243144	634.3357493	635.5636214	0.004609515	1.109134404	35.85287311	-0.004273748	0	4.063673768	21.13110359	1.585544576	2.411137676	636.4031738	636.6994829	0.000707493	0.381881032	55.457633	-0.000919237	1	4.063673768	636.4031738	636.6994829			0	0	0	0	0.381881032	Subcritical	0.000707493
448	446.996	616230.75	3097525.707	632.339	5.2	0	Normal	0.078	1	50.95	1.996249296	10.38049634	1.129235565	4.908243144	634.3352493	635.5631214	0.004609515	1.109134404	35.85287311	-0.004269139	0	4.062285346	21.1238838	1.585333163	2.411961762	636.4012853	636.697797	0.000708102	0.38207683	55.43257918	0.000737318	1	4.062285346	636.4012853	636.697797			0	0	0	0	0.38207683	Subcritical	0.000708102
449	447.996	616230.276	3097524.826	632.3385	5.2	0	Normal	0.027	1	50.95	1.996249296	10.38049634	1.129235565	4.908243144	634.3347493	635.5626214	0.004609515	1.109134404	35.85287311	-0.00416477	0	4.062860062	21.12687232	1.585420685	2.411620576	636.4013601	636.6977879	0.00070785	0.381995762	55.44294826	0.000909012	1	4.062860062	636.4013601	636.6977879			0	0	0	0	0.381995762	Subcritical	0.00070785
450	448.996	616229.802	3097523.946	632.338	5.2	0	Normal	0	1	50.95	1.996249296	10.38049634	1.129235565	4.908243144	634.3342493	635.5621214	0.004609515	1.109134404	35.85287311	-0.004109515	0	4.063641157	21.13093402	1.585539611	2.411157025	636.4016412	636.697955	0.000707507	0.381885629	55.4570444	-0.000919739	1	4.063641157	636.4016412	636.697955			0	0	0	0	0.381885629	Subcritical	0.000707507
451	449.995	616229.328	3097523.066	632.3375	5.2	0	Normal	0.023	0.999	50.95	1.996249296	10.38049634	1.129235565	4.908243144	634.3337493	635.5616214	0.004609515	1.109134404	35.85287311	-0.004151974	0	4.062285346	21.1238838	1.585333163	2.411961762	636.3997853	636.696297	0.000708102	0.38207683	55.43257918	0.000741736	1	4.062285346	636.3997853	636.696297			0	0	0	0	0.38207683	Subcritical	0.000708102
452	450.996	616228.853	3097522.185	632.337	5.2	0	Normal	0.023	1.001	50.95	1.996249296	10.38049634	1.129235565	4.908243144	634.3332493	635.5611214	0.004609515	1.109134404	35.85287311	-0.004161193	0	4.062866397	21.12690527	1.585421649	2.411616816	636.3998664	636.6962933	0.000707847	0.381994869	55.44306257	0.000919479	1	4.062866397	636.3998664	636.6962933			0	0	0	0	0.381994869	Subcritical	0.000707847
453	451.996	616228.379	3097521.305	632.3365	5.2	0	Normal	0.027	1	50.95	1.996249296	10.38049634	1.129235565	4.908243144	634.3327493	635.5606214	0.004609515	1.109134404	35.85287311	-0.00416477	0	4.063644295	21.13095034	1.585540089	2.411155163	636.4001443	636.6964577	0.000707506	0.381885187	55.45710104	-0.00091969	1	4.063644295	636.4001443	636.6964577			0	0	0	0	0.381885187	Subcritical	0.000707506
454	452.996	616227.905	3097520.424	632.336	5.2	0	Normal	0.027	1	50.95	1.996249296	10.38049634	1.129235565	4.908243144	634.3322493	635.5601214	0.004609515	1.109134404	35.85287311	-0.00416477	0	4.062285346	21.1238838	1.585333163	2.411961762	636.3982853	636.694797	0.000708102	0.38207683	55.43257918	0.000763241	1	4.062285346	636.3982853	636.694797			0	0	0	0	0.38207683	Subcritical	0.000708102
455	453.996	616227.431	3097519.544	632.3355	5.2	0	Normal	0.05	1	50.95	1.996249296	10.38049634	1.129235565	4.908243144	634.3317493	635.5596214	0.004609515	1.109134404	35.85287311	-0.004211838	0	4.062876278	21.12695665	1.585423154	2.41161095	636.3983763	636.6948017	0.000707843	0.381993475	55.44324086	0.000935801	1	4.062876278	636.3983763	636.6948017			0	0	0	0	0.381993475	Subcritical	0.000707843
456	454.996	616226.956	3097518.664	632.335	5.2	0	Normal	0.078	1	50.95	1.996249296	10.38049634	1.129235565	4.908243144	634.3312493	635.5591214	0.004609515	1.109134404	35.85287311	-0.004269139	0	4.063644295	21.13095034	1.585540089	2.411155163	636.3986443	636.6949577	0.000707506	0.381885187	55.45710104	-0.00091969	1	4.063644295	636.3986443	636.6949577			0	0	0	0	0.381885187	Subcritical	0.000707506
457	455.996	616226.482	3097517.783	632.3345	5.2	0	Normal	0.027	1	50.95	1.996249296	10.38049634	1.129235565	4.908243144	634.3307493	635.5586214	0.004609515	1.109134404	35.85287311	-0.00416477	0	4.062285346	21.1238838	1.585333163	2.411961762	636.3967853	636.693297	0.000708102	0.38207683	55.43257918	0.000746481	1	4.062285346	636.3967853	636.693297			0	0	0	0	0.38207683	Subcritical	0.000708102
458	456.995	616226.008	3097516.903	632.334	5.2	0	Normal	0.027	0.999	50.95	1.996249296	10.38049634	1.129235565	4.908243144	634.3302493	635.5581214	0.004609515	1.109134404	35.85287311	-0.00416016	0	4.062871059	21.12692951	1.585422359	2.411614049	636.3968711	636.6932973	0.000707845	0.381994211	55.44314668	0.000927189	1	4.062871059	636.3968711	636.6932973			0	0	0	0	0.381994211	Subcritical	0.000707845
459	457.996	616225.534	3097516.022	632.3335	5.2	0	Normal	0.027	1.001	50.95	1.996249296	10.38049634	1.129235565	4.908243144	634.3297493	635.5576214	0.004609515	1.109134404	35.85287311	-0.004169379	0	4.06365676	21.13101515	1.585541986	2.411147767	636.3971568	636.6934684	0.0007075	0.38188343	55.45732602	-0.000919499	1	4.06365676	636.3971568	636.6934684			0	0	0	0	0.38188343	Subcritical	0.0007075
460	458.995	616225.06	3097515.142	632.333	5.2	0	Normal	0.05	0.999	50.95	1.996249296	10.38049634	1.129235565	4.908243144	634.3292493	635.5571214	0.004609515	1.109134404	35.85287311	-0.004207228	0	4.062285346	21.1238838	1.585333163	2.411961762	636.3952853	636.691797	0.000708102	0.38207683	55.43257918	0.000768196	1	4.062285346	636.3952853	636.691797			0	0	0	0	0.38207683	Subcritical	0.000708102
461	459.995	616224.585	3097514.262	632.3325	5.2	0	Normal	0.078	1	50.95	1.996249296	10.38049634	1.129235565	4.908243144	634.3287493	635.5566214	0.004609515	1.109134404	35.85287311	-0.004269139	0	4.062866384	21.1269052	1.585421647	2.411616823	636.3953664	636.6917933	0.000707847	0.381994871	55.44306233	0.000919456	1	4.062866384	636.3953664	636.6917933			0	0	0	0	0.381994871	Subcritical	0.000707847
462	460.996	616224.111	3097513.381	632.332	5.2	0	Normal	0.027	1.001	50.95	1.996249296	10.38049634	1.129235565	4.908243144	634.3282493	635.5561214	0.004609515	1.109134404	35.85287311	-0.004169379	0	4.063643469	21.13094604	1.585539963	2.411155653	636.3956435	636.691957	0.000707506	0.381885303	55.45708612	-0.000919704	1	4.063643469	636.3956435	636.691957			0	0	0	0	0.381885303	Subcritical	0.000707506
463	461.995	616223.637	3097512.501	632.3315	5.2	0	Normal	0.027	0.999	50.95	1.996249296	10.38049634	1.129235565	4.908243144	634.3277493	635.5556214	0.004609515	1.109134404	35.85287311	-0.00416016	0	4.062285346	21.1238838	1.585333163	2.411961762	636.3937853	636.690297	0.000708102	0.38207683	55.43257918	0.000772655	1	4.062285346	636.3937853	636.690297			0	0	0	0	0.38207683	Subcritical	0.000708102
464	462.996	616223.163	3097511.62	632.331	5.2	0	Normal	0.078	1.001	50.95	1.996249296	10.38049634	1.129235565	4.908243144	634.3272493	635.5551214	0.004609515	1.109134404	35.85287311	-0.004273748	0	4.062870563	21.12692693	1.585422284	2.411614343	636.3938706	636.6902968	0.000707845	0.381994281	55.44313773	0.000926359	1	4.062870563	636.3938706	636.6902968			0	0	0	0	0.381994281	Subcritical	0.000707845
465	463.996	616222.688	3097510.74	632.3305	5.2	0	Normal	0.05	1	50.95	1.996249296	10.38049634	1.129235565	4.908243144	634.3267493	635.5546214	0.004609515	1.109134404	35.85287311	-0.004211838	0	4.063643469	21.13094604	1.585539963	2.411155653	636.3941435	636.690457	0.000707506	0.381885303	55.45708612	-0.000919704	1	4.063643469	636.3941435	636.690457			0	0	0	0	0.381885303	Subcritical	0.000707506
466	464.995	616222.214	3097509.86	632.33	5.2	0	Normal	0.027	0.999	50.95	1.996249296	10.38049634	1.129235565	4.908243144	634.3262493	635.5541214	0.004609515	1.109134404	35.85287311	-0.00416016	0	4.062285346	21.1238838	1.585333163	2.411961762	636.3922853	636.688797	0.000708102	0.38207683	55.43257918	0.000742299	1	4.062285346	636.3922853	636.688797			0	0	0	0	0.38207683	Subcritical	0.000708102
467	465.996	616221.74	3097508.979	632.3295	5.2	0	Normal	0.027	1.001	50.95	1.996249296	10.38049634	1.129235565	4.908243144	634.3257493	635.5536214	0.004609515	1.109134404	35.85287311	-0.004169379	0	4.062864822	21.12689708	1.58542141	2.41161775	636.3923648	636.6887919	0.000707848	0.381995091	55.44303415	0.000916876	1	4.062864822	636.3923648	636.6887919			0	0	0	0	0.381995091	Subcritical	0.000707848
468	466.995	616221.266	3097508.099	632.329	5.2	0	Normal	0.023	0.999	50.95	1.996249296	10.38049634	1.129235565	4.908243144	634.3252493	635.5531214	0.004609515	1.109134404	35.85287311	-0.004151974	0	4.063642811	21.13094262	1.585539863	2.411156044	636.3926428	636.6889564	0.000707506	0.381885396	55.45707424	-0.000919712	1	4.063642811	636.3926428	636.6889564			0	0	0	0	0.381885396	Subcritical	0.000707506
469	467.996	616220.791	3097507.218	632.3285	5.2	0	Normal	0.023	1.001	50.95	1.996249296	10.38049634	1.129235565	4.908243144	634.3247493	635.5526214	0.004609515	1.109134404	35.85287311	-0.004161193	0	4.062285346	21.1238838	1.585333163	2.411961762	636.3907853	636.687297	0.000708102	0.38207683	55.43257918	0.000738079	1	4.062285346	636.3907853	636.687297			0	0	0	0	0.38207683	Subcritical	0.000708102
470	468.996	616220.317	3097506.338	632.328	5.2	0	Normal	0.027	1	50.95	1.996249296	10.38049634	1.129235565	4.908243144	634.3242493	635.5521214	0.004609515	1.109134404	35.85287311	-0.00416477	0	4.062860909	21.12687673	1.585420814	2.411620073	636.3908609	636.6872886	0.000707849	0.381995643	55.44296354	0.000910401	1	4.062860909	636.3908609	636.6872886			0	0	0	0	0.381995643	Subcritical	0.000707849
471	469.996	616219.843	3097505.457	632.3275	5.2	0	Normal	0.027	1	50.95	1.996249296	10.38049634	1.129235565	4.908243144	634.3237493	635.5516214	0.004609515	1.109134404	35.85287311	-0.00416477	0	4.063628692	21.1308692	1.585537713	2.411164421	636.3911287	636.6874444	0.000707512	0.381887386	55.45681942	-0.00091993	1	4.063628692	636.3911287	636.6874444			0	0	0	0	0.381887386	Subcritical	0.000707512
472	470.996	616219.369	3097504.577	632.327	5.2	0	Normal	0	1	50.95	1.996249296	10.38049634	1.129235565	4.908243144	634.3232493	635.5511214	0.004609515	1.109134404	35.85287311	-0.004109515	0	4.062285346	21.1238838	1.585333163	2.411961762	636.3892853	636.685797	0.000708102	0.38207683	55.43257918	0.000739874	1	4.062285346	636.3892853	636.685797			0	0	0	0	0.38207683	Subcritical	0.000708102
473	471.995	616218.895	3097503.697	632.3265	5.2	0	Normal	0.023	0.999	50.95	1.996249296	10.38049634	1.129235565	4.908243144	634.3227493	635.5506214	0.004609515	1.109134404	35.85287311	-0.004151974	0	4.0628659	21.12690268	1.585421574	2.411617111	636.3893659	636.6857929	0.000707847	0.381994939	55.44305359	0.000918657	1	4.0628659	636.3893659	636.6857929			0	0	0	0	0.381994939	Subcritical	0.000707847
474	472.996	616218.42	3097502.816	632.326	5.2	0	Normal	0.023	1.001	50.95	1.996249296	10.38049634	1.129235565	4.908243144	634.3222493	635.5501214	0.004609515	1.109134404	35.85287311	-0.004161193	0	4.063644295	21.13095034	1.585540089	2.411155163	636.3896443	636.6859577	0.000707506	0.381885187	55.45710104	-0.00091969	1	4.063644295	636.3896443	636.6859577			0	0	0	0	0.381885187	Subcritical	0.000707506
475	473.996	616217.946	3097501.936	632.3255	5.2	0	Normal	0.027	1	50.95	1.996249296	10.38049634	1.129235565	4.908243144	634.3217493	635.5496214	0.004609515	1.109134404	35.85287311	-0.00416477	0	4.062285346	21.1238838	1.585333163	2.411961762	636.3877853	636.684297	0.000708102	0.38207683	55.43257918	0.00075631	1	4.062285346	636.3877853	636.684297			0	0	0	0	0.38207683	Subcritical	0.000708102
476	474.996	616217.472	3097501.055	632.325	5.2	0	Normal	0.027	1	50.95	1.996249296	10.38049634	1.129235565	4.908243144	634.3212493	635.5491214	0.004609515	1.109134404	35.85287311	-0.00416477	0	4.06288122	21.12698234	1.585423906	2.411608017	636.3878812	636.684306	0.000707841	0.381992778	55.44333002	0.000943987	1	4.06288122	636.3878812	636.684306			0	0	0	0	0.381992778	Subcritical	0.000707841
477	475.996	616216.998	3097500.175	632.3245	5.2	0	Normal	0.05	1	50.95	1.996249296	10.38049634	1.129235565	4.908243144	634.3207493	635.5486214	0.004609515	1.109134404	35.85287311	-0.004211838	0	4.063673768	21.13110359	1.585544576	2.411137676	636.3881738	636.6844829	0.000707493	0.381881032	55.457633	-0.000919237	1	4.063673768	636.3881738	636.6844829			0	0	0	0	0.381881032	Subcritical	0.000707493
478	476.996	616216.523	3097499.295	632.324	5.2	0	Normal	0.078	1	50.95	1.996249296	10.38049634	1.129235565	4.908243144	634.3202493	635.5481214	0.004609515	1.109134404	35.85287311	-0.004269139	0	4.062285346	21.1238838	1.585333163	2.411961762	636.3862853	636.682797	0.000708102	0.38207683	55.43257918	0.00075231	1	4.062285346	636.3862853	636.682797			0	0	0	0	0.38207683	Subcritical	0.000708102
479	477.996	616216.049	3097498.414	632.3235	5.2	0	Normal	0.027	1	50.95	1.996249296	10.38049634	1.129235565	4.908243144	634.3197493	635.5476214	0.004609515	1.109134404	35.85287311	-0.00416477	0	4.062876763	21.12695917	1.585423228	2.411610663	636.3863768	636.6828021	0.000707842	0.381993407	55.44324961	0.000936626	1	4.062876763	636.3863768	636.6828021			0	0	0	0	0.381993407	Subcritical	0.000707842
480	478.996	616215.575	3097497.534	632.323	5.2	0	Normal	0.027	1	50.95	1.996249296	10.38049634	1.129235565	4.908243144	634.3192493	635.5471214	0.004609515	1.109134404	35.85287311	-0.00416477	0	4.063673768	21.13110359	1.585544576	2.411137676	636.3866738	636.6829829	0.000707493	0.381881032	55.457633	-0.000919237	1	4.063673768	636.3866738	636.6829829			0	0	0	0	0.381881032	Subcritical	0.000707493
481	479.996	616215.101	3097496.653	632.3225	5.2	0	Normal	0.078	1	50.95	1.996249296	10.38049634	1.129235565	4.908243144	634.3187493	635.5466214	0.004609515	1.109134404	35.85287311	-0.004269139	0	4.062285346	21.1238838	1.585333163	2.411961762	636.3847853	636.681297	0.000708102	0.38207683	55.43257918	0.000754371	1	4.062285346	636.3847853	636.681297			0	0	0	0	0.38207683	Subcritical	0.000708102
482	480.996	616214.626	3097495.773	632.322	5.2	0	Normal	0.05	1	50.95	1.996249296	10.38049634	1.129235565	4.908243144	634.3182493	635.5461214	0.004609515	1.109134404	35.85287311	-0.004211838	0	4.062866397	21.12690527	1.585421649	2.411616816	636.3848664	636.6812933	0.000707847	0.381994869	55.44306257	0.000919479	1	4.062866397	636.3848664	636.6812933			0	0	0	0	0.381994869	Subcritical	0.000707847
483	481.996	616214.152	3097494.893	632.3215	5.2	0	Normal	0.027	1	50.95	1.996249296	10.38049634	1.129235565	4.908243144	634.3177493	635.5456214	0.004609515	1.109134404	35.85287311	-0.00416477	0	4.063644295	21.13095034	1.585540089	2.411155163	636.3851443	636.6814577	0.000707506	0.381885187	55.45710104	-0.00091969	1	4.063644295	636.3851443	636.6814577			0	0	0	0	0.381885187	Subcritical	0.000707506
484	482.996	616213.678	3097494.012	632.321	5.2	0	Normal	0.027	1	50.95	1.996249296	10.38049634	1.129235565	4.908243144	634.3172493	635.5451214	0.004609515	1.109134404	35.85287311	-0.00416477	0	4.062285346	21.1238838	1.585333163	2.411961762	636.3832853	636.679797	0.000708102	0.38207683	55.43257918	0.000756071	1	4.062285346	636.3832853	636.679797			0	0	0	0	0.38207683	Subcritical	0.000708102
485	483.996	616213.204	3097493.132	632.3205	5.2	0	Normal	0.027	1	50.95	1.996249296	10.38049634	1.129235565	4.908243144	634.3167493	635.5446214	0.004609515	1.109134404	35.85287311	-0.00416477	0	4.062880953	21.12698096	1.585423866	2.411608175	636.383381	636.6798057	0.000707841	0.381992816	55.44332522	0.000943534	1	4.062880953	636.383381	636.6798057			0	0	0	0	0.381992816	Subcritical	0.000707841
486	484.996	616212.73	3097492.251	632.32	5.2	0	Normal	0.078	1	50.95	1.996249296	10.38049634	1.129235565	4.908243144	634.3162493	635.5441214	0.004609515	1.109134404	35.85287311	-0.004269139	0	4.063657587	21.13101945	1.585542112	2.411147277	636.3836576	636.6799691	0.0007075	0.381883313	55.45734095	-0.000919486	1	4.063657587	636.3836576	636.6799691			0	0	0	0	0.381883313	Subcritical	0.0007075
487	485.996	616212.255	3097491.371	632.3195	5.2	0	Normal	0.05	1	50.95	1.996249296	10.38049634	1.129235565	4.908243144	634.3157493	635.5436214	0.004609515	1.109134404	35.85287311	-0.004211838	0	4.062285346	21.1238838	1.585333163	2.411961762	636.3817853	636.678297	0.000708102	0.38207683	55.43257918	0.000742014	1	4.062285346	636.3817853	636.678297			0	0	0	0	0.38207683	Subcritical	0.000708102
488	486.996	616211.781	3097490.491	632.319	5.2	0	Normal	0.027	1	50.95	1.996249296	10.38049634	1.129235565	4.908243144	634.3152493	635.5431214	0.004609515	1.109134404	35.85287311	-0.00416477	0	4.062865293	21.12689953	1.585421481	2.411617471	636.3818653	636.6782923	0.000707848	0.381995024	55.44304265	0.000917653	1	4.062865293	636.3818653	636.6782923			0	0	0	0	0.381995024	Subcritical	0.000707848
489	487.996	616211.307	3097489.61	632.3185	5.2	0	Normal	0.027	1	50.95	1.996249296	10.38049634	1.129235565	4.908243144	634.3147493	635.5426214	0.004609515	1.109134404	35.85287311	-0.00416477	0	4.063641157	21.13093402	1.585539611	2.411157025	636.3821412	636.678455	0.000707507	0.381885629	55.4570444	-0.000919739	1	4.063641157	636.3821412	636.678455			0	0	0	0	0.381885629	Subcritical	0.000707507
490	488.995	616210.833	3097488.73	632.318	5.2	0	Normal	0.023	0.999	50.95	1.996249296	10.38049634	1.129235565	4.908243144	634.3142493	635.5421214	0.004609515	1.109134404	35.85287311	-0.004151974	0	4.062285346	21.1238838	1.585333163	2.411961762	636.3802853	636.676797	0.000708102	0.38207683	55.43257918	0.000736779	1	4.062285346	636.3802853	636.676797			0	0	0	0	0.38207683	Subcritical	0.000708102
491	489.996	616210.358	3097487.849	632.3175	5.2	0	Normal	0.023	1.001	50.95	1.996249296	10.38049634	1.129235565	4.908243144	634.3137493	635.5416214	0.004609515	1.109134404	35.85287311	-0.004161193	0	4.062860875	21.12687655	1.585420808	2.411620093	636.3803609	636.6767886	0.000707849	0.381995647	55.44296293	0.000910357	1	4.062860875	636.3803609	636.6767886			0	0	0	0	0.381995647	Subcritical	0.000707849
492	490.996	616209.884	3097486.969	632.317	5.2	0	Normal	0	1	50.95	1.996249296	10.38049634	1.129235565	4.908243144	634.3132493	635.5411214	0.004609515	1.109134404	35.85287311	-0.004109515	0	4.063643469	21.13094604	1.585539963	2.411155653	636.3806435	636.676957	0.000707506	0.381885303	55.45708612	-0.000919704	1	4.063643469	636.3806435	636.676957			0	0	0	0	0.381885303	Subcritical	0.000707506
493	491.995	616209.41	3097486.089	632.3165	5.2	0	Normal	0.027	0.999	50.95	1.996249296	10.38049634	1.129235565	4.908243144	634.3127493	635.5406214	0.004609515	1.109134404	35.85287311	-0.00416016	0	4.062285346	21.1238838	1.585333163	2.411961762	636.3787853	636.675297	0.000708102	0.38207683	55.43257918	0.000777786	1	4.062285346	636.3787853	636.675297			0	0	0	0	0.38207683	Subcritical	0.000708102
494	492.996	616208.936	3097485.208	632.316	5.2	0	Normal	0.078	1.001	50.95	1.996249296	10.38049634	1.129235565	4.908243144	634.3122493	635.5401214	0.004609515	1.109134404	35.85287311	-0.004273748	0	4.062876278	21.12695665	1.585423154	2.41161095	636.3788763	636.6753017	0.000707843	0.381993475	55.44324086	0.000935801	1	4.062876278	636.3788763	636.6753017			0	0	0	0	0.381993475	Subcritical	0.000707843
495	493.996	616208.461	3097484.328	632.3155	5.2	0	Normal	0.078	1	50.95	1.996249296	10.38049634	1.129235565	4.908243144	634.3117493	635.5396214	0.004609515	1.109134404	35.85287311	-0.004269139	0	4.063644295	21.13095034	1.585540089	2.411155163	636.3791443	636.6754577	0.000707506	0.381885187	55.45710104	-0.00091969	1	4.063644295	636.3791443	636.6754577			0	0	0	0	0.381885187	Subcritical	0.000707506
496	494.996	616207.987	3097483.447	632.315	5.2	0	Normal	0.027	1	50.95	1.996249296	10.38049634	1.129235565	4.908243144	634.3112493	635.5391214	0.004609515	1.109134404	35.85287311	-0.00416477	0	4.062285346	21.1238838	1.585333163	2.411961762	636.3772853	636.673797	0.000708102	0.38207683	55.43257918	0.000738979	1	4.062285346	636.3772853	636.673797			0	0	0	0	0.38207683	Subcritical	0.000708102
497	495.996	616207.513	3097482.567	632.3145	5.2	0	Normal	0	1	50.95	1.996249296	10.38049634	1.129235565	4.908243144	634.3107493	635.5386214	0.004609515	1.109134404	35.85287311	-0.004109515	0	4.062876777	21.12695924	1.58542323	2.411610655	636.3773768	636.6738022	0.000707842	0.381993405	55.44324985	0.000936649	1	4.062876777	636.3773768	636.6738022			0	0	0	0	0.381993405	Subcritical	0.000707842
498	496.995	616207.039	3097481.687	632.314	5.2	0	Normal	0.027	0.999	50.95	1.996249296	10.38049634	1.129235565	4.908243144	634.3102493	635.5381214	0.004609515	1.109134404	35.85287311	-0.00416016	0	4.063674594	21.13110789	1.585544701	2.411137185	636.3776746	636.6739836	0.000707492	0.381880916	55.45764792	-0.000919224	1	4.063674594	636.3776746	636.6739836			0	0	0	0	0.381880916	Subcritical	0.000707492
499	497.996	616206.565	3097480.806	632.3135	5.2	0	Normal	0.078	1.001	50.95	1.996249296	10.38049634	1.129235565	4.908243144	634.3097493	635.5376214	0.004609515	1.109134404	35.85287311	-0.004273748	0	4.062285346	21.1238838	1.585333163	2.411961762	636.3757853	636.672297	0.000708102	0.38207683	55.43257918	0.000763282	1	4.062285346	636.3757853	636.672297			0	0	0	0	0.38207683	Subcritical	0.000708102
500	498.996	616206.09	3097479.926	632.313	5.2	0	Normal	0.078	1	50.95	1.996249296	10.38049634	1.129235565	4.908243144	634.3092493	635.5371214	0.004609515	1.109134404	35.85287311	-0.004269139	0	4.062860909	21.12687673	1.585420814	2.411620073	636.3758609	636.6722886	0.000707849	0.381995643	55.44296354	0.000910401	1	4.062860909	636.3758609	636.6722886			0	0	0	0	0.381995643	Subcritical	0.000707849
501	499.996	616205.616	3097479.045	632.3125	5.2	0	Normal	0.027	1	50.95	1.996249296	10.38049634	1.129235565	4.908243144	634.3087493	635.5366214	0.004609515	1.109134404	35.85287311	-0.00416477	0	4.063628692	21.1308692	1.585537713	2.411164421	636.3761287	636.6724444	0.000707512	0.381887386	55.45681942	-0.00091993	1	4.063628692	636.3761287	636.6724444			0	0	0	0	0.381887386	Subcritical	0.000707512
502	500.996	616205.142	3097478.165	632.312	5.2	0	Normal	0	1	50.95	1.996249296	10.38049634	1.129235565	4.908243144	634.3082493	635.5361214	0.004609515	1.109134404	35.85287311	-0.004109515	0	4.062285346	21.1238838	1.585333163	2.411961762	636.3742853	636.670797	0.000708102	0.38207683	55.43257918	0.000739874	1	4.062285346	636.3742853	636.670797			0	0	0	0	0.38207683	Subcritical	0.000708102
503	501.995	616204.668	3097477.285	632.3115	5.2	0	Normal	0.023	0.999	50.95	1.996249296	10.38049634	1.129235565	4.908243144	634.3077493	635.5356214	0.004609515	1.109134404	35.85287311	-0.004151974	0	4.0628659	21.12690268	1.585421574	2.411617111	636.3743659	636.6707929	0.000707847	0.381994939	55.44305359	0.000918657	1	4.0628659	636.3743659	636.6707929			0	0	0	0	0.381994939	Subcritical	0.000707847
504	502.996	616204.193	3097476.404	632.311	5.2	0	Normal	0.023	1.001	50.95	1.996249296	10.38049634	1.129235565	4.908243144	634.3072493	635.5351214	0.004609515	1.109134404	35.85287311	-0.004161193	0	4.063644295	21.13095034	1.585540089	2.411155163	636.3746443	636.6709577	0.000707506	0.381885187	55.45710104	-0.00091969	1	4.063644295	636.3746443	636.6709577			0	0	0	0	0.381885187	Subcritical	0.000707506
505	503.996	616203.719	3097475.524	632.3105	5.2	0	Normal	0.027	1	50.95	1.996249296	10.38049634	1.129235565	4.908243144	634.3067493	635.5346214	0.004609515	1.109134404	35.85287311	-0.00416477	0	4.062285346	21.1238838	1.585333163	2.411961762	636.3727853	636.669297	0.000708102	0.38207683	55.43257918	0.00075631	1	4.062285346	636.3727853	636.669297			0	0	0	0	0.38207683	Subcritical	0.000708102
506	504.996	616203.245	3097474.643	632.31	5.2	0	Normal	0.027	1	50.95	1.996249296	10.38049634	1.129235565	4.908243144	634.3062493	635.5341214	0.004609515	1.109134404	35.85287311	-0.00416477	0	4.06288122	21.12698234	1.585423906	2.411608017	636.3728812	636.669306	0.000707841	0.381992778	55.44333002	0.000943987	1	4.06288122	636.3728812	636.669306			0	0	0	0	0.381992778	Subcritical	0.000707841
507	505.996	616202.771	3097473.763	632.3095	5.2	0	Normal	0.05	1	50.95	1.996249296	10.38049634	1.129235565	4.908243144	634.3057493	635.5336214	0.004609515	1.109134404	35.85287311	-0.004211838	0	4.063673768	21.13110359	1.585544576	2.411137676	636.3731738	636.6694829	0.000707493	0.381881032	55.457633	-0.000919237	1	4.063673768	636.3731738	636.6694829			0	0	0	0	0.381881032	Subcritical	0.000707493
508	506.996	616202.296	3097472.883	632.309	5.2	0	Normal	0.078	1	50.95	1.996249296	10.38049634	1.129235565	4.908243144	634.3052493	635.5331214	0.004609515	1.109134404	35.85287311	-0.004269139	0	4.062285346	21.1238838	1.585333163	2.411961762	636.3712853	636.667797	0.000708102	0.38207683	55.43257918	0.000743005	1	4.062285346	636.3712853	636.667797			0	0	0	0	0.38207683	Subcritical	0.000708102
509	507.996	616201.822	3097472.002	632.3085	5.2	0	Normal	0.027	1	50.95	1.996249296	10.38049634	1.129235565	4.908243144	634.3047493	635.5326214	0.004609515	1.109134404	35.85287311	-0.00416477	0	4.062866397	21.12690527	1.585421649	2.411616816	636.3713664	636.6677933	0.000707847	0.381994869	55.44306257	0.000919479	1	4.062866397	636.3713664	636.6677933			0	0	0	0	0.381994869	Subcritical	0.000707847
510	508.996	616201.348	3097471.122	632.308	5.2	0	Normal	0.027	1	50.95	1.996249296	10.38049634	1.129235565	4.908243144	634.3042493	635.5321214	0.004609515	1.109134404	35.85287311	-0.00416477	0	4.063644295	21.13095034	1.585540089	2.411155163	636.3716443	636.6679577	0.000707506	0.381885187	55.45710104	-0.00091969	1	4.063644295	636.3716443	636.6679577			0	0	0	0	0.381885187	Subcritical	0.000707506
511	509.996	616200.874	3097470.241	632.3075	5.2	0	Normal	0.027	1	50.95	1.996249296	10.38049634	1.129235565	4.908243144	634.3037493	635.5316214	0.004609515	1.109134404	35.85287311	-0.00416477	0	4.062285346	21.1238838	1.585333163	2.411961762	636.3697853	636.666297	0.000708102	0.38207683	55.43257918	0.000763241	1	4.062285346	636.3697853	636.666297			0	0	0	0	0.38207683	Subcritical	0.000708102
512	510.996	616200.4	3097469.361	632.307	5.2	0	Normal	0.05	1	50.95	1.996249296	10.38049634	1.129235565	4.908243144	634.3032493	635.5311214	0.004609515	1.109134404	35.85287311	-0.004211838	0	4.062876278	21.12695665	1.585423154	2.41161095	636.3698763	636.6663017	0.000707843	0.381993475	55.44324086	0.000935801	1	4.062876278	636.3698763	636.6663017			0	0	0	0	0.381993475	Subcritical	0.000707843
513	511.996	616199.925	3097468.481	632.3065	5.2	0	Normal	0.078	1	50.95	1.996249296	10.38049634	1.129235565	4.908243144	634.3027493	635.5306214	0.004609515	1.109134404	35.85287311	-0.004269139	0	4.063644295	21.13095034	1.585540089	2.411155163	636.3701443	636.6664577	0.000707506	0.381885187	55.45710104	-0.00091969	1	4.063644295	636.3701443	636.6664577			0	0	0	0	0.381885187	Subcritical	0.000707506
514	512.996	616199.451	3097467.6	632.306	5.2	0	Normal	0.027	1	50.95	1.996249296	10.38049634	1.129235565	4.908243144	634.3022493	635.5301214	0.004609515	1.109134404	35.85287311	-0.00416477	0	4.062285346	21.1238838	1.585333163	2.411961762	636.3682853	636.664797	0.000708102	0.38207683	55.43257918	0.000756071	1	4.062285346	636.3682853	636.664797			0	0	0	0	0.38207683	Subcritical	0.000708102
515	513.996	616198.977	3097466.72	632.3055	5.2	0	Normal	0.027	1	50.95	1.996249296	10.38049634	1.129235565	4.908243144	634.3017493	635.5296214	0.004609515	1.109134404	35.85287311	-0.00416477	0	4.062880953	21.12698096	1.585423866	2.411608175	636.368381	636.6648057	0.000707841	0.381992816	55.44332522	0.000943534	1	4.062880953	636.368381	636.6648057			0	0	0	0	0.381992816	Subcritical	0.000707841
516	514.996	616198.503	3097465.839	632.305	5.2	0	Normal	0.078	1	50.95	1.996249296	10.38049634	1.129235565	4.908243144	634.3012493	635.5291214	0.004609515	1.109134404	35.85287311	-0.004269139	0	4.063657587	21.13101945	1.585542112	2.411147277	636.3686576	636.6649691	0.0007075	0.381883313	55.45734095	-0.000919486	1	4.063657587	636.3686576	636.6649691			0	0	0	0	0.381883313	Subcritical	0.0007075
517	515.996	616198.028	3097464.959	632.3045	5.2	0	Normal	0.05	1	50.95	1.996249296	10.38049634	1.129235565	4.908243144	634.3007493	635.5286214	0.004609515	1.109134404	35.85287311	-0.004211838	0	4.062285346	21.1238838	1.585333163	2.411961762	636.3667853	636.663297	0.000708102	0.38207683	55.43257918	0.000742014	1	4.062285346	636.3667853	636.663297			0	0	0	0	0.38207683	Subcritical	0.000708102
518	516.996	616197.554	3097464.079	632.304	5.2	0	Normal	0.027	1	50.95	1.996249296	10.38049634	1.129235565	4.908243144	634.3002493	635.5281214	0.004609515	1.109134404	35.85287311	-0.00416477	0	4.062865293	21.12689953	1.585421481	2.411617471	636.3668653	636.6632923	0.000707848	0.381995024	55.44304265	0.000917653	1	4.062865293	636.3668653	636.6632923			0	0	0	0	0.381995024	Subcritical	0.000707848
519	517.996	616197.08	3097463.198	632.3035	5.2	0	Normal	0.027	1	50.95	1.996249296	10.38049634	1.129235565	4.908243144	634.2997493	635.5276214	0.004609515	1.109134404	35.85287311	-0.00416477	0	4.063641157	21.13093402	1.585539611	2.411157025	636.3671412	636.663455	0.000707507	0.381885629	55.4570444	-0.000919739	1	4.063641157	636.3671412	636.663455			0	0	0	0	0.381885629	Subcritical	0.000707507
520	518.995	616196.606	3097462.318	632.303	5.2	0	Normal	0.023	0.999	50.95	1.996249296	10.38049634	1.129235565	4.908243144	634.2992493	635.5271214	0.004609515	1.109134404	35.85287311	-0.004151974	0	4.062285346	21.1238838	1.585333163	2.411961762	636.3652853	636.661797	0.000708102	0.38207683	55.43257918	0.000736779	1	4.062285346	636.3652853	636.661797			0	0	0	0	0.38207683	Subcritical	0.000708102
521	519.996	616196.131	3097461.437	632.3025	5.2	0	Normal	0.023	1.001	50.95	1.996249296	10.38049634	1.129235565	4.908243144	634.2987493	635.5266214	0.004609515	1.109134404	35.85287311	-0.004161193	0	4.062860875	21.12687655	1.585420808	2.411620093	636.3653609	636.6617886	0.000707849	0.381995647	55.44296293	0.000910357	1	4.062860875	636.3653609	636.6617886			0	0	0	0	0.381995647	Subcritical	0.000707849
522	520.996	616195.657	3097460.557	632.302	5.2	0	Normal	0	1	50.95	1.996249296	10.38049634	1.129235565	4.908243144	634.2982493	635.5261214	0.004609515	1.109134404	35.85287311	-0.004109515	0	4.063643469	21.13094604	1.585539963	2.411155653	636.3656435	636.661957	0.000707506	0.381885303	55.45708612	-0.000919704	1	4.063643469	636.3656435	636.661957			0	0	0	0	0.381885303	Subcritical	0.000707506
523	521.995	616195.183	3097459.677	632.3015	5.2	0	Normal	0.027	0.999	50.95	1.996249296	10.38049634	1.129235565	4.908243144	634.2977493	635.5256214	0.004609515	1.109134404	35.85287311	-0.00416016	0	4.062285346	21.1238838	1.585333163	2.411961762	636.3637853	636.660297	0.000708102	0.38207683	55.43257918	0.000742299	1	4.062285346	636.3637853	636.660297			0	0	0	0	0.38207683	Subcritical	0.000708102
524	522.996	616194.709	3097458.796	632.301	5.2	0	Normal	0.027	1.001	50.95	1.996249296	10.38049634	1.129235565	4.908243144	634.2972493	635.5251214	0.004609515	1.109134404	35.85287311	-0.004169379	0	4.062864822	21.12689708	1.58542141	2.41161775	636.3638648	636.6602919	0.000707848	0.381995091	55.44303415	0.000916876	1	4.062864822	636.3638648	636.6602919			0	0	0	0	0.381995091	Subcritical	0.000707848
525	523.995	616194.235	3097457.916	632.3005	5.2	0	Normal	0.023	0.999	50.95	1.996249296	10.38049634	1.129235565	4.908243144	634.2967493	635.5246214	0.004609515	1.109134404	35.85287311	-0.004151974	0	4.063642811	21.13094262	1.585539863	2.411156044	636.3641428	636.6604564	0.000707506	0.381885396	55.45707424	-0.000919712	1	4.063642811	636.3641428	636.6604564			0	0	0	0	0.381885396	Subcritical	0.000707506
526	524.996	616193.76	3097457.035	632.3	5.2	0	Normal	0.023	1.001	50.95	1.996249296	10.38049634	1.129235565	4.908243144	634.2962493	635.5241214	0.004609515	1.109134404	35.85287311	-0.004161193	0	4.062285346	21.1238838	1.585333163	2.411961762	636.3622853	636.658797	0.000708102	0.38207683	55.43257918	0.000738979	1	4.062285346	636.3622853	636.658797			0	0	0	0	0.38207683	Subcritical	0.000708102
527	525.996	616193.286	3097456.155	632.2995	5.2	0	Normal	0	1	50.95	1.996249296	10.38049634	1.129235565	4.908243144	634.2957493	635.5236214	0.004609515	1.109134404	35.85287311	-0.004109515	0	4.062876777	21.12695924	1.58542323	2.411610655	636.3623768	636.6588022	0.000707842	0.381993405	55.44324985	0.000936649	1	4.062876777	636.3623768	636.6588022			0	0	0	0	0.381993405	Subcritical	0.000707842
528	526.995	616192.812	3097455.275	632.299	5.2	0	Normal	0.027	0.999	50.95	1.996249296	10.38049634	1.129235565	4.908243144	634.2952493	635.5231214	0.004609515	1.109134404	35.85287311	-0.00416016	0	4.063674594	21.13110789	1.585544701	2.411137185	636.3626746	636.6589836	0.000707492	0.381880916	55.45764792	-0.000919224	1	4.063674594	636.3626746	636.6589836			0	0	0	0	0.381880916	Subcritical	0.000707492
529	527.996	616192.338	3097454.394	632.2985	5.2	0	Normal	0.078	1.001	50.95	1.996249296	10.38049634	1.129235565	4.908243144	634.2947493	635.5226214	0.004609515	1.109134404	35.85287311	-0.004273748	0	4.062285346	21.1238838	1.585333163	2.411961762	636.3607853	636.657297	0.000708102	0.38207683	55.43257918	0.000763282	1	4.062285346	636.3607853	636.657297			0	0	0	0	0.38207683	Subcritical	0.000708102
530	528.996	616191.863	3097453.514	632.298	5.2	0	Normal	0.078	1	50.95	1.996249296	10.38049634	1.129235565	4.908243144	634.2942493	635.5221214	0.004609515	1.109134404	35.85287311	-0.004269139	0	4.062860909	21.12687673	1.585420814	2.411620073	636.3608609	636.6572886	0.000707849	0.381995643	55.44296354	0.000910401	1	4.062860909	636.3608609	636.6572886			0	0	0	0	0.381995643	Subcritical	0.000707849
531	529.996	616191.389	3097452.633	632.2975	5.2	0	Normal	0.027	1	50.95	1.996249296	10.38049634	1.129235565	4.908243144	634.2937493	635.5216214	0.004609515	1.109134404	35.85287311	-0.00416477	0	4.063628692	21.1308692	1.585537713	2.411164421	636.3611287	636.6574444	0.000707512	0.381887386	55.45681942	-0.00091993	1	4.063628692	636.3611287	636.6574444			0	0	0	0	0.381887386	Subcritical	0.000707512
532	530.996	616190.915	3097451.753	632.297	5.2	0	Normal	0	1	50.95	1.996249296	10.38049634	1.129235565	4.908243144	634.2932493	635.5211214	0.004609515	1.109134404	35.85287311	-0.004109515	0	4.062285346	21.1238838	1.585333163	2.411961762	636.3592853	636.655797	0.000708102	0.38207683	55.43257918	0.000739874	1	4.062285346	636.3592853	636.655797			0	0	0	0	0.38207683	Subcritical	0.000708102
533	531.995	616190.441	3097450.873	632.2965	5.2	0	Normal	0.023	0.999	50.95	1.996249296	10.38049634	1.129235565	4.908243144	634.2927493	635.5206214	0.004609515	1.109134404	35.85287311	-0.004151974	0	4.0628659	21.12690268	1.585421574	2.411617111	636.3593659	636.6557929	0.000707847	0.381994939	55.44305359	0.000918657	1	4.0628659	636.3593659	636.6557929			0	0	0	0	0.381994939	Subcritical	0.000707847
534	532.996	616189.966	3097449.992	632.296	5.2	0	Normal	0.023	1.001	50.95	1.996249296	10.38049634	1.129235565	4.908243144	634.2922493	635.5201214	0.004609515	1.109134404	35.85287311	-0.004161193	0	4.063644295	21.13095034	1.585540089	2.411155163	636.3596443	636.6559577	0.000707506	0.381885187	55.45710104	-0.00091969	1	4.063644295	636.3596443	636.6559577			0	0	0	0	0.381885187	Subcritical	0.000707506
535	533.996	616189.492	3097449.112	632.2955	5.2	0	Normal	0.027	1	50.95	1.996249296	10.38049634	1.129235565	4.908243144	634.2917493	635.5196214	0.004609515	1.109134404	35.85287311	-0.00416477	0	4.062285346	21.1238838	1.585333163	2.411961762	636.3577853	636.654297	0.000708102	0.38207683	55.43257918	0.000737318	1	4.062285346	636.3577853	636.654297			0	0	0	0	0.38207683	Subcritical	0.000708102
536	534.996	616189.018	3097448.231	632.295	5.2	0	Normal	0.027	1	50.95	1.996249296	10.38049634	1.129235565	4.908243144	634.2912493	635.5191214	0.004609515	1.109134404	35.85287311	-0.00416477	0	4.062860062	21.12687232	1.585420685	2.411620576	636.3578601	636.6542879	0.00070785	0.381995762	55.44294826	0.000909012	1	4.062860062	636.3578601	636.6542879			0	0	0	0	0.381995762	Subcritical	0.00070785
537	535.996	616188.544	3097447.351	632.2945	5.2	0	Normal	0	1	50.95	1.996249296	10.38049634	1.129235565	4.908243144	634.2907493	635.5186214	0.004609515	1.109134404	35.85287311	-0.004109515	0	4.063641157	21.13093402	1.585539611	2.411157025	636.3581412	636.654455	0.000707507	0.381885629	55.4570444	-0.000919739	1	4.063641157	636.3581412	636.654455			0	0	0	0	0.381885629	Subcritical	0.000707507
538	536.995	616188.07	3097446.471	632.294	5.2	0	Normal	0.023	0.999	50.95	1.996249296	10.38049634	1.129235565	4.908243144	634.2902493	635.5181214	0.004609515	1.109134404	35.85287311	-0.004151974	0	4.062285346	21.1238838	1.585333163	2.411961762	636.3562853	636.652797	0.000708102	0.38207683	55.43257918	0.000741736	1	4.062285346	636.3562853	636.652797			0	0	0	0	0.38207683	Subcritical	0.000708102
539	537.996	616187.595	3097445.59	632.2935	5.2	0	Normal	0.023	1.001	50.95	1.996249296	10.38049634	1.129235565	4.908243144	634.2897493	635.5176214	0.004609515	1.109134404	35.85287311	-0.004161193	0	4.062866397	21.12690527	1.585421649	2.411616816	636.3563664	636.6527933	0.000707847	0.381994869	55.44306257	0.000919479	1	4.062866397	636.3563664	636.6527933			0	0	0	0	0.381994869	Subcritical	0.000707847
540	538.996	616187.121	3097444.71	632.293	5.2	0	Normal	0.027	1	50.95	1.996249296	10.38049634	1.129235565	4.908243144	634.2892493	635.5171214	0.004609515	1.109134404	35.85287311	-0.00416477	0	4.063644295	21.13095034	1.585540089	2.411155163	636.3566443	636.6529577	0.000707506	0.381885187	55.45710104	-0.00091969	1	4.063644295	636.3566443	636.6529577			0	0	0	0	0.381885187	Subcritical	0.000707506
541	539.996	616186.647	3097443.829	632.2925	5.2	0	Normal	0.027	1	50.95	1.996249296	10.38049634	1.129235565	4.908243144	634.2887493	635.5166214	0.004609515	1.109134404	35.85287311	-0.00416477	0	4.062285346	21.1238838	1.585333163	2.411961762	636.3547853	636.651297	0.000708102	0.38207683	55.43257918	0.000763241	1	4.062285346	636.3547853	636.651297			0	0	0	0	0.38207683	Subcritical	0.000708102
542	540.996	616186.173	3097442.949	632.292	5.2	0	Normal	0.05	1	50.95	1.996249296	10.38049634	1.129235565	4.908243144	634.2882493	635.5161214	0.004609515	1.109134404	35.85287311	-0.004211838	0	4.062876278	21.12695665	1.585423154	2.41161095	636.3548763	636.6513017	0.000707843	0.381993475	55.44324086	0.000935801	1	4.062876278	636.3548763	636.6513017			0	0	0	0	0.381993475	Subcritical	0.000707843
543	541.996	616185.698	3097442.069	632.2915	5.2	0	Normal	0.078	1	50.95	1.996249296	10.38049634	1.129235565	4.908243144	634.2877493	635.5156214	0.004609515	1.109134404	35.85287311	-0.004269139	0	4.063644295	21.13095034	1.585540089	2.411155163	636.3551443	636.6514577	0.000707506	0.381885187	55.45710104	-0.00091969	1	4.063644295	636.3551443	636.6514577			0	0	0	0	0.381885187	Subcritical	0.000707506
544	542.996	616185.224	3097441.188	632.291	5.2	0	Normal	0.027	1	50.95	1.996249296	10.38049634	1.129235565	4.908243144	634.2872493	635.5151214	0.004609515	1.109134404	35.85287311	-0.00416477	0	4.062285346	21.1238838	1.585333163	2.411961762	636.3532853	636.649797	0.000708102	0.38207683	55.43257918	0.000756071	1	4.062285346	636.3532853	636.649797			0	0	0	0	0.38207683	Subcritical	0.000708102
545	543.996	616184.75	3097440.308	632.2905	5.2	0	Normal	0.027	1	50.95	1.996249296	10.38049634	1.129235565	4.908243144	634.2867493	635.5146214	0.004609515	1.109134404	35.85287311	-0.00416477	0	4.062880953	21.12698096	1.585423866	2.411608175	636.353381	636.6498057	0.000707841	0.381992816	55.44332522	0.000943534	1	4.062880953	636.353381	636.6498057			0	0	0	0	0.381992816	Subcritical	0.000707841
546	544.996	616184.276	3097439.427	632.29	5.2	0	Normal	0.078	1	50.95	1.996249296	10.38049634	1.129235565	4.908243144	634.2862493	635.5141214	0.004609515	1.109134404	35.85287311	-0.004269139	0	4.063657587	21.13101945	1.585542112	2.411147277	636.3536576	636.6499691	0.0007075	0.381883313	55.45734095	-0.000919486	1	4.063657587	636.3536576	636.6499691			0	0	0	0	0.381883313	Subcritical	0.0007075
547	545.996	616183.801	3097438.547	632.2895	5.2	0	Normal	0.05	1	50.95	1.996249296	10.38049634	1.129235565	4.908243144	634.2857493	635.5136214	0.004609515	1.109134404	35.85287311	-0.004211838	0	4.062285346	21.1238838	1.585333163	2.411961762	636.3517853	636.648297	0.000708102	0.38207683	55.43257918	0.000743005	1	4.062285346	636.3517853	636.648297			0	0	0	0	0.38207683	Subcritical	0.000708102
548	546.996	616183.327	3097437.667	632.289	5.2	0	Normal	0.027	1	50.95	1.996249296	10.38049634	1.129235565	4.908243144	634.2852493	635.5131214	0.004609515	1.109134404	35.85287311	-0.00416477	0	4.062866397	21.12690527	1.585421649	2.411616816	636.3518664	636.6482933	0.000707847	0.381994869	55.44306257	0.000919479	1	4.062866397	636.3518664	636.6482933			0	0	0	0	0.381994869	Subcritical	0.000707847
549	547.996	616182.853	3097436.786	632.2885	5.2	0	Normal	0.027	1	50.95	1.996249296	10.38049634	1.129235565	4.908243144	634.2847493	635.5126214	0.004609515	1.109134404	35.85287311	-0.00416477	0	4.063644295	21.13095034	1.585540089	2.411155163	636.3521443	636.6484577	0.000707506	0.381885187	55.45710104	-0.00091969	1	4.063644295	636.3521443	636.6484577			0	0	0	0	0.381885187	Subcritical	0.000707506
550	548.996	616182.379	3097435.906	632.288	5.2	0	Normal	0.027	1	50.95	1.996249296	10.38049634	1.129235565	4.908243144	634.2842493	635.5121214	0.004609515	1.109134404	35.85287311	-0.00416477	0	4.062285346	21.1238838	1.585333163	2.411961762	636.3502853	636.646797	0.000708102	0.38207683	55.43257918	0.000771947	1	4.062285346	636.3502853	636.646797			0	0	0	0	0.38207683	Subcritical	0.000708102
551	549.996	616181.905	3097435.025	632.2875	5.2	0	Normal	0.078	1	50.95	1.996249296	10.38049634	1.129235565	4.908243144	634.2837493	635.5116214	0.004609515	1.109134404	35.85287311	-0.004269139	0	4.062870563	21.12692693	1.585422284	2.411614343	636.3503706	636.6467968	0.000707845	0.381994281	55.44313773	0.000926359	1	4.062870563	636.3503706	636.6467968			0	0	0	0	0.381994281	Subcritical	0.000707845
552	550.996	616181.43	3097434.145	632.287	5.2	0	Normal	0.05	1	50.95	1.996249296	10.38049634	1.129235565	4.908243144	634.2832493	635.5111214	0.004609515	1.109134404	35.85287311	-0.004211838	0	4.063643469	21.13094604	1.585539963	2.411155653	636.3506435	636.646957	0.000707506	0.381885303	55.45708612	-0.000919704	1	4.063643469	636.3506435	636.646957			0	0	0	0	0.381885303	Subcritical	0.000707506
553	551.995	616180.956	3097433.265	632.2865	5.2	0	Normal	0.027	0.999	50.95	1.996249296	10.38049634	1.129235565	4.908243144	634.2827493	635.5106214	0.004609515	1.109134404	35.85287311	-0.00416016	0	4.062285346	21.1238838	1.585333163	2.411961762	636.3487853	636.645297	0.000708102	0.38207683	55.43257918	0.000742299	1	4.062285346	636.3487853	636.645297			0	0	0	0	0.38207683	Subcritical	0.000708102
554	552.996	616180.482	3097432.384	632.286	5.2	0	Normal	0.027	1.001	50.95	1.996249296	10.38049634	1.129235565	4.908243144	634.2822493	635.5101214	0.004609515	1.109134404	35.85287311	-0.004169379	0	4.062864822	21.12689708	1.58542141	2.41161775	636.3488648	636.6452919	0.000707848	0.381995091	55.44303415	0.000916876	1	4.062864822	636.3488648	636.6452919			0	0	0	0	0.381995091	Subcritical	0.000707848
555	553.995	616180.008	3097431.504	632.2855	5.2	0	Normal	0.023	0.999	50.95	1.996249296	10.38049634	1.129235565	4.908243144	634.2817493	635.5096214	0.004609515	1.109134404	35.85287311	-0.004151974	0	4.063642811	21.13094262	1.585539863	2.411156044	636.3491428	636.6454564	0.000707506	0.381885396	55.45707424	-0.000919712	1	4.063642811	636.3491428	636.6454564			0	0	0	0	0.381885396	Subcritical	0.000707506
556	554.996	616179.533	3097430.623	632.285	5.2	0	Normal	0.023	1.001	50.95	1.996249296	10.38049634	1.129235565	4.908243144	634.2812493	635.5091214	0.004609515	1.109134404	35.85287311	-0.004161193	0	4.062285346	21.1238838	1.585333163	2.411961762	636.3472853	636.643797	0.000708102	0.38207683	55.43257918	0.000738979	1	4.062285346	636.3472853	636.643797			0	0	0	0	0.38207683	Subcritical	0.000708102
557	555.996	616179.059	3097429.743	632.2845	5.2	0	Normal	0	1	50.95	1.996249296	10.38049634	1.129235565	4.908243144	634.2807493	635.5086214	0.004609515	1.109134404	35.85287311	-0.004109515	0	4.062876777	21.12695924	1.58542323	2.411610655	636.3473768	636.6438022	0.000707842	0.381993405	55.44324985	0.000936649	1	4.062876777	636.3473768	636.6438022			0	0	0	0	0.381993405	Subcritical	0.000707842
558	556.995	616178.585	3097428.863	632.284	5.2	0	Normal	0.027	0.999	50.95	1.996249296	10.38049634	1.129235565	4.908243144	634.2802493	635.5081214	0.004609515	1.109134404	35.85287311	-0.00416016	0	4.063674594	21.13110789	1.585544701	2.411137185	636.3476746	636.6439836	0.000707492	0.381880916	55.45764792	-0.000919224	1	4.063674594	636.3476746	636.6439836			0	0	0	0	0.381880916	Subcritical	0.000707492
559	557.996	616178.111	3097427.982	632.2835	5.2	0	Normal	0.078	1.001	50.95	1.996249296	10.38049634	1.129235565	4.908243144	634.2797493	635.5076214	0.004609515	1.109134404	35.85287311	-0.004273748	0	4.062285346	21.1238838	1.585333163	2.411961762	636.3457853	636.642297	0.000708102	0.38207683	55.43257918	0.000763282	1	4.062285346	636.3457853	636.642297			0	0	0	0	0.38207683	Subcritical	0.000708102
560	558.996	616177.636	3097427.102	632.283	5.2	0	Normal	0.078	1	50.95	1.996249296	10.38049634	1.129235565	4.908243144	634.2792493	635.5071214	0.004609515	1.109134404	35.85287311	-0.004269139	0	4.062860909	21.12687673	1.585420814	2.411620073	636.3458609	636.6422886	0.000707849	0.381995643	55.44296354	0.000910401	1	4.062860909	636.3458609	636.6422886			0	0	0	0	0.381995643	Subcritical	0.000707849
561	559.996	616177.162	3097426.221	632.2825	5.2	0	Normal	0.027	1	50.95	1.996249296	10.38049634	1.129235565	4.908243144	634.2787493	635.5066214	0.004609515	1.109134404	35.85287311	-0.00416477	0	4.063628692	21.1308692	1.585537713	2.411164421	636.3461287	636.6424444	0.000707512	0.381887386	55.45681942	-0.00091993	1	4.063628692	636.3461287	636.6424444			0	0	0	0	0.381887386	Subcritical	0.000707512
562	560.996	616176.688	3097425.341	632.282	5.2	0	Normal	0	1	50.95	1.996249296	10.38049634	1.129235565	4.908243144	634.2782493	635.5061214	0.004609515	1.109134404	35.85287311	-0.004109515	0	4.062285346	21.1238838	1.585333163	2.411961762	636.3442853	636.640797	0.000708102	0.38207683	55.43257918	0.000760721	1	4.062285346	636.3442853	636.640797			0	0	0	0	0.38207683	Subcritical	0.000708102
563	561.995	616176.214	3097424.461	632.2815	5.2	0	Normal	0.027	0.999	50.95	1.996249296	10.38049634	1.129235565	4.908243144	634.2777493	635.5056214	0.004609515	1.109134404	35.85287311	-0.00416016	0	4.062886922	21.12701199	1.585424775	2.411604633	636.3443869	636.6408108	0.000707838	0.381991974	55.44343292	0.000953407	1	4.062886922	636.3443869	636.6408108			0	0	0	0	0.381991974	Subcritical	0.000707838
564	562.996	616175.74	3097423.58	632.281	5.2	0	Normal	0.078	1.001	50.95	1.996249296	10.38049634	1.129235565	4.908243144	634.2772493	635.5051214	0.004609515	1.109134404	35.85287311	-0.004273748	0	4.063673768	21.13110359	1.585544576	2.411137676	636.3446738	636.6409829	0.000707493	0.381881032	55.457633	-0.000919237	1	4.063673768	636.3446738	636.6409829			0	0	0	0	0.381881032	Subcritical	0.000707493
565	563.996	616175.265	3097422.7	632.2805	5.2	0	Normal	0.078	1	50.95	1.996249296	10.38049634	1.129235565	4.908243144	634.2767493	635.5046214	0.004609515	1.109134404	35.85287311	-0.004269139	0	4.062285346	21.1238838	1.585333163	2.411961762	636.3427853	636.639297	0.000708102	0.38207683	55.43257918	0.000737318	1	4.062285346	636.3427853	636.639297			0	0	0	0	0.38207683	Subcritical	0.000708102
566	564.996	616174.791	3097421.819	632.28	5.2	0	Normal	0.027	1	50.95	1.996249296	10.38049634	1.129235565	4.908243144	634.2762493	635.5041214	0.004609515	1.109134404	35.85287311	-0.00416477	0	4.062860062	21.12687232	1.585420685	2.411620576	636.3428601	636.6392879	0.00070785	0.381995762	55.44294826	0.000909012	1	4.062860062	636.3428601	636.6392879			0	0	0	0	0.381995762	Subcritical	0.00070785
567	565.996	616174.317	3097420.939	632.2795	5.2	0	Normal	0	1	50.95	1.996249296	10.38049634	1.129235565	4.908243144	634.2757493	635.5036214	0.004609515	1.109134404	35.85287311	-0.004109515	0	4.063641157	21.13093402	1.585539611	2.411157025	636.3431412	636.639455	0.000707507	0.381885629	55.4570444	-0.000919739	1	4.063641157	636.3431412	636.639455			0	0	0	0	0.381885629	Subcritical	0.000707507
568	566.995	616173.843	3097420.059	632.279	5.2	0	Normal	0.023	0.999	50.95	1.996249296	10.38049634	1.129235565	4.908243144	634.2752493	635.5031214	0.004609515	1.109134404	35.85287311	-0.004151974	0	4.062285346	21.1238838	1.585333163	2.411961762	636.3412853	636.637797	0.000708102	0.38207683	55.43257918	0.000741736	1	4.062285346	636.3412853	636.637797			0	0	0	0	0.38207683	Subcritical	0.000708102
569	567.996	616173.368	3097419.178	632.2785	5.2	0	Normal	0.023	1.001	50.95	1.996249296	10.38049634	1.129235565	4.908243144	634.2747493	635.5026214	0.004609515	1.109134404	35.85287311	-0.004161193	0	4.062866397	21.12690527	1.585421649	2.411616816	636.3413664	636.6377933	0.000707847	0.381994869	55.44306257	0.000919479	1	4.062866397	636.3413664	636.6377933			0	0	0	0	0.381994869	Subcritical	0.000707847
570	568.996	616172.894	3097418.298	632.278	5.2	0	Normal	0.027	1	50.95	1.996249296	10.38049634	1.129235565	4.908243144	634.2742493	635.5021214	0.004609515	1.109134404	35.85287311	-0.00416477	0	4.063644295	21.13095034	1.585540089	2.411155163	636.3416443	636.6379577	0.000707506	0.381885187	55.45710104	-0.00091969	1	4.063644295	636.3416443	636.6379577			0	0	0	0	0.381885187	Subcritical	0.000707506
571	569.996	616172.42	3097417.417	632.2775	5.2	0	Normal	0.027	1	50.95	1.996249296	10.38049634	1.129235565	4.908243144	634.2737493	635.5016214	0.004609515	1.109134404	35.85287311	-0.00416477	0	4.062285346	21.1238838	1.585333163	2.411961762	636.3397853	636.636297	0.000708102	0.38207683	55.43257918	0.000763241	1	4.062285346	636.3397853	636.636297			0	0	0	0	0.38207683	Subcritical	0.000708102
572	570.996	616171.946	3097416.537	632.277	5.2	0	Normal	0.05	1	50.95	1.996249296	10.38049634	1.129235565	4.908243144	634.2732493	635.5011214	0.004609515	1.109134404	35.85287311	-0.004211838	0	4.062876278	21.12695665	1.585423154	2.41161095	636.3398763	636.6363017	0.000707843	0.381993475	55.44324086	0.000935801	1	4.062876278	636.3398763	636.6363017			0	0	0	0	0.381993475	Subcritical	0.000707843
573	571.996	616171.471	3097415.657	632.2765	5.2	0	Normal	0.078	1	50.95	1.996249296	10.38049634	1.129235565	4.908243144	634.2727493	635.5006214	0.004609515	1.109134404	35.85287311	-0.004269139	0	4.063644295	21.13095034	1.585540089	2.411155163	636.3401443	636.6364577	0.000707506	0.381885187	55.45710104	-0.00091969	1	4.063644295	636.3401443	636.6364577			0	0	0	0	0.381885187	Subcritical	0.000707506
574	572.996	616170.997	3097414.776	632.276	5.2	0	Normal	0.027	1	50.95	1.996249296	10.38049634	1.129235565	4.908243144	634.2722493	635.5001214	0.004609515	1.109134404	35.85287311	-0.00416477	0	4.062285346	21.1238838	1.585333163	2.411961762	636.3382853	636.634797	0.000708102	0.38207683	55.43257918	0.000747201	1	4.062285346	636.3382853	636.634797			0	0	0	0	0.38207683	Subcritical	0.000708102
575	573.996	616170.523	3097413.896	632.2755	5.2	0	Normal	0.027	1	50.95	1.996249296	10.38049634	1.129235565	4.908243144	634.2717493	635.4996214	0.004609515	1.109134404	35.85287311	-0.00416477	0	4.062871072	21.12692958	1.585422361	2.411614041	636.3383711	636.6347973	0.000707845	0.381994209	55.44314692	0.000927212	1	4.062871072	636.3383711	636.6347973			0	0	0	0	0.381994209	Subcritical	0.000707845
576	574.996	616170.049	3097413.015	632.275	5.2	0	Normal	0.027	1	50.95	1.996249296	10.38049634	1.129235565	4.908243144	634.2712493	635.4991214	0.004609515	1.109134404	35.85287311	-0.00416477	0	4.063657587	21.13101945	1.585542112	2.411147277	636.3386576	636.6349691	0.0007075	0.381883313	55.45734095	-0.000919486	1	4.063657587	636.3386576	636.6349691			0	0	0	0	0.381883313	Subcritical	0.0007075
577	575.996	616169.575	3097412.135	632.2745	5.2	0	Normal	0.05	1	50.95	1.996249296	10.38049634	1.129235565	4.908243144	634.2707493	635.4986214	0.004609515	1.109134404	35.85287311	-0.004211838	0	4.062285346	21.1238838	1.585333163	2.411961762	636.3367853	636.633297	0.000708102	0.38207683	55.43257918	0.000768208	1	4.062285346	636.3367853	636.633297			0	0	0	0	0.38207683	Subcritical	0.000708102
578	576.996	616169.1	3097411.255	632.274	5.2	0	Normal	0.078	1	50.95	1.996249296	10.38049634	1.129235565	4.908243144	634.2702493	635.4981214	0.004609515	1.109134404	35.85287311	-0.004269139	0	4.062866397	21.12690527	1.585421649	2.411616816	636.3368664	636.6332933	0.000707847	0.381994869	55.44306257	0.000919479	1	4.062866397	636.3368664	636.6332933			0	0	0	0	0.381994869	Subcritical	0.000707847
579	577.996	616168.626	3097410.374	632.2735	5.2	0	Normal	0.027	1	50.95	1.996249296	10.38049634	1.129235565	4.908243144	634.2697493	635.4976214	0.004609515	1.109134404	35.85287311	-0.00416477	0	4.063644295	21.13095034	1.585540089	2.411155163	636.3371443	636.6334577	0.000707506	0.381885187	55.45710104	-0.00091969	1	4.063644295	636.3371443	636.6334577			0	0	0	0	0.381885187	Subcritical	0.000707506
580	578.996	616168.152	3097409.494	632.273	5.2	0	Normal	0.027	1	50.95	1.996249296	10.38049634	1.129235565	4.908243144	634.2692493	635.4971214	0.004609515	1.109134404	35.85287311	-0.00416477	0	4.062285346	21.1238838	1.585333163	2.411961762	636.3352853	636.631797	0.000708102	0.38207683	55.43257918	0.000772208	1	4.062285346	636.3352853	636.631797			0	0	0	0	0.38207683	Subcritical	0.000708102
581	579.996	616167.678	3097408.613	632.2725	5.2	0	Normal	0.078	1	50.95	1.996249296	10.38049634	1.129235565	4.908243144	634.2687493	635.4966214	0.004609515	1.109134404	35.85287311	-0.004269139	0	4.062870853	21.12692844	1.585422328	2.41161417	636.3353709	636.6317971	0.000707845	0.38199424	55.44314298	0.00092684	1	4.062870853	636.3353709	636.6317971			0	0	0	0	0.38199424	Subcritical	0.000707845
582	580.996	616167.203	3097407.733	632.272	5.2	0	Normal	0.05	1	50.95	1.996249296	10.38049634	1.129235565	4.908243144	634.2682493	635.4961214	0.004609515	1.109134404	35.85287311	-0.004211838	0	4.063644295	21.13095034	1.585540089	2.411155163	636.3356443	636.6319577	0.000707506	0.381885187	55.45710104	-0.00091969	1	4.063644295	636.3356443	636.6319577			0	0	0	0	0.381885187	Subcritical	0.000707506
583	581.996	616166.729	3097406.853	632.2715	5.2	0	Normal	0.027	1	50.95	1.996249296	10.38049634	1.129235565	4.908243144	634.2677493	635.4956214	0.004609515	1.109134404	35.85287311	-0.00416477	0	4.062285346	21.1238838	1.585333163	2.411961762	636.3337853	636.630297	0.000708102	0.38207683	55.43257918	0.000741591	1	4.062285346	636.3337853	636.630297			0	0	0	0	0.38207683	Subcritical	0.000708102
584	582.996	616166.255	3097405.972	632.271	5.2	0	Normal	0.027	1	50.95	1.996249296	10.38049634	1.129235565	4.908243144	634.2672493	635.4951214	0.004609515	1.109134404	35.85287311	-0.00416477	0	4.062864822	21.12689708	1.58542141	2.41161775	636.3338648	636.6302919	0.000707848	0.381995091	55.44303415	0.000916876	1	4.062864822	636.3338648	636.6302919			0	0	0	0	0.381995091	Subcritical	0.000707848
585	583.995	616165.781	3097405.092	632.2705	5.2	0	Normal	0.023	0.999	50.95	1.996249296	10.38049634	1.129235565	4.908243144	634.2667493	635.4946214	0.004609515	1.109134404	35.85287311	-0.004151974	0	4.063642811	21.13094262	1.585539863	2.411156044	636.3341428	636.6304564	0.000707506	0.381885396	55.45707424	-0.000919712	1	4.063642811	636.3341428	636.6304564			0	0	0	0	0.381885396	Subcritical	0.000707506
586	584.996	616165.306	3097404.211	632.27	5.2	0	Normal	0.023	1.001	50.95	1.996249296	10.38049634	1.129235565	4.908243144	634.2662493	635.4941214	0.004609515	1.109134404	35.85287311	-0.004161193	0	4.062285346	21.1238838	1.585333163	2.411961762	636.3322853	636.628797	0.000708102	0.38207683	55.43257918	0.000729674	1	4.062285346	636.3322853	636.628797			0	0	0	0	0.38207683	Subcritical	0.000708102
587	585.996	616164.832	3097403.331	632.2695	5.2	0	Normal	0	1	50.95	1.996249296	10.38049634	1.129235565	4.908243144	634.2657493	635.4936214	0.004609515	1.109134404	35.85287311	-0.004109515	0	4.062866411	21.12690533	1.585421651	2.411616808	636.3323664	636.6287933	0.000707847	0.381994867	55.44306281	0.000919501	1	4.062866411	636.3323664	636.6287933			0	0	0	0	0.381994867	Subcritical	0.000707847
588	586.995	616164.358	3097402.451	632.269	5.2	0	Normal	0.027	0.999	50.95	1.996249296	10.38049634	1.129235565	4.908243144	634.2652493	635.4931214	0.004609515	1.109134404	35.85287311	-0.00416016	0	4.063645122	21.13095464	1.585540215	2.411154672	636.3326451	636.6289584	0.000707505	0.38188507	55.45711597	-0.000919677	1	4.063645122	636.3326451	636.6289584			0	0	0	0	0.38188507	Subcritical	0.000707505
589	587.996	616163.884	3097401.57	632.2685	5.2	0	Normal	0.027	1.001	50.95	1.996249296	10.38049634	1.129235565	4.908243144	634.2647493	635.4926214	0.004609515	1.109134404	35.85287311	-0.004169379	0	4.062285346	21.1238838	1.585333163	2.411961762	636.3307853	636.627297	0.000708102	0.38207683	55.43257918	0.000734947	1	4.062285346	636.3307853	636.627297			0	0	0	0	0.38207683	Subcritical	0.000708102
590	588.995	616163.41	3097400.69	632.268	5.2	0	Normal	0.023	0.999	50.95	1.996249296	10.38049634	1.129235565	4.908243144	634.2642493	635.4921214	0.004609515	1.109134404	35.85287311	-0.004151974	0	4.062860412	21.12687414	1.585420738	2.411620368	636.3308604	636.6272882	0.00070785	0.381995713	55.44295457	0.000909579	1	4.062860412	636.3308604	636.6272882			0	0	0	0	0.381995713	Subcritical	0.00070785
591	589.996	616162.935	3097399.809	632.2675	5.2	0	Normal	0.023	1.001	50.95	1.996249296	10.38049634	1.129235565	4.908243144	634.2637493	635.4916214	0.004609515	1.109134404	35.85287311	-0.004161193	0	4.063628692	21.1308692	1.585537713	2.411164421	636.3311287	636.6274444	0.000707512	0.381887386	55.45681942	-0.00091993	1	4.063628692	636.3311287	636.6274444			0	0	0	0	0.381887386	Subcritical	0.000707512
592	590.996	616162.461	3097398.929	632.267	5.2	0	Normal	0	1	50.95	1.996249296	10.38049634	1.129235565	4.908243144	634.2632493	635.4911214	0.004609515	1.109134404	35.85287311	-0.004109515	0	4.062285346	21.1238838	1.585333163	2.411961762	636.3292853	636.625797	0.000708102	0.38207683	55.43257918	0.000760721	1	4.062285346	636.3292853	636.625797			0	0	0	0	0.38207683	Subcritical	0.000708102
593	591.995	616161.987	3097398.049	632.2665	5.2	0	Normal	0.027	0.999	50.95	1.996249296	10.38049634	1.129235565	4.908243144	634.2627493	635.4906214	0.004609515	1.109134404	35.85287311	-0.00416016	0	4.062886922	21.12701199	1.585424775	2.411604633	636.3293869	636.6258108	0.000707838	0.381991974	55.44343292	0.000953407	1	4.062886922	636.3293869	636.6258108			0	0	0	0	0.381991974	Subcritical	0.000707838
594	592.996	616161.513	3097397.168	632.266	5.2	0	Normal	0.078	1.001	50.95	1.996249296	10.38049634	1.129235565	4.908243144	634.2622493	635.4901214	0.004609515	1.109134404	35.85287311	-0.004273748	0	4.063673768	21.13110359	1.585544576	2.411137676	636.3296738	636.6259829	0.000707493	0.381881032	55.457633	-0.000919237	1	4.063673768	636.3296738	636.6259829			0	0	0	0	0.381881032	Subcritical	0.000707493
595	593.996	616161.038	3097396.288	632.2655	5.2	0	Normal	0.078	1	50.95	1.996249296	10.38049634	1.129235565	4.908243144	634.2617493	635.4896214	0.004609515	1.109134404	35.85287311	-0.004269139	0	4.062285346	21.1238838	1.585333163	2.411961762	636.3277853	636.624297	0.000708102	0.38207683	55.43257918	0.000737318	1	4.062285346	636.3277853	636.624297			0	0	0	0	0.38207683	Subcritical	0.000708102
596	594.996	616160.564	3097395.407	632.265	5.2	0	Normal	0.027	1	50.95	1.996249296	10.38049634	1.129235565	4.908243144	634.2612493	635.4891214	0.004609515	1.109134404	35.85287311	-0.00416477	0	4.062860062	21.12687232	1.585420685	2.411620576	636.3278601	636.6242879	0.00070785	0.381995762	55.44294826	0.000909012	1	4.062860062	636.3278601	636.6242879			0	0	0	0	0.381995762	Subcritical	0.00070785
597	595.996	616160.09	3097394.527	632.2645	5.2	0	Normal	0	1	50.95	1.996249296	10.38049634	1.129235565	4.908243144	634.2607493	635.4886214	0.004609515	1.109134404	35.85287311	-0.004109515	0	4.063641157	21.13093402	1.585539611	2.411157025	636.3281412	636.624455	0.000707507	0.381885629	55.4570444	-0.000919739	1	4.063641157	636.3281412	636.624455			0	0	0	0	0.381885629	Subcritical	0.000707507
598	596.995	616159.616	3097393.647	632.264	5.2	0	Normal	0.023	0.999	50.95	1.996249296	10.38049634	1.129235565	4.908243144	634.2602493	635.4881214	0.004609515	1.109134404	35.85287311	-0.004151974	0	4.062285346	21.1238838	1.585333163	2.411961762	636.3262853	636.622797	0.000708102	0.38207683	55.43257918	0.000741736	1	4.062285346	636.3262853	636.622797			0	0	0	0	0.38207683	Subcritical	0.000708102
599	597.996	616159.141	3097392.766	632.2635	5.2	0	Normal	0.023	1.001	50.95	1.996249296	10.38049634	1.129235565	4.908243144	634.2597493	635.4876214	0.004609515	1.109134404	35.85287311	-0.004161193	0	4.062866397	21.12690527	1.585421649	2.411616816	636.3263664	636.6227933	0.000707847	0.381994869	55.44306257	0.000919479	1	4.062866397	636.3263664	636.6227933			0	0	0	0	0.381994869	Subcritical	0.000707847
600	598.996	616158.667	3097391.886	632.263	5.2	0	Normal	0.027	1	50.95	1.996249296	10.38049634	1.129235565	4.908243144	634.2592493	635.4871214	0.004609515	1.109134404	35.85287311	-0.00416477	0	4.063644295	21.13095034	1.585540089	2.411155163	636.3266443	636.6229577	0.000707506	0.381885187	55.45710104	-0.00091969	1	4.063644295	636.3266443	636.6229577			0	0	0	0	0.381885187	Subcritical	0.000707506
601	599.996	616158.193	3097391.005	632.2625	5.2	0	Normal	0.027	1	50.95	1.996249296	10.38049634	1.129235565	4.908243144	634.2587493	635.4866214	0.004609515	1.109134404	35.85287311	-0.00416477	0	4.062285346	21.1238838	1.585333163	2.411961762	636.3247853	636.621297	0.000708102	0.38207683	55.43257918	0.000728248	1	4.062285346	636.3247853	636.621297			0	0	0	0	0.38207683	Subcritical	0.000708102
602	600.996	616157.719	3097390.125	632.262	5.2	0	Normal	0	1	50.95	1.996249296	10.38049634	1.129235565	4.908243144	634.2582493	635.4861214	0.004609515	1.109134404	35.85287311	-0.004109515	0	4.062864822	21.12689708	1.58542141	2.41161775	636.3248648	636.6212919	0.000707848	0.381995091	55.44303415	0.000916876	1	4.062864822	636.3248648	636.6212919			0	0	0	0	0.381995091	Subcritical	0.000707848
603	601.995	616157.245	3097389.245	632.2615	5.2	0	Normal	0.023	0.999	50.95	1.996249296	10.38049634	1.129235565	4.908243144	634.2577493	635.4856214	0.004609515	1.109134404	35.85287311	-0.004151974	0	4.063642811	21.13094262	1.585539863	2.411156044	636.3251428	636.6214564	0.000707506	0.381885396	55.45707424	-0.000919712	1	4.063642811	636.3251428	636.6214564			0	0	0	0	0.381885396	Subcritical	0.000707506
604	602.996	616156.77	3097388.364	632.261	5.2	0	Normal	0.023	1.001	50.95	1.996249296	10.38049634	1.129235565	4.908243144	634.2572493	635.4851214	0.004609515	1.109134404	35.85287311	-0.004161193	0	4.062285346	21.1238838	1.585333163	2.411961762	636.3232853	636.619797	0.000708102	0.38207683	55.43257918	0.000747201	1	4.062285346	636.3232853	636.619797			0	0	0	0	0.38207683	Subcritical	0.000708102
605	603.996	616156.296	3097387.484	632.2605	5.2	0	Normal	0.027	1	50.95	1.996249296	10.38049634	1.129235565	4.908243144	634.2567493	635.4846214	0.004609515	1.109134404	35.85287311	-0.00416477	0	4.062871072	21.12692958	1.585422361	2.411614041	636.3233711	636.6197973	0.000707845	0.381994209	55.44314692	0.000927212	1	4.062871072	636.3233711	636.6197973			0	0	0	0	0.381994209	Subcritical	0.000707845
606	604.996	616155.822	3097386.603	632.26	5.2	0	Normal	0.027	1	50.95	1.996249296	10.38049634	1.129235565	4.908243144	634.2562493	635.4841214	0.004609515	1.109134404	35.85287311	-0.00416477	0	4.063657587	21.13101945	1.585542112	2.411147277	636.3236576	636.6199691	0.0007075	0.381883313	55.45734095	-0.000919486	1	4.063657587	636.3236576	636.6199691			0	0	0	0	0.381883313	Subcritical	0.0007075
607	605.996	616155.348	3097385.723	632.2595	5.2	0	Normal	0.05	1	50.95	1.996249296	10.38049634	1.129235565	4.908243144	634.2557493	635.4836214	0.004609515	1.109134404	35.85287311	-0.004211838	0	4.062285346	21.1238838	1.585333163	2.411961762	636.3217853	636.618297	0.000708102	0.38207683	55.43257918	0.000768208	1	4.062285346	636.3217853	636.618297			0	0	0	0	0.38207683	Subcritical	0.000708102
608	606.996	616154.873	3097384.843	632.259	5.2	0	Normal	0.078	1	50.95	1.996249296	10.38049634	1.129235565	4.908243144	634.2552493	635.4831214	0.004609515	1.109134404	35.85287311	-0.004269139	0	4.062866397	21.12690527	1.585421649	2.411616816	636.3218664	636.6182933	0.000707847	0.381994869	55.44306257	0.000919479	1	4.062866397	636.3218664	636.6182933			0	0	0	0	0.381994869	Subcritical	0.000707847
609	607.996	616154.399	3097383.962	632.2585	5.2	0	Normal	0.027	1	50.95	1.996249296	10.38049634	1.129235565	4.908243144	634.2547493	635.4826214	0.004609515	1.109134404	35.85287311	-0.00416477	0	4.063644295	21.13095034	1.585540089	2.411155163	636.3221443	636.6184577	0.000707506	0.381885187	55.45710104	-0.00091969	1	4.063644295	636.3221443	636.6184577			0	0	0	0	0.381885187	Subcritical	0.000707506
610	608.996	616153.925	3097383.082	632.258	5.2	0	Normal	0.027	1	50.95	1.996249296	10.38049634	1.129235565	4.908243144	634.2542493	635.4821214	0.004609515	1.109134404	35.85287311	-0.00416477	0	4.062285346	21.1238838	1.585333163	2.411961762	636.3202853	636.616797	0.000708102	0.38207683	55.43257918	0.000772208	1	4.062285346	636.3202853	636.616797			0	0	0	0	0.38207683	Subcritical	0.000708102
611	609.996	616153.451	3097382.201	632.2575	5.2	0	Normal	0.078	1	50.95	1.996249296	10.38049634	1.129235565	4.908243144	634.2537493	635.4816214	0.004609515	1.109134404	35.85287311	-0.004269139	0	4.062870853	21.12692844	1.585422328	2.41161417	636.3203709	636.6167971	0.000707845	0.38199424	55.44314298	0.00092684	1	4.062870853	636.3203709	636.6167971			0	0	0	0	0.38199424	Subcritical	0.000707845
612	610.996	616152.976	3097381.321	632.257	5.2	0	Normal	0.05	1	50.95	1.996249296	10.38049634	1.129235565	4.908243144	634.2532493	635.4811214	0.004609515	1.109134404	35.85287311	-0.004211838	0	4.063644295	21.13095034	1.585540089	2.411155163	636.3206443	636.6169577	0.000707506	0.381885187	55.45710104	-0.00091969	1	4.063644295	636.3206443	636.6169577			0	0	0	0	0.381885187	Subcritical	0.000707506
613	611.996	616152.502	3097380.441	632.2565	5.2	0	Normal	0.027	1	50.95	1.996249296	10.38049634	1.129235565	4.908243144	634.2527493	635.4806214	0.004609515	1.109134404	35.85287311	-0.00416477	0	4.062285346	21.1238838	1.585333163	2.411961762	636.3187853	636.615297	0.000708102	0.38207683	55.43257918	0.000752322	1	4.062285346	636.3187853	636.615297			0	0	0	0	0.38207683	Subcritical	0.000708102
614	612.996	616152.028	3097379.56	632.256	5.2	0	Normal	0.027	1	50.95	1.996249296	10.38049634	1.129235565	4.908243144	634.2522493	635.4801214	0.004609515	1.109134404	35.85287311	-0.00416477	0	4.062876777	21.12695924	1.58542323	2.411610655	636.3188768	636.6153022	0.000707842	0.381993405	55.44324985	0.000936649	1	4.062876777	636.3188768	636.6153022			0	0	0	0	0.381993405	Subcritical	0.000707842
615	613.995	616151.554	3097378.68	632.2555	5.2	0	Normal	0.027	0.999	50.95	1.996249296	10.38049634	1.129235565	4.908243144	634.2517493	635.4796214	0.004609515	1.109134404	35.85287311	-0.00416016	0	4.063674594	21.13110789	1.585544701	2.411137185	636.3191746	636.6154836	0.000707492	0.381880916	55.45764792	-0.000919224	1	4.063674594	636.3191746	636.6154836			0	0	0	0	0.381880916	Subcritical	0.000707492
616	614.996	616151.08	3097377.799	632.255	5.2	0	Normal	0.078	1.001	50.95	1.996249296	10.38049634	1.129235565	4.908243144	634.2512493	635.4791214	0.004609515	1.109134404	35.85287311	-0.004273748	0	4.062285346	21.1238838	1.585333163	2.411961762	636.3172853	636.613797	0.000708102	0.38207683	55.43257918	0.000754383	1	4.062285346	636.3172853	636.613797			0	0	0	0	0.38207683	Subcritical	0.000708102
617	615.996	616150.605	3097376.919	632.2545	5.2	0	Normal	0.05	1	50.95	1.996249296	10.38049634	1.129235565	4.908243144	634.2507493	635.4786214	0.004609515	1.109134404	35.85287311	-0.004211838	0	4.062866411	21.12690533	1.585421651	2.411616808	636.3173664	636.6137933	0.000707847	0.381994867	55.44306281	0.000919501	1	4.062866411	636.3173664	636.6137933			0	0	0	0	0.381994867	Subcritical	0.000707847
618	616.995	616150.131	3097376.039	632.254	5.2	0	Normal	0.027	0.999	50.95	1.996249296	10.38049634	1.129235565	4.908243144	634.2502493	635.4781214	0.004609515	1.109134404	35.85287311	-0.00416016	0	4.063645122	21.13095464	1.585540215	2.411154672	636.3176451	636.6139584	0.000707505	0.38188507	55.45711597	-0.000919677	1	4.063645122	636.3176451	636.6139584			0	0	0	0	0.38188507	Subcritical	0.000707505
619	617.996	616149.657	3097375.158	632.2535	5.2	0	Normal	0.027	1.001	50.95	1.996249296	10.38049634	1.129235565	4.908243144	634.2497493	635.4776214	0.004609515	1.109134404	35.85287311	-0.004169379	0	4.062285346	21.1238838	1.585333163	2.411961762	636.3157853	636.612297	0.000708102	0.38207683	55.43257918	0.000734947	1	4.062285346	636.3157853	636.612297			0	0	0	0	0.38207683	Subcritical	0.000708102
620	618.995	616149.183	3097374.278	632.253	5.2	0	Normal	0.023	0.999	50.95	1.996249296	10.38049634	1.129235565	4.908243144	634.2492493	635.4771214	0.004609515	1.109134404	35.85287311	-0.004151974	0	4.062860412	21.12687414	1.585420738	2.411620368	636.3158604	636.6122882	0.00070785	0.381995713	55.44295457	0.000909579	1	4.062860412	636.3158604	636.6122882			0	0	0	0	0.381995713	Subcritical	0.00070785
621	619.996	616148.708	3097373.397	632.2525	5.2	0	Normal	0.023	1.001	50.95	1.996249296	10.38049634	1.129235565	4.908243144	634.2487493	635.4766214	0.004609515	1.109134404	35.85287311	-0.004161193	0	4.063628692	21.1308692	1.585537713	2.411164421	636.3161287	636.6124444	0.000707512	0.381887386	55.45681942	-0.00091993	1	4.063628692	636.3161287	636.6124444			0	0	0	0	0.381887386	Subcritical	0.000707512
622	620.996	616148.234	3097372.517	632.252	5.2	0	Normal	0	1	50.95	1.996249296	10.38049634	1.129235565	4.908243144	634.2482493	635.4761214	0.004609515	1.109134404	35.85287311	-0.004109515	0	4.062285346	21.1238838	1.585333163	2.411961762	636.3142853	636.610797	0.000708102	0.38207683	55.43257918	0.000760721	1	4.062285346	636.3142853	636.610797			0	0	0	0	0.38207683	Subcritical	0.000708102
623	621.995	616147.76	3097371.637	632.2515	5.2	0	Normal	0.027	0.999	50.95	1.996249296	10.38049634	1.129235565	4.908243144	634.2477493	635.4756214	0.004609515	1.109134404	35.85287311	-0.00416016	0	4.062886922	21.12701199	1.585424775	2.411604633	636.3143869	636.6108108	0.000707838	0.381991974	55.44343292	0.000953407	1	4.062886922	636.3143869	636.6108108			0	0	0	0	0.381991974	Subcritical	0.000707838
624	622.996	616147.286	3097370.756	632.251	5.2	0	Normal	0.078	1.001	50.95	1.996249296	10.38049634	1.129235565	4.908243144	634.2472493	635.4751214	0.004609515	1.109134404	35.85287311	-0.004273748	0	4.063673768	21.13110359	1.585544576	2.411137676	636.3146738	636.6109829	0.000707493	0.381881032	55.457633	-0.000919237	1	4.063673768	636.3146738	636.6109829			0	0	0	0	0.381881032	Subcritical	0.000707493
625	623.996	616146.811	3097369.876	632.2505	5.2	0	Normal	0.078	1	50.95	1.996249296	10.38049634	1.129235565	4.908243144	634.2467493	635.4746214	0.004609515	1.109134404	35.85287311	-0.004269139	0	4.062285346	21.1238838	1.585333163	2.411961762	636.3127853	636.609297	0.000708102	0.38207683	55.43257918	0.000738048	1	4.062285346	636.3127853	636.609297			0	0	0	0	0.38207683	Subcritical	0.000708102
626	624.996	616146.337	3097368.995	632.25	5.2	0	Normal	0.027	1	50.95	1.996249296	10.38049634	1.129235565	4.908243144	634.2462493	635.4741214	0.004609515	1.109134404	35.85287311	-0.00416477	0	4.062860875	21.12687655	1.585420808	2.411620093	636.3128609	636.6092886	0.000707849	0.381995647	55.44296293	0.000910357	1	4.062860875	636.3128609	636.6092886			0	0	0	0	0.381995647	Subcritical	0.000707849
627	625.996	616145.863	3097368.115	632.2495	5.2	0	Normal	0	1	50.95	1.996249296	10.38049634	1.129235565	4.908243144	634.2457493	635.4736214	0.004609515	1.109134404	35.85287311	-0.004109515	0	4.063643469	21.13094604	1.585539963	2.411155653	636.3131435	636.609457	0.000707506	0.381885303	55.45708612	-0.000919704	1	4.063643469	636.3131435	636.609457			0	0	0	0	0.381885303	Subcritical	0.000707506
628	626.995	616145.389	3097367.235	632.249	5.2	0	Normal	0.027	0.999	50.95	1.996249296	10.38049634	1.129235565	4.908243144	634.2452493	635.4731214	0.004609515	1.109134404	35.85287311	-0.00416016	0	4.062285346	21.1238838	1.585333163	2.411961762	636.3112853	636.607797	0.000708102	0.38207683	55.43257918	0.000777786	1	4.062285346	636.3112853	636.607797			0	0	0	0	0.38207683	Subcritical	0.000708102
629	627.996	616144.915	3097366.354	632.2485	5.2	0	Normal	0.078	1.001	50.95	1.996249296	10.38049634	1.129235565	4.908243144	634.2447493	635.4726214	0.004609515	1.109134404	35.85287311	-0.004273748	0	4.062876278	21.12695665	1.585423154	2.41161095	636.3113763	636.6078017	0.000707843	0.381993475	55.44324086	0.000935801	1	4.062876278	636.3113763	636.6078017			0	0	0	0	0.381993475	Subcritical	0.000707843
630	628.996	616144.44	3097365.474	632.248	5.2	0	Normal	0.078	1	50.95	1.996249296	10.38049634	1.129235565	4.908243144	634.2442493	635.4721214	0.004609515	1.109134404	35.85287311	-0.004269139	0	4.063644295	21.13095034	1.585540089	2.411155163	636.3116443	636.6079577	0.000707506	0.381885187	55.45710104	-0.00091969	1	4.063644295	636.3116443	636.6079577			0	0	0	0	0.381885187	Subcritical	0.000707506
631	629.996	616143.966	3097364.593	632.2475	5.2	0	Normal	0.027	1	50.95	1.996249296	10.38049634	1.129235565	4.908243144	634.2437493	635.4716214	0.004609515	1.109134404	35.85287311	-0.00416477	0	4.062285346	21.1238838	1.585333163	2.411961762	636.3097853	636.606297	0.000708102	0.38207683	55.43257918	0.000728248	1	4.062285346	636.3097853	636.606297			0	0	0	0	0.38207683	Subcritical	0.000708102
632	630.996	616143.492	3097363.713	632.247	5.2	0	Normal	0	1	50.95	1.996249296	10.38049634	1.129235565	4.908243144	634.2432493	635.4711214	0.004609515	1.109134404	35.85287311	-0.004109515	0	4.062864822	21.12689708	1.58542141	2.41161775	636.3098648	636.6062919	0.000707848	0.381995091	55.44303415	0.000916876	1	4.062864822	636.3098648	636.6062919			0	0	0	0	0.381995091	Subcritical	0.000707848
633	631.995	616143.018	3097362.833	632.2465	5.2	0	Normal	0.023	0.999	50.95	1.996249296	10.38049634	1.129235565	4.908243144	634.2427493	635.4706214	0.004609515	1.109134404	35.85287311	-0.004151974	0	4.063642811	21.13094262	1.585539863	2.411156044	636.3101428	636.6064564	0.000707506	0.381885396	55.45707424	-0.000919712	1	4.063642811	636.3101428	636.6064564			0	0	0	0	0.381885396	Subcritical	0.000707506
634	632.996	616142.543	3097361.952	632.246	5.2	0	Normal	0.023	1.001	50.95	1.996249296	10.38049634	1.129235565	4.908243144	634.2422493	635.4701214	0.004609515	1.109134404	35.85287311	-0.004161193	0	4.062285346	21.1238838	1.585333163	2.411961762	636.3082853	636.604797	0.000708102	0.38207683	55.43257918	0.000747201	1	4.062285346	636.3082853	636.604797			0	0	0	0	0.38207683	Subcritical	0.000708102
635	633.996	616142.069	3097361.072	632.2455	5.2	0	Normal	0.027	1	50.95	1.996249296	10.38049634	1.129235565	4.908243144	634.2417493	635.4696214	0.004609515	1.109134404	35.85287311	-0.00416477	0	4.062871072	21.12692958	1.585422361	2.411614041	636.3083711	636.6047973	0.000707845	0.381994209	55.44314692	0.000927212	1	4.062871072	636.3083711	636.6047973			0	0	0	0	0.381994209	Subcritical	0.000707845
636	634.996	616141.595	3097360.191	632.245	5.2	0	Normal	0.027	1	50.95	1.996249296	10.38049634	1.129235565	4.908243144	634.2412493	635.4691214	0.004609515	1.109134404	35.85287311	-0.00416477	0	4.063657587	21.13101945	1.585542112	2.411147277	636.3086576	636.6049691	0.0007075	0.381883313	55.45734095	-0.000919486	1	4.063657587	636.3086576	636.6049691			0	0	0	0	0.381883313	Subcritical	0.0007075
637	635.996	616141.121	3097359.311	632.2445	5.2	0	Normal	0.05	1	50.95	1.996249296	10.38049634	1.129235565	4.908243144	634.2407493	635.4686214	0.004609515	1.109134404	35.85287311	-0.004211838	0	4.062285346	21.1238838	1.585333163	2.411961762	636.3067853	636.603297	0.000708102	0.38207683	55.43257918	0.000768208	1	4.062285346	636.3067853	636.603297			0	0	0	0	0.38207683	Subcritical	0.000708102
638	636.996	616140.646	3097358.431	632.244	5.2	0	Normal	0.078	1	50.95	1.996249296	10.38049634	1.129235565	4.908243144	634.2402493	635.4681214	0.004609515	1.109134404	35.85287311	-0.004269139	0	4.062866397	21.12690527	1.585421649	2.411616816	636.3068664	636.6032933	0.000707847	0.381994869	55.44306257	0.000919479	1	4.062866397	636.3068664	636.6032933			0	0	0	0	0.381994869	Subcritical	0.000707847
639	637.996	616140.172	3097357.55	632.2435	5.2	0	Normal	0.027	1	50.95	1.996249296	10.38049634	1.129235565	4.908243144	634.2397493	635.4676214	0.004609515	1.109134404	35.85287311	-0.00416477	0	4.063644295	21.13095034	1.585540089	2.411155163	636.3071443	636.6034577	0.000707506	0.381885187	55.45710104	-0.00091969	1	4.063644295	636.3071443	636.6034577			0	0	0	0	0.381885187	Subcritical	0.000707506
640	638.996	616139.698	3097356.67	632.243	5.2	0	Normal	0.027	1	50.95	1.996249296	10.38049634	1.129235565	4.908243144	634.2392493	635.4671214	0.004609515	1.109134404	35.85287311	-0.00416477	0	4.062285346	21.1238838	1.585333163	2.411961762	636.3052853	636.601797	0.000708102	0.38207683	55.43257918	0.00075631	1	4.062285346	636.3052853	636.601797			0	0	0	0	0.38207683	Subcritical	0.000708102
641	639.996	616139.224	3097355.789	632.2425	5.2	0	Normal	0.027	1	50.95	1.996249296	10.38049634	1.129235565	4.908243144	634.2387493	635.4666214	0.004609515	1.109134404	35.85287311	-0.00416477	0	4.06288122	21.12698234	1.585423906	2.411608017	636.3053812	636.601806	0.000707841	0.381992778	55.44333002	0.000943987	1	4.06288122	636.3053812	636.601806			0	0	0	0	0.381992778	Subcritical	0.000707841
642	640.996	616138.75	3097354.909	632.242	5.2	0	Normal	0.05	1	50.95	1.996249296	10.38049634	1.129235565	4.908243144	634.2382493	635.4661214	0.004609515	1.109134404	35.85287311	-0.004211838	0	4.063673768	21.13110359	1.585544576	2.411137676	636.3056738	636.6019829	0.000707493	0.381881032	55.457633	-0.000919237	1	4.063673768	636.3056738	636.6019829			0	0	0	0	0.381881032	Subcritical	0.000707493
643	641.996	616138.275	3097354.029	632.2415	5.2	0	Normal	0.078	1	50.95	1.996249296	10.38049634	1.129235565	4.908243144	634.2377493	635.4656214	0.004609515	1.109134404	35.85287311	-0.004269139	0	4.062285346	21.1238838	1.585333163	2.411961762	636.3037853	636.600297	0.000708102	0.38207683	55.43257918	0.00075231	1	4.062285346	636.3037853	636.600297			0	0	0	0	0.38207683	Subcritical	0.000708102
644	642.996	616137.801	3097353.148	632.241	5.2	0	Normal	0.027	1	50.95	1.996249296	10.38049634	1.129235565	4.908243144	634.2372493	635.4651214	0.004609515	1.109134404	35.85287311	-0.00416477	0	4.062876763	21.12695917	1.585423228	2.411610663	636.3038768	636.6003021	0.000707842	0.381993407	55.44324961	0.000936626	1	4.062876763	636.3038768	636.6003021			0	0	0	0	0.381993407	Subcritical	0.000707842
645	643.996	616137.327	3097352.268	632.2405	5.2	0	Normal	0.027	1	50.95	1.996249296	10.38049634	1.129235565	4.908243144	634.2367493	635.4646214	0.004609515	1.109134404	35.85287311	-0.00416477	0	4.063673768	21.13110359	1.585544576	2.411137676	636.3041738	636.6004829	0.000707493	0.381881032	55.457633	-0.000919237	1	4.063673768	636.3041738	636.6004829			0	0	0	0	0.381881032	Subcritical	0.000707493
646	644.996	616136.853	3097351.387	632.24	5.2	0	Normal	0.078	1	50.95	1.996249296	10.38049634	1.129235565	4.908243144	634.2362493	635.4641214	0.004609515	1.109134404	35.85287311	-0.004269139	0	4.062285346	21.1238838	1.585333163	2.411961762	636.3022853	636.598797	0.000708102	0.38207683	55.43257918	0.000754383	1	4.062285346	636.3022853	636.598797			0	0	0	0	0.38207683	Subcritical	0.000708102
647	645.996	616136.378	3097350.507	632.2395	5.2	0	Normal	0.05	1	50.95	1.996249296	10.38049634	1.129235565	4.908243144	634.2357493	635.4636214	0.004609515	1.109134404	35.85287311	-0.004211838	0	4.062866411	21.12690533	1.585421651	2.411616808	636.3023664	636.5987933	0.000707847	0.381994867	55.44306281	0.000919501	1	4.062866411	636.3023664	636.5987933			0	0	0	0	0.381994867	Subcritical	0.000707847
648	646.995	616135.904	3097349.627	632.239	5.2	0	Normal	0.027	0.999	50.95	1.996249296	10.38049634	1.129235565	4.908243144	634.2352493	635.4631214	0.004609515	1.109134404	35.85287311	-0.00416016	0	4.063645122	21.13095464	1.585540215	2.411154672	636.3026451	636.5989584	0.000707505	0.38188507	55.45711597	-0.000919677	1	4.063645122	636.3026451	636.5989584			0	0	0	0	0.38188507	Subcritical	0.000707505
649	647.996	616135.43	3097348.746	632.2385	5.2	0	Normal	0.027	1.001	50.95	1.996249296	10.38049634	1.129235565	4.908243144	634.2347493	635.4626214	0.004609515	1.109134404	35.85287311	-0.004169379	0	4.062285346	21.1238838	1.585333163	2.411961762	636.3007853	636.597297	0.000708102	0.38207683	55.43257918	0.000734947	1	4.062285346	636.3007853	636.597297			0	0	0	0	0.38207683	Subcritical	0.000708102
650	648.995	616134.956	3097347.866	632.238	5.2	0	Normal	0.023	0.999	50.95	1.996249296	10.38049634	1.129235565	4.908243144	634.2342493	635.4621214	0.004609515	1.109134404	35.85287311	-0.004151974	0	4.062860412	21.12687414	1.585420738	2.411620368	636.3008604	636.5972882	0.00070785	0.381995713	55.44295457	0.000909579	1	4.062860412	636.3008604	636.5972882			0	0	0	0	0.381995713	Subcritical	0.00070785
651	649.996	616134.481	3097346.985	632.2375	5.2	0	Normal	0.023	1.001	50.95	1.996249296	10.38049634	1.129235565	4.908243144	634.2337493	635.4616214	0.004609515	1.109134404	35.85287311	-0.004161193	0	4.063628692	21.1308692	1.585537713	2.411164421	636.3011287	636.5974444	0.000707512	0.381887386	55.45681942	-0.00091993	1	4.063628692	636.3011287	636.5974444			0	0	0	0	0.381887386	Subcritical	0.000707512
652	650.996	616134.007	3097346.105	632.237	5.2	0	Normal	0	1	50.95	1.996249296	10.38049634	1.129235565	4.908243144	634.2332493	635.4611214	0.004609515	1.109134404	35.85287311	-0.004109515	0	4.062285346	21.1238838	1.585333163	2.411961762	636.2992853	636.595797	0.000708102	0.38207683	55.43257918	0.000741555	1	4.062285346	636.2992853	636.595797			0	0	0	0	0.38207683	Subcritical	0.000708102
653	651.995	616133.533	3097345.225	632.2365	5.2	0	Normal	0.027	0.999	50.95	1.996249296	10.38049634	1.129235565	4.908243144	634.2327493	635.4606214	0.004609515	1.109134404	35.85287311	-0.00416016	0	4.062865571	21.12690097	1.585421524	2.411617306	636.2993656	636.5957926	0.000707847	0.381994985	55.44304766	0.000918111	1	4.062865571	636.2993656	636.5957926			0	0	0	0	0.381994985	Subcritical	0.000707847
654	652.996	616133.059	3097344.344	632.236	5.2	0	Normal	0.027	1.001	50.95	1.996249296	10.38049634	1.129235565	4.908243144	634.2322493	635.4601214	0.004609515	1.109134404	35.85287311	-0.004169379	0	4.063641157	21.13093402	1.585539611	2.411157025	636.2996412	636.595955	0.000707507	0.381885629	55.4570444	-0.000919739	1	4.063641157	636.2996412	636.595955			0	0	0	0	0.381885629	Subcritical	0.000707507
655	653.995	616132.585	3097343.464	632.2355	5.2	0	Normal	0.023	0.999	50.95	1.996249296	10.38049634	1.129235565	4.908243144	634.2317493	635.4596214	0.004609515	1.109134404	35.85287311	-0.004151974	0	4.062285346	21.1238838	1.585333163	2.411961762	636.2977853	636.594297	0.000708102	0.38207683	55.43257918	0.000736779	1	4.062285346	636.2977853	636.594297			0	0	0	0	0.38207683	Subcritical	0.000708102
656	654.996	616132.11	3097342.583	632.235	5.2	0	Normal	0.023	1.001	50.95	1.996249296	10.38049634	1.129235565	4.908243144	634.2312493	635.4591214	0.004609515	1.109134404	35.85287311	-0.004161193	0	4.062860875	21.12687655	1.585420808	2.411620093	636.2978609	636.5942886	0.000707849	0.381995647	55.44296293	0.000910357	1	4.062860875	636.2978609	636.5942886			0	0	0	0	0.381995647	Subcritical	0.000707849
657	655.996	616131.636	3097341.703	632.2345	5.2	0	Normal	0	1	50.95	1.996249296	10.38049634	1.129235565	4.908243144	634.2307493	635.4586214	0.004609515	1.109134404	35.85287311	-0.004109515	0	4.063643469	21.13094604	1.585539963	2.411155653	636.2981435	636.594457	0.000707506	0.381885303	55.45708612	-0.000919704	1	4.063643469	636.2981435	636.594457			0	0	0	0	0.381885303	Subcritical	0.000707506
658	656.995	616131.162	3097340.823	632.234	5.2	0	Normal	0.027	0.999	50.95	1.996249296	10.38049634	1.129235565	4.908243144	634.2302493	635.4581214	0.004609515	1.109134404	35.85287311	-0.00416016	0	4.062285346	21.1238838	1.585333163	2.411961762	636.2962853	636.592797	0.000708102	0.38207683	55.43257918	0.000777786	1	4.062285346	636.2962853	636.592797			0	0	0	0	0.38207683	Subcritical	0.000708102
659	657.996	616130.688	3097339.942	632.2335	5.2	0	Normal	0.078	1.001	50.95	1.996249296	10.38049634	1.129235565	4.908243144	634.2297493	635.4576214	0.004609515	1.109134404	35.85287311	-0.004273748	0	4.062876278	21.12695665	1.585423154	2.41161095	636.2963763	636.5928017	0.000707843	0.381993475	55.44324086	0.000935801	1	4.062876278	636.2963763	636.5928017			0	0	0	0	0.381993475	Subcritical	0.000707843
660	658.996	616130.213	3097339.062	632.233	5.2	0	Normal	0.078	1	50.95	1.996249296	10.38049634	1.129235565	4.908243144	634.2292493	635.4571214	0.004609515	1.109134404	35.85287311	-0.004269139	0	4.063644295	21.13095034	1.585540089	2.411155163	636.2966443	636.5929577	0.000707506	0.381885187	55.45710104	-0.00091969	1	4.063644295	636.2966443	636.5929577			0	0	0	0	0.381885187	Subcritical	0.000707506
661	659.996	616129.739	3097338.181	632.2325	5.2	0	Normal	0.027	1	50.95	1.996249296	10.38049634	1.129235565	4.908243144	634.2287493	635.4566214	0.004609515	1.109134404	35.85287311	-0.00416477	0	4.062285346	21.1238838	1.585333163	2.411961762	636.2947853	636.591297	0.000708102	0.38207683	55.43257918	0.000728248	1	4.062285346	636.2947853	636.591297			0	0	0	0	0.38207683	Subcritical	0.000708102
662	660.996	616129.265	3097337.301	632.232	5.2	0	Normal	0	1	50.95	1.996249296	10.38049634	1.129235565	4.908243144	634.2282493	635.4561214	0.004609515	1.109134404	35.85287311	-0.004109515	0	4.062864822	21.12689708	1.58542141	2.41161775	636.2948648	636.5912919	0.000707848	0.381995091	55.44303415	0.000916876	1	4.062864822	636.2948648	636.5912919			0	0	0	0	0.381995091	Subcritical	0.000707848
663	661.995	616128.791	3097336.421	632.2315	5.2	0	Normal	0.023	0.999	50.95	1.996249296	10.38049634	1.129235565	4.908243144	634.2277493	635.4556214	0.004609515	1.109134404	35.85287311	-0.004151974	0	4.063642811	21.13094262	1.585539863	2.411156044	636.2951428	636.5914564	0.000707506	0.381885396	55.45707424	-0.000919712	1	4.063642811	636.2951428	636.5914564			0	0	0	0	0.381885396	Subcritical	0.000707506
664	662.996	616128.316	3097335.54	632.231	5.2	0	Normal	0.023	1.001	50.95	1.996249296	10.38049634	1.129235565	4.908243144	634.2272493	635.4551214	0.004609515	1.109134404	35.85287311	-0.004161193	0	4.062285346	21.1238838	1.585333163	2.411961762	636.2932853	636.589797	0.000708102	0.38207683	55.43257918	0.000738079	1	4.062285346	636.2932853	636.589797			0	0	0	0	0.38207683	Subcritical	0.000708102
665	663.996	616127.842	3097334.66	632.2305	5.2	0	Normal	0.027	1	50.95	1.996249296	10.38049634	1.129235565	4.908243144	634.2267493	635.4546214	0.004609515	1.109134404	35.85287311	-0.00416477	0	4.062860909	21.12687673	1.585420814	2.411620073	636.2933609	636.5897886	0.000707849	0.381995643	55.44296354	0.000910401	1	4.062860909	636.2933609	636.5897886			0	0	0	0	0.381995643	Subcritical	0.000707849
666	664.996	616127.368	3097333.779	632.23	5.2	0	Normal	0.027	1	50.95	1.996249296	10.38049634	1.129235565	4.908243144	634.2262493	635.4541214	0.004609515	1.109134404	35.85287311	-0.00416477	0	4.063628692	21.1308692	1.585537713	2.411164421	636.2936287	636.5899444	0.000707512	0.381887386	55.45681942	-0.00091993	1	4.063628692	636.2936287	636.5899444			0	0	0	0	0.381887386	Subcritical	0.000707512
667	665.996	616126.894	3097332.899	632.2295	5.2	0	Normal	0	1	50.95	1.996249296	10.38049634	1.129235565	4.908243144	634.2257493	635.4536214	0.004609515	1.109134404	35.85287311	-0.004109515	0	4.062285346	21.1238838	1.585333163	2.411961762	636.2917853	636.588297	0.000708102	0.38207683	55.43257918	0.000739874	1	4.062285346	636.2917853	636.588297			0	0	0	0	0.38207683	Subcritical	0.000708102
668	666.995	616126.42	3097332.019	632.229	5.2	0	Normal	0.023	0.999	50.95	1.996249296	10.38049634	1.129235565	4.908243144	634.2252493	635.4531214	0.004609515	1.109134404	35.85287311	-0.004151974	0	4.0628659	21.12690268	1.585421574	2.411617111	636.2918659	636.5882929	0.000707847	0.381994939	55.44305359	0.000918657	1	4.0628659	636.2918659	636.5882929			0	0	0	0	0.381994939	Subcritical	0.000707847
669	667.996	616125.945	3097331.138	632.2285	5.2	0	Normal	0.023	1.001	50.95	1.996249296	10.38049634	1.129235565	4.908243144	634.2247493	635.4526214	0.004609515	1.109134404	35.85287311	-0.004161193	0	4.063644295	21.13095034	1.585540089	2.411155163	636.2921443	636.5884577	0.000707506	0.381885187	55.45710104	-0.00091969	1	4.063644295	636.2921443	636.5884577			0	0	0	0	0.381885187	Subcritical	0.000707506
670	668.996	616125.471	3097330.258	632.228	5.2	0	Normal	0.027	1	50.95	1.996249296	10.38049634	1.129235565	4.908243144	634.2242493	635.4521214	0.004609515	1.109134404	35.85287311	-0.00416477	0	4.062285346	21.1238838	1.585333163	2.411961762	636.2902853	636.586797	0.000708102	0.38207683	55.43257918	0.00075631	1	4.062285346	636.2902853	636.586797			0	0	0	0	0.38207683	Subcritical	0.000708102
671	669.996	616124.997	3097329.377	632.2275	5.2	0	Normal	0.027	1	50.95	1.996249296	10.38049634	1.129235565	4.908243144	634.2237493	635.4516214	0.004609515	1.109134404	35.85287311	-0.00416477	0	4.06288122	21.12698234	1.585423906	2.411608017	636.2903812	636.586806	0.000707841	0.381992778	55.44333002	0.000943987	1	4.06288122	636.2903812	636.586806			0	0	0	0	0.381992778	Subcritical	0.000707841
672	670.996	616124.523	3097328.497	632.227	5.2	0	Normal	0.05	1	50.95	1.996249296	10.38049634	1.129235565	4.908243144	634.2232493	635.4511214	0.004609515	1.109134404	35.85287311	-0.004211838	0	4.063673768	21.13110359	1.585544576	2.411137676	636.2906738	636.5869829	0.000707493	0.381881032	55.457633	-0.000919237	1	4.063673768	636.2906738	636.5869829			0	0	0	0	0.381881032	Subcritical	0.000707493
673	671.996	616124.048	3097327.617	632.2265	5.2	0	Normal	0.078	1	50.95	1.996249296	10.38049634	1.129235565	4.908243144	634.2227493	635.4506214	0.004609515	1.109134404	35.85287311	-0.004269139	0	4.062285346	21.1238838	1.585333163	2.411961762	636.2887853	636.585297	0.000708102	0.38207683	55.43257918	0.00075231	1	4.062285346	636.2887853	636.585297			0	0	0	0	0.38207683	Subcritical	0.000708102
674	672.996	616123.574	3097326.736	632.226	5.2	0	Normal	0.027	1	50.95	1.996249296	10.38049634	1.129235565	4.908243144	634.2222493	635.4501214	0.004609515	1.109134404	35.85287311	-0.00416477	0	4.062876763	21.12695917	1.585423228	2.411610663	636.2888768	636.5853021	0.000707842	0.381993407	55.44324961	0.000936626	1	4.062876763	636.2888768	636.5853021			0	0	0	0	0.381993407	Subcritical	0.000707842
675	673.996	616123.1	3097325.856	632.2255	5.2	0	Normal	0.027	1	50.95	1.996249296	10.38049634	1.129235565	4.908243144	634.2217493	635.4496214	0.004609515	1.109134404	35.85287311	-0.00416477	0	4.063673768	21.13110359	1.585544576	2.411137676	636.2891738	636.5854829	0.000707493	0.381881032	55.457633	-0.000919237	1	4.063673768	636.2891738	636.5854829			0	0	0	0	0.381881032	Subcritical	0.000707493
676	674.996	616122.626	3097324.975	632.225	5.2	0	Normal	0.078	1	50.95	1.996249296	10.38049634	1.129235565	4.908243144	634.2212493	635.4491214	0.004609515	1.109134404	35.85287311	-0.004269139	0	4.062285346	21.1238838	1.585333163	2.411961762	636.2872853	636.583797	0.000708102	0.38207683	55.43257918	0.000754371	1	4.062285346	636.2872853	636.583797			0	0	0	0	0.38207683	Subcritical	0.000708102
677	675.996	616122.151	3097324.095	632.2245	5.2	0	Normal	0.05	1	50.95	1.996249296	10.38049634	1.129235565	4.908243144	634.2207493	635.4486214	0.004609515	1.109134404	35.85287311	-0.004211838	0	4.062866397	21.12690527	1.585421649	2.411616816	636.2873664	636.5837933	0.000707847	0.381994869	55.44306257	0.000919479	1	4.062866397	636.2873664	636.5837933			0	0	0	0	0.381994869	Subcritical	0.000707847
678	676.996	616121.677	3097323.215	632.224	5.2	0	Normal	0.027	1	50.95	1.996249296	10.38049634	1.129235565	4.908243144	634.2202493	635.4481214	0.004609515	1.109134404	35.85287311	-0.00416477	0	4.063644295	21.13095034	1.585540089	2.411155163	636.2876443	636.5839577	0.000707506	0.381885187	55.45710104	-0.00091969	1	4.063644295	636.2876443	636.5839577			0	0	0	0	0.381885187	Subcritical	0.000707506
679	677.996	616121.203	3097322.334	632.2235	5.2	0	Normal	0.027	1	50.95	1.996249296	10.38049634	1.129235565	4.908243144	634.2197493	635.4476214	0.004609515	1.109134404	35.85287311	-0.00416477	0	4.062285346	21.1238838	1.585333163	2.411961762	636.2857853	636.582297	0.000708102	0.38207683	55.43257918	0.000755612	1	4.062285346	636.2857853	636.582297			0	0	0	0	0.38207683	Subcritical	0.000708102
680	678.995	616120.729	3097321.454	632.223	5.2	0	Normal	0.027	0.999	50.95	1.996249296	10.38049634	1.129235565	4.908243144	634.2192493	635.4471214	0.004609515	1.109134404	35.85287311	-0.00416016	0	4.062881231	21.1269824	1.585423908	2.411608011	636.2858812	636.582306	0.000707841	0.381992777	55.44333023	0.000943992	1	4.062881231	636.2858812	636.582306			0	0	0	0	0.381992777	Subcritical	0.000707841
681	679.996	616120.255	3097320.573	632.2225	5.2	0	Normal	0.078	1.001	50.95	1.996249296	10.38049634	1.129235565	4.908243144	634.2187493	635.4466214	0.004609515	1.109134404	35.85287311	-0.004273748	0	4.063657587	21.13101945	1.585542112	2.411147277	636.2861576	636.5824691	0.0007075	0.381883313	55.45734095	-0.000919486	1	4.063657587	636.2861576	636.5824691			0	0	0	0	0.381883313	Subcritical	0.0007075
682	680.996	616119.78	3097319.693	632.222	5.2	0	Normal	0.05	1	50.95	1.996249296	10.38049634	1.129235565	4.908243144	634.2182493	635.4461214	0.004609515	1.109134404	35.85287311	-0.004211838	0	4.062285346	21.1238838	1.585333163	2.411961762	636.2842853	636.580797	0.000708102	0.38207683	55.43257918	0.000741555	1	4.062285346	636.2842853	636.580797			0	0	0	0	0.38207683	Subcritical	0.000708102
683	681.995	616119.306	3097318.813	632.2215	5.2	0	Normal	0.027	0.999	50.95	1.996249296	10.38049634	1.129235565	4.908243144	634.2177493	635.4456214	0.004609515	1.109134404	35.85287311	-0.00416016	0	4.062865571	21.12690097	1.585421524	2.411617306	636.2843656	636.5807926	0.000707847	0.381994985	55.44304766	0.000918111	1	4.062865571	636.2843656	636.5807926			0	0	0	0	0.381994985	Subcritical	0.000707847
684	682.996	616118.832	3097317.932	632.221	5.2	0	Normal	0.027	1.001	50.95	1.996249296	10.38049634	1.129235565	4.908243144	634.2172493	635.4451214	0.004609515	1.109134404	35.85287311	-0.004169379	0	4.063641157	21.13093402	1.585539611	2.411157025	636.2846412	636.580955	0.000707507	0.381885629	55.4570444	-0.000919739	1	4.063641157	636.2846412	636.580955			0	0	0	0	0.381885629	Subcritical	0.000707507
685	683.995	616118.358	3097317.052	632.2205	5.2	0	Normal	0.023	0.999	50.95	1.996249296	10.38049634	1.129235565	4.908243144	634.2167493	635.4446214	0.004609515	1.109134404	35.85287311	-0.004151974	0	4.062285346	21.1238838	1.585333163	2.411961762	636.2827853	636.579297	0.000708102	0.38207683	55.43257918	0.000736779	1	4.062285346	636.2827853	636.579297			0	0	0	0	0.38207683	Subcritical	0.000708102
686	684.996	616117.883	3097316.171	632.22	5.2	0	Normal	0.023	1.001	50.95	1.996249296	10.38049634	1.129235565	4.908243144	634.2162493	635.4441214	0.004609515	1.109134404	35.85287311	-0.004161193	0	4.062860875	21.12687655	1.585420808	2.411620093	636.2828609	636.5792886	0.000707849	0.381995647	55.44296293	0.000910357	1	4.062860875	636.2828609	636.5792886			0	0	0	0	0.381995647	Subcritical	0.000707849
687	685.996	616117.409	3097315.291	632.2195	5.2	0	Normal	0	1	50.95	1.996249296	10.38049634	1.129235565	4.908243144	634.2157493	635.4436214	0.004609515	1.109134404	35.85287311	-0.004109515	0	4.063643469	21.13094604	1.585539963	2.411155653	636.2831435	636.579457	0.000707506	0.381885303	55.45708612	-0.000919704	1	4.063643469	636.2831435	636.579457			0	0	0	0	0.381885303	Subcritical	0.000707506
688	686.995	616116.935	3097314.411	632.219	5.2	0	Normal	0.027	0.999	50.95	1.996249296	10.38049634	1.129235565	4.908243144	634.2152493	635.4431214	0.004609515	1.109134404	35.85287311	-0.00416016	0	4.062285346	21.1238838	1.585333163	2.411961762	636.2812853	636.577797	0.000708102	0.38207683	55.43257918	0.000247357	1	4.062285346	636.2812853	636.577797			0	0	0	0	0.38207683	Subcritical	0.000708102
689	687.996	616116.461	3097313.53	632.2185	5.2	0	Normal	0.078	1.001	50.95	1.996249296	10.38049634	1.129235565	4.908243144	634.2147493	635.4426214	0.004609515	1.109134404	35.85287311	-0.004273748	0	4.062285346	21.1238838	1.585333163	2.411961762	636.2807853	636.577297	0.000708102	0.38207683	55.43257918	0.00090621	1	4.062285346	636.2807853	636.577297			0	0	0	0	0.38207683	Subcritical	0.000708102
690	688.996	616115.986	3097312.65	632.218	5.2	0	Normal	0.078	1	50.95	1.996249296	10.38049634	1.129235565	4.908243144	634.2142493	635.4421214	0.004609515	1.109134404	35.85287311	-0.004269139	0	4.063020135	21.1277047	1.585445059	2.411525564	636.2810201	636.5774246	0.00070778	0.381973188	55.44583669	0.000871698	1	4.063020135	636.2810201	636.5774246			0	0	0	0	0.381973188	Subcritical	0.00070778
691	689.996	616115.512	3097311.769	632.2175	5.2	0	Normal	0.027	1	50.95	1.996249296	10.38049634	1.129235565	4.908243144	634.2137493	635.4416214	0.004609515	1.109134404	35.85287311	-0.00416477	0	4.063744874	21.13147334	1.5855554	2.411095486	636.2812449	636.5775436	0.000707461	0.381871009	55.45891645	0.00096487	1	4.063744874	636.2812449	636.5775436			0	0	0	0	0.381871009	Subcritical	0.000707461
692	690.996	616115.038	3097310.889	632.217	5.2	0	Normal	0	1	50.95	1.996249296	10.38049634	1.129235565	4.908243144	634.2132493	635.4411214	0.004609515	1.109134404	35.85287311	-0.004109515	0	4.064588563	21.13586053	1.585683822	2.410595014	636.2815886	636.5777643	0.000707091	0.381752118	55.47414739	0.000957524	1	4.064588563	636.2815886	636.5777643			0	0	0	0	0.381752118	Subcritical	0.000707091
693	691.995	616114.564	3097310.009	632.2165	5.2	0	Normal	0.023	0.999	50.95	1.996249296	10.38049634	1.129235565	4.908243144	634.2127493	635.4406214	0.004609515	1.109134404	35.85287311	-0.004151974	0	4.065412564	21.14014533	1.585809215	2.410106421	636.2819126	636.5779683	0.00070673	0.38163606	55.48902754	0.000870647	1	4.065412564	636.2819126	636.5779683			0	0	0	0	0.38163606	Subcritical	0.00070673
694	692.996	616114.089	3097309.128	632.216	5.2	0	Normal	0.023	1.001	50.95	1.996249296	10.38049634	1.129235565	4.908243144	634.2122493	635.4401214	0.004609515	1.109134404	35.85287311	-0.004161193	0	4.066138584	21.14392064	1.585919672	2.409676089	636.2821386	636.5780886	0.000706412	0.381533851	55.50214208	0.00088996	1	4.066138584	636.2821386	636.5780886			0	0	0	0	0.381533851	Subcritical	0.000706412
695	693.996	616113.615	3097308.248	632.2155	5.2	0	Normal	0.027	1	50.95	1.996249296	10.38049634	1.129235565	4.908243144	634.2117493	635.4396214	0.004609515	1.109134404	35.85287311	-0.00416477	0	4.066885016	21.14780209	1.58603321	2.40923382	636.282385	636.5782264	0.000706086	0.381428817	55.51562903	0.000887571	1	4.066885016	636.282385	636.5782264			0	0	0	0	0.381428817	Subcritical	0.000706086
696	694.996	616113.141	3097307.367	632.215	5.2	0	Normal	0.027	1	50.95	1.996249296	10.38049634	1.129235565	4.908243144	634.2112493	635.4391214	0.004609515	1.109134404	35.85287311	-0.00416477	0	4.067629111	21.15167138	1.586146367	2.408793097	636.2826291	636.5783622	0.00070576	0.381324159	55.52907745	0.000867093	1	4.067629111	636.2826291	636.5783622			0	0	0	0	0.381324159	Subcritical	0.00070576
697	695.996	616112.667	3097306.487	632.2145	5.2	0	Normal	0	1	50.95	1.996249296	10.38049634	1.129235565	4.908243144	634.2107493	635.4386214	0.004609515	1.109134404	35.85287311	-0.004109515	0	4.068365542	21.15550082	1.586258333	2.408357072	636.2828655	636.5784916	0.000705438	0.381220626	55.54239104	0.000985766	1	4.068365542	636.2828655	636.5784916			0	0	0	0	0.381220626	Subcritical	0.000705438
698	696.995	616112.193	3097305.607	632.214	5.2	0	Normal	0.023	0.999	50.95	1.996249296	10.38049634	1.129235565	4.908243144	634.2102493	635.4381214	0.004609515	1.109134404	35.85287311	-0.004151974	0	4.06922259	21.15995747	1.586388607	2.40784983	636.2832226	636.5787242	0.000705064	0.381100195	55.55788978	0.000949383	1	4.06922259	636.2832226	636.5787242			0	0	0	0	0.381100195	Subcritical	0.000705064
699	697.996	616111.718	3097304.726	632.2135	5.2	0	Normal	0.023	1.001	50.95	1.996249296	10.38049634	1.129235565	4.908243144	634.2097493	635.4376214	0.004609515	1.109134404	35.85287311	-0.004161193	0	4.070037921	21.16419719	1.586512509	2.407367477	636.2835379	636.5789211	0.000704708	0.380985685	55.57263869	0.000899439	1	4.070037921	636.2835379	636.5789211			0	0	0	0	0.380985685	Subcritical	0.000704708
700	698.996	616111.244	3097303.846	632.213	5.2	0	Normal	0.027	1	50.95	1.996249296	10.38049634	1.129235565	4.908243144	634.2092493	635.4371214	0.004609515	1.109134404	35.85287311	-0.00416477	0	4.070796588	21.16814226	1.586627772	2.406918821	636.2837966	636.5790697	0.000704377	0.380879184	55.58636658	0.00098688	1	4.070796588	636.2837966	636.5790697			0	0	0	0	0.380879184	Subcritical	0.000704377
701	699.996	616110.77	3097302.965	632.2125	5.2	0	Normal	0.027	1	50.95	1.996249296	10.38049634	1.129235565	4.908243144	634.2087493	635.4366214	0.004609515	1.109134404	35.85287311	-0.00416477	0	4.071652922	21.17259519	1.586757843	2.406412607	636.2841529	636.5793018	0.000704004	0.380759033	55.60186638	0.000923605	1	4.071652922	636.2841529	636.5793018			0	0	0	0	0.380759033	Subcritical	0.000704004
702	700.996	616110.296	3097302.085	632.212	5.2	0	Normal	0.05	1	50.95	1.996249296	10.38049634	1.129235565	4.908243144	634.2082493	635.4361214	0.004609515	1.109134404	35.85287311	-0.004211838	0	4.072426588	21.17661826	1.586875328	2.405955445	636.2844266	636.5794634	0.000703667	0.380650535	55.6158741	0.000999362	1	4.072426588	636.2844266	636.5794634			0	0	0	0	0.380650535	Subcritical	0.000703667
703	701.996	616109.821	3097301.205	632.2115	5.2	0	Normal	0.078	1	50.95	1.996249296	10.38049634	1.129235565	4.908243144	634.2077493	635.4356214	0.004609515	1.109134404	35.85287311	-0.004269139	0	4.073269587	21.18100185	1.58700331	2.405457511	636.2847696	636.5796843	0.0007033	0.380532373	55.6311417	0.00092281	1	4.073269587	636.2847696	636.5796843			0	0	0	0	0.380532373	Subcritical	0.0007033
704	702.996	616109.347	3097300.324	632.211	5.2	0	Normal	0.027	1	50.95	1.996249296	10.38049634	1.129235565	4.908243144	634.2072493	635.4351214	0.004609515	1.109134404	35.85287311	-0.00416477	0	4.074055651	21.18508939	1.58712262	2.404993393	636.2850557	636.5798565	0.000702958	0.380422246	55.64538245	0.000988406	1	4.074055651	636.2850557	636.5798565			0	0	0	0	0.380422246	Subcritical	0.000702958
705	703.996	616108.873	3097299.444	632.2105	5.2	0	Normal	0.027	1	50.95	1.996249296	10.38049634	1.129235565	4.908243144	634.2067493	635.4346214	0.004609515	1.109134404	35.85287311	-0.00416477	0	4.074915054	21.18955828	1.587253029	2.404486178	636.2854151	636.5800916	0.000702585	0.380301905	55.66095658	0.00090604	1	4.074915054	636.2854151	636.5800916			0	0	0	0	0.380301905	Subcritical	0.000702585
706	704.996	616108.399	3097298.563	632.21	5.2	0	Normal	0.078	1	50.95	1.996249296	10.38049634	1.129235565	4.908243144	634.2062493	635.4341214	0.004609515	1.109134404	35.85287311	-0.004269139	0	4.075655283	21.19340747	1.587365328	2.40404947	636.2856553	636.5802248	0.000702264	0.380198303	55.67437502	0.000958785	1	4.075655283	636.2856553	636.5802248			0	0	0	0	0.380198303	Subcritical	0.000702264
707	705.996	616107.924	3097297.683	632.2095	5.2	0	Normal	0.05	1	50.95	1.996249296	10.38049634	1.129235565	4.908243144	634.2057493	635.4336214	0.004609515	1.109134404	35.85287311	-0.004211838	0	4.076469829	21.19764311	1.587488872	2.403569101	636.2859698	636.5804216	0.00070191	0.380084354	55.68914486	0.000870586	1	4.076469829	636.2859698	636.5804216			0	0	0	0	0.380084354	Subcritical	0.00070191
708	706.996	616107.45	3097296.803	632.209	5.2	0	Normal	0.027	1	50.95	1.996249296	10.38049634	1.129235565	4.908243144	634.2052493	635.4331214	0.004609515	1.109134404	35.85287311	-0.00416477	0	4.077199145	21.20143555	1.587599463	2.403139159	636.2861991	636.5805456	0.000701594	0.379982376	55.70237304	0.000915254	1	4.077199145	636.2861991	636.5805456			0	0	0	0	0.379982376	Subcritical	0.000701594
709	707.996	616106.976	3097295.922	632.2085	5.2	0	Normal	0.027	1	50.95	1.996249296	10.38049634	1.129235565	4.908243144	634.2047493	635.4326214	0.004609515	1.109134404	35.85287311	-0.00416477	0	4.077978473	21.20548806	1.587717611	2.402679903	636.2864785	636.5807125	0.000701256	0.379873456	55.71651227	0.000962736	1	4.077978473	636.2864785	636.5807125			0	0	0	0	0.379873456	Subcritical	0.000701256
710	708.995	616106.502	3097295.042	632.208	5.2	0	Normal	0.027	0.999	50.95	1.996249296	10.38049634	1.129235565	4.908243144	634.2042493	635.4321214	0.004609515	1.109134404	35.85287311	-0.00416016	0	4.078811739	21.20982104	1.587843906	2.402189057	636.2868117	636.5809255	0.000700895	0.379757055	55.73163458	0.000868985	1	4.078811739	636.2868117	636.5809255			0	0	0	0	0.379757055	Subcritical	0.000700895
711	709.996	616106.028	3097294.161	632.2075	5.2	0	Normal	0.078	1.001	50.95	1.996249296	10.38049634	1.129235565	4.908243144	634.2037493	635.4316214	0.004609515	1.109134404	35.85287311	-0.004273748	0	4.079511686	21.21346077	1.58794997	2.401776898	636.2870117	636.5810245	0.000700592	0.379659323	55.744341	0.000905711	1	4.079511686	636.2870117	636.5810245			0	0	0	0	0.379659323	Subcritical	0.000700592
712	710.996	616105.553	3097293.281	632.207	5.2	0	Normal	0.05	1	50.95	1.996249296	10.38049634	1.129235565	4.908243144	634.2032493	635.4311214	0.004609515	1.109134404	35.85287311	-0.004211838	0	4.080268842	21.21739798	1.588064678	2.401331212	636.2872688	636.5811726	0.000700265	0.37955365	55.75808963	0.000945426	1	4.080268842	636.2872688	636.5811726			0	0	0	0	0.37955365	Subcritical	0.000700265
713	711.995	616105.079	3097292.401	632.2065	5.2	0	Normal	0.027	0.999	50.95	1.996249296	10.38049634	1.129235565	4.908243144	634.2027493	635.4306214	0.004609515	1.109134404	35.85287311	-0.00416016	0	4.081083813	21.22163583	1.588188116	2.400851679	636.2875838	636.5813702	0.000699913	0.379439964	55.77289238	0.000987939	1	4.081083813	636.2875838	636.5813702			0	0	0	0	0.379439964	Subcritical	0.000699913
714	712.996	616104.605	3097291.52	632.206	5.2	0	Normal	0.027	1.001	50.95	1.996249296	10.38049634	1.129235565	4.908243144	634.2022493	635.4301214	0.004609515	1.109134404	35.85287311	-0.004169379	0	4.081944855	21.22611325	1.588318499	2.400345245	636.2879449	636.5816073	0.000699541	0.379319912	55.78853678	0.000886709	1	4.081944855	636.2879449	636.5816073			0	0	0	0	0.379319912	Subcritical	0.000699541
715	713.995	616104.131	3097290.64	632.2055	5.2	0	Normal	0.023	0.999	50.95	1.996249296	10.38049634	1.129235565	4.908243144	634.2017493	635.4296214	0.004609515	1.109134404	35.85287311	-0.004151974	0	4.082697402	21.23002649	1.588432426	2.399902799	636.2881974	636.5817516	0.000699216	0.379215039	55.80221398	0.000931879	1	4.082697402	636.2881974	636.5817516			0	0	0	0	0.379215039	Subcritical	0.000699216
716	714.996	616103.656	3097289.759	632.205	5.067	0	Normal	0.023	1.001	50.95	1.996249296	10.11499519	1.116507175	5.037076051	634.2012493	635.4944264	0.004928607	1.138247267	36.25698674	-0.076158918	0	4.062887721	20.58665208	1.560448912	2.474904603	636.2678877	636.580077	0.000761436	0.392018488	54.67449032	-2.50317E-05	1	4.062887721	636.2678877	636.580077			0	0	0	0	0.392018488	Subcritical	0.000761436
717	715.996	616103.182	3097288.879	632.2045	5.067	0	Normal	0.411	1	50.95	1.996249296	10.11499519	1.116507175	5.037076051	634.2007493	635.4939264	0.004928607	1.138247267	36.25698674	-0.005314433	0	4.062285346	20.58359985	1.560360046	2.475271593	636.2667853	636.5790672	0.00076172	0.392105687	54.66399639	0.000702859	1	4.062285346	636.2667853	636.5790672			0	0	0	0	0.392105687	Subcritical	0.00076172
718	716.996	616102.714	3097287.995	632.204	5.067	0	Normal	0.563	1	50.95	1.996249296	10.11499519	1.116507175	5.037076051	634.2002493	635.4934264	0.004928607	1.138247267	36.25698674	-0.005642038	0	4.062451367	20.58444108	1.56038454	2.475170436	636.2664514	636.5787077	0.000761641	0.392081651	54.66688838	0.000958586	1	4.062451367	636.2664514	636.5787077			0	0	0	0	0.392081651	Subcritical	0.000761641
719	717.996	616102.255	3097287.107	632.2035	5.067	0	Normal	0.539	1	50.95	1.996249296	10.11499519	1.116507175	5.037076051	634.1997493	635.4929264	0.004928607	1.138247267	36.25698674	-0.005590311	0	4.06291813	20.58680617	1.560453398	2.474886079	636.2664181	636.5786027	0.000761422	0.392014087	54.67502014	2.9324E-05	1	4.06291813	636.2664181	636.5786027			0	0	0	0	0.392014087	Subcritical	0.000761422
720	718.996	616101.804	3097286.214	632.203	5.067	0	Normal	0.564	1	50.95	1.996249296	10.11499519	1.116507175	5.037076051	634.1992493	635.4924264	0.004928607	1.138247267	36.25698674	-0.005644193	0	4.062285346	20.58359985	1.560360046	2.475271593	636.2652853	636.5775672	0.00076172	0.392105687	54.66399639	0.000729203	1	4.062285346	636.2652853	636.5775672			0	0	0	0	0.392105687	Subcritical	0.00076172
721	719.996	616101.362	3097285.317	632.2025	5.067	0	Normal	0.616	1	50.95	1.996249296	10.11499519	1.116507175	5.037076051	634.1987493	635.4919264	0.004928607	1.138247267	36.25698674	-0.005756269	0	4.062449976	20.58443403	1.560384335	2.475171284	636.26495	636.5772065	0.000761642	0.392081852	54.66686415	0.000950555	1	4.062449976	636.26495	636.5772065			0	0	0	0	0.392081852	Subcritical	0.000761642
722	720.995	616100.93	3097284.416	632.202	5.067	0	Normal	0.537	0.999	50.95	1.996249296	10.11499519	1.116507175	5.037076051	634.1982493	635.4914264	0.004928607	1.138247267	36.25698674	-0.005581072	0	4.062909758	20.58676374	1.560452163	2.474891179	636.2649098	636.5770956	0.000761426	0.392015299	54.67487427	6.41092E-05	1	4.062909758	636.2649098	636.5770956			0	0	0	0	0.392015299	Subcritical	0.000761426
723	721.996	616100.506	3097283.51	632.2015	5.067	0	Normal	0.616	1.001	50.95	1.996249296	10.11499519	1.116507175	5.037076051	634.1977493	635.4909264	0.004928607	1.138247267	36.25698674	-0.005761197	0	4.062285346	20.58359985	1.560360046	2.475271593	636.2637853	636.5760672	0.00076172	0.392105687	54.66399639	0.00068121	1	4.062285346	636.2637853	636.5760672			0	0	0	0	0.392105687	Subcritical	0.00076172
724	722.995	616100.092	3097282.6	632.201	5.067	0	Normal	0.512	0.999	50.95	1.996249296	10.11499519	1.116507175	5.037076051	634.1972493	635.4904264	0.004928607	1.138247267	36.25698674	-0.005527189	0	4.062457707	20.5844732	1.560385475	2.475166573	636.2634577	636.575713	0.000761638	0.392080733	54.66699883	0.00099519	1	4.062457707	636.2634577	636.575713			0	0	0	0	0.392080733	Subcritical	0.000761638
725	723.995	616099.686	3097281.686	632.2005	5.067	0	Normal	0.639	1	50.95	1.996249296	10.11499519	1.116507175	5.037076051	634.1967493	635.4899264	0.004928607	1.138247267	36.25698674	-0.00580584	0	4.06290717	20.58675063	1.560451781	2.474892756	636.2634072	636.5755934	0.000761427	0.392015673	54.67482918	2.77452E-05	1	4.06290717	636.2634072	636.5755934			0	0	0	0	0.392015673	Subcritical	0.000761427
726	724.996	616099.29	3097280.767	632.2	5.067	0	Normal	0.542	1.001	50.95	1.996249296	10.11499519	1.116507175	5.037076051	634.1962493	635.4894264	0.004928607	1.138247267	36.25698674	-0.005601705	0	4.062285346	20.58359985	1.560360046	2.475271593	636.2622853	636.5745672	0.00076172	0.392105687	54.66399639	0.000706353	1	4.062285346	636.2622853	636.5745672			0	0	0	0	0.392105687	Subcritical	0.00076172
727	725.996	616098.903	3097279.845	632.1995	5.067	0	Normal	0.564	1	50.95	1.996249296	10.11499519	1.116507175	5.037076051	634.1957493	635.4889264	0.004928607	1.138247267	36.25698674	-0.005644193	0	4.0624547	20.58445796	1.560385031	2.475168406	636.2619547	636.5742105	0.00076164	0.392081168	54.66694644	0.000977829	1	4.0624547	636.2619547	636.5742105			0	0	0	0	0.392081168	Subcritical	0.00076164
728	726.996	616098.525	3097278.919	632.199	5.067	0	Normal	0.596	1	50.95	1.996249296	10.11499519	1.116507175	5.037076051	634.1952493	635.4884264	0.004928607	1.138247267	36.25698674	-0.005713163	0	4.062909785	20.58676388	1.560452167	2.474891163	636.2619098	636.5740956	0.000761426	0.392015295	54.67487474	3.62607E-05	1	4.062909785	636.2619098	636.5740956			0	0	0	0	0.392015295	Subcritical	0.000761426
729	727.996	616098.157	3097277.99	632.1985	5.067	0	Normal	0.564	1	50.95	1.996249296	10.11499519	1.116507175	5.037076051	634.1947493	635.4879264	0.004928607	1.138247267	36.25698674	-0.005644193	0	4.062285346	20.58359985	1.560360046	2.475271593	636.2607853	636.5730672	0.00076172	0.392105687	54.66399639	0.000706927	1	4.062285346	636.2607853	636.5730672			0	0	0	0	0.392105687	Subcritical	0.00076172
730	728.995	616097.798	3097277.057	632.198	5.067	0	Normal	0.563	0.999	50.95	1.996249296	10.11499519	1.116507175	5.037076051	634.1942493	635.4874264	0.004928607	1.138247267	36.25698674	-0.005637109	0	4.06245678	20.5844685	1.560385338	2.475167138	636.2604568	636.5727123	0.000761639	0.392080867	54.66698268	0.000989839	1	4.06245678	636.2604568	636.5727123			0	0	0	0	0.392080867	Subcritical	0.000761639
731	729.995	616097.448	3097276.12	632.1975	5.067	0	Normal	0.617	1	50.95	1.996249296	10.11499519	1.116507175	5.037076051	634.1937493	635.4869264	0.004928607	1.138247267	36.25698674	-0.005758424	0	4.062913078	20.58678057	1.560452652	2.474889157	636.2604131	636.5725984	0.000761424	0.392014818	54.67493212	-1.46393E-05	1	4.062913078	636.2604131	636.5725984			0	0	0	0	0.392014818	Subcritical	0.000761424
732	730.996	616097.108	3097275.179	632.197	5.067	0	Normal	0.47	1.001	50.95	1.996249296	10.11499519	1.116507175	5.037076051	634.1932493	635.4864264	0.004928607	1.138247267	36.25698674	-0.005446524	0	4.062285346	20.58359985	1.560360046	2.475271593	636.2592853	636.5715672	0.00076172	0.392105687	54.66399639	0.000610955	1	4.062285346	636.2592853	636.5715672			0	0	0	0	0.392105687	Subcritical	0.00076172
733	731.996	616096.776	3097274.236	632.1965	5.067	0	Normal	0.671	1	50.95	1.996249296	10.11499519	1.116507175	5.037076051	634.1927493	635.4859264	0.004928607	1.138247267	36.25698674	-0.00587481	0	4.062285346	20.58359985	1.560360046	2.475271593	636.2587853	636.5710672	0.00076172	0.392105687	54.66399639	0.000991755	1	4.062285346	636.2587853	636.5710672			0	0	0	0	0.392105687	Subcritical	0.00076172
734	732.996	616096.455	3097273.289	632.196	5.067	0	Normal	0.544	1	50.95	1.996249296	10.11499519	1.116507175	5.037076051	634.1922493	635.4854264	0.004928607	1.138247267	36.25698674	-0.005601087	0	4.062786264	20.586138	1.560433945	2.474966407	636.2587863	636.5709911	0.000761484	0.392033173	54.67272268	0.000892729	1	4.062786264	636.2587863	636.5709911			0	0	0	0	0.392033173	Subcritical	0.000761484
735	733.996	616096.143	3097272.339	632.1955	5.067	0	Normal	0.544	1	50.95	1.996249296	10.11499519	1.116507175	5.037076051	634.1917493	635.4849264	0.004928607	1.138247267	36.25698674	-0.005601087	0	4.063176514	20.58811539	1.560491511	2.474728698	636.2586765	636.5708214	0.0007613	0.391976694	54.67952221	-0.000167751	1	4.063176514	636.2586765	636.5708214			0	0	0	0	0.391976694	Subcritical	0.0007613
736	734.996	616095.84	3097271.386	632.195	5.067	0	Normal	0.598	1	50.95	1.996249296	10.11499519	1.116507175	5.037076051	634.1912493	635.4844264	0.004928607	1.138247267	36.25698674	-0.005717473	0	4.062285346	20.58359985	1.560360046	2.475271593	636.2572853	636.5695672	0.00076172	0.392105687	54.66399639	0.000717003	1	4.062285346	636.2572853	636.5695672			0	0	0	0	0.392105687	Subcritical	0.00076172
737	735.995	616095.547	3097270.43	632.1945	5.067	0	Normal	0.598	0.999	50.95	1.996249296	10.11499519	1.116507175	5.037076051	634.1907493	635.4839264	0.004928607	1.138247267	36.25698674	-0.005712545	0	4.062447656	20.58442227	1.560383992	2.475172697	636.2569477	636.5692045	0.000761643	0.392082188	54.66682374	0.000937162	1	4.062447656	636.2569477	636.5692045			0	0	0	0	0.392082188	Subcritical	0.000761643
738	736.995	616095.264	3097269.471	632.194	5.067	0	Normal	0.543	1	50.95	1.996249296	10.11499519	1.116507175	5.037076051	634.1902493	635.4834264	0.004928607	1.138247267	36.25698674	-0.005598932	0	4.062888072	20.58665386	1.560448964	2.474904389	636.2568881	636.5690773	0.000761436	0.392018437	54.67449643	7.27658E-05	1	4.062888072	636.2568881	636.5690773			0	0	0	0	0.392018437	Subcritical	0.000761436
739	737.996	616094.99	3097268.509	632.1935	5.067	0	Normal	0.598	1.001	50.95	1.996249296	10.11499519	1.116507175	5.037076051	634.1897493	635.4829264	0.004928607	1.138247267	36.25698674	-0.005722402	0	4.062285346	20.58359985	1.560360046	2.475271593	636.2557853	636.5680672	0.00076172	0.392105687	54.66399639	0.000686308	1	4.062285346	636.2557853	636.5680672			0	0	0	0	0.392105687	Subcritical	0.00076172
740	738.996	616094.726	3097267.544	632.193	5.067	0	Normal	0.528	1	50.95	1.996249296	10.11499519	1.116507175	5.037076051	634.1892493	635.4824264	0.004928607	1.138247267	36.25698674	-0.005566603	0	4.062453233	20.58445053	1.560384815	2.475169299	636.2554532	636.5677093	0.000761641	0.392081381	54.6669209	0.000969362	1	4.062453233	636.2554532	636.5677093			0	0	0	0	0.392081381	Subcritical	0.000761641
741	739.996	616094.471	3097266.577	632.1925	5.067	0	Normal	0.584	1	50.95	1.996249296	10.11499519	1.116507175	5.037076051	634.1887493	635.4819264	0.004928607	1.138247267	36.25698674	-0.005687299	0	4.062905827	20.58674383	1.560451583	2.474893574	636.2554058	636.5675923	0.000761427	0.392015868	54.67480579	5.72461E-05	1	4.062905827	636.2554058	636.5675923			0	0	0	0	0.392015868	Subcritical	0.000761427
742	740.996	616094.226	3097265.608	632.192	5.067	0	Normal	0.598	1	50.95	1.996249296	10.11499519	1.116507175	5.037076051	634.1882493	635.4814264	0.004928607	1.138247267	36.25698674	-0.005717473	0	4.062285346	20.58359985	1.560360046	2.475271593	636.2542853	636.5665672	0.00076172	0.392105687	54.66399639	0.0007131	1	4.062285346	636.2542853	636.5665672			0	0	0	0	0.392105687	Subcritical	0.00076172
743	741.996	616093.991	3097264.636	632.1915	5.067	0	Normal	0.584	1	50.95	1.996249296	10.11499519	1.116507175	5.037076051	634.1877493	635.4809264	0.004928607	1.138247267	36.25698674	-0.005687299	0	4.062450595	20.58443717	1.560384426	2.475170906	636.2539506	636.566207	0.000761642	0.392081762	54.66687494	0.000954132	1	4.062450595	636.2539506	636.566207			0	0	0	0	0.392081762	Subcritical	0.000761642
744	742.995	616093.766	3097263.662	632.191	5.067	0	Normal	0.541	0.999	50.95	1.996249296	10.11499519	1.116507175	5.037076051	634.1872493	635.4804264	0.004928607	1.138247267	36.25698674	-0.005589693	0	4.062912053	20.58677537	1.560452501	2.474889781	636.2539121	636.5660975	0.000761424	0.392014967	54.67491425	3.93009E-05	1	4.062912053	636.2539121	636.5660975			0	0	0	0	0.392014967	Subcritical	0.000761424
745	743.996	616093.55	3097262.685	632.1905	5.067	0	Normal	0.572	1.001	50.95	1.996249296	10.11499519	1.116507175	5.037076051	634.1867493	635.4799264	0.004928607	1.138247267	36.25698674	-0.005666364	0	4.062285346	20.58359985	1.560360046	2.475271593	636.2527853	636.5650672	0.00076172	0.392105687	54.66399639	0.000721981	1	4.062285346	636.2527853	636.5650672			0	0	0	0	0.392105687	Subcritical	0.00076172
746	744.995	616093.344	3097261.707	632.19	5.067	0	Normal	0.596	0.999	50.95	1.996249296	10.11499519	1.116507175	5.037076051	634.1862493	635.4794264	0.004928607	1.138247267	36.25698674	-0.005708234	0	4.062454403	20.58445646	1.560384988	2.475168587	636.2524544	636.5647102	0.00076164	0.392081211	54.66694127	0.000420204	1	4.062454403	636.2524544	636.5647102			0	0	0	0	0.392081211	Subcritical	0.00076164
747	745.996	616093.148	3097260.726	632.1895	5.067	0	Normal	0.573	1.001	50.95	1.996249296	10.11499519	1.116507175	5.037076051	634.1857493	635.4789264	0.004928607	1.138247267	36.25698674	-0.00566852	0	4.062285346	20.58359985	1.560360046	2.475271593	636.2517853	636.5640672	0.00076172	0.392105687	54.66399639	0.000679102	1	4.062285346	636.2517853	636.5640672			0	0	0	0	0.392105687	Subcritical	0.00076172
748	746.995	616092.962	3097259.744	632.189	5.067	0	Normal	0.538	0.999	50.95	1.996249296	10.11499519	1.116507175	5.037076051	634.1852493	635.4784264	0.004928607	1.138247267	36.25698674	-0.005583227	0	4.062440176	20.58438437	1.560382889	2.475177254	636.2514402	636.5636982	0.000761647	0.392083271	54.66669345	0.000893971	1	4.062440176	636.2514402	636.5636982			0	0	0	0	0.392083271	Subcritical	0.000761647
749	747.996	616092.785	3097258.759	632.1885	5.067	0	Normal	0.631	1.001	50.95	1.996249296	10.11499519	1.116507175	5.037076051	634.1847493	635.4779264	0.004928607	1.138247267	36.25698674	-0.005793527	0	4.062779991	20.58610621	1.56043302	2.474970229	636.25128	636.5634858	0.000761487	0.392034081	54.67261338	0.000882103	1	4.062779991	636.25128	636.5634858			0	0	0	0	0.392034081	Subcritical	0.000761487
750	748.996	616092.619	3097257.773	632.188	5.067	0	Normal	0.518	1	50.95	1.996249296	10.11499519	1.116507175	5.037076051	634.1842493	635.4774264	0.004928607	1.138247267	36.25698674	-0.00554505	0	4.06317349	20.58810007	1.560491065	2.474730539	636.2511735	636.5633188	0.000761301	0.391977132	54.67946952	-0.000169121	1	4.06317349	636.2511735	636.5633188			0	0	0	0	0.391977132	Subcritical	0.000761301
751	749.995	616092.462	3097256.786	632.1875	5.067	0	Normal	0.592	0.999	50.95	1.996249296	10.11499519	1.116507175	5.037076051	634.1837493	635.4769264	0.004928607	1.138247267	36.25698674	-0.005699613	0	4.062285346	20.58359985	1.560360046	2.475271593	636.2497853	636.5620672	0.00076172	0.392105687	54.66399639	0.000705823	1	4.062285346	636.2497853	636.5620672			0	0	0	0	0.392105687	Subcritical	0.00076172
752	750.996	616092.315	3097255.796	632.187	5.067	0	Normal	0.567	1.001	50.95	1.996249296	10.11499519	1.116507175	5.037076051	634.1832493	635.4764264	0.004928607	1.138247267	36.25698674	-0.005655588	0	4.062451502	20.58444176	1.56038456	2.475170354	636.2494515	636.5617078	0.000761641	0.392081631	54.66689074	0.000959368	1	4.062451502	636.2494515	636.5617078			0	0	0	0	0.392081631	Subcritical	0.000761641
753	751.996	616092.178	3097254.806	632.1865	5.067	0	Normal	0.583	1	50.95	1.996249296	10.11499519	1.116507175	5.037076051	634.1827493	635.4759264	0.004928607	1.138247267	36.25698674	-0.005685144	0	4.062893477	20.58668125	1.560449761	2.474901097	636.2493935	636.5615818	0.000761433	0.392017655	54.6745906	5.60616E-05	1	4.062893477	636.2493935	636.5615818			0	0	0	0	0.392017655	Subcritical	0.000761433
754	752.996	616092.051	3097253.814	632.186	5.067	0	Normal	0.576	1	50.95	1.996249296	10.11499519	1.116507175	5.037076051	634.1822493	635.4754264	0.004928607	1.138247267	36.25698674	-0.005670057	0	4.062285346	20.58359985	1.560360046	2.475271593	636.2482853	636.5605672	0.00076172	0.392105687	54.66399639	-0.000946183	1	4.062285346	636.2482853	636.5605672			0	0	0	0	0.392105687	Subcritical	0.00076172
755	753.995	616091.934	3097252.821	632.1855	5.067	0	Normal	0.576	0.999	50.95	1.996249296	10.11499519	1.116507175	5.037076051	634.1817493	635.4749264	0.004928607	1.138247267	36.25698674	-0.005665128	0	4.060470601	20.57440454	1.560092225	2.476377866	636.2459706	636.5585316	0.000762575	0.392368582	54.63239637	-0.000991901	1	4.060470601	636.2459706	636.5585316			0	0	0	0	0.392368582	Subcritical	0.000762575
756	754.995	616091.827	3097251.827	632.185	5.067	0	Normal	0.582	1	50.95	1.996249296	10.11499519	1.116507175	5.037076051	634.1812493	635.4744264	0.004928607	1.138247267	36.25698674	-0.005682989	0	4.058594238	20.56489701	1.559815156	2.477522741	636.2435942	636.5564443	0.000763461	0.392640712	54.59974636	-0.000928722	1	4.058594238	636.2435942	636.5564443			0	0	0	0	0.392640712	Subcritical	0.000763461
757	755.996	616091.73	3097250.831	632.1845	5.067	0	Normal	0.57	1.001	50.95	1.996249296	10.11499519	1.116507175	5.037076051	634.1807493	635.4739264	0.004928607	1.138247267	36.25698674	-0.005662054	0	4.056798701	20.55579902	1.559549874	2.478619292	636.2412987	636.5544258	0.00076431	0.392901415	54.56852461	-0.000986414	1	4.056798701	636.2412987	636.5544258			0	0	0	0	0.392901415	Subcritical	0.00076431
758	756.996	616091.643	3097249.835	632.184	5.067	0	Normal	0.519	1	50.95	1.996249296	10.11499519	1.116507175	5.037076051	634.1802493	635.4734264	0.004928607	1.138247267	36.25698674	-0.005547205	0	4.054964822	20.54650675	1.559278778	2.47974026	636.2389648	636.5523752	0.000765179	0.393167983	54.53665823	-0.000959431	1	4.054964822	636.2389648	636.5523752			0	0	0	0	0.393167983	Subcritical	0.000765179
759	757.996	616091.565	3097248.838	632.1835	5.067	0	Normal	0.633	1	50.95	1.996249296	10.11499519	1.116507175	5.037076051	634.1797493	635.4729264	0.004928607	1.138247267	36.25698674	-0.005792909	0	4.053089757	20.5370058	1.559001438	2.480887452	636.2365898	636.5502902	0.000766069	0.393440849	54.50409927	-0.0009179	1	4.053089757	636.2365898	636.5502902			0	0	0	0	0.393440849	Subcritical	0.000766069
760	758.996	616091.498	3097247.84	632.183	5.183	0	Normal	0.572	1	50.95	1.996249296	10.3465601	1.127629196	4.924341954	634.1792493	635.4151893	0.004648618	1.112772314	35.90261258	0.034544513	0	4.062302524	21.05491398	1.582171541	2.419862653	636.2453025	636.54376	0.000714649	0.383327593	55.33370717	-0.000910162	1	4.062302524	636.2453025	636.54376			0	0	0	0	0.383327593	Subcritical	0.000714649
761	759.996	616091.441	3097246.842	632.1825	5.2	0	Normal	0.518	1	50.95	1.996249296	10.38049634	1.129235565	4.908243144	634.1787493	635.4066214	0.004609515	1.109134404	35.85287311	0.000451461	1	4.062285346	21.1238838	1.585333163	2.411961762	636.2447853	636.541297	0.000708102	0.38207683	55.43257918	0.000899945	1	4.062285346	636.2447853	636.541297			0	0	0	0	0.38207683	Subcritical	0.000708102
762	760.996	616091.393	3097245.843	632.182	5.2	0	Normal	0.343	1	50.95	2.138967704	11.12263206	1.173529	4.580750286	634.3209677	635.3904516	0.003814146	1	35.68642616	-0.036260393	1	4.062867264	21.12690977	1.585421781	2.411616301	636.2448673	636.541294	0.000707847	0.381994746	55.4430782	0.000920924	1	4.062867264	636.2448673	636.541294			0	0	0	0	0.381994746	Subcritical	0.000707847
763	761.996	616091.351	3097244.844	632.1815	5.2	0	Normal	0	1	50.95	2.138967704	11.12263206	1.173529	4.580750286	634.3204677	635.3899516	0.003814146	1	35.68642616	-0.003314146	1	4.063661632	21.13104049	1.585542728	2.411144876	636.2451616	636.5414725	0.000707498	0.381882743	55.45741396	-0.000919424	1	4.063661632	636.2451616	636.5414725			0	0	0	0	0.381882743	Subcritical	0.000707498
764	762.996	616091.309	3097243.845	632.181	5.2	0	Normal	0.057	1	50.95	2.138967704	11.12263206	1.173529	4.580750286	634.3199677	635.3894516	0.003814146	1	35.68642616	-0.003415747	1	4.062285346	21.1238838	1.585333163	2.411961762	636.2432853	636.539797	0.000708102	0.38207683	55.43257918	0.000747959	1	4.062285346	636.2432853	636.539797			0	0	0	0	0.38207683	Subcritical	0.000708102
765	763.996	616091.266	3097242.846	632.1805	5.2	0	Normal	0.057	1	50.95	2.138967704	11.12263206	1.173529	4.580750286	634.3194677	635.3889516	0.003814146	1	35.68642616	-0.003415747	1	4.062855401	21.12684808	1.585419975	2.411623343	636.2433554	636.5397839	0.000707852	0.38199642	55.44286414	0.000901301	1	4.062855401	636.2433554	636.5397839			0	0	0	0	0.38199642	Subcritical	0.000707852
766	764.995	616091.224	3097241.847	632.18	5.2	0	Normal	0	0.999	50.95	2.138967704	11.12263206	1.173529	4.580750286	634.3189677	635.3884516	0.003814146	1	35.68642616	-0.003310332	1	4.063628692	21.1308692	1.585537713	2.411164421	636.2436287	636.5399444	0.000707512	0.381887386	55.45681942	-0.00091993	1	4.063628692	636.2436287	636.5399444			0	0	0	0	0.381887386	Subcritical	0.000707512
767	765.995	616091.182	3097240.848	632.1795	5.2	0	Normal	0	1	50.95	2.138967704	11.12263206	1.173529	4.580750286	634.3184677	635.3879516	0.003814146	1	35.68642616	-0.003314146	1	4.062285346	21.1238838	1.585333163	2.411961762	636.2417853	636.538297	0.000708102	0.38207683	55.43257918	0.000757035	1	4.062285346	636.2417853	636.538297			0	0	0	0	0.38207683	Subcritical	0.000708102
768	766.995	616091.14	3097239.849	632.179	5.2	0	Normal	0.055	1	50.95	2.138967704	11.12263206	1.173529	4.580750286	634.3179677	635.3874516	0.003814146	1	35.68642616	-0.003412182	1	4.062866612	21.12690638	1.585421682	2.411616688	636.2418666	636.5382935	0.000707847	0.381994838	55.44306644	0.00091982	1	4.062866612	636.2418666	636.5382935			0	0	0	0	0.381994838	Subcritical	0.000707847
769	767.996	616091.097	3097238.849	632.1785	5.2	0	Normal	0.055	1.001	50.95	2.138967704	11.12263206	1.173529	4.580750286	634.3174677	635.3869516	0.003814146	1	35.68642616	-0.003415996	1	4.063628692	21.1308692	1.585537713	2.411164421	636.2421287	636.5384444	0.000707512	0.381887386	55.45681942	-0.00091993	1	4.063628692	636.2421287	636.5384444			0	0	0	0	0.381887386	Subcritical	0.000707512
770	768.996	616091.055	3097237.85	632.178	5.2	0	Normal	0	1	50.95	2.138967704	11.12263206	1.173529	4.580750286	634.3169677	635.3864516	0.003814146	1	35.68642616	-0.003314146	1	4.062285346	21.1238838	1.585333163	2.411961762	636.2402853	636.536797	0.000708102	0.38207683	55.43257918	0.000740353	1	4.062285346	636.2402853	636.536797			0	0	0	0	0.38207683	Subcritical	0.000708102
771	769.996	616091.013	3097236.851	632.1775	5.2	0	Normal	0	1	50.95	2.138967704	11.12263206	1.173529	4.580750286	634.3164677	635.3859516	0.003814146	1	35.68642616	-0.003314146	1	4.062878307	21.1269672	1.585423463	2.411609746	636.2403783	636.5368035	0.000707842	0.381993189	55.44327747	0.000939167	1	4.062878307	636.2403783	636.5368035			0	0	0	0	0.381993189	Subcritical	0.000707842
772	770.996	616090.971	3097235.852	632.177	5.2	0	Normal	0.057	1	50.95	2.138967704	11.12263206	1.173529	4.580750286	634.3159677	635.3854516	0.003814146	1	35.68642616	-0.003415747	1	4.063661632	21.13104049	1.585542728	2.411144876	636.2406616	636.5369725	0.000707498	0.381882743	55.45741396	-0.000919424	1	4.063661632	636.2406616	636.5369725			0	0	0	0	0.381882743	Subcritical	0.000707498
773	771.996	616090.928	3097234.853	632.1765	5.2	0	Normal	0.057	1	50.95	2.138967704	11.12263206	1.173529	4.580750286	634.3154677	635.3849516	0.003814146	1	35.68642616	-0.003415747	1	4.062285346	21.1238838	1.585333163	2.411961762	636.2387853	636.535297	0.000708102	0.38207683	55.43257918	0.00073019	1	4.062285346	636.2387853	636.535297			0	0	0	0	0.38207683	Subcritical	0.000708102
774	772.996	616090.886	3097233.854	632.176	5.2	0	Normal	0	1	50.95	2.138967704	11.12263206	1.173529	4.580750286	634.3149677	635.3844516	0.003814146	1	35.68642616	-0.003314146	1	4.062866986	21.12690833	1.585421739	2.411616466	636.238867	636.5352938	0.000707847	0.381994786	55.44307319	0.000920466	1	4.062866986	636.238867	636.5352938			0	0	0	0	0.381994786	Subcritical	0.000707847
775	773.995	616090.844	3097232.855	632.1755	5.2	0	Normal	0	0.999	50.95	2.138967704	11.12263206	1.173529	4.580750286	634.3144677	635.3839516	0.003814146	1	35.68642616	-0.003310332	1	4.063661632	21.13104049	1.585542728	2.411144876	636.2391616	636.5354725	0.000707498	0.381882743	55.45741396	-0.000919424	1	4.063661632	636.2391616	636.5354725			0	0	0	0	0.381882743	Subcritical	0.000707498
776	774.995	616090.802	3097231.856	632.175	5.2	0	Normal	0.057	1	50.95	2.138967704	11.12263206	1.173529	4.580750286	634.3139677	635.3834516	0.003814146	1	35.68642616	-0.003415747	1	4.062285346	21.1238838	1.585333163	2.411961762	636.2372853	636.533797	0.000708102	0.38207683	55.43257918	0.000760688	1	4.062285346	636.2372853	636.533797			0	0	0	0	0.38207683	Subcritical	0.000708102
777	775.995	616090.759	3097230.857	632.1745	5.2	0	Normal	0.06	1	50.95	2.138967704	11.12263206	1.173529	4.580750286	634.3134677	635.3829516	0.003814146	1	35.68642616	-0.003421094	1	4.062867929	21.12691323	1.585421883	2.411615907	636.2373679	636.5337946	0.000707846	0.381994653	55.4430902	0.000922023	1	4.062867929	636.2373679	636.5337946			0	0	0	0	0.381994653	Subcritical	0.000707846
778	776.996	616090.717	3097229.857	632.174	5.2	0	Normal	0.002	1.001	50.95	2.138967704	11.12263206	1.173529	4.580750286	634.3129677	635.3824516	0.003814146	1	35.68642616	-0.003321525	1	4.063661632	21.13104049	1.585542728	2.411144876	636.2376616	636.5339725	0.000707498	0.381882743	55.45741396	-0.000919424	1	4.063661632	636.2376616	636.5339725			0	0	0	0	0.381882743	Subcritical	0.000707498
779	777.996	616090.675	3097228.858	632.1735	5.2	0	Normal	0.057	1	50.95	2.138967704	11.12263206	1.173529	4.580750286	634.3124677	635.3819516	0.003814146	1	35.68642616	-0.003415747	1	4.062285346	21.1238838	1.585333163	2.411961762	636.2357853	636.532297	0.000708102	0.38207683	55.43257918	0.000748208	1	4.062285346	636.2357853	636.532297			0	0	0	0	0.38207683	Subcritical	0.000708102
780	778.996	616090.632	3097227.859	632.173	5.2	0	Normal	0.057	1	50.95	2.138967704	11.12263206	1.173529	4.580750286	634.3119677	635.3814516	0.003814146	1	35.68642616	-0.003415747	1	4.062855678	21.12684953	1.585420017	2.411623178	636.2358557	636.5322841	0.000707852	0.38199638	55.44286915	0.00090176	1	4.062855678	636.2358557	636.5322841			0	0	0	0	0.38199638	Subcritical	0.000707852
781	779.996	616090.59	3097226.86	632.1725	5.2	0	Normal	0	1	50.95	2.138967704	11.12263206	1.173529	4.580750286	634.3114677	635.3809516	0.003814146	1	35.68642616	-0.003314146	1	4.063628692	21.1308692	1.585537713	2.411164421	636.2361287	636.5324444	0.000707512	0.381887386	55.45681942	-0.00091993	1	4.063628692	636.2361287	636.5324444			0	0	0	0	0.381887386	Subcritical	0.000707512
782	780.996	616090.548	3097225.861	632.172	5.2	0	Normal	0	1	50.95	2.138967704	11.12263206	1.173529	4.580750286	634.3109677	635.3804516	0.003814146	1	35.68642616	-0.003314146	1	4.062285346	21.1238838	1.585333163	2.411961762	636.2342853	636.530797	0.000708102	0.38207683	55.43257918	0.000757873	1	4.062285346	636.2342853	636.530797			0	0	0	0	0.38207683	Subcritical	0.000708102
783	781.996	616090.506	3097224.862	632.1715	5.2	0	Normal	0.057	1	50.95	2.138967704	11.12263206	1.173529	4.580750286	634.3104677	635.3799516	0.003814146	1	35.68642616	-0.003415747	1	4.062866444	21.12690551	1.585421656	2.411616788	636.2343664	636.5307933	0.000707847	0.381994862	55.44306342	0.000919544	1	4.062866444	636.2343664	636.5307933			0	0	0	0	0.381994862	Subcritical	0.000707847
784	782.995	616090.463	3097223.863	632.171	5.2	0	Normal	0.057	0.999	50.95	2.138967704	11.12263206	1.173529	4.580750286	634.3099677	635.3794516	0.003814146	1	35.68642616	-0.003411933	1	4.063628692	21.1308692	1.585537713	2.411164421	636.2346287	636.5309444	0.000707512	0.381887386	55.45681942	-0.00091993	1	4.063628692	636.2346287	636.5309444			0	0	0	0	0.381887386	Subcritical	0.000707512
785	783.995	616090.421	3097222.864	632.1705	5.2	0	Normal	0	1	50.95	2.138967704	11.12263206	1.173529	4.580750286	634.3094677	635.3789516	0.003814146	1	35.68642616	-0.003314146	1	4.062285346	21.1238838	1.585333163	2.411961762	636.2327853	636.529297	0.000708102	0.38207683	55.43257918	0.000739901	1	4.062285346	636.2327853	636.529297			0	0	0	0	0.38207683	Subcritical	0.000708102
786	784.995	616090.379	3097221.865	632.17	5.2	0	Normal	0	1	50.95	2.138967704	11.12263206	1.173529	4.580750286	634.3089677	635.3784516	0.003814146	1	35.68642616	-0.003314146	1	4.062877804	21.12696458	1.585423386	2.411610045	636.2328778	636.529303	0.000707842	0.38199326	55.44326839	0.000938335	1	4.062877804	636.2328778	636.529303			0	0	0	0	0.38199326	Subcritical	0.000707842
787	785.995	616090.337	3097220.866	632.1695	5.2	0	Normal	0.055	1	50.95	2.138967704	11.12263206	1.173529	4.580750286	634.3084677	635.3779516	0.003814146	1	35.68642616	-0.003412182	1	4.063661303	21.13103878	1.585542678	2.411145072	636.2331613	636.5294722	0.000707498	0.381882789	55.45740802	-0.000919428	1	4.063661303	636.2331613	636.5294722			0	0	0	0	0.381882789	Subcritical	0.000707498
788	786.996	616090.294	3097219.866	632.169	5.2	0	Normal	0.055	1.001	50.95	2.138967704	11.12263206	1.173529	4.580750286	634.3079677	635.3774516	0.003814146	1	35.68642616	-0.003415996	1	4.062285346	21.1238838	1.585333163	2.411961762	636.2312853	636.527797	0.000708102	0.38207683	55.43257918	0.00073044	1	4.062285346	636.2312853	636.527797			0	0	0	0	0.38207683	Subcritical	0.000708102
789	787.996	616090.252	3097218.867	632.1685	5.2	0	Normal	0	1	50.95	2.138967704	11.12263206	1.173529	4.580750286	634.3074677	635.3769516	0.003814146	1	35.68642616	-0.003314146	1	4.062867264	21.12690977	1.585421781	2.411616301	636.2313673	636.527794	0.000707847	0.381994746	55.4430782	0.000920924	1	4.062867264	636.2313673	636.527794			0	0	0	0	0.381994746	Subcritical	0.000707847
790	788.996	616090.21	3097217.868	632.168	5.2	0	Normal	0	1	50.95	2.138967704	11.12263206	1.173529	4.580750286	634.3069677	635.3764516	0.003814146	1	35.68642616	-0.003314146	1	4.063661632	21.13104049	1.585542728	2.411144876	636.2316616	636.5279725	0.000707498	0.381882743	55.45741396	-0.000919424	1	4.063661632	636.2316616	636.5279725			0	0	0	0	0.381882743	Subcritical	0.000707498
791	789.996	616090.168	3097216.869	632.1675	5.2	0	Normal	0.057	1	50.95	2.138967704	11.12263206	1.173529	4.580750286	634.3064677	635.3759516	0.003814146	1	35.68642616	-0.003415747	1	4.062285346	21.1238838	1.585333163	2.411961762	636.2297853	636.526297	0.000708102	0.38207683	55.43257918	0.000747947	1	4.062285346	636.2297853	636.526297			0	0	0	0	0.38207683	Subcritical	0.000708102
792	790.996	616090.125	3097215.87	632.167	5.2	0	Normal	0.057	1	50.95	2.138967704	11.12263206	1.173529	4.580750286	634.3059677	635.3754516	0.003814146	1	35.68642616	-0.003415747	1	4.062855387	21.12684801	1.585419973	2.411623351	636.2298554	636.5262839	0.000707852	0.381996421	55.4428639	0.000901278	1	4.062855387	636.2298554	636.5262839			0	0	0	0	0.381996421	Subcritical	0.000707852
793	791.996	616090.083	3097214.871	632.1665	5.2	0	Normal	0	1	50.95	2.138967704	11.12263206	1.173529	4.580750286	634.3054677	635.3749516	0.003814146	1	35.68642616	-0.003314146	1	4.063627866	21.1308649	1.585537588	2.411164911	636.2301279	636.5264437	0.000707513	0.381887503	55.4568045	-0.000919943	1	4.063627866	636.2301279	636.5264437			0	0	0	0	0.381887503	Subcritical	0.000707513
794	792.995	616090.041	3097213.872	632.166	5.2	0	Normal	0	0.999	50.95	2.138967704	11.12263206	1.173529	4.580750286	634.3049677	635.3744516	0.003814146	1	35.68642616	-0.003310332	1	4.062285346	21.1238838	1.585333163	2.411961762	636.2282853	636.524797	0.000708102	0.38207683	55.43257918	0.000759269	1	4.062285346	636.2282853	636.524797			0	0	0	0	0.38207683	Subcritical	0.000708102
795	793.995	616089.999	3097212.873	632.1655	5.2	0	Normal	0.057	1	50.95	2.138967704	11.12263206	1.173529	4.580750286	634.3044677	635.3739516	0.003814146	1	35.68642616	-0.003415747	1	4.062868	21.1269136	1.585421893	2.411615864	636.228368	636.5247947	0.000707846	0.381994643	55.44309149	0.000922116	1	4.062868	636.228368	636.5247947			0	0	0	0	0.381994643	Subcritical	0.000707846
796	794.995	616089.956	3097211.874	632.165	5.2	0	Normal	0.06	1	50.95	2.138967704	11.12263206	1.173529	4.580750286	634.3039677	635.3734516	0.003814146	1	35.68642616	-0.003421094	1	4.063630675	21.13087951	1.585538015	2.411163245	636.2286307	636.5249461	0.000707512	0.381887107	55.45685521	-0.000919899	1	4.063630675	636.2286307	636.5249461			0	0	0	0	0.381887107	Subcritical	0.000707512
797	795.996	616089.914	3097210.874	632.1645	5.2	0	Normal	0.002	1.001	50.95	2.138967704	11.12263206	1.173529	4.580750286	634.3034677	635.3729516	0.003814146	1	35.68642616	-0.003321525	1	4.062285346	21.1238838	1.585333163	2.411961762	636.2267853	636.523297	0.000708102	0.38207683	55.43257918	0.000740353	1	4.062285346	636.2267853	636.523297			0	0	0	0	0.38207683	Subcritical	0.000708102
798	796.996	616089.872	3097209.875	632.164	5.2	0	Normal	0	1	50.95	2.138967704	11.12263206	1.173529	4.580750286	634.3029677	635.3724516	0.003814146	1	35.68642616	-0.003314146	1	4.062878307	21.1269672	1.585423463	2.411609746	636.2268783	636.5233035	0.000707842	0.381993189	55.44327747	0.000939167	1	4.062878307	636.2268783	636.5233035			0	0	0	0	0.381993189	Subcritical	0.000707842
799	797.996	616089.83	3097208.876	632.1635	5.2	0	Normal	0.057	1	50.95	2.138967704	11.12263206	1.173529	4.580750286	634.3024677	635.3719516	0.003814146	1	35.68642616	-0.003415747	1	4.063661632	21.13104049	1.585542728	2.411144876	636.2271616	636.5234725	0.000707498	0.381882743	55.45741396	-0.000919424	1	4.063661632	636.2271616	636.5234725			0	0	0	0	0.381882743	Subcritical	0.000707498
800	798.996	616089.787	3097207.877	632.163	5.2	0	Normal	0.057	1	50.95	2.138967704	11.12263206	1.173529	4.580750286	634.3019677	635.3714516	0.003814146	1	35.68642616	-0.003415747	1	4.062285346	21.1238838	1.585333163	2.411961762	636.2252853	636.521797	0.000708102	0.38207683	55.43257918	0.000730179	1	4.062285346	636.2252853	636.521797			0	0	0	0	0.38207683	Subcritical	0.000708102
801	799.996	616089.745	3097206.878	632.1625	5.2	0	Normal	0	1	50.95	2.138967704	11.12263206	1.173529	4.580750286	634.3014677	635.3709516	0.003814146	1	35.68642616	-0.003314146	1	4.062866973	21.12690826	1.585421737	2.411616474	636.225367	636.5217938	0.000707847	0.381994787	55.44307296	0.000920443	1	4.062866973	636.225367	636.5217938			0	0	0	0	0.381994787	Subcritical	0.000707847
802	800.996	616089.703	3097205.879	632.162	5.2	0	Normal	0	1	50.95	2.138967704	11.12263206	1.173529	4.580750286	634.3009677	635.3704516	0.003814146	1	35.68642616	-0.003314146	1	4.063660805	21.13103619	1.585542602	2.411145367	636.2256608	636.5219718	0.000707498	0.381882859	55.45739904	-0.000919437	1	4.063660805	636.2256608	636.5219718			0	0	0	0	0.381882859	Subcritical	0.000707498
803	801.995	616089.661	3097204.88	632.1615	5.2	0	Normal	0.057	0.999	50.95	2.138967704	11.12263206	1.173529	4.580750286	634.3004677	635.3699516	0.003814146	1	35.68642616	-0.003411933	1	4.062285346	21.1238838	1.585333163	2.411961762	636.2237853	636.520297	0.000708102	0.38207683	55.43257918	0.000749182	1	4.062285346	636.2237853	636.520297			0	0	0	0	0.38207683	Subcritical	0.000708102
804	802.995	616089.618	3097203.881	632.161	5.2	0	Normal	0.057	1	50.95	2.138967704	11.12263206	1.173529	4.580750286	634.2999677	635.3694516	0.003814146	1	35.68642616	-0.003415747	1	4.062856763	21.12685517	1.585420182	2.411622534	636.2238568	636.5202851	0.000707851	0.381996227	55.44288872	-0.000270712	1	4.062856763	636.2238568	636.5202851			0	0	0	0	0.381996227	Subcritical	0.000707851
805	803.995	616089.576	3097202.882	632.1605	5.2	0	Normal	0.002	1	50.95	2.138967704	11.12263206	1.173529	4.580750286	634.2994677	635.3689516	0.003814146	1	35.68642616	-0.003317711	1	4.062285346	21.1238838	1.585333163	2.411961762	636.2227853	636.519297	0.000708102	0.38207683	55.43257918	0.000512247	1	4.062285346	636.2227853	636.519297			0	0	0	0	0.38207683	Subcritical	0.000708102
806	804.996	616089.534	3097201.882	632.16	5.2	0	Normal	0.002	1.001	50.95	2.138967704	11.12263206	1.173529	4.580750286	634.2989677	635.3684516	0.003814146	1	35.68642616	-0.003321525	1	4.062622296	21.12563594	1.585384478	2.411761717	636.2226223	636.5190848	0.000707954	0.382029297	55.43865819	0.000967236	1	4.062622296	636.2226223	636.5190848			0	0	0	0	0.382029297	Subcritical	0.000707954
807	805.996	616089.492	3097200.883	632.1598	5.2	0	Normal	0.057	1	50.95	2.138967704	11.12263206	1.173529	4.580750286	634.2987677	635.3682516	0.003814146	1	35.68642616	-0.003715747	1	4.063102578	21.12813341	1.585457612	2.411476633	636.2229026	636.519295	0.000707743	0.381961562	55.44732442	0.00090818	1	4.063102578	636.2229026	636.519295			0	0	0	0	0.381961562	Subcritical	0.000707743
808	806.996	616089.449	3097199.884	632.1595	5.2	0	Normal	0.057	1	50.95	2.138967704	11.12263206	1.173529	4.580750286	634.2984677	635.3679516	0.003814146	1	35.68642616	-0.003615747	1	4.063628692	21.1308692	1.585537713	2.411164421	636.2231287	636.5194444	0.000707512	0.381887386	55.45681942	-0.00091993	1	4.063628692	636.2231287	636.5194444			0	0	0	0	0.381887386	Subcritical	0.000707512
809	807.996	616089.407	3097198.885	632.159	5.2	0	Normal	0	1	50.95	2.138967704	11.12263206	1.173529	4.580750286	634.2979677	635.3674516	0.003814146	1	35.68642616	-0.003314146	1	4.062285346	21.1238838	1.585333163	2.411961762	636.2212853	636.517797	0.000708102	0.38207683	55.43257918	0.000757861	1	4.062285346	636.2212853	636.517797			0	0	0	0	0.38207683	Subcritical	0.000708102
810	808.996	616089.365	3097197.886	632.1585	5.2	0	Normal	0.057	1	50.95	2.138967704	11.12263206	1.173529	4.580750286	634.2974677	635.3669516	0.003814146	1	35.68642616	-0.003415747	1	4.062866431	21.12690544	1.585421654	2.411616796	636.2213664	636.5177933	0.000707847	0.381994864	55.44306318	0.000919521	1	4.062866431	636.2213664	636.5177933			0	0	0	0	0.381994864	Subcritical	0.000707847
811	809.996	616089.322	3097196.887	632.158	5.2	0	Normal	0.057	1	50.95	2.138967704	11.12263206	1.173529	4.580750286	634.2969677	635.3664516	0.003814146	1	35.68642616	-0.003415747	1	4.063627866	21.1308649	1.585537588	2.411164911	636.2216279	636.5179437	0.000707513	0.381887503	55.4568045	-0.000919943	1	4.063627866	636.2216279	636.5179437			0	0	0	0	0.381887503	Subcritical	0.000707513
812	810.995	616089.28	3097195.888	632.1575	5.2	0	Normal	0	0.999	50.95	2.138967704	11.12263206	1.173529	4.580750286	634.2964677	635.3659516	0.003814146	1	35.68642616	-0.003310332	1	4.062285346	21.1238838	1.585333163	2.411961762	636.2197853	636.516297	0.000708102	0.38207683	55.43257918	0.0007409	1	4.062285346	636.2197853	636.516297			0	0	0	0	0.38207683	Subcritical	0.000708102
813	811.995	616089.238	3097194.889	632.157	5.2	0	Normal	0	1	50.95	2.138967704	11.12263206	1.173529	4.580750286	634.2959677	635.3654516	0.003814146	1	35.68642616	-0.003314146	1	4.062878917	21.12697037	1.585423556	2.411609384	636.2198789	636.516304	0.000707842	0.381993103	55.44328848	0.000940175	1	4.062878917	636.2198789	636.516304			0	0	0	0	0.381993103	Subcritical	0.000707842
814	812.995	616089.196	3097193.89	632.1565	5.2	0	Normal	0.057	1	50.95	2.138967704	11.12263206	1.173529	4.580750286	634.2954677	635.3649516	0.003814146	1	35.68642616	-0.003415747	1	4.063663366	21.1310495	1.585542992	2.411143848	636.2201634	636.516474	0.000707497	0.381882499	55.45744525	-0.000919397	1	4.063663366	636.2201634	636.516474			0	0	0	0	0.381882499	Subcritical	0.000707497
815	813.995	616089.153	3097192.891	632.156	5.2	0	Normal	0.06	1	50.95	2.138967704	11.12263206	1.173529	4.580750286	634.2949677	635.3644516	0.003814146	1	35.68642616	-0.003421094	1	4.062285346	21.1238838	1.585333163	2.411961762	636.2182853	636.514797	0.000708102	0.38207683	55.43257918	0.000732136	1	4.062285346	636.2182853	636.514797			0	0	0	0	0.38207683	Subcritical	0.000708102
816	814.996	616089.111	3097191.891	632.1555	5.2	0	Normal	0.002	1.001	50.95	2.138967704	11.12263206	1.173529	4.580750286	634.2944677	635.3639516	0.003814146	1	35.68642616	-0.003321525	1	4.062867264	21.12690977	1.585421781	2.411616301	636.2183673	636.514794	0.000707847	0.381994746	55.4430782	0.000920924	1	4.062867264	636.2183673	636.514794			0	0	0	0	0.381994746	Subcritical	0.000707847
817	815.996	616089.069	3097190.892	632.155	5.2	0	Normal	0	1	50.95	2.138967704	11.12263206	1.173529	4.580750286	634.2939677	635.3634516	0.003814146	1	35.68642616	-0.003314146	1	4.063661632	21.13104049	1.585542728	2.411144876	636.2186616	636.5149725	0.000707498	0.381882743	55.45741396	-0.000919424	1	4.063661632	636.2186616	636.5149725			0	0	0	0	0.381882743	Subcritical	0.000707498
818	816.996	616089.027	3097189.893	632.1545	5.2	0	Normal	0.057	1	50.95	2.138967704	11.12263206	1.173529	4.580750286	634.2934677	635.3629516	0.003814146	1	35.68642616	-0.003415747	1	4.062285346	21.1238838	1.585333163	2.411961762	636.2167853	636.513297	0.000708102	0.38207683	55.43257918	0.000748208	1	4.062285346	636.2167853	636.513297			0	0	0	0	0.38207683	Subcritical	0.000708102
819	817.996	616088.984	3097188.894	632.154	5.2	0	Normal	0.057	1	50.95	2.138967704	11.12263206	1.173529	4.580750286	634.2929677	635.3624516	0.003814146	1	35.68642616	-0.003415747	1	4.062855678	21.12684953	1.585420017	2.411623178	636.2168557	636.5132841	0.000707852	0.38199638	55.44286915	0.00090176	1	4.062855678	636.2168557	636.5132841			0	0	0	0	0.38199638	Subcritical	0.000707852
820	818.996	616088.942	3097187.895	632.1535	5.2	0	Normal	0	1	50.95	2.138967704	11.12263206	1.173529	4.580750286	634.2924677	635.3619516	0.003814146	1	35.68642616	-0.003314146	1	4.063628692	21.1308692	1.585537713	2.411164421	636.2171287	636.5134444	0.000707512	0.381887386	55.45681942	-0.00091993	1	4.063628692	636.2171287	636.5134444			0	0	0	0	0.381887386	Subcritical	0.000707512
821	819.996	616088.9	3097186.896	632.153	5.2	0	Normal	0	1	50.95	2.138967704	11.12263206	1.173529	4.580750286	634.2919677	635.3614516	0.003814146	1	35.68642616	-0.003314146	1	4.062285346	21.1238838	1.585333163	2.411961762	636.2152853	636.511797	0.000708102	0.38207683	55.43257918	0.000757779	1	4.062285346	636.2152853	636.511797			0	0	0	0	0.38207683	Subcritical	0.000708102
822	820.995	616088.858	3097185.897	632.1525	5.2	0	Normal	0.057	0.999	50.95	2.138967704	11.12263206	1.173529	4.580750286	634.2914677	635.3609516	0.003814146	1	35.68642616	-0.003411933	1	4.062867128	21.12690907	1.585421761	2.411616382	636.2153671	636.5117939	0.000707847	0.381994766	55.44307576	0.000920674	1	4.062867128	636.2153671	636.5117939			0	0	0	0	0.381994766	Subcritical	0.000707847
823	821.995	616088.815	3097184.898	632.152	5.2	0	Normal	0.057	1	50.95	2.138967704	11.12263206	1.173529	4.580750286	634.2909677	635.3604516	0.003814146	1	35.68642616	-0.003415747	1	4.063629848	21.13087521	1.585537889	2.411163735	636.2156298	636.5119454	0.000707512	0.381887223	55.45684028	-0.000919912	1	4.063629848	636.2156298	636.5119454			0	0	0	0	0.381887223	Subcritical	0.000707512
824	822.995	616088.773	3097183.899	632.1515	5.2	0	Normal	0.002	1	50.95	2.138967704	11.12263206	1.173529	4.580750286	634.2904677	635.3599516	0.003814146	1	35.68642616	-0.003317711	1	4.062285346	21.1238838	1.585333163	2.411961762	636.2137853	636.510297	0.000708102	0.38207683	55.43257918	0.000742049	1	4.062285346	636.2137853	636.510297			0	0	0	0	0.38207683	Subcritical	0.000708102
825	823.996	616088.731	3097182.899	632.151	5.2	0	Normal	0.002	1.001	50.95	2.138967704	11.12263206	1.173529	4.580750286	634.2899677	635.3594516	0.003814146	1	35.68642616	-0.003321525	1	4.062878307	21.1269672	1.585423463	2.411609746	636.2138783	636.5103035	0.000707842	0.381993189	55.44327747	0.000939167	1	4.062878307	636.2138783	636.5103035			0	0	0	0	0.381993189	Subcritical	0.000707842
826	824.996	616088.689	3097181.9	632.1505	5.2	0	Normal	0.057	1	50.95	2.138967704	11.12263206	1.173529	4.580750286	634.2894677	635.3589516	0.003814146	1	35.68642616	-0.003415747	1	4.063661632	21.13104049	1.585542728	2.411144876	636.2141616	636.5104725	0.000707498	0.381882743	55.45741396	-0.000919424	1	4.063661632	636.2141616	636.5104725			0	0	0	0	0.381882743	Subcritical	0.000707498
827	825.996	616088.646	3097180.901	632.15	5.2	0	Normal	0.057	1	50.95	2.138967704	11.12263206	1.173529	4.580750286	634.2889677	635.3584516	0.003814146	1	35.68642616	-0.003415747	1	4.062285346	21.1238838	1.585333163	2.411961762	636.2122853	636.508797	0.000708102	0.38207683	55.43257918	0.00073044	1	4.062285346	636.2122853	636.508797			0	0	0	0	0.38207683	Subcritical	0.000708102
828	826.996	616088.604	3097179.902	632.1495	5.2	0	Normal	0	1	50.95	2.138967704	11.12263206	1.173529	4.580750286	634.2884677	635.3579516	0.003814146	1	35.68642616	-0.003314146	1	4.062867264	21.12690977	1.585421781	2.411616301	636.2123673	636.508794	0.000707847	0.381994746	55.4430782	0.000920924	1	4.062867264	636.2123673	636.508794			0	0	0	0	0.381994746	Subcritical	0.000707847
829	827.996	616088.562	3097178.903	632.149	5.2	0	Normal	0	1	50.95	2.138967704	11.12263206	1.173529	4.580750286	634.2879677	635.3574516	0.003814146	1	35.68642616	-0.003314146	1	4.063661632	21.13104049	1.585542728	2.411144876	636.2126616	636.5089725	0.000707498	0.381882743	55.45741396	-0.000919424	1	4.063661632	636.2126616	636.5089725			0	0	0	0	0.381882743	Subcritical	0.000707498
830	828.996	616088.52	3097177.904	632.1485	5.2	0	Normal	0.057	1	50.95	2.138967704	11.12263206	1.173529	4.580750286	634.2874677	635.3569516	0.003814146	1	35.68642616	-0.003415747	1	4.062285346	21.1238838	1.585333163	2.411961762	636.2107853	636.507297	0.000708102	0.38207683	55.43257918	0.000747501	1	4.062285346	636.2107853	636.507297			0	0	0	0	0.38207683	Subcritical	0.000708102
831	829.995	616088.477	3097176.905	632.148	5.2	0	Normal	0.057	0.999	50.95	2.138967704	11.12263206	1.173529	4.580750286	634.2869677	635.3564516	0.003814146	1	35.68642616	-0.003411933	1	4.062855678	21.12684953	1.585420017	2.411623178	636.2108557	636.5072841	0.000707852	0.38199638	55.44286915	0.00090176	1	4.062855678	636.2108557	636.5072841			0	0	0	0	0.38199638	Subcritical	0.000707852
832	830.995	616088.435	3097175.906	632.1475	5.2	0	Normal	0	1	50.95	2.138967704	11.12263206	1.173529	4.580750286	634.2864677	635.3559516	0.003814146	1	35.68642616	-0.003314146	1	4.063628692	21.1308692	1.585537713	2.411164421	636.2111287	636.5074444	0.000707512	0.381887386	55.45681942	-0.00091993	1	4.063628692	636.2111287	636.5074444			0	0	0	0	0.381887386	Subcritical	0.000707512
833	831.995	616088.393	3097174.907	632.147	5.2	0	Normal	0	1	50.95	2.138967704	11.12263206	1.173529	4.580750286	634.2859677	635.3554516	0.003814146	1	35.68642616	-0.003314146	1	4.062285346	21.1238838	1.585333163	2.411961762	636.2092853	636.505797	0.000708102	0.38207683	55.43257918	0.000757035	1	4.062285346	636.2092853	636.505797			0	0	0	0	0.38207683	Subcritical	0.000708102
834	832.995	616088.351	3097173.908	632.1465	5.2	0	Normal	0.055	1	50.95	2.138967704	11.12263206	1.173529	4.580750286	634.2854677	635.3549516	0.003814146	1	35.68642616	-0.003412182	1	4.062866612	21.12690638	1.585421682	2.411616688	636.2093666	636.5057935	0.000707847	0.381994838	55.44306644	0.00091982	1	4.062866612	636.2093666	636.5057935			0	0	0	0	0.381994838	Subcritical	0.000707847
835	833.996	616088.308	3097172.908	632.146	5.2	0	Normal	0.055	1.001	50.95	2.138967704	11.12263206	1.173529	4.580750286	634.2849677	635.3544516	0.003814146	1	35.68642616	-0.003415996	1	4.063628692	21.1308692	1.585537713	2.411164421	636.2096287	636.5059444	0.000707512	0.381887386	55.45681942	-0.00091993	1	4.063628692	636.2096287	636.5059444			0	0	0	0	0.381887386	Subcritical	0.000707512
836	834.996	616088.266	3097171.909	632.1455	5.2	0	Normal	0	1	50.95	2.138967704	11.12263206	1.173529	4.580750286	634.2844677	635.3539516	0.003814146	1	35.68642616	-0.003314146	1	4.062285346	21.1238838	1.585333163	2.411961762	636.2077853	636.504297	0.000708102	0.38207683	55.43257918	0.000758122	1	4.062285346	636.2077853	636.504297			0	0	0	0	0.38207683	Subcritical	0.000708102
837	835.996	616088.224	3097170.91	632.145	5.2	0	Normal	0.057	1	50.95	2.138967704	11.12263206	1.173529	4.580750286	634.2839677	635.3534516	0.003814146	1	35.68642616	-0.003415747	1	4.062866722	21.12690695	1.585421699	2.411616623	636.2078667	636.5042936	0.000707847	0.381994823	55.44306842	0.000920002	1	4.062866722	636.2078667	636.5042936			0	0	0	0	0.381994823	Subcritical	0.000707847
838	836.996	616088.181	3097169.911	632.1445	5.2	0	Normal	0.057	1	50.95	2.138967704	11.12263206	1.173529	4.580750286	634.2834677	635.3529516	0.003814146	1	35.68642616	-0.003415747	1	4.063628692	21.1308692	1.585537713	2.411164421	636.2081287	636.5044444	0.000707512	0.381887386	55.45681942	-0.00091993	1	4.063628692	636.2081287	636.5044444			0	0	0	0	0.381887386	Subcritical	0.000707512
839	837.996	616088.139	3097168.912	632.144	5.2	0	Normal	0	1	50.95	2.138967704	11.12263206	1.173529	4.580750286	634.2829677	635.3524516	0.003814146	1	35.68642616	-0.003314146	1	4.062285346	21.1238838	1.585333163	2.411961762	636.2062853	636.502797	0.000708102	0.38207683	55.43257918	0.000739645	1	4.062285346	636.2062853	636.502797			0	0	0	0	0.38207683	Subcritical	0.000708102
840	838.995	616088.097	3097167.913	632.1435	5.2	0	Normal	0	0.999	50.95	2.138967704	11.12263206	1.173529	4.580750286	634.2824677	635.3519516	0.003814146	1	35.68642616	-0.003310332	1	4.062878307	21.1269672	1.585423463	2.411609746	636.2063783	636.5028035	0.000707842	0.381993189	55.44327747	0.000939167	1	4.062878307	636.2063783	636.5028035			0	0	0	0	0.381993189	Subcritical	0.000707842
841	839.995	616088.055	3097166.914	632.143	5.2	0	Normal	0.057	1	50.95	2.138967704	11.12263206	1.173529	4.580750286	634.2819677	635.3514516	0.003814146	1	35.68642616	-0.003415747	1	4.063661632	21.13104049	1.585542728	2.411144876	636.2066616	636.5029725	0.000707498	0.381882743	55.45741396	-0.000919424	1	4.063661632	636.2066616	636.5029725			0	0	0	0	0.381882743	Subcritical	0.000707498
842	840.995	616088.012	3097165.915	632.1425	5.2	0	Normal	0.057	1	50.95	2.138967704	11.12263206	1.173529	4.580750286	634.2814677	635.3509516	0.003814146	1	35.68642616	-0.003415747	1	4.062285346	21.1238838	1.585333163	2.411961762	636.2047853	636.501297	0.000708102	0.38207683	55.43257918	0.000732025	1	4.062285346	636.2047853	636.501297			0	0	0	0	0.38207683	Subcritical	0.000708102
843	841.995	616087.97	3097164.916	632.142	5.2	0	Normal	0.002	1	50.95	2.138967704	11.12263206	1.173529	4.580750286	634.2809677	635.3504516	0.003814146	1	35.68642616	-0.003317711	1	4.062867929	21.12691323	1.585421883	2.411615907	636.2048679	636.5012946	0.000707846	0.381994653	55.4430902	0.000922023	1	4.062867929	636.2048679	636.5012946			0	0	0	0	0.381994653	Subcritical	0.000707846
844	842.996	616087.928	3097163.916	632.1415	5.2	0	Normal	0.002	1.001	50.95	2.138967704	11.12263206	1.173529	4.580750286	634.2804677	635.3499516	0.003814146	1	35.68642616	-0.003321525	1	4.063661632	21.13104049	1.585542728	2.411144876	636.2051616	636.5014725	0.000707498	0.381882743	55.45741396	-0.000919424	1	4.063661632	636.2051616	636.5014725			0	0	0	0	0.381882743	Subcritical	0.000707498
845	843.996	616087.886	3097162.917	632.141	5.2	0	Normal	0.057	1	50.95	2.138967704	11.12263206	1.173529	4.580750286	634.2799677	635.3494516	0.003814146	1	35.68642616	-0.003415747	1	4.062285346	21.1238838	1.585333163	2.411961762	636.2032853	636.499797	0.000708102	0.38207683	55.43257918	0.000748208	1	4.062285346	636.2032853	636.499797			0	0	0	0	0.38207683	Subcritical	0.000708102
846	844.996	616087.843	3097161.918	632.1405	5.2	0	Normal	0.057	1	50.95	2.138967704	11.12263206	1.173529	4.580750286	634.2794677	635.3489516	0.003814146	1	35.68642616	-0.003415747	1	4.062855678	21.12684953	1.585420017	2.411623178	636.2033557	636.4997841	0.000707852	0.38199638	55.44286915	0.00090176	1	4.062855678	636.2033557	636.4997841			0	0	0	0	0.38199638	Subcritical	0.000707852
847	845.996	616087.801	3097160.919	632.14	5.2	0	Normal	0	1	50.95	2.138967704	11.12263206	1.173529	4.580750286	634.2789677	635.3484516	0.003814146	1	35.68642616	-0.003314146	1	4.063628692	21.1308692	1.585537713	2.411164421	636.2036287	636.4999444	0.000707512	0.381887386	55.45681942	-0.00091993	1	4.063628692	636.2036287	636.4999444			0	0	0	0	0.381887386	Subcritical	0.000707512
848	846.996	616087.759	3097159.92	632.1395	5.2	0	Normal	0	1	50.95	2.138967704	11.12263206	1.173529	4.580750286	634.2784677	635.3479516	0.003814146	1	35.68642616	-0.003314146	1	4.062285346	21.1238838	1.585333163	2.411961762	636.2017853	636.498297	0.000708102	0.38207683	55.43257918	0.000757873	1	4.062285346	636.2017853	636.498297			0	0	0	0	0.38207683	Subcritical	0.000708102
849	847.996	616087.717	3097158.921	632.139	5.2	0	Normal	0.057	1	50.95	2.138967704	11.12263206	1.173529	4.580750286	634.2779677	635.3474516	0.003814146	1	35.68642616	-0.003415747	1	4.062866444	21.12690551	1.585421656	2.411616788	636.2018664	636.4982933	0.000707847	0.381994862	55.44306342	0.000919544	1	4.062866444	636.2018664	636.4982933			0	0	0	0	0.381994862	Subcritical	0.000707847
850	848.995	616087.674	3097157.922	632.1385	5.2	0	Normal	0.057	0.999	50.95	2.138967704	11.12263206	1.173529	4.580750286	634.2774677	635.3469516	0.003814146	1	35.68642616	-0.003411933	1	4.063628692	21.1308692	1.585537713	2.411164421	636.2021287	636.4984444	0.000707512	0.381887386	55.45681942	-0.00091993	1	4.063628692	636.2021287	636.4984444			0	0	0	0	0.381887386	Subcritical	0.000707512
851	849.995	616087.632	3097156.923	632.138	5.2	0	Normal	0	1	50.95	2.138967704	11.12263206	1.173529	4.580750286	634.2769677	635.3464516	0.003814146	1	35.68642616	-0.003314146	1	4.062285346	21.1238838	1.585333163	2.411961762	636.2002853	636.496797	0.000708102	0.38207683	55.43257918	0.000742112	1	4.062285346	636.2002853	636.496797			0	0	0	0	0.38207683	Subcritical	0.000708102
852	850.995	616087.59	3097155.924	632.1375	5.2	0	Normal	0.002	1	50.95	2.138967704	11.12263206	1.173529	4.580750286	634.2764677	635.3459516	0.003814146	1	35.68642616	-0.003317711	1	4.062879166	21.12697166	1.585423594	2.411609236	636.2003792	636.4968042	0.000707841	0.381993068	55.44329297	0.000940585	1	4.062879166	636.2003792	636.4968042			0	0	0	0	0.381993068	Subcritical	0.000707841
853	851.996	616087.548	3097154.924	632.137	5.2	0	Normal	0.06	1.001	50.95	2.138967704	11.12263206	1.173529	4.580750286	634.2759677	635.3454516	0.003814146	1	35.68642616	-0.003424909	1	4.063661632	21.13104049	1.585542728	2.411144876	636.2006616	636.4969725	0.000707498	0.381882743	55.45741396	-0.000919424	1	4.063661632	636.2006616	636.4969725			0	0	0	0	0.381882743	Subcritical	0.000707498
854	852.996	616087.505	3097153.925	632.1365	5.2	0	Normal	0.057	1	50.95	2.138967704	11.12263206	1.173529	4.580750286	634.2754677	635.3449516	0.003814146	1	35.68642616	-0.003415747	1	4.062285346	21.1238838	1.585333163	2.411961762	636.1987853	636.495297	0.000708102	0.38207683	55.43257918	0.00073044	1	4.062285346	636.1987853	636.495297			0	0	0	0	0.38207683	Subcritical	0.000708102
855	853.996	616087.463	3097152.926	632.136	5.2	0	Normal	0	1	50.95	2.138967704	11.12263206	1.173529	4.580750286	634.2749677	635.3444516	0.003814146	1	35.68642616	-0.003314146	1	4.062867264	21.12690977	1.585421781	2.411616301	636.1988673	636.495294	0.000707847	0.381994746	55.4430782	0.000920924	1	4.062867264	636.1988673	636.495294			0	0	0	0	0.381994746	Subcritical	0.000707847
856	854.996	616087.421	3097151.927	632.1355	5.2	0	Normal	0	1	50.95	2.138967704	11.12263206	1.173529	4.580750286	634.2744677	635.3439516	0.003814146	1	35.68642616	-0.003314146	1	4.063661632	21.13104049	1.585542728	2.411144876	636.1991616	636.4954725	0.000707498	0.381882743	55.45741396	-0.000919424	1	4.063661632	636.1991616	636.4954725			0	0	0	0	0.381882743	Subcritical	0.000707498
857	855.996	616087.379	3097150.928	632.135	5.2	0	Normal	0.057	1	50.95	2.138967704	11.12263206	1.173529	4.580750286	634.2739677	635.3434516	0.003814146	1	35.68642616	-0.003415747	1	4.062285346	21.1238838	1.585333163	2.411961762	636.1972853	636.493797	0.000708102	0.38207683	55.43257918	0.000747959	1	4.062285346	636.1972853	636.493797			0	0	0	0	0.38207683	Subcritical	0.000708102
858	856.996	616087.336	3097149.929	632.1345	5.2	0	Normal	0.057	1	50.95	2.138967704	11.12263206	1.173529	4.580750286	634.2734677	635.3429516	0.003814146	1	35.68642616	-0.003415747	1	4.062855401	21.12684808	1.585419975	2.411623343	636.1973554	636.4937839	0.000707852	0.38199642	55.44286414	0.000901301	1	4.062855401	636.1973554	636.4937839			0	0	0	0	0.38199642	Subcritical	0.000707852
859	857.995	616087.294	3097148.93	632.134	5.2	0	Normal	0	0.999	50.95	2.138967704	11.12263206	1.173529	4.580750286	634.2729677	635.3424516	0.003814146	1	35.68642616	-0.003310332	1	4.063628692	21.1308692	1.585537713	2.411164421	636.1976287	636.4939444	0.000707512	0.381887386	55.45681942	-0.00091993	1	4.063628692	636.1976287	636.4939444			0	0	0	0	0.381887386	Subcritical	0.000707512
860	858.995	616087.252	3097147.931	632.1335	5.2	0	Normal	0	1	50.95	2.138967704	11.12263206	1.173529	4.580750286	634.2724677	635.3419516	0.003814146	1	35.68642616	-0.003314146	1	4.062285346	21.1238838	1.585333163	2.411961762	636.1957853	636.492297	0.000708102	0.38207683	55.43257918	0.000759269	1	4.062285346	636.1957853	636.492297			0	0	0	0	0.38207683	Subcritical	0.000708102
861	859.995	616087.21	3097146.932	632.133	5.2	0	Normal	0.057	1	50.95	2.138967704	11.12263206	1.173529	4.580750286	634.2719677	635.3414516	0.003814146	1	35.68642616	-0.003415747	1	4.062868	21.1269136	1.585421893	2.411615864	636.195868	636.4922947	0.000707846	0.381994643	55.44309149	0.000922116	1	4.062868	636.195868	636.4922947			0	0	0	0	0.381994643	Subcritical	0.000707846
862	860.995	616087.167	3097145.933	632.1325	5.2	0	Normal	0.06	1	50.95	2.138967704	11.12263206	1.173529	4.580750286	634.2714677	635.3409516	0.003814146	1	35.68642616	-0.003421094	1	4.063630675	21.13087951	1.585538015	2.411163245	636.1961307	636.4924461	0.000707512	0.381887107	55.45685521	-0.000919899	1	4.063630675	636.1961307	636.4924461			0	0	0	0	0.381887107	Subcritical	0.000707512
863	861.996	616087.125	3097144.933	632.132	5.2	0	Normal	0.002	1.001	50.95	2.138967704	11.12263206	1.173529	4.580750286	634.2709677	635.3404516	0.003814146	1	35.68642616	-0.003321525	1	4.062285346	21.1238838	1.585333163	2.411961762	636.1942853	636.490797	0.000708102	0.38207683	55.43257918	0.000758122	1	4.062285346	636.1942853	636.490797			0	0	0	0	0.38207683	Subcritical	0.000708102
864	862.996	616087.083	3097143.934	632.1315	5.2	0	Normal	0.057	1	50.95	2.138967704	11.12263206	1.173529	4.580750286	634.2704677	635.3399516	0.003814146	1	35.68642616	-0.003415747	1	4.062866722	21.12690695	1.585421699	2.411616623	636.1943667	636.4907936	0.000707847	0.381994823	55.44306842	0.000920002	1	4.062866722	636.1943667	636.4907936			0	0	0	0	0.381994823	Subcritical	0.000707847
865	863.996	616087.04	3097142.935	632.131	5.2	0	Normal	0.057	1	50.95	2.138967704	11.12263206	1.173529	4.580750286	634.2699677	635.3394516	0.003814146	1	35.68642616	-0.003415747	1	4.063628692	21.1308692	1.585537713	2.411164421	636.1946287	636.4909444	0.000707512	0.381887386	55.45681942	-0.00091993	1	4.063628692	636.1946287	636.4909444			0	0	0	0	0.381887386	Subcritical	0.000707512
866	864.996	616086.998	3097141.936	632.1305	5.2	0	Normal	0	1	50.95	2.138967704	11.12263206	1.173529	4.580750286	634.2694677	635.3389516	0.003814146	1	35.68642616	-0.003314146	1	4.062285346	21.1238838	1.585333163	2.411961762	636.1927853	636.489297	0.000708102	0.38207683	55.43257918	0.000740104	1	4.062285346	636.1927853	636.489297			0	0	0	0	0.38207683	Subcritical	0.000708102
867	865.996	616086.956	3097140.937	632.13	5.2	0	Normal	0	1	50.95	2.138967704	11.12263206	1.173529	4.580750286	634.2689677	635.3384516	0.003814146	1	35.68642616	-0.003314146	1	4.06287803	21.12696576	1.585423421	2.411609911	636.192878	636.4893032	0.000707842	0.381993228	55.44327247	0.000938708	1	4.06287803	636.192878	636.4893032			0	0	0	0	0.381993228	Subcritical	0.000707842
868	866.995	616086.914	3097139.938	632.1295	5.2	0	Normal	0.057	0.999	50.95	2.138967704	11.12263206	1.173529	4.580750286	634.2684677	635.3379516	0.003814146	1	35.68642616	-0.003411933	1	4.063661632	21.13104049	1.585542728	2.411144876	636.1931616	636.4894725	0.000707498	0.381882743	55.45741396	-0.000919424	1	4.063661632	636.1931616	636.4894725			0	0	0	0	0.381882743	Subcritical	0.000707498
869	867.995	616086.871	3097138.939	632.129	5.2	0	Normal	0.057	1	50.95	2.138967704	11.12263206	1.173529	4.580750286	634.2679677	635.3374516	0.003814146	1	35.68642616	-0.003415747	1	4.062285346	21.1238838	1.585333163	2.411961762	636.1912853	636.487797	0.000708102	0.38207683	55.43257918	0.000731596	1	4.062285346	636.1912853	636.487797			0	0	0	0	0.38207683	Subcritical	0.000708102
870	868.995	616086.829	3097137.94	632.1285	5.2	0	Normal	0	1	50.95	2.138967704	11.12263206	1.173529	4.580750286	634.2674677	635.3369516	0.003814146	1	35.68642616	-0.003314146	1	4.062868552	21.12691647	1.585421977	2.411615537	636.1913686	636.4877951	0.000707846	0.381994565	55.44310144	0.000923054	1	4.062868552	636.1913686	636.4877951			0	0	0	0	0.381994565	Subcritical	0.000707846
871	869.995	616086.787	3097136.941	632.128	5.2	0	Normal	0.002	1	50.95	2.138967704	11.12263206	1.173529	4.580750286	634.2669677	635.3364516	0.003814146	1	35.68642616	-0.003317711	1	4.063664192	21.1310538	1.585543118	2.411143357	636.1916642	636.4879747	0.000707497	0.381882382	55.45746017	-0.000919384	1	4.063664192	636.1916642	636.4879747			0	0	0	0	0.381882382	Subcritical	0.000707497
872	870.996	616086.745	3097135.941	632.1275	5.2	0	Normal	0.06	1.001	50.95	2.138967704	11.12263206	1.173529	4.580750286	634.2664677	635.3359516	0.003814146	1	35.68642616	-0.003424909	1	4.062285346	21.1238838	1.585333163	2.411961762	636.1897853	636.486297	0.000708102	0.38207683	55.43257918	0.000748208	1	4.062285346	636.1897853	636.486297			0	0	0	0	0.38207683	Subcritical	0.000708102
873	871.996	616086.702	3097134.942	632.127	5.2	0	Normal	0.057	1	50.95	2.138967704	11.12263206	1.173529	4.580750286	634.2659677	635.3354516	0.003814146	1	35.68642616	-0.003415747	1	4.062855678	21.12684953	1.585420017	2.411623178	636.1898557	636.4862841	0.000707852	0.38199638	55.44286915	0.00090176	1	4.062855678	636.1898557	636.4862841			0	0	0	0	0.38199638	Subcritical	0.000707852
874	872.996	616086.66	3097133.943	632.1265	5.2	0	Normal	0	1	50.95	2.138967704	11.12263206	1.173529	4.580750286	634.2654677	635.3349516	0.003814146	1	35.68642616	-0.003314146	1	4.063628692	21.1308692	1.585537713	2.411164421	636.1901287	636.4864444	0.000707512	0.381887386	55.45681942	-0.00091993	1	4.063628692	636.1901287	636.4864444			0	0	0	0	0.381887386	Subcritical	0.000707512
875	873.996	616086.618	3097132.944	632.126	5.2	0	Normal	0	1	50.95	2.138967704	11.12263206	1.173529	4.580750286	634.2649677	635.3344516	0.003814146	1	35.68642616	-0.003314146	1	4.062285346	21.1238838	1.585333163	2.411961762	636.1882853	636.484797	0.000708102	0.38207683	55.43257918	0.000757861	1	4.062285346	636.1882853	636.484797			0	0	0	0	0.38207683	Subcritical	0.000708102
876	874.996	616086.576	3097131.945	632.1255	5.2	0	Normal	0.057	1	50.95	2.138967704	11.12263206	1.173529	4.580750286	634.2644677	635.3339516	0.003814146	1	35.68642616	-0.003415747	1	4.062866431	21.12690544	1.585421654	2.411616796	636.1883664	636.4847933	0.000707847	0.381994864	55.44306318	0.000919521	1	4.062866431	636.1883664	636.4847933			0	0	0	0	0.381994864	Subcritical	0.000707847
877	875.996	616086.533	3097130.946	632.125	5.2	0	Normal	0.057	1	50.95	2.138967704	11.12263206	1.173529	4.580750286	634.2639677	635.3334516	0.003814146	1	35.68642616	-0.003415747	1	4.063627866	21.1308649	1.585537588	2.411164911	636.1886279	636.4849437	0.000707513	0.381887503	55.4568045	-0.000919943	1	4.063627866	636.1886279	636.4849437			0	0	0	0	0.381887503	Subcritical	0.000707513
878	876.995	616086.491	3097129.947	632.1245	5.2	0	Normal	0	0.999	50.95	2.138967704	11.12263206	1.173529	4.580750286	634.2634677	635.3329516	0.003814146	1	35.68642616	-0.003310332	1	4.062285346	21.1238838	1.585333163	2.411961762	636.1867853	636.483297	0.000708102	0.38207683	55.43257918	0.000739901	1	4.062285346	636.1867853	636.483297			0	0	0	0	0.38207683	Subcritical	0.000708102
879	877.995	616086.449	3097128.948	632.124	5.2	0	Normal	0	1	50.95	2.138967704	11.12263206	1.173529	4.580750286	634.2629677	635.3324516	0.003814146	1	35.68642616	-0.003314146	1	4.062877804	21.12696458	1.585423386	2.411610045	636.1868778	636.483303	0.000707842	0.38199326	55.44326839	0.000938335	1	4.062877804	636.1868778	636.483303			0	0	0	0	0.38199326	Subcritical	0.000707842
880	878.995	616086.407	3097127.949	632.1235	5.2	0	Normal	0.055	1	50.95	2.138967704	11.12263206	1.173529	4.580750286	634.2624677	635.3319516	0.003814146	1	35.68642616	-0.003412182	1	4.063661303	21.13103878	1.585542678	2.411145072	636.1871613	636.4834722	0.000707498	0.381882789	55.45740802	-0.000919428	1	4.063661303	636.1871613	636.4834722			0	0	0	0	0.381882789	Subcritical	0.000707498
881	879.996	616086.364	3097126.949	632.123	5.2	0	Normal	0.055	1.001	50.95	2.138967704	11.12263206	1.173529	4.580750286	634.2619677	635.3314516	0.003814146	1	35.68642616	-0.003415996	1	4.062285346	21.1238838	1.585333163	2.411961762	636.1852853	636.481797	0.000708102	0.38207683	55.43257918	0.00073044	1	4.062285346	636.1852853	636.481797			0	0	0	0	0.38207683	Subcritical	0.000708102
882	880.996	616086.322	3097125.95	632.1225	5.2	0	Normal	0	1	50.95	2.138967704	11.12263206	1.173529	4.580750286	634.2614677	635.3309516	0.003814146	1	35.68642616	-0.003314146	1	4.062867264	21.12690977	1.585421781	2.411616301	636.1853673	636.481794	0.000707847	0.381994746	55.4430782	0.000920924	1	4.062867264	636.1853673	636.481794			0	0	0	0	0.381994746	Subcritical	0.000707847
883	881.996	616086.28	3097124.951	632.122	5.2	0	Normal	0	1	50.95	2.138967704	11.12263206	1.173529	4.580750286	634.2609677	635.3304516	0.003814146	1	35.68642616	-0.003314146	1	4.063661632	21.13104049	1.585542728	2.411144876	636.1856616	636.4819725	0.000707498	0.381882743	55.45741396	-0.000919424	1	4.063661632	636.1856616	636.4819725			0	0	0	0	0.381882743	Subcritical	0.000707498
884	882.996	616086.238	3097123.952	632.1215	5.2	0	Normal	0.057	1	50.95	2.138967704	11.12263206	1.173529	4.580750286	634.2604677	635.3299516	0.003814146	1	35.68642616	-0.003415747	1	4.062285346	21.1238838	1.585333163	2.411961762	636.1837853	636.480297	0.000708102	0.38207683	55.43257918	0.000747947	1	4.062285346	636.1837853	636.480297			0	0	0	0	0.38207683	Subcritical	0.000708102
885	883.996	616086.195	3097122.953	632.121	5.2	0	Normal	0.057	1	50.95	2.138967704	11.12263206	1.173529	4.580750286	634.2599677	635.3294516	0.003814146	1	35.68642616	-0.003415747	1	4.062855387	21.12684801	1.585419973	2.411623351	636.1838554	636.4802839	0.000707852	0.381996421	55.4428639	0.000901278	1	4.062855387	636.1838554	636.4802839			0	0	0	0	0.381996421	Subcritical	0.000707852
886	884.996	616086.153	3097121.954	632.1205	5.2	0	Normal	0	1	50.95	2.138967704	11.12263206	1.173529	4.580750286	634.2594677	635.3289516	0.003814146	1	35.68642616	-0.003314146	1	4.063627866	21.1308649	1.585537588	2.411164911	636.1841279	636.4804437	0.000707513	0.381887503	55.4568045	-0.000919943	1	4.063627866	636.1841279	636.4804437			0	0	0	0	0.381887503	Subcritical	0.000707513
887	885.995	616086.111	3097120.955	632.12	5.2	0	Normal	0	0.999	50.95	2.138967704	11.12263206	1.173529	4.580750286	634.2589677	635.3284516	0.003814146	1	35.68642616	-0.003310332	1	4.062285346	21.1238838	1.585333163	2.411961762	636.1822853	636.478797	0.000708102	0.38207683	55.43257918	0.000758487	1	4.062285346	636.1822853	636.478797			0	0	0	0	0.38207683	Subcritical	0.000708102
888	886.995	616086.069	3097119.956	632.1195	5.2	0	Normal	0.057	1	50.95	2.138967704	11.12263206	1.173529	4.580750286	634.2584677	635.3279516	0.003814146	1	35.68642616	-0.003415747	1	4.062867128	21.12690907	1.585421761	2.411616382	636.1823671	636.4787939	0.000707847	0.381994766	55.44307576	0.000920674	1	4.062867128	636.1823671	636.4787939			0	0	0	0	0.381994766	Subcritical	0.000707847
889	887.995	616086.026	3097118.957	632.119	5.2	0	Normal	0.057	1	50.95	2.138967704	11.12263206	1.173529	4.580750286	634.2579677	635.3274516	0.003814146	1	35.68642616	-0.003415747	1	4.063629848	21.13087521	1.585537889	2.411163735	636.1826298	636.4789454	0.000707512	0.381887223	55.45684028	-0.000919912	1	4.063629848	636.1826298	636.4789454			0	0	0	0	0.381887223	Subcritical	0.000707512
890	888.995	616085.984	3097117.958	632.1185	5.2	0	Normal	0.002	1	50.95	2.138967704	11.12263206	1.173529	4.580750286	634.2574677	635.3269516	0.003814146	1	35.68642616	-0.003317711	1	4.062285346	21.1238838	1.585333163	2.411961762	636.1807853	636.477297	0.000708102	0.38207683	55.43257918	0.000760312	1	4.062285346	636.1807853	636.477297			0	0	0	0	0.38207683	Subcritical	0.000708102
891	889.996	616085.942	3097116.958	632.118	5.2	0	Normal	0.06	1.001	50.95	2.138967704	11.12263206	1.173529	4.580750286	634.2569677	635.3264516	0.003814146	1	35.68642616	-0.003424909	1	4.062866722	21.12690695	1.585421699	2.411616623	636.1808667	636.4772936	0.000707847	0.381994823	55.44306842	0.000920002	1	4.062866722	636.1808667	636.4772936			0	0	0	0	0.381994823	Subcritical	0.000707847
892	890.996	616085.899	3097115.959	632.1175	5.2	0	Normal	0.057	1	50.95	2.138967704	11.12263206	1.173529	4.580750286	634.2564677	635.3259516	0.003814146	1	35.68642616	-0.003415747	1	4.063628692	21.1308692	1.585537713	2.411164421	636.1811287	636.4774444	0.000707512	0.381887386	55.45681942	-0.00091993	1	4.063628692	636.1811287	636.4774444			0	0	0	0	0.381887386	Subcritical	0.000707512
893	891.996	616085.857	3097114.96	632.117	5.2	0	Normal	0	1	50.95	2.138967704	11.12263206	1.173529	4.580750286	634.2559677	635.3254516	0.003814146	1	35.68642616	-0.003314146	1	4.062285346	21.1238838	1.585333163	2.411961762	636.1792853	636.475797	0.000708102	0.38207683	55.43257918	0.000740353	1	4.062285346	636.1792853	636.475797			0	0	0	0	0.38207683	Subcritical	0.000708102
894	892.996	616085.815	3097113.961	632.1165	5.2	0	Normal	0	1	50.95	2.138967704	11.12263206	1.173529	4.580750286	634.2554677	635.3249516	0.003814146	1	35.68642616	-0.003314146	1	4.062878307	21.1269672	1.585423463	2.411609746	636.1793783	636.4758035	0.000707842	0.381993189	55.44327747	0.000939167	1	4.062878307	636.1793783	636.4758035			0	0	0	0	0.381993189	Subcritical	0.000707842
895	893.996	616085.773	3097112.962	632.116	5.2	0	Normal	0.057	1	50.95	2.138967704	11.12263206	1.173529	4.580750286	634.2549677	635.3244516	0.003814146	1	35.68642616	-0.003415747	1	4.063661632	21.13104049	1.585542728	2.411144876	636.1796616	636.4759725	0.000707498	0.381882743	55.45741396	-0.000919424	1	4.063661632	636.1796616	636.4759725			0	0	0	0	0.381882743	Subcritical	0.000707498
896	894.996	616085.73	3097111.963	632.1155	5.2	0	Normal	0.057	1	50.95	2.138967704	11.12263206	1.173529	4.580750286	634.2544677	635.3239516	0.003814146	1	35.68642616	-0.003415747	1	4.062285346	21.1238838	1.585333163	2.411961762	636.1777853	636.474297	0.000708102	0.38207683	55.43257918	0.000729367	1	4.062285346	636.1777853	636.474297			0	0	0	0	0.38207683	Subcritical	0.000708102
897	895.995	616085.688	3097110.964	632.115	5.2	0	Normal	0	0.999	50.95	2.138967704	11.12263206	1.173529	4.580750286	634.2539677	635.3234516	0.003814146	1	35.68642616	-0.003310332	1	4.062866857	21.12690766	1.585421719	2.411616543	636.1778669	636.4742937	0.000707847	0.381994804	55.44307087	0.000920252	1	4.062866857	636.1778669	636.4742937			0	0	0	0	0.381994804	Subcritical	0.000707847
898	896.995	616085.646	3097109.965	632.1145	5.2	0	Normal	0	1	50.95	2.138967704	11.12263206	1.173529	4.580750286	634.2534677	635.3229516	0.003814146	1	35.68642616	-0.003314146	1	4.063660476	21.13103448	1.585542552	2.411145562	636.1781605	636.4744715	0.000707498	0.381882906	55.4573931	-0.000919442	1	4.063660476	636.1781605	636.4744715			0	0	0	0	0.381882906	Subcritical	0.000707498
899	897.995	616085.604	3097108.966	632.114	5.2	0	Normal	0.055	1	50.95	2.138967704	11.12263206	1.173529	4.580750286	634.2529677	635.3224516	0.003814146	1	35.68642616	-0.003412182	1	4.062285346	21.1238838	1.585333163	2.411961762	636.1762853	636.472797	0.000708102	0.38207683	55.43257918	0.000747928	1	4.062285346	636.1762853	636.472797			0	0	0	0	0.38207683	Subcritical	0.000708102
900	898.996	616085.561	3097107.966	632.1135	5.2	0	Normal	0.055	1.001	50.95	2.138967704	11.12263206	1.173529	4.580750286	634.2524677	635.3219516	0.003814146	1	35.68642616	-0.003415996	1	4.062855678	21.12684953	1.585420017	2.411623178	636.1763557	636.4727841	0.000707852	0.38199638	55.44286915	0.00090176	1	4.062855678	636.1763557	636.4727841			0	0	0	0	0.38199638	Subcritical	0.000707852
901	899.996	616085.519	3097106.967	632.113	5.2	0	Normal	0	1	50.95	2.138967704	11.12263206	1.173529	4.580750286	634.2519677	635.3214516	0.003814146	1	35.68642616	-0.003314146	1	4.063628692	21.1308692	1.585537713	2.411164421	636.1766287	636.4729444	0.000707512	0.381887386	55.45681942	-0.00091993	1	4.063628692	636.1766287	636.4729444			0	0	0	0	0.381887386	Subcritical	0.000707512
902	900.996	616085.477	3097105.968	632.1125	5.2	0	Normal	0	1	50.95	2.138967704	11.12263206	1.173529	4.580750286	634.2514677	635.3209516	0.003814146	1	35.68642616	-0.003314146	1	4.062285346	21.1238838	1.585333163	2.411961762	636.1747853	636.471297	0.000708102	0.38207683	55.43257918	0.000758122	1	4.062285346	636.1747853	636.471297			0	0	0	0	0.38207683	Subcritical	0.000708102
903	901.996	616085.435	3097104.969	632.112	5.2	0	Normal	0.057	1	50.95	2.138967704	11.12263206	1.173529	4.580750286	634.2509677	635.3204516	0.003814146	1	35.68642616	-0.003415747	1	4.062866722	21.12690695	1.585421699	2.411616623	636.1748667	636.4712936	0.000707847	0.381994823	55.44306842	0.000920002	1	4.062866722	636.1748667	636.4712936			0	0	0	0	0.381994823	Subcritical	0.000707847
904	902.996	616085.392	3097103.97	632.1115	5.2	0	Normal	0.057	1	50.95	2.138967704	11.12263206	1.173529	4.580750286	634.2504677	635.3199516	0.003814146	1	35.68642616	-0.003415747	1	4.063628692	21.1308692	1.585537713	2.411164421	636.1751287	636.4714444	0.000707512	0.381887386	55.45681942	-0.00091993	1	4.063628692	636.1751287	636.4714444			0	0	0	0	0.381887386	Subcritical	0.000707512
905	903.996	616085.35	3097102.971	632.111	5.2	0	Normal	0	1	50.95	2.138967704	11.12263206	1.173529	4.580750286	634.2499677	635.3194516	0.003814146	1	35.68642616	-0.003314146	1	4.062285346	21.1238838	1.585333163	2.411961762	636.1732853	636.469797	0.000708102	0.38207683	55.43257918	0.000739645	1	4.062285346	636.1732853	636.469797			0	0	0	0	0.38207683	Subcritical	0.000708102
906	904.995	616085.308	3097101.972	632.1105	5.2	0	Normal	0	0.999	50.95	2.138967704	11.12263206	1.173529	4.580750286	634.2494677	635.3189516	0.003814146	1	35.68642616	-0.003310332	1	4.062878307	21.1269672	1.585423463	2.411609746	636.1733783	636.4698035	0.000707842	0.381993189	55.44327747	0.000939167	1	4.062878307	636.1733783	636.4698035			0	0	0	0	0.381993189	Subcritical	0.000707842
907	905.995	616085.266	3097100.973	632.11	5.2	0	Normal	0.057	1	50.95	2.138967704	11.12263206	1.173529	4.580750286	634.2489677	635.3184516	0.003814146	1	35.68642616	-0.003415747	1	4.063661632	21.13104049	1.585542728	2.411144876	636.1736616	636.4699725	0.000707498	0.381882743	55.45741396	-0.000919424	1	4.063661632	636.1736616	636.4699725			0	0	0	0	0.381882743	Subcritical	0.000707498
908	906.995	616085.223	3097099.974	632.1095	5.2	0	Normal	0.057	1	50.95	2.138967704	11.12263206	1.173529	4.580750286	634.2484677	635.3179516	0.003814146	1	35.68642616	-0.003415747	1	4.062285346	21.1238838	1.585333163	2.411961762	636.1717853	636.468297	0.000708102	0.38207683	55.43257918	0.000732025	1	4.062285346	636.1717853	636.468297			0	0	0	0	0.38207683	Subcritical	0.000708102
909	907.995	616085.181	3097098.975	632.109	5.2	0	Normal	0.002	1	50.95	2.138967704	11.12263206	1.173529	4.580750286	634.2479677	635.3174516	0.003814146	1	35.68642616	-0.003317711	1	4.062867929	21.12691323	1.585421883	2.411615907	636.1718679	636.4682946	0.000707846	0.381994653	55.4430902	0.000922023	1	4.062867929	636.1718679	636.4682946			0	0	0	0	0.381994653	Subcritical	0.000707846
910	908.996	616085.139	3097097.975	632.1085	5.2	0	Normal	0.002	1.001	50.95	2.138967704	11.12263206	1.173529	4.580750286	634.2474677	635.3169516	0.003814146	1	35.68642616	-0.003321525	1	4.063661632	21.13104049	1.585542728	2.411144876	636.1721616	636.4684725	0.000707498	0.381882743	55.45741396	-0.000919424	1	4.063661632	636.1721616	636.4684725			0	0	0	0	0.381882743	Subcritical	0.000707498
911	909.996	616085.097	3097096.976	632.108	5.2	0	Normal	0.057	1	50.95	2.138967704	11.12263206	1.173529	4.580750286	634.2469677	635.3164516	0.003814146	1	35.68642616	-0.003415747	1	4.062285346	21.1238838	1.585333163	2.411961762	636.1702853	636.466797	0.000708102	0.38207683	55.43257918	0.000748208	1	4.062285346	636.1702853	636.466797			0	0	0	0	0.38207683	Subcritical	0.000708102
912	910.996	616085.054	3097095.977	632.1075	5.2	0	Normal	0.057	1	50.95	2.138967704	11.12263206	1.173529	4.580750286	634.2464677	635.3159516	0.003814146	1	35.68642616	-0.003415747	1	4.062855678	21.12684953	1.585420017	2.411623178	636.1703557	636.4667841	0.000707852	0.38199638	55.44286915	0.00090176	1	4.062855678	636.1703557	636.4667841			0	0	0	0	0.38199638	Subcritical	0.000707852
913	911.996	616085.012	3097094.978	632.107	5.2	0	Normal	0	1	50.95	2.138967704	11.12263206	1.173529	4.580750286	634.2459677	635.3154516	0.003814146	1	35.68642616	-0.003314146	1	4.063628692	21.1308692	1.585537713	2.411164421	636.1706287	636.4669444	0.000707512	0.381887386	55.45681942	-0.00091993	1	4.063628692	636.1706287	636.4669444			0	0	0	0	0.381887386	Subcritical	0.000707512
914	912.996	616084.97	3097093.979	632.1065	5.2	0	Normal	0	1	50.95	2.138967704	11.12263206	1.173529	4.580750286	634.2454677	635.3149516	0.003814146	1	35.68642616	-0.003314146	1	4.062285346	21.1238838	1.585333163	2.411961762	636.1687853	636.465297	0.000708102	0.38207683	55.43257918	0.000757414	1	4.062285346	636.1687853	636.465297			0	0	0	0	0.38207683	Subcritical	0.000708102
915	913.995	616084.928	3097092.98	632.106	5.2	0	Normal	0.057	0.999	50.95	2.138967704	11.12263206	1.173529	4.580750286	634.2449677	635.3144516	0.003814146	1	35.68642616	-0.003411933	1	4.062866722	21.12690695	1.585421699	2.411616623	636.1688667	636.4652936	0.000707847	0.381994823	55.44306842	0.000920002	1	4.062866722	636.1688667	636.4652936			0	0	0	0	0.381994823	Subcritical	0.000707847
916	914.995	616084.885	3097091.981	632.1055	5.2	0	Normal	0.057	1	50.95	2.138967704	11.12263206	1.173529	4.580750286	634.2444677	635.3139516	0.003814146	1	35.68642616	-0.003415747	1	4.063628692	21.1308692	1.585537713	2.411164421	636.1691287	636.4654444	0.000707512	0.381887386	55.45681942	-0.00091993	1	4.063628692	636.1691287	636.4654444			0	0	0	0	0.381887386	Subcritical	0.000707512
917	915.995	616084.843	3097090.982	632.105	5.2	0	Normal	0	1	50.95	2.138967704	11.12263206	1.173529	4.580750286	634.2439677	635.3134516	0.003814146	1	35.68642616	-0.003314146	1	4.062285346	21.1238838	1.585333163	2.411961762	636.1672853	636.463797	0.000708102	0.38207683	55.43257918	0.000757035	1	4.062285346	636.1672853	636.463797			0	0	0	0	0.38207683	Subcritical	0.000708102
918	916.995	616084.801	3097089.983	632.1045	5.2	0	Normal	0.055	1	50.95	2.138967704	11.12263206	1.173529	4.580750286	634.2434677	635.3129516	0.003814146	1	35.68642616	-0.003412182	1	4.062866612	21.12690638	1.585421682	2.411616688	636.1673666	636.4637935	0.000707847	0.381994838	55.44306644	0.00091982	1	4.062866612	636.1673666	636.4637935			0	0	0	0	0.381994838	Subcritical	0.000707847
919	917.996	616084.758	3097088.983	632.104	5.2	0	Normal	0.055	1.001	50.95	2.138967704	11.12263206	1.173529	4.580750286	634.2429677	635.3124516	0.003814146	1	35.68642616	-0.003415996	1	4.063628692	21.1308692	1.585537713	2.411164421	636.1676287	636.4639444	0.000707512	0.381887386	55.45681942	-0.00091993	1	4.063628692	636.1676287	636.4639444			0	0	0	0	0.381887386	Subcritical	0.000707512
920	918.996	616084.716	3097087.984	632.1035	5.2	0	Normal	0	1	50.95	2.138967704	11.12263206	1.173529	4.580750286	634.2424677	635.3119516	0.003814146	1	35.68642616	-0.003314146	1	4.062285346	21.1238838	1.585333163	2.411961762	636.1657853	636.462297	0.000708102	0.38207683	55.43257918	0.000740353	1	4.062285346	636.1657853	636.462297			0	0	0	0	0.38207683	Subcritical	0.000708102
921	919.996	616084.674	3097086.985	632.103	5.2	0	Normal	0	1	50.95	2.138967704	11.12263206	1.173529	4.580750286	634.2419677	635.3114516	0.003814146	1	35.68642616	-0.003314146	1	4.062878307	21.1269672	1.585423463	2.411609746	636.1658783	636.4623035	0.000707842	0.381993189	55.44327747	0.000939167	1	4.062878307	636.1658783	636.4623035			0	0	0	0	0.381993189	Subcritical	0.000707842
922	920.996	616084.632	3097085.986	632.1025	5.2	0	Normal	0.057	1	50.95	2.138967704	11.12263206	1.173529	4.580750286	634.2414677	635.3109516	0.003814146	1	35.68642616	-0.003415747	1	4.063661632	21.13104049	1.585542728	2.411144876	636.1661616	636.4624725	0.000707498	0.381882743	55.45741396	-0.000919424	1	4.063661632	636.1661616	636.4624725			0	0	0	0	0.381882743	Subcritical	0.000707498
923	921.996	616084.589	3097084.987	632.102	5.2	0	Normal	0.057	1	50.95	2.138967704	11.12263206	1.173529	4.580750286	634.2409677	635.3104516	0.003814146	1	35.68642616	-0.003415747	1	4.062285346	21.1238838	1.585333163	2.411961762	636.1642853	636.460797	0.000708102	0.38207683	55.43257918	0.00073019	1	4.062285346	636.1642853	636.460797			0	0	0	0	0.38207683	Subcritical	0.000708102
924	922.996	616084.547	3097083.988	632.1015	5.2	0	Normal	0	1	50.95	2.138967704	11.12263206	1.173529	4.580750286	634.2404677	635.3099516	0.003814146	1	35.68642616	-0.003314146	1	4.062866986	21.12690833	1.585421739	2.411616466	636.164367	636.4607938	0.000707847	0.381994786	55.44307319	0.000920466	1	4.062866986	636.164367	636.4607938			0	0	0	0	0.381994786	Subcritical	0.000707847
925	923.995	616084.505	3097082.989	632.101	5.2	0	Normal	0	0.999	50.95	2.138967704	11.12263206	1.173529	4.580750286	634.2399677	635.3094516	0.003814146	1	35.68642616	-0.003310332	1	4.063661632	21.13104049	1.585542728	2.411144876	636.1646616	636.4609725	0.000707498	0.381882743	55.45741396	-0.000919424	1	4.063661632	636.1646616	636.4609725			0	0	0	0	0.381882743	Subcritical	0.000707498
926	924.995	616084.463	3097081.99	632.1005	5.2	0	Normal	0.057	1	50.95	2.138967704	11.12263206	1.173529	4.580750286	634.2394677	635.3089516	0.003814146	1	35.68642616	-0.003415747	1	4.062285346	21.1238838	1.585333163	2.411961762	636.1627853	636.459297	0.000708102	0.38207683	55.43257918	0.000750288	1	4.062285346	636.1627853	636.459297			0	0	0	0	0.38207683	Subcritical	0.000708102
927	925.995	616084.42	3097080.991	632.1	5.2	0	Normal	0.06	1	50.95	2.138967704	11.12263206	1.173529	4.580750286	634.2389677	635.3084516	0.003814146	1	35.68642616	-0.003421094	1	4.062856343	21.12685298	1.585420118	2.411622784	636.1628563	636.4592847	0.000707851	0.381996287	55.44288115	0.000902858	1	4.062856343	636.1628563	636.4592847			0	0	0	0	0.381996287	Subcritical	0.000707851
928	926.996	616084.378	3097079.991	632.0995	5.2	0	Normal	0.002	1.001	50.95	2.138967704	11.12263206	1.173529	4.580750286	634.2384677	635.3079516	0.003814146	1	35.68642616	-0.003321525	1	4.063628692	21.1308692	1.585537713	2.411164421	636.1631287	636.4594444	0.000707512	0.381887386	55.45681942	-0.00091993	1	4.063628692	636.1631287	636.4594444			0	0	0	0	0.381887386	Subcritical	0.000707512
929	927.996	616084.336	3097078.992	632.099	5.2	0	Normal	0	1	50.95	2.138967704	11.12263206	1.173529	4.580750286	634.2379677	635.3074516	0.003814146	1	35.68642616	-0.003314146	1	4.062285346	21.1238838	1.585333163	2.411961762	636.1612853	636.457797	0.000708102	0.38207683	55.43257918	0.000758122	1	4.062285346	636.1612853	636.457797			0	0	0	0	0.38207683	Subcritical	0.000708102
930	928.996	616084.294	3097077.993	632.0985	5.2	0	Normal	0.057	1	50.95	2.138967704	11.12263206	1.173529	4.580750286	634.2374677	635.3069516	0.003814146	1	35.68642616	-0.003415747	1	4.062866722	21.12690695	1.585421699	2.411616623	636.1613667	636.4577936	0.000707847	0.381994823	55.44306842	0.000920002	1	4.062866722	636.1613667	636.4577936			0	0	0	0	0.381994823	Subcritical	0.000707847
931	929.996	616084.251	3097076.994	632.098	5.2	0	Normal	0.057	1	50.95	2.138967704	11.12263206	1.173529	4.580750286	634.2369677	635.3064516	0.003814146	1	35.68642616	-0.003415747	1	4.063628692	21.1308692	1.585537713	2.411164421	636.1616287	636.4579444	0.000707512	0.381887386	55.45681942	-0.00091993	1	4.063628692	636.1616287	636.4579444			0	0	0	0	0.381887386	Subcritical	0.000707512
932	930.996	616084.209	3097075.995	632.0975	5.2	0	Normal	0	1	50.95	2.138967704	11.12263206	1.173529	4.580750286	634.2364677	635.3059516	0.003814146	1	35.68642616	-0.003314146	1	4.062285346	21.1238838	1.585333163	2.411961762	636.1597853	636.456297	0.000708102	0.38207683	55.43257918	0.000740104	1	4.062285346	636.1597853	636.456297			0	0	0	0	0.38207683	Subcritical	0.000708102
933	931.996	616084.167	3097074.996	632.097	5.2	0	Normal	0	1	50.95	2.138967704	11.12263206	1.173529	4.580750286	634.2359677	635.3054516	0.003814146	1	35.68642616	-0.003314146	1	4.06287803	21.12696576	1.585423421	2.411609911	636.159878	636.4563032	0.000707842	0.381993228	55.44327247	0.000938708	1	4.06287803	636.159878	636.4563032			0	0	0	0	0.381993228	Subcritical	0.000707842
934	932.995	616084.125	3097073.997	632.0965	5.2	0	Normal	0.057	0.999	50.95	2.138967704	11.12263206	1.173529	4.580750286	634.2354677	635.3049516	0.003814146	1	35.68642616	-0.003411933	1	4.063661632	21.13104049	1.585542728	2.411144876	636.1601616	636.4564725	0.000707498	0.381882743	55.45741396	-0.000919424	1	4.063661632	636.1601616	636.4564725			0	0	0	0	0.381882743	Subcritical	0.000707498
935	933.995	616084.082	3097072.998	632.096	5.2	0	Normal	0.057	1	50.95	2.138967704	11.12263206	1.173529	4.580750286	634.2349677	635.3044516	0.003814146	1	35.68642616	-0.003415747	1	4.062285346	21.1238838	1.585333163	2.411961762	636.1582853	636.454797	0.000708102	0.38207683	55.43257918	0.000731596	1	4.062285346	636.1582853	636.454797			0	0	0	0	0.38207683	Subcritical	0.000708102
936	934.995	616084.04	3097071.999	632.0955	5.2	0	Normal	0	1	50.95	2.138967704	11.12263206	1.173529	4.580750286	634.2344677	635.3039516	0.003814146	1	35.68642616	-0.003314146	1	4.062868552	21.12691647	1.585421977	2.411615537	636.1583686	636.4547951	0.000707846	0.381994565	55.44310144	0.000923054	1	4.062868552	636.1583686	636.4547951			0	0	0	0	0.381994565	Subcritical	0.000707846
937	935.995	616083.998	3097071	632.095	5.2	0	Normal	0.002	1	50.95	2.138967704	11.12263206	1.173529	4.580750286	634.2339677	635.3034516	0.003814146	1	35.68642616	-0.003317711	1	4.063664192	21.1310538	1.585543118	2.411143357	636.1586642	636.4549747	0.000707497	0.381882382	55.45746017	-0.000919384	1	4.063664192	636.1586642	636.4549747			0	0	0	0	0.381882382	Subcritical	0.000707497
938	936.996	616083.956	3097070	632.0945	5.2	0	Normal	0.06	1.001	50.95	2.138967704	11.12263206	1.173529	4.580750286	634.2334677	635.3029516	0.003814146	1	35.68642616	-0.003424909	1	4.062285346	21.1238838	1.585333163	2.411961762	636.1567853	636.453297	0.000708102	0.38207683	55.43257918	0.000748208	1	4.062285346	636.1567853	636.453297			0	0	0	0	0.38207683	Subcritical	0.000708102
939	937.996	616083.913	3097069.001	632.094	5.2	0	Normal	0.057	1	50.95	2.138967704	11.12263206	1.173529	4.580750286	634.2329677	635.3024516	0.003814146	1	35.68642616	-0.003415747	1	4.062855678	21.12684953	1.585420017	2.411623178	636.1568557	636.4532841	0.000707852	0.38199638	55.44286915	0.00090176	1	4.062855678	636.1568557	636.4532841			0	0	0	0	0.38199638	Subcritical	0.000707852
940	938.996	616083.871	3097068.002	632.0935	5.2	0	Normal	0	1	50.95	2.138967704	11.12263206	1.173529	4.580750286	634.2324677	635.3019516	0.003814146	1	35.68642616	-0.003314146	1	4.063628692	21.1308692	1.585537713	2.411164421	636.1571287	636.4534444	0.000707512	0.381887386	55.45681942	-0.00091993	1	4.063628692	636.1571287	636.4534444			0	0	0	0	0.381887386	Subcritical	0.000707512
941	939.996	616083.829	3097067.003	632.093	5.2	0	Normal	0	1	50.95	2.138967704	11.12263206	1.173529	4.580750286	634.2319677	635.3014516	0.003814146	1	35.68642616	-0.003314146	1	4.062285346	21.1238838	1.585333163	2.411961762	636.1552853	636.451797	0.000708102	0.38207683	55.43257918	0.000757861	1	4.062285346	636.1552853	636.451797			0	0	0	0	0.38207683	Subcritical	0.000708102
942	940.996	616083.787	3097066.004	632.0925	5.2	0	Normal	0.057	1	50.95	2.138967704	11.12263206	1.173529	4.580750286	634.2314677	635.3009516	0.003814146	1	35.68642616	-0.003415747	1	4.062866431	21.12690544	1.585421654	2.411616796	636.1553664	636.4517933	0.000707847	0.381994864	55.44306318	0.000919521	1	4.062866431	636.1553664	636.4517933			0	0	0	0	0.381994864	Subcritical	0.000707847
943	941.996	616083.744	3097065.005	632.092	5.2	0	Normal	0.057	1	50.95	2.138967704	11.12263206	1.173529	4.580750286	634.2309677	635.3004516	0.003814146	1	35.68642616	-0.003415747	1	4.063627866	21.1308649	1.585537588	2.411164911	636.1556279	636.4519437	0.000707513	0.381887503	55.4568045	-0.000919943	1	4.063627866	636.1556279	636.4519437			0	0	0	0	0.381887503	Subcritical	0.000707513
944	942.995	616083.702	3097064.006	632.0915	5.2	0	Normal	0	0.999	50.95	2.138967704	11.12263206	1.173529	4.580750286	634.2304677	635.2999516	0.003814146	1	35.68642616	-0.003310332	1	4.062285346	21.1238838	1.585333163	2.411961762	636.1537853	636.450297	0.000708102	0.38207683	55.43257918	0.000759269	1	4.062285346	636.1537853	636.450297			0	0	0	0	0.38207683	Subcritical	0.000708102
945	943.995	616083.66	3097063.007	632.091	5.2	0	Normal	0.057	1	50.95	2.138967704	11.12263206	1.173529	4.580750286	634.2299677	635.2994516	0.003814146	1	35.68642616	-0.003415747	1	4.062868	21.1269136	1.585421893	2.411615864	636.153868	636.4502947	0.000707846	0.381994643	55.44309149	0.000922116	1	4.062868	636.153868	636.4502947			0	0	0	0	0.381994643	Subcritical	0.000707846
946	944.995	616083.617	3097062.008	632.0905	5.2	0	Normal	0.06	1	50.95	2.138967704	11.12263206	1.173529	4.580750286	634.2294677	635.2989516	0.003814146	1	35.68642616	-0.003421094	1	4.063630675	21.13087951	1.585538015	2.411163245	636.1541307	636.4504461	0.000707512	0.381887107	55.45685521	-0.000919899	1	4.063630675	636.1541307	636.4504461			0	0	0	0	0.381887107	Subcritical	0.000707512
947	945.996	616083.575	3097061.008	632.09	5.2	0	Normal	0.002	1.001	50.95	2.138967704	11.12263206	1.173529	4.580750286	634.2289677	635.2984516	0.003814146	1	35.68642616	-0.003321525	1	4.062285346	21.1238838	1.585333163	2.411961762	636.1522853	636.448797	0.000708102	0.38207683	55.43257918	0.000740353	1	4.062285346	636.1522853	636.448797			0	0	0	0	0.38207683	Subcritical	0.000708102
948	946.996	616083.533	3097060.009	632.0895	5.2	0	Normal	0	1	50.95	2.138967704	11.12263206	1.173529	4.580750286	634.2284677	635.2979516	0.003814146	1	35.68642616	-0.003314146	1	4.062878307	21.1269672	1.585423463	2.411609746	636.1523783	636.4488035	0.000707842	0.381993189	55.44327747	0.000939167	1	4.062878307	636.1523783	636.4488035			0	0	0	0	0.381993189	Subcritical	0.000707842
949	947.996	616083.491	3097059.01	632.089	5.2	0	Normal	0.057	1	50.95	2.138967704	11.12263206	1.173529	4.580750286	634.2279677	635.2974516	0.003814146	1	35.68642616	-0.003415747	1	4.063661632	21.13104049	1.585542728	2.411144876	636.1526616	636.4489725	0.000707498	0.381882743	55.45741396	-0.000919424	1	4.063661632	636.1526616	636.4489725			0	0	0	0	0.381882743	Subcritical	0.000707498
950	948.996	616083.448	3097058.011	632.0885	5.2	0	Normal	0.057	1	50.95	2.138967704	11.12263206	1.173529	4.580750286	634.2274677	635.2969516	0.003814146	1	35.68642616	-0.003415747	1	4.062285346	21.1238838	1.585333163	2.411961762	636.1507853	636.447297	0.000708102	0.38207683	55.43257918	0.000730179	1	4.062285346	636.1507853	636.447297			0	0	0	0	0.38207683	Subcritical	0.000708102
951	949.996	616083.406	3097057.012	632.088	5.2	0	Normal	0	1	50.95	2.138967704	11.12263206	1.173529	4.580750286	634.2269677	635.2964516	0.003814146	1	35.68642616	-0.003314146	1	4.062866973	21.12690826	1.585421737	2.411616474	636.150867	636.4472938	0.000707847	0.381994787	55.44307296	0.000920443	1	4.062866973	636.150867	636.4472938			0	0	0	0	0.381994787	Subcritical	0.000707847
952	950.996	616083.364	3097056.013	632.0875	5.2	0	Normal	0	1	50.95	2.138967704	11.12263206	1.173529	4.580750286	634.2264677	635.2959516	0.003814146	1	35.68642616	-0.003314146	1	4.063660805	21.13103619	1.585542602	2.411145367	636.1511608	636.4474718	0.000707498	0.381882859	55.45739904	-0.000919437	1	4.063660805	636.1511608	636.4474718			0	0	0	0	0.381882859	Subcritical	0.000707498
953	951.995	616083.322	3097055.014	632.087	5.2	0	Normal	0.057	0.999	50.95	2.138967704	11.12263206	1.173529	4.580750286	634.2259677	635.2954516	0.003814146	1	35.68642616	-0.003411933	1	4.062285346	21.1238838	1.585333163	2.411961762	636.1492853	636.445797	0.000708102	0.38207683	55.43257918	0.000749182	1	4.062285346	636.1492853	636.445797			0	0	0	0	0.38207683	Subcritical	0.000708102
954	952.995	616083.279	3097054.015	632.0865	5.2	0	Normal	0.057	1	50.95	2.138967704	11.12263206	1.173529	4.580750286	634.2254677	635.2949516	0.003814146	1	35.68642616	-0.003415747	1	4.062856763	21.12685517	1.585420182	2.411622534	636.1493568	636.4457851	0.000707851	0.381996227	55.44288872	0.000903553	1	4.062856763	636.1493568	636.4457851			0	0	0	0	0.381996227	Subcritical	0.000707851
955	953.995	616083.237	3097053.016	632.086	5.2	0	Normal	0.002	1	50.95	2.138967704	11.12263206	1.173529	4.580750286	634.2249677	635.2944516	0.003814146	1	35.68642616	-0.003317711	1	4.063630675	21.13087951	1.585538015	2.411163245	636.1496307	636.4459461	0.000707512	0.381887107	55.45685521	-0.000919899	1	4.063630675	636.1496307	636.4459461			0	0	0	0	0.381887107	Subcritical	0.000707512
956	954.996	616083.195	3097052.016	632.0855	5.2	0	Normal	0.002	1.001	50.95	2.138967704	11.12263206	1.173529	4.580750286	634.2244677	635.2939516	0.003814146	1	35.68642616	-0.003321525	1	4.062285346	21.1238838	1.585333163	2.411961762	636.1477853	636.444297	0.000708102	0.38207683	55.43257918	0.000758122	1	4.062285346	636.1477853	636.444297			0	0	0	0	0.38207683	Subcritical	0.000708102
957	955.996	616083.153	3097051.017	632.085	5.2	0	Normal	0.057	1	50.95	2.138967704	11.12263206	1.173529	4.580750286	634.2239677	635.2934516	0.003814146	1	35.68642616	-0.003415747	1	4.062866722	21.12690695	1.585421699	2.411616623	636.1478667	636.4442936	0.000707847	0.381994823	55.44306842	0.000920002	1	4.062866722	636.1478667	636.4442936			0	0	0	0	0.381994823	Subcritical	0.000707847
958	956.996	616083.11	3097050.018	632.0845	5.2	0	Normal	0.057	1	50.95	2.138967704	11.12263206	1.173529	4.580750286	634.2234677	635.2929516	0.003814146	1	35.68642616	-0.003415747	1	4.063628692	21.1308692	1.585537713	2.411164421	636.1481287	636.4444444	0.000707512	0.381887386	55.45681942	-0.00091993	1	4.063628692	636.1481287	636.4444444			0	0	0	0	0.381887386	Subcritical	0.000707512
959	957.996	616083.068	3097049.019	632.084	5.2	0	Normal	0	1	50.95	2.138967704	11.12263206	1.173529	4.580750286	634.2229677	635.2924516	0.003814146	1	35.68642616	-0.003314146	1	4.062285346	21.1238838	1.585333163	2.411961762	636.1462853	636.442797	0.000708102	0.38207683	55.43257918	0.000740353	1	4.062285346	636.1462853	636.442797			0	0	0	0	0.38207683	Subcritical	0.000708102
960	958.996	616083.026	3097048.02	632.0835	5.2	0	Normal	0	1	50.95	2.138967704	11.12263206	1.173529	4.580750286	634.2224677	635.2919516	0.003814146	1	35.68642616	-0.003314146	1	4.062878307	21.1269672	1.585423463	2.411609746	636.1463783	636.4428035	0.000707842	0.381993189	55.44327747	0.000939167	1	4.062878307	636.1463783	636.4428035			0	0	0	0	0.381993189	Subcritical	0.000707842
961	959.996	616082.984	3097047.021	632.083	5.2	0	Normal	0.057	1	50.95	2.138967704	11.12263206	1.173529	4.580750286	634.2219677	635.2914516	0.003814146	1	35.68642616	-0.003415747	1	4.063661632	21.13104049	1.585542728	2.411144876	636.1466616	636.4429725	0.000707498	0.381882743	55.45741396	-0.000919424	1	4.063661632	636.1466616	636.4429725			0	0	0	0	0.381882743	Subcritical	0.000707498
962	960.996	616082.941	3097046.022	632.0825	5.2	0	Normal	0.057	1	50.95	2.138967704	11.12263206	1.173529	4.580750286	634.2214677	635.2909516	0.003814146	1	35.68642616	-0.003415747	1	4.062285346	21.1238838	1.585333163	2.411961762	636.1447853	636.441297	0.000708102	0.38207683	55.43257918	0.000729367	1	4.062285346	636.1447853	636.441297			0	0	0	0	0.38207683	Subcritical	0.000708102
963	961.995	616082.899	3097045.023	632.082	5.2	0	Normal	0	0.999	50.95	2.138967704	11.12263206	1.173529	4.580750286	634.2209677	635.2904516	0.003814146	1	35.68642616	-0.003310332	1	4.062866857	21.12690766	1.585421719	2.411616543	636.1448669	636.4412937	0.000707847	0.381994804	55.44307087	0.000920252	1	4.062866857	636.1448669	636.4412937			0	0	0	0	0.381994804	Subcritical	0.000707847
964	962.995	616082.857	3097044.024	632.0815	5.2	0	Normal	0	1	50.95	2.138967704	11.12263206	1.173529	4.580750286	634.2204677	635.2899516	0.003814146	1	35.68642616	-0.003314146	1	4.063660476	21.13103448	1.585542552	2.411145562	636.1451605	636.4414715	0.000707498	0.381882906	55.4573931	-0.000919442	1	4.063660476	636.1451605	636.4414715			0	0	0	0	0.381882906	Subcritical	0.000707498
965	963.995	616082.815	3097043.025	632.081	5.2	0	Normal	0.055	1	50.95	2.138967704	11.12263206	1.173529	4.580750286	634.2199677	635.2894516	0.003814146	1	35.68642616	-0.003412182	1	4.062285346	21.1238838	1.585333163	2.411961762	636.1432853	636.439797	0.000708102	0.38207683	55.43257918	0.000747928	1	4.062285346	636.1432853	636.439797			0	0	0	0	0.38207683	Subcritical	0.000708102
966	964.996	616082.772	3097042.025	632.0805	5.2	0	Normal	0.055	1.001	50.95	2.138967704	11.12263206	1.173529	4.580750286	634.2194677	635.2889516	0.003814146	1	35.68642616	-0.003415996	1	4.062855678	21.12684953	1.585420017	2.411623178	636.1433557	636.4397841	0.000707852	0.38199638	55.44286915	0.00090176	1	4.062855678	636.1433557	636.4397841			0	0	0	0	0.38199638	Subcritical	0.000707852
967	965.996	616082.73	3097041.026	632.08	5.2	0	Normal	0	1	50.95	2.138967704	11.12263206	1.173529	4.580750286	634.2189677	635.2884516	0.003814146	1	35.68642616	-0.003314146	1	4.063628692	21.1308692	1.585537713	2.411164421	636.1436287	636.4399444	0.000707512	0.381887386	55.45681942	-0.00091993	1	4.063628692	636.1436287	636.4399444			0	0	0	0	0.381887386	Subcritical	0.000707512
968	966.996	616082.688	3097040.027	632.0795	5.2	0	Normal	0	1	50.95	2.138967704	11.12263206	1.173529	4.580750286	634.2184677	635.2879516	0.003814146	1	35.68642616	-0.003314146	1	4.062285346	21.1238838	1.585333163	2.411961762	636.1417853	636.438297	0.000708102	0.38207683	55.43257918	0.000758122	1	4.062285346	636.1417853	636.438297			0	0	0	0	0.38207683	Subcritical	0.000708102
969	967.996	616082.646	3097039.028	632.079	5.2	0	Normal	0.057	1	50.95	2.138967704	11.12263206	1.173529	4.580750286	634.2179677	635.2874516	0.003814146	1	35.68642616	-0.003415747	1	4.062866722	21.12690695	1.585421699	2.411616623	636.1418667	636.4382936	0.000707847	0.381994823	55.44306842	0.000920002	1	4.062866722	636.1418667	636.4382936			0	0	0	0	0.381994823	Subcritical	0.000707847
970	968.996	616082.603	3097038.029	632.0785	5.2	0	Normal	0.057	1	50.95	2.138967704	11.12263206	1.173529	4.580750286	634.2174677	635.2869516	0.003814146	1	35.68642616	-0.003415747	1	4.063628692	21.1308692	1.585537713	2.411164421	636.1421287	636.4384444	0.000707512	0.381887386	55.45681942	-0.00091993	1	4.063628692	636.1421287	636.4384444			0	0	0	0	0.381887386	Subcritical	0.000707512
971	969.996	616082.561	3097037.03	632.078	5.2	0	Normal	0	1	50.95	2.138967704	11.12263206	1.173529	4.580750286	634.2169677	635.2864516	0.003814146	1	35.68642616	-0.003314146	1	4.062285346	21.1238838	1.585333163	2.411961762	636.1402853	636.436797	0.000708102	0.38207683	55.43257918	0.000757779	1	4.062285346	636.1402853	636.436797			0	0	0	0	0.38207683	Subcritical	0.000708102
972	970.995	616082.519	3097036.031	632.0775	5.2	0	Normal	0.057	0.999	50.95	2.138967704	11.12263206	1.173529	4.580750286	634.2164677	635.2859516	0.003814146	1	35.68642616	-0.003411933	1	4.062867128	21.12690907	1.585421761	2.411616382	636.1403671	636.4367939	0.000707847	0.381994766	55.44307576	0.000920674	1	4.062867128	636.1403671	636.4367939			0	0	0	0	0.381994766	Subcritical	0.000707847
973	971.995	616082.476	3097035.032	632.077	5.2	0	Normal	0.057	1	50.95	2.138967704	11.12263206	1.173529	4.580750286	634.2159677	635.2854516	0.003814146	1	35.68642616	-0.003415747	1	4.063629848	21.13087521	1.585537889	2.411163735	636.1406298	636.4369454	0.000707512	0.381887223	55.45684028	-0.000919912	1	4.063629848	636.1406298	636.4369454			0	0	0	0	0.381887223	Subcritical	0.000707512
974	972.995	616082.434	3097034.033	632.0765	5.2	0	Normal	0.002	1	50.95	2.138967704	11.12263206	1.173529	4.580750286	634.2154677	635.2849516	0.003814146	1	35.68642616	-0.003317711	1	4.062285346	21.1238838	1.585333163	2.411961762	636.1387853	636.435297	0.000708102	0.38207683	55.43257918	0.000742049	1	4.062285346	636.1387853	636.435297			0	0	0	0	0.38207683	Subcritical	0.000708102
975	973.996	616082.392	3097033.033	632.076	5.2	0	Normal	0.002	1.001	50.95	2.138967704	11.12263206	1.173529	4.580750286	634.2149677	635.2844516	0.003814146	1	35.68642616	-0.003321525	1	4.062878307	21.1269672	1.585423463	2.411609746	636.1388783	636.4353035	0.000707842	0.381993189	55.44327747	0.000939167	1	4.062878307	636.1388783	636.4353035			0	0	0	0	0.381993189	Subcritical	0.000707842
976	974.996	616082.35	3097032.034	632.0755	5.2	0	Normal	0.057	1	50.95	2.138967704	11.12263206	1.173529	4.580750286	634.2144677	635.2839516	0.003814146	1	35.68642616	-0.003415747	1	4.063661632	21.13104049	1.585542728	2.411144876	636.1391616	636.4354725	0.000707498	0.381882743	55.45741396	-0.000919424	1	4.063661632	636.1391616	636.4354725			0	0	0	0	0.381882743	Subcritical	0.000707498
977	975.996	616082.307	3097031.035	632.075	5.2	0	Normal	0.057	1	50.95	2.138967704	11.12263206	1.173529	4.580750286	634.2139677	635.2834516	0.003814146	1	35.68642616	-0.003415747	1	4.062285346	21.1238838	1.585333163	2.411961762	636.1372853	636.433797	0.000708102	0.38207683	55.43257918	0.00073044	1	4.062285346	636.1372853	636.433797			0	0	0	0	0.38207683	Subcritical	0.000708102
978	976.996	616082.265	3097030.036	632.0745	5.2	0	Normal	0	1	50.95	2.138967704	11.12263206	1.173529	4.580750286	634.2134677	635.2829516	0.003814146	1	35.68642616	-0.003314146	1	4.062867264	21.12690977	1.585421781	2.411616301	636.1373673	636.433794	0.000707847	0.381994746	55.4430782	0.000920924	1	4.062867264	636.1373673	636.433794			0	0	0	0	0.381994746	Subcritical	0.000707847
979	977.996	616082.223	3097029.037	632.074	5.2	0	Normal	0	1	50.95	2.138967704	11.12263206	1.173529	4.580750286	634.2129677	635.2824516	0.003814146	1	35.68642616	-0.003314146	1	4.063661632	21.13104049	1.585542728	2.411144876	636.1376616	636.4339725	0.000707498	0.381882743	55.45741396	-0.000919424	1	4.063661632	636.1376616	636.4339725			0	0	0	0	0.381882743	Subcritical	0.000707498
980	978.996	616082.181	3097028.038	632.0735	5.2	0	Normal	0.057	1	50.95	2.138967704	11.12263206	1.173529	4.580750286	634.2124677	635.2819516	0.003814146	1	35.68642616	-0.003415747	1	4.062285346	21.1238838	1.585333163	2.411961762	636.1357853	636.432297	0.000708102	0.38207683	55.43257918	0.000747501	1	4.062285346	636.1357853	636.432297			0	0	0	0	0.38207683	Subcritical	0.000708102
981	979.995	616082.138	3097027.039	632.073	5.2	0	Normal	0.057	0.999	50.95	2.138967704	11.12263206	1.173529	4.580750286	634.2119677	635.2814516	0.003814146	1	35.68642616	-0.003411933	1	4.062855678	21.12684953	1.585420017	2.411623178	636.1358557	636.4322841	0.000707852	0.38199638	55.44286915	0.00090176	1	4.062855678	636.1358557	636.4322841			0	0	0	0	0.38199638	Subcritical	0.000707852
982	980.995	616082.096	3097026.04	632.0725	5.2	0	Normal	0	1	50.95	2.138967704	11.12263206	1.173529	4.580750286	634.2114677	635.2809516	0.003814146	1	35.68642616	-0.003314146	1	4.063628692	21.1308692	1.585537713	2.411164421	636.1361287	636.4324444	0.000707512	0.381887386	55.45681942	-0.00091993	1	4.063628692	636.1361287	636.4324444			0	0	0	0	0.381887386	Subcritical	0.000707512
983	981.995	616082.054	3097025.041	632.072	5.2	0	Normal	0	1	50.95	2.138967704	11.12263206	1.173529	4.580750286	634.2109677	635.2804516	0.003814146	1	35.68642616	-0.003314146	1	4.062285346	21.1238838	1.585333163	2.411961762	636.1342853	636.430797	0.000708102	0.38207683	55.43257918	0.000757035	1	4.062285346	636.1342853	636.430797			0	0	0	0	0.38207683	Subcritical	0.000708102
984	982.995	616082.012	3097024.042	632.0715	5.2	0	Normal	0.055	1	50.95	2.138967704	11.12263206	1.173529	4.580750286	634.2104677	635.2799516	0.003814146	1	35.68642616	-0.003412182	1	4.062866612	21.12690638	1.585421682	2.411616688	636.1343666	636.4307935	0.000707847	0.381994838	55.44306644	0.00091982	1	4.062866612	636.1343666	636.4307935			0	0	0	0	0.381994838	Subcritical	0.000707847
985	983.996	616081.969	3097023.042	632.071	5.2	0	Normal	0.055	1.001	50.95	2.138967704	11.12263206	1.173529	4.580750286	634.2099677	635.2794516	0.003814146	1	35.68642616	-0.003415996	1	4.063628692	21.1308692	1.585537713	2.411164421	636.1346287	636.4309444	0.000707512	0.381887386	55.45681942	-0.00091993	1	4.063628692	636.1346287	636.4309444			0	0	0	0	0.381887386	Subcritical	0.000707512
986	984.996	616081.927	3097022.043	632.0705	5.2	0	Normal	0	1	50.95	2.138967704	11.12263206	1.173529	4.580750286	634.2094677	635.2789516	0.003814146	1	35.68642616	-0.003314146	1	4.062285346	21.1238838	1.585333163	2.411961762	636.1327853	636.429297	0.000708102	0.38207683	55.43257918	0.000740353	1	4.062285346	636.1327853	636.429297			0	0	0	0	0.38207683	Subcritical	0.000708102
987	985.996	616081.885	3097021.044	632.07	5.2	0	Normal	0	1	50.95	2.138967704	11.12263206	1.173529	4.580750286	634.2089677	635.2784516	0.003814146	1	35.68642616	-0.003314146	1	4.062878307	21.1269672	1.585423463	2.411609746	636.1328783	636.4293035	0.000707842	0.381993189	55.44327747	0.000939167	1	4.062878307	636.1328783	636.4293035			0	0	0	0	0.381993189	Subcritical	0.000707842
988	986.996	616081.843	3097020.045	632.0695	5.2	0	Normal	0.057	1	50.95	2.138967704	11.12263206	1.173529	4.580750286	634.2084677	635.2779516	0.003814146	1	35.68642616	-0.003415747	1	4.063661632	21.13104049	1.585542728	2.411144876	636.1331616	636.4294725	0.000707498	0.381882743	55.45741396	-0.000919424	1	4.063661632	636.1331616	636.4294725			0	0	0	0	0.381882743	Subcritical	0.000707498
989	987.996	616081.8	3097019.046	632.069	5.2	0	Normal	0.057	1	50.95	2.138967704	11.12263206	1.173529	4.580750286	634.2079677	635.2774516	0.003814146	1	35.68642616	-0.003415747	1	4.062285346	21.1238838	1.585333163	2.411961762	636.1312853	636.427797	0.000708102	0.38207683	55.43257918	0.00073019	1	4.062285346	636.1312853	636.427797			0	0	0	0	0.38207683	Subcritical	0.000708102
990	988.996	616081.758	3097018.047	632.0685	5.2	0	Normal	0	1	50.95	2.138967704	11.12263206	1.173529	4.580750286	634.2074677	635.2769516	0.003814146	1	35.68642616	-0.003314146	1	4.062866986	21.12690833	1.585421739	2.411616466	636.131367	636.4277938	0.000707847	0.381994786	55.44307319	0.000920466	1	4.062866986	636.131367	636.4277938			0	0	0	0	0.381994786	Subcritical	0.000707847
991	989.995	616081.716	3097017.048	632.068	5.2	0	Normal	0	0.999	50.95	2.138967704	11.12263206	1.173529	4.580750286	634.2069677	635.2764516	0.003814146	1	35.68642616	-0.003310332	1	4.063661632	21.13104049	1.585542728	2.411144876	636.1316616	636.4279725	0.000707498	0.381882743	55.45741396	-0.000919424	1	4.063661632	636.1316616	636.4279725			0	0	0	0	0.381882743	Subcritical	0.000707498
992	990.995	616081.674	3097016.049	632.0675	5.2	0	Normal	0.057	1	50.95	2.138967704	11.12263206	1.173529	4.580750286	634.2064677	635.2759516	0.003814146	1	35.68642616	-0.003415747	1	4.062285346	21.1238838	1.585333163	2.411961762	636.1297853	636.426297	0.000708102	0.38207683	55.43257918	0.000750288	1	4.062285346	636.1297853	636.426297			0	0	0	0	0.38207683	Subcritical	0.000708102
993	991.995	616081.631	3097015.05	632.067	5.2	0	Normal	0.06	1	50.95	2.138967704	11.12263206	1.173529	4.580750286	634.2059677	635.2754516	0.003814146	1	35.68642616	-0.003421094	1	4.062856343	21.12685298	1.585420118	2.411622784	636.1298563	636.4262847	0.000707851	0.381996287	55.44288115	0.000902858	1	4.062856343	636.1298563	636.4262847			0	0	0	0	0.381996287	Subcritical	0.000707851
994	992.996	616081.589	3097014.05	632.0665	5.2	0	Normal	0.002	1.001	50.95	2.138967704	11.12263206	1.173529	4.580750286	634.2054677	635.2749516	0.003814146	1	35.68642616	-0.003321525	1	4.063628692	21.1308692	1.585537713	2.411164421	636.1301287	636.4264444	0.000707512	0.381887386	55.45681942	-0.00091993	1	4.063628692	636.1301287	636.4264444			0	0	0	0	0.381887386	Subcritical	0.000707512
995	993.996	616081.547	3097013.051	632.066	5.2	0	Normal	0	1	50.95	2.138967704	11.12263206	1.173529	4.580750286	634.2049677	635.2744516	0.003814146	1	35.68642616	-0.003314146	1	4.062285346	21.1238838	1.585333163	2.411961762	636.1282853	636.424797	0.000708102	0.38207683	55.43257918	0.000758122	1	4.062285346	636.1282853	636.424797			0	0	0	0	0.38207683	Subcritical	0.000708102
996	994.996	616081.505	3097012.052	632.0655	5.2	0	Normal	0.057	1	50.95	2.138967704	11.12263206	1.173529	4.580750286	634.2044677	635.2739516	0.003814146	1	35.68642616	-0.003415747	1	4.062866722	21.12690695	1.585421699	2.411616623	636.1283667	636.4247936	0.000707847	0.381994823	55.44306842	0.000920002	1	4.062866722	636.1283667	636.4247936			0	0	0	0	0.381994823	Subcritical	0.000707847
997	995.996	616081.462	3097011.053	632.065	5.2	0	Normal	0.057	1	50.95	2.138967704	11.12263206	1.173529	4.580750286	634.2039677	635.2734516	0.003814146	1	35.68642616	-0.003415747	1	4.063628692	21.1308692	1.585537713	2.411164421	636.1286287	636.4249444	0.000707512	0.381887386	55.45681942	-0.00091993	1	4.063628692	636.1286287	636.4249444			0	0	0	0	0.381887386	Subcritical	0.000707512
998	996.996	616081.42	3097010.054	632.0645	5.2	0	Normal	0	1	50.95	2.138967704	11.12263206	1.173529	4.580750286	634.2034677	635.2729516	0.003814146	1	35.68642616	-0.003314146	1	4.062285346	21.1238838	1.585333163	2.411961762	636.1267853	636.423297	0.000708102	0.38207683	55.43257918	0.000740104	1	4.062285346	636.1267853	636.423297			0	0	0	0	0.38207683	Subcritical	0.000708102
999	997.996	616081.378	3097009.055	632.064	5.2	0	Normal	0	1	50.95	2.138967704	11.12263206	1.173529	4.580750286	634.2029677	635.2724516	0.003814146	1	35.68642616	-0.003314146	1	4.06287803	21.12696576	1.585423421	2.411609911	636.126878	636.4233032	0.000707842	0.381993228	55.44327247	0.000938708	1	4.06287803	636.126878	636.4233032			0	0	0	0	0.381993228	Subcritical	0.000707842
1000	998.995	616081.336	3097008.056	632.0635	5.2	0	Normal	0.057	0.999	50.95	2.138967704	11.12263206	1.173529	4.580750286	634.2024677	635.2719516	0.003814146	1	35.68642616	-0.003411933	1	4.063661632	21.13104049	1.585542728	2.411144876	636.1271616	636.4234725	0.000707498	0.381882743	55.45741396	-0.000919424	1	4.063661632	636.1271616	636.4234725			0	0	0	0	0.381882743	Subcritical	0.000707498
1001	999.995	616081.293	3097007.057	632.063	5.2	0	Normal	0.057	1	50.95	2.138967704	11.12263206	1.173529	4.580750286	634.2019677	635.2714516	0.003814146	1	35.68642616	-0.003415747	1	4.062285346	21.1238838	1.585333163	2.411961762	636.1252853	636.421797	0.000708102	0.38207683	55.43257918	0.000742112	1	4.062285346	636.1252853	636.421797			0	0	0	0	0.38207683	Subcritical	0.000708102
1002	1000.995	616081.251	3097006.058	632.0625	5.2	0	Normal	0.002	1	50.95	2.138967704	11.12263206	1.173529	4.580750286	634.2014677	635.2709516	0.003814146	1	35.68642616	-0.003317711	1	4.062879166	21.12697166	1.585423594	2.411609236	636.1253792	636.4218042	0.000707841	0.381993068	55.44329297	0.000940585	1	4.062879166	636.1253792	636.4218042			0	0	0	0	0.381993068	Subcritical	0.000707841
1003	1001.996	616081.209	3097005.058	632.062	5.2	0	Normal	0.06	1.001	50.95	2.138967704	11.12263206	1.173529	4.580750286	634.2009677	635.2704516	0.003814146	1	35.68642616	-0.003424909	1	4.063661632	21.13104049	1.585542728	2.411144876	636.1256616	636.4219725	0.000707498	0.381882743	55.45741396	-0.000919424	1	4.063661632	636.1256616	636.4219725			0	0	0	0	0.381882743	Subcritical	0.000707498
1004	1002.996	616081.166	3097004.059	632.0615	5.2	0	Normal	0.057	1	50.95	2.138967704	11.12263206	1.173529	4.580750286	634.2004677	635.2699516	0.003814146	1	35.68642616	-0.003415747	1	4.062285346	21.1238838	1.585333163	2.411961762	636.1237853	636.420297	0.000708102	0.38207683	55.43257918	0.00073044	1	4.062285346	636.1237853	636.420297			0	0	0	0	0.38207683	Subcritical	0.000708102
1005	1003.996	616081.124	3097003.06	632.061	5.2	0	Normal	0	1	50.95	2.138967704	11.12263206	1.173529	4.580750286	634.1999677	635.2694516	0.003814146	1	35.68642616	-0.003314146	1	4.062867264	21.12690977	1.585421781	2.411616301	636.1238673	636.420294	0.000707847	0.381994746	55.4430782	0.000920924	1	4.062867264	636.1238673	636.420294			0	0	0	0	0.381994746	Subcritical	0.000707847
1006	1004.996	616081.082	3097002.061	632.0605	5.2	0	Normal	0	1	50.95	2.138967704	11.12263206	1.173529	4.580750286	634.1994677	635.2689516	0.003814146	1	35.68642616	-0.003314146	1	4.063661632	21.13104049	1.585542728	2.411144876	636.1241616	636.4204725	0.000707498	0.381882743	55.45741396	-0.000919424	1	4.063661632	636.1241616	636.4204725			0	0	0	0	0.381882743	Subcritical	0.000707498
1007	1005.996	616081.04	3097001.062	632.06	5.2	0	Normal	0.057	1	50.95	2.138967704	11.12263206	1.173529	4.580750286	634.1989677	635.2684516	0.003814146	1	35.68642616	-0.003415747	1	4.062285346	21.1238838	1.585333163	2.411961762	636.1222853	636.418797	0.000708102	0.38207683	55.43257918	0.000747959	1	4.062285346	636.1222853	636.418797			0	0	0	0	0.38207683	Subcritical	0.000708102
1008	1006.996	616080.997	3097000.063	632.0595	5.2	0	Normal	0.057	1	50.95	2.138967704	11.12263206	1.173529	4.580750286	634.1984677	635.2679516	0.003814146	1	35.68642616	-0.003415747	1	4.062855401	21.12684808	1.585419975	2.411623343	636.1223554	636.4187839	0.000707852	0.38199642	55.44286414	0.000901301	1	4.062855401	636.1223554	636.4187839			0	0	0	0	0.38199642	Subcritical	0.000707852
1009	1007.995	616080.955	3096999.064	632.059	5.2	0	Normal	0	0.999	50.95	2.138967704	11.12263206	1.173529	4.580750286	634.1979677	635.2674516	0.003814146	1	35.68642616	-0.003310332	1	4.063628692	21.1308692	1.585537713	2.411164421	636.1226287	636.4189444	0.000707512	0.381887386	55.45681942	-0.00091993	1	4.063628692	636.1226287	636.4189444			0	0	0	0	0.381887386	Subcritical	0.000707512
1010	1008.995	616080.913	3096998.065	632.0585	5.2	0	Normal	0	1	50.95	2.138967704	11.12263206	1.173529	4.580750286	634.1974677	635.2669516	0.003814146	1	35.68642616	-0.003314146	1	4.062285346	21.1238838	1.585333163	2.411961762	636.1207853	636.417297	0.000708102	0.38207683	55.43257918	0.000759269	1	4.062285346	636.1207853	636.417297			0	0	0	0	0.38207683	Subcritical	0.000708102
1011	1009.995	616080.871	3096997.066	632.058	5.2	0	Normal	0.057	1	50.95	2.138967704	11.12263206	1.173529	4.580750286	634.1969677	635.2664516	0.003814146	1	35.68642616	-0.003415747	1	4.062868	21.1269136	1.585421893	2.411615864	636.120868	636.4172947	0.000707846	0.381994643	55.44309149	0.000922116	1	4.062868	636.120868	636.4172947			0	0	0	0	0.381994643	Subcritical	0.000707846
1012	1010.995	616080.828	3096996.067	632.0575	5.2	0	Normal	0.06	1	50.95	2.138967704	11.12263206	1.173529	4.580750286	634.1964677	635.2659516	0.003814146	1	35.68642616	-0.003421094	1	4.063630675	21.13087951	1.585538015	2.411163245	636.1211307	636.4174461	0.000707512	0.381887107	55.45685521	-0.000919899	1	4.063630675	636.1211307	636.4174461			0	0	0	0	0.381887107	Subcritical	0.000707512
1013	1011.996	616080.786	3096995.067	632.057	5.2	0	Normal	0.002	1.001	50.95	2.138967704	11.12263206	1.173529	4.580750286	634.1959677	635.2654516	0.003814146	1	35.68642616	-0.003321525	1	4.062285346	21.1238838	1.585333163	2.411961762	636.1192853	636.415797	0.000708102	0.38207683	55.43257918	0.000740353	1	4.062285346	636.1192853	636.415797			0	0	0	0	0.38207683	Subcritical	0.000708102
1014	1012.996	616080.744	3096994.068	632.0565	5.2	0	Normal	0	1	50.95	2.138967704	11.12263206	1.173529	4.580750286	634.1954677	635.2649516	0.003814146	1	35.68642616	-0.003314146	1	4.062878307	21.1269672	1.585423463	2.411609746	636.1193783	636.4158035	0.000707842	0.381993189	55.44327747	0.000939167	1	4.062878307	636.1193783	636.4158035			0	0	0	0	0.381993189	Subcritical	0.000707842
1015	1013.996	616080.702	3096993.069	632.056	5.2	0	Normal	0.057	1	50.95	2.138967704	11.12263206	1.173529	4.580750286	634.1949677	635.2644516	0.003814146	1	35.68642616	-0.003415747	1	4.063661632	21.13104049	1.585542728	2.411144876	636.1196616	636.4159725	0.000707498	0.381882743	55.45741396	-0.000919424	1	4.063661632	636.1196616	636.4159725			0	0	0	0	0.381882743	Subcritical	0.000707498
1016	1014.996	616080.659	3096992.07	632.0555	5.2	0	Normal	0.057	1	50.95	2.138967704	11.12263206	1.173529	4.580750286	634.1944677	635.2639516	0.003814146	1	35.68642616	-0.003415747	1	4.062285346	21.1238838	1.585333163	2.411961762	636.1177853	636.414297	0.000708102	0.38207683	55.43257918	0.000730179	1	4.062285346	636.1177853	636.414297			0	0	0	0	0.38207683	Subcritical	0.000708102
1017	1015.996	616080.617	3096991.071	632.055	5.2	0	Normal	0	1	50.95	2.138967704	11.12263206	1.173529	4.580750286	634.1939677	635.2634516	0.003814146	1	35.68642616	-0.003314146	1	4.062866973	21.12690826	1.585421737	2.411616474	636.117867	636.4142938	0.000707847	0.381994787	55.44307296	0.000920443	1	4.062866973	636.117867	636.4142938			0	0	0	0	0.381994787	Subcritical	0.000707847
1018	1016.996	616080.575	3096990.072	632.0545	5.2	0	Normal	0	1	50.95	2.138967704	11.12263206	1.173529	4.580750286	634.1934677	635.2629516	0.003814146	1	35.68642616	-0.003314146	1	4.063660805	21.13103619	1.585542602	2.411145367	636.1181608	636.4144718	0.000707498	0.381882859	55.45739904	-0.000919437	1	4.063660805	636.1181608	636.4144718			0	0	0	0	0.381882859	Subcritical	0.000707498
1019	1017.995	616080.533	3096989.073	632.054	5.2	0	Normal	0.057	0.999	50.95	2.138967704	11.12263206	1.173529	4.580750286	634.1929677	635.2624516	0.003814146	1	35.68642616	-0.003411933	1	4.062285346	21.1238838	1.585333163	2.411961762	636.1162853	636.412797	0.000708102	0.38207683	55.43257918	0.000749182	1	4.062285346	636.1162853	636.412797			0	0	0	0	0.38207683	Subcritical	0.000708102
1020	1018.995	616080.49	3096988.074	632.0535	5.2	0	Normal	0.057	1	50.95	2.138967704	11.12263206	1.173529	4.580750286	634.1924677	635.2619516	0.003814146	1	35.68642616	-0.003415747	1	4.062856763	21.12685517	1.585420182	2.411622534	636.1163568	636.4127851	0.000707851	0.381996227	55.44288872	0.000903553	1	4.062856763	636.1163568	636.4127851			0	0	0	0	0.381996227	Subcritical	0.000707851
1021	1019.995	616080.448	3096987.075	632.053	5.2	0	Normal	0.002	1	50.95	2.138967704	11.12263206	1.173529	4.580750286	634.1919677	635.2614516	0.003814146	1	35.68642616	-0.003317711	1	4.063630675	21.13087951	1.585538015	2.411163245	636.1166307	636.4129461	0.000707512	0.381887107	55.45685521	-0.000919899	1	4.063630675	636.1166307	636.4129461			0	0	0	0	0.381887107	Subcritical	0.000707512
1022	1020.996	616080.406	3096986.075	632.0525	5.2	0	Normal	0.002	1.001	50.95	2.138967704	11.12263206	1.173529	4.580750286	634.1914677	635.2609516	0.003814146	1	35.68642616	-0.003321525	1	4.062285346	21.1238838	1.585333163	2.411961762	636.1147853	636.411297	0.000708102	0.38207683	55.43257918	0.000758122	1	4.062285346	636.1147853	636.411297			0	0	0	0	0.38207683	Subcritical	0.000708102
1023	1021.996	616080.364	3096985.076	632.052	5.2	0	Normal	0.057	1	50.95	2.138967704	11.12263206	1.173529	4.580750286	634.1909677	635.2604516	0.003814146	1	35.68642616	-0.003415747	1	4.062866722	21.12690695	1.585421699	2.411616623	636.1148667	636.4112936	0.000707847	0.381994823	55.44306842	0.000920002	1	4.062866722	636.1148667	636.4112936			0	0	0	0	0.381994823	Subcritical	0.000707847
1024	1022.996	616080.321	3096984.077	632.0515	5.2	0	Normal	0.057	1	50.95	2.138967704	11.12263206	1.173529	4.580750286	634.1904677	635.2599516	0.003814146	1	35.68642616	-0.003415747	1	4.063628692	21.1308692	1.585537713	2.411164421	636.1151287	636.4114444	0.000707512	0.381887386	55.45681942	-0.00091993	1	4.063628692	636.1151287	636.4114444			0	0	0	0	0.381887386	Subcritical	0.000707512
1025	1023.996	616080.279	3096983.078	632.051	5.2	0	Normal	0	1	50.95	2.138967704	11.12263206	1.173529	4.580750286	634.1899677	635.2594516	0.003814146	1	35.68642616	-0.003314146	1	4.062285346	21.1238838	1.585333163	2.411961762	636.1132853	636.409797	0.000708102	0.38207683	55.43257918	0.000740092	1	4.062285346	636.1132853	636.409797			0	0	0	0	0.38207683	Subcritical	0.000708102
1026	1024.996	616080.237	3096982.079	632.0505	5.2	0	Normal	0	1	50.95	2.138967704	11.12263206	1.173529	4.580750286	634.1894677	635.2589516	0.003814146	1	35.68642616	-0.003314146	1	4.062878017	21.12696569	1.585423419	2.411609919	636.113378	636.4098032	0.000707842	0.38199323	55.44327223	0.000938686	1	4.062878017	636.113378	636.4098032			0	0	0	0	0.38199323	Subcritical	0.000707842
1027	1025.996	616080.195	3096981.08	632.05	5.2	0	Normal	0.057	1	50.95	2.138967704	11.12263206	1.173529	4.580750286	634.1889677	635.2584516	0.003814146	1	35.68642616	-0.003415747	1	4.063660805	21.13103619	1.585542602	2.411145367	636.1136608	636.4099718	0.000707498	0.381882859	55.45739904	-0.000919437	1	4.063660805	636.1136608	636.4099718			0	0	0	0	0.381882859	Subcritical	0.000707498
1028	1026.995	616080.152	3096980.081	632.0495	5.2	0	Normal	0.057	0.999	50.95	2.138967704	11.12263206	1.173529	4.580750286	634.1884677	635.2579516	0.003814146	1	35.68642616	-0.003411933	1	4.062285346	21.1238838	1.585333163	2.411961762	636.1117853	636.408297	0.000708102	0.38207683	55.43257918	0.000739901	1	4.062285346	636.1117853	636.408297			0	0	0	0	0.38207683	Subcritical	0.000708102
1029	1027.995	616080.11	3096979.082	632.049	5.2	0	Normal	0	1	50.95	2.138967704	11.12263206	1.173529	4.580750286	634.1879677	635.2574516	0.003814146	1	35.68642616	-0.003314146	1	4.062877804	21.12696458	1.585423386	2.411610045	636.1118778	636.408303	0.000707842	0.38199326	55.44326839	0.000938335	1	4.062877804	636.1118778	636.408303			0	0	0	0	0.38199326	Subcritical	0.000707842
1030	1028.995	616080.068	3096978.083	632.0485	5.2	0	Normal	0.055	1	50.95	2.138967704	11.12263206	1.173529	4.580750286	634.1874677	635.2569516	0.003814146	1	35.68642616	-0.003412182	1	4.063661303	21.13103878	1.585542678	2.411145072	636.1121613	636.4084722	0.000707498	0.381882789	55.45740802	-0.000919428	1	4.063661303	636.1121613	636.4084722			0	0	0	0	0.381882789	Subcritical	0.000707498
1031	1029.996	616080.025	3096977.083	632.048	5.2	0	Normal	0.055	1.001	50.95	2.138967704	11.12263206	1.173529	4.580750286	634.1869677	635.2564516	0.003814146	1	35.68642616	-0.003415996	1	4.062285346	21.1238838	1.585333163	2.411961762	636.1102853	636.406797	0.000708102	0.38207683	55.43257918	0.00073044	1	4.062285346	636.1102853	636.406797			0	0	0	0	0.38207683	Subcritical	0.000708102
1032	1030.996	616079.983	3096976.084	632.0475	5.2	0	Normal	0	1	50.95	2.138967704	11.12263206	1.173529	4.580750286	634.1864677	635.2559516	0.003814146	1	35.68642616	-0.003314146	1	4.062867264	21.12690977	1.585421781	2.411616301	636.1103673	636.406794	0.000707847	0.381994746	55.4430782	0.000920924	1	4.062867264	636.1103673	636.406794			0	0	0	0	0.381994746	Subcritical	0.000707847
1033	1031.996	616079.941	3096975.085	632.047	5.2	0	Normal	0	1	50.95	2.138967704	11.12263206	1.173529	4.580750286	634.1859677	635.2554516	0.003814146	1	35.68642616	-0.003314146	1	4.063661632	21.13104049	1.585542728	2.411144876	636.1106616	636.4069725	0.000707498	0.381882743	55.45741396	-0.000919424	1	4.063661632	636.1106616	636.4069725			0	0	0	0	0.381882743	Subcritical	0.000707498
1034	1032.996	616079.899	3096974.086	632.0465	5.2	0	Normal	0.057	1	50.95	2.138967704	11.12263206	1.173529	4.580750286	634.1854677	635.2549516	0.003814146	1	35.68642616	-0.003415747	1	4.062285346	21.1238838	1.585333163	2.411961762	636.1087853	636.405297	0.000708102	0.38207683	55.43257918	0.000747947	1	4.062285346	636.1087853	636.405297			0	0	0	0	0.38207683	Subcritical	0.000708102
1035	1033.996	616079.856	3096973.087	632.046	5.2	0	Normal	0.057	1	50.95	2.138967704	11.12263206	1.173529	4.580750286	634.1849677	635.2544516	0.003814146	1	35.68642616	-0.003415747	1	4.062855387	21.12684801	1.585419973	2.411623351	636.1088554	636.4052839	0.000707852	0.381996421	55.4428639	0.000901278	1	4.062855387	636.1088554	636.4052839			0	0	0	0	0.381996421	Subcritical	0.000707852
1036	1034.996	616079.814	3096972.088	632.0455	5.2	0	Normal	0	1	50.95	2.138967704	11.12263206	1.173529	4.580750286	634.1844677	635.2539516	0.003814146	1	35.68642616	-0.003314146	1	4.063627866	21.1308649	1.585537588	2.411164911	636.1091279	636.4054437	0.000707513	0.381887503	55.4568045	-0.000919943	1	4.063627866	636.1091279	636.4054437			0	0	0	0	0.381887503	Subcritical	0.000707513
1037	1035.995	616079.772	3096971.089	632.045	5.2	0	Normal	0	0.999	50.95	2.138967704	11.12263206	1.173529	4.580750286	634.1839677	635.2534516	0.003814146	1	35.68642616	-0.003310332	1	4.062285346	21.1238838	1.585333163	2.411961762	636.1072853	636.403797	0.000708102	0.38207683	55.43257918	0.000758487	1	4.062285346	636.1072853	636.403797			0	0	0	0	0.38207683	Subcritical	0.000708102
1038	1036.995	616079.73	3096970.09	632.0445	5.2	0	Normal	0.057	1	50.95	2.138967704	11.12263206	1.173529	4.580750286	634.1834677	635.2529516	0.003814146	1	35.68642616	-0.003415747	1	4.062867128	21.12690907	1.585421761	2.411616382	636.1073671	636.4037939	0.000707847	0.381994766	55.44307576	0.000920674	1	4.062867128	636.1073671	636.4037939			0	0	0	0	0.381994766	Subcritical	0.000707847
1039	1037.995	616079.687	3096969.091	632.044	5.2	0	Normal	0.057	1	50.95	2.138967704	11.12263206	1.173529	4.580750286	634.1829677	635.2524516	0.003814146	1	35.68642616	-0.003415747	1	4.063629848	21.13087521	1.585537889	2.411163735	636.1076298	636.4039454	0.000707512	0.381887223	55.45684028	-0.000919912	1	4.063629848	636.1076298	636.4039454			0	0	0	0	0.381887223	Subcritical	0.000707512
1040	1038.995	616079.645	3096968.092	632.0435	5.2	0	Normal	0.002	1	50.95	2.138967704	11.12263206	1.173529	4.580750286	634.1824677	635.2519516	0.003814146	1	35.68642616	-0.003317711	1	4.062285346	21.1238838	1.585333163	2.411961762	636.1057853	636.402297	0.000708102	0.38207683	55.43257918	0.000742049	1	4.062285346	636.1057853	636.402297			0	0	0	0	0.38207683	Subcritical	0.000708102
1041	1039.996	616079.603	3096967.092	632.043	5.2	0	Normal	0.002	1.001	50.95	2.138967704	11.12263206	1.173529	4.580750286	634.1819677	635.2514516	0.003814146	1	35.68642616	-0.003321525	1	4.062878307	21.1269672	1.585423463	2.411609746	636.1058783	636.4023035	0.000707842	0.381993189	55.44327747	0.000939167	1	4.062878307	636.1058783	636.4023035			0	0	0	0	0.381993189	Subcritical	0.000707842
1042	1040.996	616079.561	3096966.093	632.0425	5.2	0	Normal	0.057	1	50.95	2.138967704	11.12263206	1.173529	4.580750286	634.1814677	635.2509516	0.003814146	1	35.68642616	-0.003415747	1	4.063661632	21.13104049	1.585542728	2.411144876	636.1061616	636.4024725	0.000707498	0.381882743	55.45741396	-0.000919424	1	4.063661632	636.1061616	636.4024725			0	0	0	0	0.381882743	Subcritical	0.000707498
1043	1041.996	616079.518	3096965.094	632.042	5.2	0	Normal	0.057	1	50.95	2.138967704	11.12263206	1.173529	4.580750286	634.1809677	635.2504516	0.003814146	1	35.68642616	-0.003415747	1	4.062285346	21.1238838	1.585333163	2.411961762	636.1042853	636.400797	0.000708102	0.38207683	55.43257918	0.00073044	1	4.062285346	636.1042853	636.400797			0	0	0	0	0.38207683	Subcritical	0.000708102
1044	1042.996	616079.476	3096964.095	632.0415	5.2	0	Normal	0	1	50.95	2.138967704	11.12263206	1.173529	4.580750286	634.1804677	635.2499516	0.003814146	1	35.68642616	-0.003314146	1	4.062867264	21.12690977	1.585421781	2.411616301	636.1043673	636.400794	0.000707847	0.381994746	55.4430782	0.000920924	1	4.062867264	636.1043673	636.400794			0	0	0	0	0.381994746	Subcritical	0.000707847
1045	1043.996	616079.434	3096963.096	632.041	5.2	0	Normal	0	1	50.95	2.138967704	11.12263206	1.173529	4.580750286	634.1799677	635.2494516	0.003814146	1	35.68642616	-0.003314146	1	4.063661632	21.13104049	1.585542728	2.411144876	636.1046616	636.4009725	0.000707498	0.381882743	55.45741396	-0.000919424	1	4.063661632	636.1046616	636.4009725			0	0	0	0	0.381882743	Subcritical	0.000707498
1046	1044.996	616079.392	3096962.097	632.0405	5.2	0	Normal	0.057	1	50.95	2.138967704	11.12263206	1.173529	4.580750286	634.1794677	635.2489516	0.003814146	1	35.68642616	-0.003415747	1	4.062285346	21.1238838	1.585333163	2.411961762	636.1027853	636.399297	0.000708102	0.38207683	55.43257918	0.000747865	1	4.062285346	636.1027853	636.399297			0	0	0	0	0.38207683	Subcritical	0.000708102
1047	1045.995	616079.349	3096961.098	632.04	5.2	0	Normal	0.057	0.999	50.95	2.138967704	11.12263206	1.173529	4.580750286	634.1789677	635.2484516	0.003814146	1	35.68642616	-0.003411933	1	4.062856085	21.12685164	1.585420079	2.411622937	636.1028561	636.3992845	0.000707852	0.381996323	55.44287648	0.000902432	1	4.062856085	636.1028561	636.3992845			0	0	0	0	0.381996323	Subcritical	0.000707852
1048	1046.995	616079.307	3096960.099	632.0395	5.2	0	Normal	0	1	50.95	2.138967704	11.12263206	1.173529	4.580750286	634.1784677	635.2479516	0.003814146	1	35.68642616	-0.003314146	1	4.063629848	21.13087521	1.585537889	2.411163735	636.1031298	636.3994454	0.000707512	0.381887223	55.45684028	-0.000919912	1	4.063629848	636.1031298	636.3994454			0	0	0	0	0.381887223	Subcritical	0.000707512
1049	1047.995	616079.265	3096959.1	632.039	5.2	0	Normal	0.002	1	50.95	2.138967704	11.12263206	1.173529	4.580750286	634.1779677	635.2474516	0.003814146	1	35.68642616	-0.003317711	1	4.062285346	21.1238838	1.585333163	2.411961762	636.1012853	636.397797	0.000708102	0.38207683	55.43257918	0.000760312	1	4.062285346	636.1012853	636.397797			0	0	0	0	0.38207683	Subcritical	0.000708102
1050	1048.996	616079.223	3096958.1	632.0385	5.2	0	Normal	0.06	1.001	50.95	2.138967704	11.12263206	1.173529	4.580750286	634.1774677	635.2469516	0.003814146	1	35.68642616	-0.003424909	1	4.062866722	21.12690695	1.585421699	2.411616623	636.1013667	636.3977936	0.000707847	0.381994823	55.44306842	0.000920002	1	4.062866722	636.1013667	636.3977936			0	0	0	0	0.381994823	Subcritical	0.000707847
1051	1049.996	616079.18	3096957.101	632.038	5.2	0	Normal	0.057	1	50.95	2.138967704	11.12263206	1.173529	4.580750286	634.1769677	635.2464516	0.003814146	1	35.68642616	-0.003415747	1	4.063628692	21.1308692	1.585537713	2.411164421	636.1016287	636.3979444	0.000707512	0.381887386	55.45681942	-0.00091993	1	4.063628692	636.1016287	636.3979444			0	0	0	0	0.381887386	Subcritical	0.000707512
1052	1050.996	616079.138	3096956.102	632.0375	5.2	0	Normal	0	1	50.95	2.138967704	11.12263206	1.173529	4.580750286	634.1764677	635.2459516	0.003814146	1	35.68642616	-0.003314146	1	4.062285346	21.1238838	1.585333163	2.411961762	636.0997853	636.396297	0.000708102	0.38207683	55.43257918	0.000740353	1	4.062285346	636.0997853	636.396297			0	0	0	0	0.38207683	Subcritical	0.000708102
1053	1051.996	616079.096	3096955.103	632.037	5.2	0	Normal	0	1	50.95	2.138967704	11.12263206	1.173529	4.580750286	634.1759677	635.2454516	0.003814146	1	35.68642616	-0.003314146	1	4.062878307	21.1269672	1.585423463	2.411609746	636.0998783	636.3963035	0.000707842	0.381993189	55.44327747	0.000939167	1	4.062878307	636.0998783	636.3963035			0	0	0	0	0.381993189	Subcritical	0.000707842
1054	1052.996	616079.054	3096954.104	632.0365	5.2	0	Normal	0.057	1	50.95	2.138967704	11.12263206	1.173529	4.580750286	634.1754677	635.2449516	0.003814146	1	35.68642616	-0.003415747	1	4.063661632	21.13104049	1.585542728	2.411144876	636.1001616	636.3964725	0.000707498	0.381882743	55.45741396	-0.000919424	1	4.063661632	636.1001616	636.3964725			0	0	0	0	0.381882743	Subcritical	0.000707498
1055	1053.996	616079.011	3096953.105	632.036	5.2	0	Normal	0.057	1	50.95	2.138967704	11.12263206	1.173529	4.580750286	634.1749677	635.2444516	0.003814146	1	35.68642616	-0.003415747	1	4.062285346	21.1238838	1.585333163	2.411961762	636.0982853	636.394797	0.000708102	0.38207683	55.43257918	0.000739645	1	4.062285346	636.0982853	636.394797			0	0	0	0	0.38207683	Subcritical	0.000708102
1056	1054.995	616078.969	3096952.106	632.0355	5.2	0	Normal	0	0.999	50.95	2.138967704	11.12263206	1.173529	4.580750286	634.1744677	635.2439516	0.003814146	1	35.68642616	-0.003310332	1	4.062878307	21.1269672	1.585423463	2.411609746	636.0983783	636.3948035	0.000707842	0.381993189	55.44327747	0.000939167	1	4.062878307	636.0983783	636.3948035			0	0	0	0	0.381993189	Subcritical	0.000707842
1057	1055.995	616078.927	3096951.107	632.035	5.2	0	Normal	0.057	1	50.95	2.138967704	11.12263206	1.173529	4.580750286	634.1739677	635.2434516	0.003814146	1	35.68642616	-0.003415747	1	4.063661632	21.13104049	1.585542728	2.411144876	636.0986616	636.3949725	0.000707498	0.381882743	55.45741396	-0.000919424	1	4.063661632	636.0986616	636.3949725			0	0	0	0	0.381882743	Subcritical	0.000707498
1058	1056.995	616078.884	3096950.108	632.0345	5.2	0	Normal	0.057	1	50.95	2.138967704	11.12263206	1.173529	4.580750286	634.1734677	635.2429516	0.003814146	1	35.68642616	-0.003415747	1	4.062285346	21.1238838	1.585333163	2.411961762	636.0967853	636.393297	0.000708102	0.38207683	55.43257918	0.000732025	1	4.062285346	636.0967853	636.393297			0	0	0	0	0.38207683	Subcritical	0.000708102
1059	1057.995	616078.842	3096949.109	632.034	5.2	0	Normal	0.002	1	50.95	2.138967704	11.12263206	1.173529	4.580750286	634.1729677	635.2424516	0.003814146	1	35.68642616	-0.003317711	1	4.062867929	21.12691323	1.585421883	2.411615907	636.0968679	636.3932946	0.000707846	0.381994653	55.4430902	0.000922023	1	4.062867929	636.0968679	636.3932946			0	0	0	0	0.381994653	Subcritical	0.000707846
1060	1058.996	616078.8	3096948.109	632.0335	5.2	0	Normal	0.002	1.001	50.95	2.138967704	11.12263206	1.173529	4.580750286	634.1724677	635.2419516	0.003814146	1	35.68642616	-0.003321525	1	4.063661632	21.13104049	1.585542728	2.411144876	636.0971616	636.3934725	0.000707498	0.381882743	55.45741396	-0.000919424	1	4.063661632	636.0971616	636.3934725			0	0	0	0	0.381882743	Subcritical	0.000707498
1061	1059.996	616078.758	3096947.11	632.033	5.2	0	Normal	0.057	1	50.95	2.138967704	11.12263206	1.173529	4.580750286	634.1719677	635.2414516	0.003814146	1	35.68642616	-0.003415747	1	4.062285346	21.1238838	1.585333163	2.411961762	636.0952853	636.391797	0.000708102	0.38207683	55.43257918	0.000748208	1	4.062285346	636.0952853	636.391797			0	0	0	0	0.38207683	Subcritical	0.000708102
1062	1060.996	616078.715	3096946.111	632.0325	5.2	0	Normal	0.057	1	50.95	2.138967704	11.12263206	1.173529	4.580750286	634.1714677	635.2409516	0.003814146	1	35.68642616	-0.003415747	1	4.062855678	21.12684953	1.585420017	2.411623178	636.0953557	636.3917841	0.000707852	0.38199638	55.44286915	0.00090176	1	4.062855678	636.0953557	636.3917841			0	0	0	0	0.38199638	Subcritical	0.000707852
1063	1061.996	616078.673	3096945.112	632.032	5.2	0	Normal	0	1	50.95	2.138967704	11.12263206	1.173529	4.580750286	634.1709677	635.2404516	0.003814146	1	35.68642616	-0.003314146	1	4.063628692	21.1308692	1.585537713	2.411164421	636.0956287	636.3919444	0.000707512	0.381887386	55.45681942	-0.00091993	1	4.063628692	636.0956287	636.3919444			0	0	0	0	0.381887386	Subcritical	0.000707512
1064	1062.996	616078.631	3096944.113	632.0315	5.2	0	Normal	0	1	50.95	2.138967704	11.12263206	1.173529	4.580750286	634.1704677	635.2399516	0.003814146	1	35.68642616	-0.003314146	1	4.062285346	21.1238838	1.585333163	2.411961762	636.0937853	636.390297	0.000708102	0.38207683	55.43257918	0.000757414	1	4.062285346	636.0937853	636.390297			0	0	0	0	0.38207683	Subcritical	0.000708102
1065	1063.995	616078.589	3096943.114	632.031	5.2	0	Normal	0.057	0.999	50.95	2.138967704	11.12263206	1.173529	4.580750286	634.1699677	635.2394516	0.003814146	1	35.68642616	-0.003411933	1	4.062866722	21.12690695	1.585421699	2.411616623	636.0938667	636.3902936	0.000707847	0.381994823	55.44306842	0.000920002	1	4.062866722	636.0938667	636.3902936			0	0	0	0	0.381994823	Subcritical	0.000707847
1066	1064.995	616078.546	3096942.115	632.0305	5.2	0	Normal	0.057	1	50.95	2.138967704	11.12263206	1.173529	4.580750286	634.1694677	635.2389516	0.003814146	1	35.68642616	-0.003415747	1	4.063628692	21.1308692	1.585537713	2.411164421	636.0941287	636.3904444	0.000707512	0.381887386	55.45681942	-0.00091993	1	4.063628692	636.0941287	636.3904444			0	0	0	0	0.381887386	Subcritical	0.000707512
1067	1065.995	616078.504	3096941.116	632.03	5.2	0	Normal	0	1	50.95	2.138967704	11.12263206	1.173529	4.580750286	634.1689677	635.2384516	0.003814146	1	35.68642616	-0.003314146	1	4.062285346	21.1238838	1.585333163	2.411961762	636.0922853	636.388797	0.000708102	0.38207683	55.43257918	0.000742112	1	4.062285346	636.0922853	636.388797			0	0	0	0	0.38207683	Subcritical	0.000708102
1068	1066.995	616078.462	3096940.117	632.0295	5.2	0	Normal	0.002	1	50.95	2.138967704	11.12263206	1.173529	4.580750286	634.1684677	635.2379516	0.003814146	1	35.68642616	-0.003317711	1	4.062879166	21.12697166	1.585423594	2.411609236	636.0923792	636.3888042	0.000707841	0.381993068	55.44329297	0.000940585	1	4.062879166	636.0923792	636.3888042			0	0	0	0	0.381993068	Subcritical	0.000707841
1069	1067.996	616078.42	3096939.117	632.029	5.2	0	Normal	0.06	1.001	50.95	2.138967704	11.12263206	1.173529	4.580750286	634.1679677	635.2374516	0.003814146	1	35.68642616	-0.003424909	1	4.063661632	21.13104049	1.585542728	2.411144876	636.0926616	636.3889725	0.000707498	0.381882743	55.45741396	-0.000919424	1	4.063661632	636.0926616	636.3889725			0	0	0	0	0.381882743	Subcritical	0.000707498
1070	1068.996	616078.377	3096938.118	632.0285	5.2	0	Normal	0.057	1	50.95	2.138967704	11.12263206	1.173529	4.580750286	634.1674677	635.2369516	0.003814146	1	35.68642616	-0.003415747	1	4.062285346	21.1238838	1.585333163	2.411961762	636.0907853	636.387297	0.000708102	0.38207683	55.43257918	0.00073044	1	4.062285346	636.0907853	636.387297			0	0	0	0	0.38207683	Subcritical	0.000708102
1071	1069.996	616078.335	3096937.119	632.028	5.2	0	Normal	0	1	50.95	2.138967704	11.12263206	1.173529	4.580750286	634.1669677	635.2364516	0.003814146	1	35.68642616	-0.003314146	1	4.062867264	21.12690977	1.585421781	2.411616301	636.0908673	636.387294	0.000707847	0.381994746	55.4430782	0.000920924	1	4.062867264	636.0908673	636.387294			0	0	0	0	0.381994746	Subcritical	0.000707847
1072	1070.996	616078.293	3096936.12	632.0275	5.2	0	Normal	0	1	50.95	2.138967704	11.12263206	1.173529	4.580750286	634.1664677	635.2359516	0.003814146	1	35.68642616	-0.003314146	1	4.063661632	21.13104049	1.585542728	2.411144876	636.0911616	636.3874725	0.000707498	0.381882743	55.45741396	-0.000919424	1	4.063661632	636.0911616	636.3874725			0	0	0	0	0.381882743	Subcritical	0.000707498
1073	1071.996	616078.251	3096935.121	632.027	5.2	0	Normal	0.057	1	50.95	2.138967704	11.12263206	1.173529	4.580750286	634.1659677	635.2354516	0.003814146	1	35.68642616	-0.003415747	1	4.062285346	21.1238838	1.585333163	2.411961762	636.0892853	636.385797	0.000708102	0.38207683	55.43257918	0.000747959	1	4.062285346	636.0892853	636.385797			0	0	0	0	0.38207683	Subcritical	0.000708102
1074	1072.996	616078.208	3096934.122	632.0265	5.2	0	Normal	0.057	1	50.95	2.138967704	11.12263206	1.173529	4.580750286	634.1654677	635.2349516	0.003814146	1	35.68642616	-0.003415747	1	4.062855401	21.12684808	1.585419975	2.411623343	636.0893554	636.3857839	0.000707852	0.38199642	55.44286414	0.000901301	1	4.062855401	636.0893554	636.3857839			0	0	0	0	0.38199642	Subcritical	0.000707852
1075	1073.995	616078.166	3096933.123	632.026	5.2	0	Normal	0	0.999	50.95	2.138967704	11.12263206	1.173529	4.580750286	634.1649677	635.2344516	0.003814146	1	35.68642616	-0.003310332	1	4.063628692	21.1308692	1.585537713	2.411164421	636.0896287	636.3859444	0.000707512	0.381887386	55.45681942	-0.00091993	1	4.063628692	636.0896287	636.3859444			0	0	0	0	0.381887386	Subcritical	0.000707512
1076	1074.995	616078.124	3096932.124	632.0255	5.2	0	Normal	0	1	50.95	2.138967704	11.12263206	1.173529	4.580750286	634.1644677	635.2339516	0.003814146	1	35.68642616	-0.003314146	1	4.062285346	21.1238838	1.585333163	2.411961762	636.0877853	636.384297	0.000708102	0.38207683	55.43257918	0.000757035	1	4.062285346	636.0877853	636.384297			0	0	0	0	0.38207683	Subcritical	0.000708102
1077	1075.995	616078.082	3096931.125	632.025	5.2	0	Normal	0.055	1	50.95	2.138967704	11.12263206	1.173529	4.580750286	634.1639677	635.2334516	0.003814146	1	35.68642616	-0.003412182	1	4.062866612	21.12690638	1.585421682	2.411616688	636.0878666	636.3842935	0.000707847	0.381994838	55.44306644	0.00091982	1	4.062866612	636.0878666	636.3842935			0	0	0	0	0.381994838	Subcritical	0.000707847
1078	1076.996	616078.039	3096930.125	632.0245	5.2	0	Normal	0.055	1.001	50.95	2.138967704	11.12263206	1.173529	4.580750286	634.1634677	635.2329516	0.003814146	1	35.68642616	-0.003415996	1	4.063628692	21.1308692	1.585537713	2.411164421	636.0881287	636.3844444	0.000707512	0.381887386	55.45681942	-0.00091993	1	4.063628692	636.0881287	636.3844444			0	0	0	0	0.381887386	Subcritical	0.000707512
1079	1077.996	616077.997	3096929.126	632.024	5.2	0	Normal	0	1	50.95	2.138967704	11.12263206	1.173529	4.580750286	634.1629677	635.2324516	0.003814146	1	35.68642616	-0.003314146	1	4.062285346	21.1238838	1.585333163	2.411961762	636.0862853	636.382797	0.000708102	0.38207683	55.43257918	0.000740353	1	4.062285346	636.0862853	636.382797			0	0	0	0	0.38207683	Subcritical	0.000708102
1080	1078.996	616077.955	3096928.127	632.0235	5.2	0	Normal	0	1	50.95	2.138967704	11.12263206	1.173529	4.580750286	634.1624677	635.2319516	0.003814146	1	35.68642616	-0.003314146	1	4.062878307	21.1269672	1.585423463	2.411609746	636.0863783	636.3828035	0.000707842	0.381993189	55.44327747	0.000939167	1	4.062878307	636.0863783	636.3828035			0	0	0	0	0.381993189	Subcritical	0.000707842
1081	1079.996	616077.913	3096927.128	632.023	5.2	0	Normal	0.057	1	50.95	2.138967704	11.12263206	1.173529	4.580750286	634.1619677	635.2314516	0.003814146	1	35.68642616	-0.003415747	1	4.063661632	21.13104049	1.585542728	2.411144876	636.0866616	636.3829725	0.000707498	0.381882743	55.45741396	-0.000919424	1	4.063661632	636.0866616	636.3829725			0	0	0	0	0.381882743	Subcritical	0.000707498
1082	1080.996	616077.87	3096926.129	632.0225	5.2	0	Normal	0.057	1	50.95	2.138967704	11.12263206	1.173529	4.580750286	634.1614677	635.2309516	0.003814146	1	35.68642616	-0.003415747	1	4.062285346	21.1238838	1.585333163	2.411961762	636.0847853	636.381297	0.000708102	0.38207683	55.43257918	0.000740104	1	4.062285346	636.0847853	636.381297			0	0	0	0	0.38207683	Subcritical	0.000708102
1083	1081.996	616077.828	3096925.13	632.022	5.2	0	Normal	0	1	50.95	2.138967704	11.12263206	1.173529	4.580750286	634.1609677	635.2304516	0.003814146	1	35.68642616	-0.003314146	1	4.06287803	21.12696576	1.585423421	2.411609911	636.084878	636.3813032	0.000707842	0.381993228	55.44327247	0.000938708	1	4.06287803	636.084878	636.3813032			0	0	0	0	0.381993228	Subcritical	0.000707842
1084	1082.995	616077.786	3096924.131	632.0215	5.2	0	Normal	0.057	0.999	50.95	2.138967704	11.12263206	1.173529	4.580750286	634.1604677	635.2299516	0.003814146	1	35.68642616	-0.003411933	1	4.063661632	21.13104049	1.585542728	2.411144876	636.0851616	636.3814725	0.000707498	0.381882743	55.45741396	-0.000919424	1	4.063661632	636.0851616	636.3814725			0	0	0	0	0.381882743	Subcritical	0.000707498
1085	1083.995	616077.743	3096923.132	632.021	5.2	0	Normal	0.057	1	50.95	2.138967704	11.12263206	1.173529	4.580750286	634.1599677	635.2294516	0.003814146	1	35.68642616	-0.003415747	1	4.062285346	21.1238838	1.585333163	2.411961762	636.0832853	636.379797	0.000708102	0.38207683	55.43257918	0.000731596	1	4.062285346	636.0832853	636.379797			0	0	0	0	0.38207683	Subcritical	0.000708102
1086	1084.995	616077.701	3096922.133	632.0205	5.2	0	Normal	0	1	50.95	2.138967704	11.12263206	1.173529	4.580750286	634.1594677	635.2289516	0.003814146	1	35.68642616	-0.003314146	1	4.062868552	21.12691647	1.585421977	2.411615537	636.0833686	636.3797951	0.000707846	0.381994565	55.44310144	0.000923054	1	4.062868552	636.0833686	636.3797951			0	0	0	0	0.381994565	Subcritical	0.000707846
1087	1085.995	616077.659	3096921.134	632.02	5.2	0	Normal	0.002	1	50.95	2.138967704	11.12263206	1.173529	4.580750286	634.1589677	635.2284516	0.003814146	1	35.68642616	-0.003317711	1	4.063664192	21.1310538	1.585543118	2.411143357	636.0836642	636.3799747	0.000707497	0.381882382	55.45746017	-0.000919384	1	4.063664192	636.0836642	636.3799747			0	0	0	0	0.381882382	Subcritical	0.000707497
1088	1086.996	616077.617	3096920.134	632.0195	5.2	0	Normal	0.06	1.001	50.95	2.138967704	11.12263206	1.173529	4.580750286	634.1584677	635.2279516	0.003814146	1	35.68642616	-0.003424909	1	4.062285346	21.1238838	1.585333163	2.411961762	636.0817853	636.378297	0.000708102	0.38207683	55.43257918	0.000748208	1	4.062285346	636.0817853	636.378297			0	0	0	0	0.38207683	Subcritical	0.000708102
1089	1087.996	616077.574	3096919.135	632.019	5.2	0	Normal	0.057	1	50.95	2.138967704	11.12263206	1.173529	4.580750286	634.1579677	635.2274516	0.003814146	1	35.68642616	-0.003415747	1	4.062855678	21.12684953	1.585420017	2.411623178	636.0818557	636.3782841	0.000707852	0.38199638	55.44286915	0.00090176	1	4.062855678	636.0818557	636.3782841			0	0	0	0	0.38199638	Subcritical	0.000707852
1090	1088.996	616077.532	3096918.136	632.0185	5.2	0	Normal	0	1	50.95	2.138967704	11.12263206	1.173529	4.580750286	634.1574677	635.2269516	0.003814146	1	35.68642616	-0.003314146	1	4.063628692	21.1308692	1.585537713	2.411164421	636.0821287	636.3784444	0.000707512	0.381887386	55.45681942	-0.00091993	1	4.063628692	636.0821287	636.3784444			0	0	0	0	0.381887386	Subcritical	0.000707512
1091	1089.996	616077.49	3096917.137	632.018	5.2	0	Normal	0	1	50.95	2.138967704	11.12263206	1.173529	4.580750286	634.1569677	635.2264516	0.003814146	1	35.68642616	-0.003314146	1	4.062285346	21.1238838	1.585333163	2.411961762	636.0802853	636.376797	0.000708102	0.38207683	55.43257918	0.000757861	1	4.062285346	636.0802853	636.376797			0	0	0	0	0.38207683	Subcritical	0.000708102
1092	1090.996	616077.448	3096916.138	632.0175	5.2	0	Normal	0.057	1	50.95	2.138967704	11.12263206	1.173529	4.580750286	634.1564677	635.2259516	0.003814146	1	35.68642616	-0.003415747	1	4.062866431	21.12690544	1.585421654	2.411616796	636.0803664	636.3767933	0.000707847	0.381994864	55.44306318	0.000919521	1	4.062866431	636.0803664	636.3767933			0	0	0	0	0.381994864	Subcritical	0.000707847
1093	1091.996	616077.405	3096915.139	632.017	5.2	0	Normal	0.057	1	50.95	2.138967704	11.12263206	1.173529	4.580750286	634.1559677	635.2254516	0.003814146	1	35.68642616	-0.003415747	1	4.063627866	21.1308649	1.585537588	2.411164911	636.0806279	636.3769437	0.000707513	0.381887503	55.4568045	-0.000919943	1	4.063627866	636.0806279	636.3769437			0	0	0	0	0.381887503	Subcritical	0.000707513
1094	1092.995	616077.363	3096914.14	632.0165	5.2	0	Normal	0	0.999	50.95	2.138967704	11.12263206	1.173529	4.580750286	634.1554677	635.2249516	0.003814146	1	35.68642616	-0.003310332	1	4.062285346	21.1238838	1.585333163	2.411961762	636.0787853	636.375297	0.000708102	0.38207683	55.43257918	0.000739901	1	4.062285346	636.0787853	636.375297			0	0	0	0	0.38207683	Subcritical	0.000708102
1095	1093.995	616077.321	3096913.141	632.016	5.2	0	Normal	0	1	50.95	2.138967704	11.12263206	1.173529	4.580750286	634.1549677	635.2244516	0.003814146	1	35.68642616	-0.003314146	1	4.062877804	21.12696458	1.585423386	2.411610045	636.0788778	636.375303	0.000707842	0.38199326	55.44326839	0.000938335	1	4.062877804	636.0788778	636.375303			0	0	0	0	0.38199326	Subcritical	0.000707842
1096	1094.995	616077.279	3096912.142	632.0155	5.2	0	Normal	0.055	1	50.95	2.138967704	11.12263206	1.173529	4.580750286	634.1544677	635.2239516	0.003814146	1	35.68642616	-0.003412182	1	4.063661303	21.13103878	1.585542678	2.411145072	636.0791613	636.3754722	0.000707498	0.381882789	55.45740802	-0.000919428	1	4.063661303	636.0791613	636.3754722			0	0	0	0	0.381882789	Subcritical	0.000707498
1097	1095.996	616077.236	3096911.142	632.015	5.2	0	Normal	0.055	1.001	50.95	2.138967704	11.12263206	1.173529	4.580750286	634.1539677	635.2234516	0.003814146	1	35.68642616	-0.003415996	1	4.062285346	21.1238838	1.585333163	2.411961762	636.0772853	636.373797	0.000708102	0.38207683	55.43257918	0.00073044	1	4.062285346	636.0772853	636.373797			0	0	0	0	0.38207683	Subcritical	0.000708102
1098	1096.996	616077.194	3096910.143	632.0145	5.2	0	Normal	0	1	50.95	2.138967704	11.12263206	1.173529	4.580750286	634.1534677	635.2229516	0.003814146	1	35.68642616	-0.003314146	1	4.062867264	21.12690977	1.585421781	2.411616301	636.0773673	636.373794	0.000707847	0.381994746	55.4430782	0.000920924	1	4.062867264	636.0773673	636.373794			0	0	0	0	0.381994746	Subcritical	0.000707847
1099	1097.996	616077.152	3096909.144	632.014	5.2	0	Normal	0	1	50.95	2.138967704	11.12263206	1.173529	4.580750286	634.1529677	635.2224516	0.003814146	1	35.68642616	-0.003314146	1	4.063661632	21.13104049	1.585542728	2.411144876	636.0776616	636.3739725	0.000707498	0.381882743	55.45741396	-0.000919424	1	4.063661632	636.0776616	636.3739725			0	0	0	0	0.381882743	Subcritical	0.000707498
1100	1098.996	616077.11	3096908.145	632.0135	5.2	0	Normal	0.057	1	50.95	2.138967704	11.12263206	1.173529	4.580750286	634.1524677	635.2219516	0.003814146	1	35.68642616	-0.003415747	1	4.062285346	21.1238838	1.585333163	2.411961762	636.0757853	636.372297	0.000708102	0.38207683	55.43257918	0.000747947	1	4.062285346	636.0757853	636.372297			0	0	0	0	0.38207683	Subcritical	0.000708102
1101	1099.996	616077.067	3096907.146	632.013	5.2	0	Normal	0.057	1	50.95	2.138967704	11.12263206	1.173529	4.580750286	634.1519677	635.2214516	0.003814146	1	35.68642616	-0.003415747	1	4.062855387	21.12684801	1.585419973	2.411623351	636.0758554	636.3722839	0.000707852	0.381996421	55.4428639	0.000901278	1	4.062855387	636.0758554	636.3722839			0	0	0	0	0.381996421	Subcritical	0.000707852
1102	1100.996	616077.025	3096906.147	632.0125	5.2	0	Normal	0	1	50.95	2.138967704	11.12263206	1.173529	4.580750286	634.1514677	635.2209516	0.003814146	1	35.68642616	-0.003314146	1	4.063627866	21.1308649	1.585537588	2.411164911	636.0761279	636.3724437	0.000707513	0.381887503	55.4568045	-0.000919943	1	4.063627866	636.0761279	636.3724437			0	0	0	0	0.381887503	Subcritical	0.000707513
1103	1101.995	616076.983	3096905.148	632.012	5.2	0	Normal	0	0.999	50.95	2.138967704	11.12263206	1.173529	4.580750286	634.1509677	635.2204516	0.003814146	1	35.68642616	-0.003310332	1	4.062285346	21.1238838	1.585333163	2.411961762	636.0742853	636.370797	0.000708102	0.38207683	55.43257918	0.000759269	1	4.062285346	636.0742853	636.370797			0	0	0	0	0.38207683	Subcritical	0.000708102
1104	1102.995	616076.941	3096904.149	632.0115	5.2	0	Normal	0.057	1	50.95	2.138967704	11.12263206	1.173529	4.580750286	634.1504677	635.2199516	0.003814146	1	35.68642616	-0.003415747	1	4.062868	21.1269136	1.585421893	2.411615864	636.074368	636.3707947	0.000707846	0.381994643	55.44309149	0.000922116	1	4.062868	636.074368	636.3707947			0	0	0	0	0.381994643	Subcritical	0.000707846
1105	1103.995	616076.898	3096903.15	632.011	5.2	0	Normal	0.06	1	50.95	2.138967704	11.12263206	1.173529	4.580750286	634.1499677	635.2194516	0.003814146	1	35.68642616	-0.003421094	1	4.063630675	21.13087951	1.585538015	2.411163245	636.0746307	636.3709461	0.000707512	0.381887107	55.45685521	-0.000919899	1	4.063630675	636.0746307	636.3709461			0	0	0	0	0.381887107	Subcritical	0.000707512
1106	1104.996	616076.856	3096902.15	632.0105	5.2	0	Normal	0.002	1.001	50.95	2.138967704	11.12263206	1.173529	4.580750286	634.1494677	635.2189516	0.003814146	1	35.68642616	-0.003321525	1	4.062285346	21.1238838	1.585333163	2.411961762	636.0727853	636.369297	0.000708102	0.38207683	55.43257918	0.000740353	1	4.062285346	636.0727853	636.369297			0	0	0	0	0.38207683	Subcritical	0.000708102
1107	1105.996	616076.814	3096901.151	632.01	5.2	0	Normal	0	1	50.95	2.138967704	11.12263206	1.173529	4.580750286	634.1489677	635.2184516	0.003814146	1	35.68642616	-0.003314146	1	4.062878307	21.1269672	1.585423463	2.411609746	636.0728783	636.3693035	0.000707842	0.381993189	55.44327747	0.000939167	1	4.062878307	636.0728783	636.3693035			0	0	0	0	0.381993189	Subcritical	0.000707842
1108	1106.996	616076.772	3096900.152	632.0095	5.2	0	Normal	0.057	1	50.95	2.138967704	11.12263206	1.173529	4.580750286	634.1484677	635.2179516	0.003814146	1	35.68642616	-0.003415747	1	4.063661632	21.13104049	1.585542728	2.411144876	636.0731616	636.3694725	0.000707498	0.381882743	55.45741396	-0.000919424	1	4.063661632	636.0731616	636.3694725			0	0	0	0	0.381882743	Subcritical	0.000707498
1109	1107.996	616076.729	3096899.153	632.009	5.2	0	Normal	0.057	1	50.95	2.138967704	11.12263206	1.173529	4.580750286	634.1479677	635.2174516	0.003814146	1	35.68642616	-0.003415747	1	4.062285346	21.1238838	1.585333163	2.411961762	636.0712853	636.367797	0.000708102	0.38207683	55.43257918	0.000740353	1	4.062285346	636.0712853	636.367797			0	0	0	0	0.38207683	Subcritical	0.000708102
1110	1108.996	616076.687	3096898.154	632.0085	5.2	0	Normal	0	1	50.95	2.138967704	11.12263206	1.173529	4.580750286	634.1474677	635.2169516	0.003814146	1	35.68642616	-0.003314146	1	4.062878307	21.1269672	1.585423463	2.411609746	636.0713783	636.3678035	0.000707842	0.381993189	55.44327747	0.000939167	1	4.062878307	636.0713783	636.3678035			0	0	0	0	0.381993189	Subcritical	0.000707842
1111	1109.996	616076.645	3096897.155	632.008	5.2	0	Normal	0.057	1	50.95	2.138967704	11.12263206	1.173529	4.580750286	634.1469677	635.2164516	0.003814146	1	35.68642616	-0.003415747	1	4.063661632	21.13104049	1.585542728	2.411144876	636.0716616	636.3679725	0.000707498	0.381882743	55.45741396	-0.000919424	1	4.063661632	636.0716616	636.3679725			0	0	0	0	0.381882743	Subcritical	0.000707498
1112	1110.996	616076.602	3096896.156	632.0075	5.2	0	Normal	0.057	1	50.95	2.138967704	11.12263206	1.173529	4.580750286	634.1464677	635.2159516	0.003814146	1	35.68642616	-0.003415747	1	4.062285346	21.1238838	1.585333163	2.411961762	636.0697853	636.366297	0.000708102	0.38207683	55.43257918	0.000729367	1	4.062285346	636.0697853	636.366297			0	0	0	0	0.38207683	Subcritical	0.000708102
1113	1111.995	616076.56	3096895.157	632.007	5.2	0	Normal	0	0.999	50.95	2.138967704	11.12263206	1.173529	4.580750286	634.1459677	635.2154516	0.003814146	1	35.68642616	-0.003310332	1	4.062866857	21.12690766	1.585421719	2.411616543	636.0698669	636.3662937	0.000707847	0.381994804	55.44307087	0.000920252	1	4.062866857	636.0698669	636.3662937			0	0	0	0	0.381994804	Subcritical	0.000707847
1114	1112.995	616076.518	3096894.158	632.0065	5.2	0	Normal	0	1	50.95	2.138967704	11.12263206	1.173529	4.580750286	634.1454677	635.2149516	0.003814146	1	35.68642616	-0.003314146	1	4.063660476	21.13103448	1.585542552	2.411145562	636.0701605	636.3664715	0.000707498	0.381882906	55.4573931	-0.000919442	1	4.063660476	636.0701605	636.3664715			0	0	0	0	0.381882906	Subcritical	0.000707498
1115	1113.995	616076.476	3096893.159	632.006	5.2	0	Normal	0.055	1	50.95	2.138967704	11.12263206	1.173529	4.580750286	634.1449677	635.2144516	0.003814146	1	35.68642616	-0.003412182	1	4.062285346	21.1238838	1.585333163	2.411961762	636.0682853	636.364797	0.000708102	0.38207683	55.43257918	0.000747928	1	4.062285346	636.0682853	636.364797			0	0	0	0	0.38207683	Subcritical	0.000708102
1116	1114.996	616076.433	3096892.159	632.0055	5.2	0	Normal	0.055	1.001	50.95	2.138967704	11.12263206	1.173529	4.580750286	634.1444677	635.2139516	0.003814146	1	35.68642616	-0.003415996	1	4.062855678	21.12684953	1.585420017	2.411623178	636.0683557	636.3647841	0.000707852	0.38199638	55.44286915	0.00090176	1	4.062855678	636.0683557	636.3647841			0	0	0	0	0.38199638	Subcritical	0.000707852
1117	1115.996	616076.391	3096891.16	632.005	5.2	0	Normal	0	1	50.95	2.138967704	11.12263206	1.173529	4.580750286	634.1439677	635.2134516	0.003814146	1	35.68642616	-0.003314146	1	4.063628692	21.1308692	1.585537713	2.411164421	636.0686287	636.3649444	0.000707512	0.381887386	55.45681942	-0.00091993	1	4.063628692	636.0686287	636.3649444			0	0	0	0	0.381887386	Subcritical	0.000707512
1118	1116.996	616076.349	3096890.161	632.0045	5.2	0	Normal	0	1	50.95	2.138967704	11.12263206	1.173529	4.580750286	634.1434677	635.2129516	0.003814146	1	35.68642616	-0.003314146	1	4.062285346	21.1238838	1.585333163	2.411961762	636.0667853	636.363297	0.000708102	0.38207683	55.43257918	0.000758122	1	4.062285346	636.0667853	636.363297			0	0	0	0	0.38207683	Subcritical	0.000708102
1119	1117.996	616076.307	3096889.162	632.004	5.2	0	Normal	0.057	1	50.95	2.138967704	11.12263206	1.173529	4.580750286	634.1429677	635.2124516	0.003814146	1	35.68642616	-0.003415747	1	4.062866722	21.12690695	1.585421699	2.411616623	636.0668667	636.3632936	0.000707847	0.381994823	55.44306842	0.000920002	1	4.062866722	636.0668667	636.3632936			0	0	0	0	0.381994823	Subcritical	0.000707847
1120	1118.996	616076.264	3096888.163	632.0035	5.2	0	Normal	0.057	1	50.95	2.138967704	11.12263206	1.173529	4.580750286	634.1424677	635.2119516	0.003814146	1	35.68642616	-0.003415747	1	4.063628692	21.1308692	1.585537713	2.411164421	636.0671287	636.3634444	0.000707512	0.381887386	55.45681942	-0.00091993	1	4.063628692	636.0671287	636.3634444			0	0	0	0	0.381887386	Subcritical	0.000707512
1121	1119.996	616076.222	3096887.164	632.003	5.2	0	Normal	0	1	50.95	2.138967704	11.12263206	1.173529	4.580750286	634.1419677	635.2114516	0.003814146	1	35.68642616	-0.003314146	1	4.062285346	21.1238838	1.585333163	2.411961762	636.0652853	636.361797	0.000708102	0.38207683	55.43257918	0.000740192	1	4.062285346	636.0652853	636.361797			0	0	0	0	0.38207683	Subcritical	0.000708102
1122	1120.995	616076.18	3096886.165	632.0025	5.2	0	Normal	0	0.999	50.95	2.138967704	11.12263206	1.173529	4.580750286	634.1414677	635.2109516	0.003814146	1	35.68642616	-0.003310332	1	4.062878917	21.12697037	1.585423556	2.411609384	636.0653789	636.361804	0.000707842	0.381993103	55.44328848	0.000940175	1	4.062878917	636.0653789	636.361804			0	0	0	0	0.381993103	Subcritical	0.000707842
1123	1121.995	616076.138	3096885.166	632.002	5.2	0	Normal	0.057	1	50.95	2.138967704	11.12263206	1.173529	4.580750286	634.1409677	635.2104516	0.003814146	1	35.68642616	-0.003415747	1	4.063663366	21.1310495	1.585542992	2.411143848	636.0656634	636.361974	0.000707497	0.381882499	55.45744525	-0.000919397	1	4.063663366	636.0656634	636.361974			0	0	0	0	0.381882499	Subcritical	0.000707497
1124	1122.995	616076.095	3096884.167	632.0015	5.2	0	Normal	0.06	1	50.95	2.138967704	11.12263206	1.173529	4.580750286	634.1404677	635.2099516	0.003814146	1	35.68642616	-0.003421094	1	4.062285346	21.1238838	1.585333163	2.411961762	636.0637853	636.360297	0.000708102	0.38207683	55.43257918	0.000732136	1	4.062285346	636.0637853	636.360297			0	0	0	0	0.38207683	Subcritical	0.000708102
1125	1123.996	616076.053	3096883.167	632.001	5.2	0	Normal	0.002	1.001	50.95	2.138967704	11.12263206	1.173529	4.580750286	634.1399677	635.2094516	0.003814146	1	35.68642616	-0.003321525	1	4.062867264	21.12690977	1.585421781	2.411616301	636.0638673	636.360294	0.000707847	0.381994746	55.4430782	0.000920924	1	4.062867264	636.0638673	636.360294			0	0	0	0	0.381994746	Subcritical	0.000707847
1126	1124.996	616076.011	3096882.168	632.0005	5.2	0	Normal	0	1	50.95	2.138967704	11.12263206	1.173529	4.580750286	634.1394677	635.2089516	0.003814146	1	35.68642616	-0.003314146	1	4.063661632	21.13104049	1.585542728	2.411144876	636.0641616	636.3604725	0.000707498	0.381882743	55.45741396	-0.000919424	1	4.063661632	636.0641616	636.3604725			0	0	0	0	0.381882743	Subcritical	0.000707498
1127	1125.996	616075.969	3096881.169	632	5.2	0	Normal	0.057	1	50.95	2.138967704	11.12263206	1.173529	4.580750286	634.1389677	635.2084516	0.003814146	1	35.68642616	-0.003415747	1	4.062285346	21.1238838	1.585333163	2.411961762	636.0622853	636.358797	0.000708102	0.38207683	55.43257918	0.000748208	1	4.062285346	636.0622853	636.358797			0	0	0	0	0.38207683	Subcritical	0.000708102
1128	1126.996	616075.926	3096880.17	631.9995	5.2	0	Normal	0.057	1	50.95	2.138967704	11.12263206	1.173529	4.580750286	634.1384677	635.2079516	0.003814146	1	35.68642616	-0.003415747	1	4.062855678	21.12684953	1.585420017	2.411623178	636.0623557	636.3587841	0.000707852	0.38199638	55.44286915	0.00090176	1	4.062855678	636.0623557	636.3587841			0	0	0	0	0.38199638	Subcritical	0.000707852
1129	1127.996	616075.884	3096879.171	631.999	5.2	0	Normal	0	1	50.95	2.138967704	11.12263206	1.173529	4.580750286	634.1379677	635.2074516	0.003814146	1	35.68642616	-0.003314146	1	4.063628692	21.1308692	1.585537713	2.411164421	636.0626287	636.3589444	0.000707512	0.381887386	55.45681942	-0.00091993	1	4.063628692	636.0626287	636.3589444			0	0	0	0	0.381887386	Subcritical	0.000707512
1130	1128.996	616075.842	3096878.172	631.9985	5.2	0	Normal	0	1	50.95	2.138967704	11.12263206	1.173529	4.580750286	634.1374677	635.2069516	0.003814146	1	35.68642616	-0.003314146	1	4.062285346	21.1238838	1.585333163	2.411961762	636.0607853	636.357297	0.000708102	0.38207683	55.43257918	0.000757414	1	4.062285346	636.0607853	636.357297			0	0	0	0	0.38207683	Subcritical	0.000708102
1131	1129.995	616075.8	3096877.173	631.998	5.2	0	Normal	0.057	0.999	50.95	2.138967704	11.12263206	1.173529	4.580750286	634.1369677	635.2064516	0.003814146	1	35.68642616	-0.003411933	1	4.062866722	21.12690695	1.585421699	2.411616623	636.0608667	636.3572936	0.000707847	0.381994823	55.44306842	0.000920002	1	4.062866722	636.0608667	636.3572936			0	0	0	0	0.381994823	Subcritical	0.000707847
1132	1130.995	616075.757	3096876.174	631.9975	5.2	0	Normal	0.057	1	50.95	2.138967704	11.12263206	1.173529	4.580750286	634.1364677	635.2059516	0.003814146	1	35.68642616	-0.003415747	1	4.063628692	21.1308692	1.585537713	2.411164421	636.0611287	636.3574444	0.000707512	0.381887386	55.45681942	-0.00091993	1	4.063628692	636.0611287	636.3574444			0	0	0	0	0.381887386	Subcritical	0.000707512
1133	1131.995	616075.715	3096875.175	631.997	5.2	0	Normal	0	1	50.95	2.138967704	11.12263206	1.173529	4.580750286	634.1359677	635.2054516	0.003814146	1	35.68642616	-0.003314146	1	4.062285346	21.1238838	1.585333163	2.411961762	636.0592853	636.355797	0.000708102	0.38207683	55.43257918	0.000742112	1	4.062285346	636.0592853	636.355797			0	0	0	0	0.38207683	Subcritical	0.000708102
1134	1132.995	616075.673	3096874.176	631.9965	5.2	0	Normal	0.002	1	50.95	2.138967704	11.12263206	1.173529	4.580750286	634.1354677	635.2049516	0.003814146	1	35.68642616	-0.003317711	1	4.062879166	21.12697166	1.585423594	2.411609236	636.0593792	636.3558042	0.000707841	0.381993068	55.44329297	0.000940585	1	4.062879166	636.0593792	636.3558042			0	0	0	0	0.381993068	Subcritical	0.000707841
1135	1133.996	616075.631	3096873.176	631.996	5.2	0	Normal	0.06	1.001	50.95	2.138967704	11.12263206	1.173529	4.580750286	634.1349677	635.2044516	0.003814146	1	35.68642616	-0.003424909	1	4.063661632	21.13104049	1.585542728	2.411144876	636.0596616	636.3559725	0.000707498	0.381882743	55.45741396	-0.000919424	1	4.063661632	636.0596616	636.3559725			0	0	0	0	0.381882743	Subcritical	0.000707498
1136	1134.996	616075.588	3096872.177	631.9955	5.2	0	Normal	0.057	1	50.95	2.138967704	11.12263206	1.173529	4.580750286	634.1344677	635.2039516	0.003814146	1	35.68642616	-0.003415747	1	4.062285346	21.1238838	1.585333163	2.411961762	636.0577853	636.354297	0.000708102	0.38207683	55.43257918	0.000740353	1	4.062285346	636.0577853	636.354297			0	0	0	0	0.38207683	Subcritical	0.000708102
1137	1135.996	616075.546	3096871.178	631.995	5.2	0	Normal	0	1	50.95	2.138967704	11.12263206	1.173529	4.580750286	634.1339677	635.2034516	0.003814146	1	35.68642616	-0.003314146	1	4.062878307	21.1269672	1.585423463	2.411609746	636.0578783	636.3543035	0.000707842	0.381993189	55.44327747	0.000939167	1	4.062878307	636.0578783	636.3543035			0	0	0	0	0.381993189	Subcritical	0.000707842
1138	1136.996	616075.504	3096870.179	631.9945	5.2	0	Normal	0.057	1	50.95	2.138967704	11.12263206	1.173529	4.580750286	634.1334677	635.2029516	0.003814146	1	35.68642616	-0.003415747	1	4.063661632	21.13104049	1.585542728	2.411144876	636.0581616	636.3544725	0.000707498	0.381882743	55.45741396	-0.000919424	1	4.063661632	636.0581616	636.3544725			0	0	0	0	0.381882743	Subcritical	0.000707498
1139	1137.996	616075.461	3096869.18	631.994	5.2	0	Normal	0.057	1	50.95	2.138967704	11.12263206	1.173529	4.580750286	634.1329677	635.2024516	0.003814146	1	35.68642616	-0.003415747	1	4.062285346	21.1238838	1.585333163	2.411961762	636.0562853	636.352797	0.000708102	0.38207683	55.43257918	0.00073019	1	4.062285346	636.0562853	636.352797			0	0	0	0	0.38207683	Subcritical	0.000708102
1140	1138.996	616075.419	3096868.181	631.9935	5.2	0	Normal	0	1	50.95	2.138967704	11.12263206	1.173529	4.580750286	634.1324677	635.2019516	0.003814146	1	35.68642616	-0.003314146	1	4.062866986	21.12690833	1.585421739	2.411616466	636.056367	636.3527938	0.000707847	0.381994786	55.44307319	0.000920466	1	4.062866986	636.056367	636.3527938			0	0	0	0	0.381994786	Subcritical	0.000707847
1141	1139.995	616075.377	3096867.182	631.993	5.2	0	Normal	0	0.999	50.95	2.138967704	11.12263206	1.173529	4.580750286	634.1319677	635.2014516	0.003814146	1	35.68642616	-0.003310332	1	4.063661632	21.13104049	1.585542728	2.411144876	636.0566616	636.3529725	0.000707498	0.381882743	55.45741396	-0.000919424	1	4.063661632	636.0566616	636.3529725			0	0	0	0	0.381882743	Subcritical	0.000707498
1142	1140.995	616075.335	3096866.183	631.9925	5.2	0	Normal	0.057	1	50.95	2.138967704	11.12263206	1.173529	4.580750286	634.1314677	635.2009516	0.003814146	1	35.68642616	-0.003415747	1	4.062285346	21.1238838	1.585333163	2.411961762	636.0547853	636.351297	0.000708102	0.38207683	55.43257918	0.000750288	1	4.062285346	636.0547853	636.351297			0	0	0	0	0.38207683	Subcritical	0.000708102
1143	1141.995	616075.292	3096865.184	631.992	5.2	0	Normal	0.06	1	50.95	2.138967704	11.12263206	1.173529	4.580750286	634.1309677	635.2004516	0.003814146	1	35.68642616	-0.003421094	1	4.062856343	21.12685298	1.585420118	2.411622784	636.0548563	636.3512847	0.000707851	0.381996287	55.44288115	-0.000269652	1	4.062856343	636.0548563	636.3512847			0	0	0	0	0.381996287	Subcritical	0.000707851
1144	1142.996	616075.25	3096864.184	631.9915	5.2	0	Normal	0.002	1.001	50.95	2.138967704	11.12263206	1.173529	4.580750286	634.1304677	635.1999516	0.003814146	1	35.68642616	-0.003321525	1	4.062285346	21.1238838	1.585333163	2.411961762	636.0537853	636.350297	0.000708102	0.38207683	55.43257918	0.00051055	1	4.062285346	636.0537853	636.350297			0	0	0	0	0.38207683	Subcritical	0.000708102
1145	1143.996	616075.208	3096863.185	631.991	5.2	0	Normal	0	1	50.95	2.138967704	11.12263206	1.173529	4.580750286	634.1299677	635.1994516	0.003814146	1	35.68642616	-0.003314146	1	4.062622296	21.12563594	1.585384478	2.411761717	636.0536223	636.3500848	0.000707954	0.382029297	55.43865819	0.000967236	1	4.062622296	636.0536223	636.3500848			0	0	0	0	0.382029297	Subcritical	0.000707954
1146	1144.996	616075.166	3096862.186	631.9908	5.2	0	Normal	0.057	1	50.95	2.138967704	11.12263206	1.173529	4.580750286	634.1297677	635.1992516	0.003814146	1	35.68642616	-0.003715747	1	4.063102578	21.12813341	1.585457612	2.411476633	636.0539026	636.350295	0.000707743	0.381961562	55.44732442	0.00090818	1	4.063102578	636.0539026	636.350295			0	0	0	0	0.381961562	Subcritical	0.000707743
1147	1145.996	616075.123	3096861.187	631.9905	5.2	0	Normal	0.057	1	50.95	2.138967704	11.12263206	1.173529	4.580750286	634.1294677	635.1989516	0.003814146	1	35.68642616	-0.003615747	1	4.063628692	21.1308692	1.585537713	2.411164421	636.0541287	636.3504444	0.000707512	0.381887386	55.45681942	-0.00091993	1	4.063628692	636.0541287	636.3504444			0	0	0	0	0.381887386	Subcritical	0.000707512
1148	1146.996	616075.081	3096860.188	631.99	5.2	0	Normal	0	1	50.95	2.138967704	11.12263206	1.173529	4.580750286	634.1289677	635.1984516	0.003814146	1	35.68642616	-0.003314146	1	4.062285346	21.1238838	1.585333163	2.411961762	636.0522853	636.348797	0.000708102	0.38207683	55.43257918	0.000740104	1	4.062285346	636.0522853	636.348797			0	0	0	0	0.38207683	Subcritical	0.000708102
1149	1147.996	616075.039	3096859.189	631.9895	5.2	0	Normal	0	1	50.95	2.138967704	11.12263206	1.173529	4.580750286	634.1284677	635.1979516	0.003814146	1	35.68642616	-0.003314146	1	4.06287803	21.12696576	1.585423421	2.411609911	636.052378	636.3488032	0.000707842	0.381993228	55.44327247	0.000938708	1	4.06287803	636.052378	636.3488032			0	0	0	0	0.381993228	Subcritical	0.000707842
1150	1148.995	616074.997	3096858.19	631.989	5.2	0	Normal	0.057	0.999	50.95	2.138967704	11.12263206	1.173529	4.580750286	634.1279677	635.1974516	0.003814146	1	35.68642616	-0.003411933	1	4.063661632	21.13104049	1.585542728	2.411144876	636.0526616	636.3489725	0.000707498	0.381882743	55.45741396	-0.000919424	1	4.063661632	636.0526616	636.3489725			0	0	0	0	0.381882743	Subcritical	0.000707498
1151	1149.995	616074.954	3096857.191	631.9885	5.2	0	Normal	0.057	1	50.95	2.138967704	11.12263206	1.173529	4.580750286	634.1274677	635.1969516	0.003814146	1	35.68642616	-0.003415747	1	4.062285346	21.1238838	1.585333163	2.411961762	636.0507853	636.347297	0.000708102	0.38207683	55.43257918	0.000732025	1	4.062285346	636.0507853	636.347297			0	0	0	0	0.38207683	Subcritical	0.000708102
1152	1150.995	616074.912	3096856.192	631.988	5.2	0	Normal	0.002	1	50.95	2.138967704	11.12263206	1.173529	4.580750286	634.1269677	635.1964516	0.003814146	1	35.68642616	-0.003317711	1	4.062867929	21.12691323	1.585421883	2.411615907	636.0508679	636.3472946	0.000707846	0.381994653	55.4430902	0.000922023	1	4.062867929	636.0508679	636.3472946			0	0	0	0	0.381994653	Subcritical	0.000707846
1153	1151.996	616074.87	3096855.192	631.9875	5.2	0	Normal	0.002	1.001	50.95	2.138967704	11.12263206	1.173529	4.580750286	634.1264677	635.1959516	0.003814146	1	35.68642616	-0.003321525	1	4.063661632	21.13104049	1.585542728	2.411144876	636.0511616	636.3474725	0.000707498	0.381882743	55.45741396	-0.000919424	1	4.063661632	636.0511616	636.3474725			0	0	0	0	0.381882743	Subcritical	0.000707498
1154	1152.996	616074.828	3096854.193	631.987	5.2	0	Normal	0.057	1	50.95	2.138967704	11.12263206	1.173529	4.580750286	634.1259677	635.1954516	0.003814146	1	35.68642616	-0.003415747	1	4.062285346	21.1238838	1.585333163	2.411961762	636.0492853	636.345797	0.000708102	0.38207683	55.43257918	0.000748208	1	4.062285346	636.0492853	636.345797			0	0	0	0	0.38207683	Subcritical	0.000708102
1155	1153.996	616074.785	3096853.194	631.9865	5.2	0	Normal	0.057	1	50.95	2.138967704	11.12263206	1.173529	4.580750286	634.1254677	635.1949516	0.003814146	1	35.68642616	-0.003415747	1	4.062855678	21.12684953	1.585420017	2.411623178	636.0493557	636.3457841	0.000707852	0.38199638	55.44286915	0.00090176	1	4.062855678	636.0493557	636.3457841			0	0	0	0	0.38199638	Subcritical	0.000707852
1156	1154.996	616074.743	3096852.195	631.986	5.2	0	Normal	0	1	50.95	2.138967704	11.12263206	1.173529	4.580750286	634.1249677	635.1944516	0.003814146	1	35.68642616	-0.003314146	1	4.063628692	21.1308692	1.585537713	2.411164421	636.0496287	636.3459444	0.000707512	0.381887386	55.45681942	-0.00091993	1	4.063628692	636.0496287	636.3459444			0	0	0	0	0.381887386	Subcritical	0.000707512
1157	1155.996	616074.701	3096851.196	631.9855	5.2	0	Normal	0	1	50.95	2.138967704	11.12263206	1.173529	4.580750286	634.1244677	635.1939516	0.003814146	1	35.68642616	-0.003314146	1	4.062285346	21.1238838	1.585333163	2.411961762	636.0477853	636.344297	0.000708102	0.38207683	55.43257918	0.000757861	1	4.062285346	636.0477853	636.344297			0	0	0	0	0.38207683	Subcritical	0.000708102
1158	1156.996	616074.659	3096850.197	631.985	5.2	0	Normal	0.057	1	50.95	2.138967704	11.12263206	1.173529	4.580750286	634.1239677	635.1934516	0.003814146	1	35.68642616	-0.003415747	1	4.062866431	21.12690544	1.585421654	2.411616796	636.0478664	636.3442933	0.000707847	0.381994864	55.44306318	0.000919521	1	4.062866431	636.0478664	636.3442933			0	0	0	0	0.381994864	Subcritical	0.000707847
1159	1157.996	616074.616	3096849.198	631.9845	5.2	0	Normal	0.057	1	50.95	2.138967704	11.12263206	1.173529	4.580750286	634.1234677	635.1929516	0.003814146	1	35.68642616	-0.003415747	1	4.063627866	21.1308649	1.585537588	2.411164911	636.0481279	636.3444437	0.000707513	0.381887503	55.4568045	-0.000919943	1	4.063627866	636.0481279	636.3444437			0	0	0	0	0.381887503	Subcritical	0.000707513
1160	1158.995	616074.574	3096848.199	631.984	5.2	0	Normal	0	0.999	50.95	2.138967704	11.12263206	1.173529	4.580750286	634.1229677	635.1924516	0.003814146	1	35.68642616	-0.003310332	1	4.062285346	21.1238838	1.585333163	2.411961762	636.0462853	636.342797	0.000708102	0.38207683	55.43257918	0.000739901	1	4.062285346	636.0462853	636.342797			0	0	0	0	0.38207683	Subcritical	0.000708102
1161	1159.995	616074.532	3096847.2	631.9835	5.2	0	Normal	0	1	50.95	2.138967704	11.12263206	1.173529	4.580750286	634.1224677	635.1919516	0.003814146	1	35.68642616	-0.003314146	1	4.062877804	21.12696458	1.585423386	2.411610045	636.0463778	636.342803	0.000707842	0.38199326	55.44326839	0.000938335	1	4.062877804	636.0463778	636.342803			0	0	0	0	0.38199326	Subcritical	0.000707842
1162	1160.995	616074.49	3096846.201	631.983	5.2	0	Normal	0.055	1	50.95	2.138967704	11.12263206	1.173529	4.580750286	634.1219677	635.1914516	0.003814146	1	35.68642616	-0.003412182	1	4.063661303	21.13103878	1.585542678	2.411145072	636.0466613	636.3429722	0.000707498	0.381882789	55.45740802	-0.000919428	1	4.063661303	636.0466613	636.3429722			0	0	0	0	0.381882789	Subcritical	0.000707498
1163	1161.996	616074.447	3096845.201	631.9825	5.2	0	Normal	0.055	1.001	50.95	2.138967704	11.12263206	1.173529	4.580750286	634.1214677	635.1909516	0.003814146	1	35.68642616	-0.003415996	1	4.062285346	21.1238838	1.585333163	2.411961762	636.0447853	636.341297	0.000708102	0.38207683	55.43257918	0.00073044	1	4.062285346	636.0447853	636.341297			0	0	0	0	0.38207683	Subcritical	0.000708102
1164	1162.996	616074.405	3096844.202	631.982	5.2	0	Normal	0	1	50.95	2.138967704	11.12263206	1.173529	4.580750286	634.1209677	635.1904516	0.003814146	1	35.68642616	-0.003314146	1	4.062867264	21.12690977	1.585421781	2.411616301	636.0448673	636.341294	0.000707847	0.381994746	55.4430782	0.000920924	1	4.062867264	636.0448673	636.341294			0	0	0	0	0.381994746	Subcritical	0.000707847
1165	1163.996	616074.363	3096843.203	631.9815	5.2	0	Normal	0	1	50.95	2.138967704	11.12263206	1.173529	4.580750286	634.1204677	635.1899516	0.003814146	1	35.68642616	-0.003314146	1	4.063661632	21.13104049	1.585542728	2.411144876	636.0451616	636.3414725	0.000707498	0.381882743	55.45741396	-0.000919424	1	4.063661632	636.0451616	636.3414725			0	0	0	0	0.381882743	Subcritical	0.000707498
1166	1164.996	616074.321	3096842.204	631.981	5.2	0	Normal	0.057	1	50.95	2.138967704	11.12263206	1.173529	4.580750286	634.1199677	635.1894516	0.003814146	1	35.68642616	-0.003415747	1	4.062285346	21.1238838	1.585333163	2.411961762	636.0432853	636.339797	0.000708102	0.38207683	55.43257918	0.000758347	1	4.062285346	636.0432853	636.339797			0	0	0	0	0.38207683	Subcritical	0.000708102
1167	1165.996	616074.278	3096841.205	631.9805	5.2	0	Normal	0.057	1	50.95	2.138967704	11.12263206	1.173529	4.580750286	634.1194677	635.1889516	0.003814146	1	35.68642616	-0.003415747	1	4.062866973	21.12690826	1.585421737	2.411616474	636.043367	636.3397938	0.000707847	0.381994787	55.44307296	0.000920443	1	4.062866973	636.043367	636.3397938			0	0	0	0	0.381994787	Subcritical	0.000707847
1168	1166.996	616074.236	3096840.206	631.98	5.2	0	Normal	0	1	50.95	2.138967704	11.12263206	1.173529	4.580750286	634.1189677	635.1884516	0.003814146	1	35.68642616	-0.003314146	1	4.063660805	21.13103619	1.585542602	2.411145367	636.0436608	636.3399718	0.000707498	0.381882859	55.45739904	-0.000919437	1	4.063660805	636.0436608	636.3399718			0	0	0	0	0.381882859	Subcritical	0.000707498
1169	1167.995	616074.194	3096839.207	631.9795	5.2	0	Normal	0.057	0.999	50.95	2.138967704	11.12263206	1.173529	4.580750286	634.1184677	635.1879516	0.003814146	1	35.68642616	-0.003411933	1	4.062285346	21.1238838	1.585333163	2.411961762	636.0417853	636.338297	0.000708102	0.38207683	55.43257918	0.000749182	1	4.062285346	636.0417853	636.338297			0	0	0	0	0.38207683	Subcritical	0.000708102
1170	1168.995	616074.151	3096838.208	631.979	5.2	0	Normal	0.057	1	50.95	2.138967704	11.12263206	1.173529	4.580750286	634.1179677	635.1874516	0.003814146	1	35.68642616	-0.003415747	1	4.062856763	21.12685517	1.585420182	2.411622534	636.0418568	636.3382851	0.000707851	0.381996227	55.44288872	0.000903553	1	4.062856763	636.0418568	636.3382851			0	0	0	0	0.381996227	Subcritical	0.000707851
1171	1169.995	616074.109	3096837.209	631.9785	5.2	0	Normal	0.002	1	50.95	2.138967704	11.12263206	1.173529	4.580750286	634.1174677	635.1869516	0.003814146	1	35.68642616	-0.003317711	1	4.063630675	21.13087951	1.585538015	2.411163245	636.0421307	636.3384461	0.000707512	0.381887107	55.45685521	-0.000919899	1	4.063630675	636.0421307	636.3384461			0	0	0	0	0.381887107	Subcritical	0.000707512
1172	1170.996	616074.067	3096836.209	631.978	5.2	0	Normal	0.002	1.001	50.95	2.138967704	11.12263206	1.173529	4.580750286	634.1169677	635.1864516	0.003814146	1	35.68642616	-0.003321525	1	4.062285346	21.1238838	1.585333163	2.411961762	636.0402853	636.336797	0.000708102	0.38207683	55.43257918	0.000758122	1	4.062285346	636.0402853	636.336797			0	0	0	0	0.38207683	Subcritical	0.000708102
1173	1171.996	616074.025	3096835.21	631.9775	5.2	0	Normal	0.057	1	50.95	2.138967704	11.12263206	1.173529	4.580750286	634.1164677	635.1859516	0.003814146	1	35.68642616	-0.003415747	1	4.062866722	21.12690695	1.585421699	2.411616623	636.0403667	636.3367936	0.000707847	0.381994823	55.44306842	0.000920002	1	4.062866722	636.0403667	636.3367936			0	0	0	0	0.381994823	Subcritical	0.000707847
1174	1172.996	616073.982	3096834.211	631.977	5.2	0	Normal	0.057	1	50.95	2.138967704	11.12263206	1.173529	4.580750286	634.1159677	635.1854516	0.003814146	1	35.68642616	-0.003415747	1	4.063628692	21.1308692	1.585537713	2.411164421	636.0406287	636.3369444	0.000707512	0.381887386	55.45681942	-0.00091993	1	4.063628692	636.0406287	636.3369444			0	0	0	0	0.381887386	Subcritical	0.000707512
1175	1173.996	616073.94	3096833.212	631.9765	5.2	0	Normal	0	1	50.95	2.138967704	11.12263206	1.173529	4.580750286	634.1154677	635.1849516	0.003814146	1	35.68642616	-0.003314146	1	4.062285346	21.1238838	1.585333163	2.411961762	636.0387853	636.335297	0.000708102	0.38207683	55.43257918	0.000740092	1	4.062285346	636.0387853	636.335297			0	0	0	0	0.38207683	Subcritical	0.000708102
1176	1174.996	616073.898	3096832.213	631.976	5.2	0	Normal	0	1	50.95	2.138967704	11.12263206	1.173529	4.580750286	634.1149677	635.1844516	0.003814146	1	35.68642616	-0.003314146	1	4.062878017	21.12696569	1.585423419	2.411609919	636.038878	636.3353032	0.000707842	0.38199323	55.44327223	0.000938686	1	4.062878017	636.038878	636.3353032			0	0	0	0	0.38199323	Subcritical	0.000707842
1177	1175.996	616073.856	3096831.214	631.9755	5.2	0	Normal	0.057	1	50.95	2.138967704	11.12263206	1.173529	4.580750286	634.1144677	635.1839516	0.003814146	1	35.68642616	-0.003415747	1	4.063660805	21.13103619	1.585542602	2.411145367	636.0391608	636.3354718	0.000707498	0.381882859	55.45739904	-0.000919437	1	4.063660805	636.0391608	636.3354718			0	0	0	0	0.381882859	Subcritical	0.000707498
1178	1176.995	616073.813	3096830.215	631.975	5.2	0	Normal	0.057	0.999	50.95	2.138967704	11.12263206	1.173529	4.580750286	634.1139677	635.1834516	0.003814146	1	35.68642616	-0.003411933	1	4.062285346	21.1238838	1.585333163	2.411961762	636.0372853	636.333797	0.000708102	0.38207683	55.43257918	0.000731596	1	4.062285346	636.0372853	636.333797			0	0	0	0	0.38207683	Subcritical	0.000708102
1179	1177.995	616073.771	3096829.216	631.9745	5.2	0	Normal	0	1	50.95	2.138967704	11.12263206	1.173529	4.580750286	634.1134677	635.1829516	0.003814146	1	35.68642616	-0.003314146	1	4.062868552	21.12691647	1.585421977	2.411615537	636.0373686	636.3337951	0.000707846	0.381994565	55.44310144	0.000923054	1	4.062868552	636.0373686	636.3337951			0	0	0	0	0.381994565	Subcritical	0.000707846
1180	1178.995	616073.729	3096828.217	631.974	5.2	0	Normal	0.002	1	50.95	2.138967704	11.12263206	1.173529	4.580750286	634.1129677	635.1824516	0.003814146	1	35.68642616	-0.003317711	1	4.063664192	21.1310538	1.585543118	2.411143357	636.0376642	636.3339747	0.000707497	0.381882382	55.45746017	-0.000919384	1	4.063664192	636.0376642	636.3339747			0	0	0	0	0.381882382	Subcritical	0.000707497
1181	1179.996	616073.687	3096827.217	631.9735	5.2	0	Normal	0.06	1.001	50.95	2.138967704	11.12263206	1.173529	4.580750286	634.1124677	635.1819516	0.003814146	1	35.68642616	-0.003424909	1	4.062285346	21.1238838	1.585333163	2.411961762	636.0357853	636.332297	0.000708102	0.38207683	55.43257918	0.000748208	1	4.062285346	636.0357853	636.332297			0	0	0	0	0.38207683	Subcritical	0.000708102
1182	1180.996	616073.644	3096826.218	631.973	5.2	0	Normal	0.057	1	50.95	2.138967704	11.12263206	1.173529	4.580750286	634.1119677	635.1814516	0.003814146	1	35.68642616	-0.003415747	1	4.062855678	21.12684953	1.585420017	2.411623178	636.0358557	636.3322841	0.000707852	0.38199638	55.44286915	0.00090176	1	4.062855678	636.0358557	636.3322841			0	0	0	0	0.38199638	Subcritical	0.000707852
1183	1181.996	616073.602	3096825.219	631.9725	5.2	0	Normal	0	1	50.95	2.138967704	11.12263206	1.173529	4.580750286	634.1114677	635.1809516	0.003814146	1	35.68642616	-0.003314146	1	4.063628692	21.1308692	1.585537713	2.411164421	636.0361287	636.3324444	0.000707512	0.381887386	55.45681942	-0.00091993	1	4.063628692	636.0361287	636.3324444			0	0	0	0	0.381887386	Subcritical	0.000707512
1184	1182.996	616073.56	3096824.22	631.972	5.2	0	Normal	0	1	50.95	2.138967704	11.12263206	1.173529	4.580750286	634.1109677	635.1804516	0.003814146	1	35.68642616	-0.003314146	1	4.062285346	21.1238838	1.585333163	2.411961762	636.0342853	636.330797	0.000708102	0.38207683	55.43257918	0.000758122	1	4.062285346	636.0342853	636.330797			0	0	0	0	0.38207683	Subcritical	0.000708102
1185	1183.996	616073.518	3096823.221	631.9715	5.2	0	Normal	0.057	1	50.95	2.138967704	11.12263206	1.173529	4.580750286	634.1104677	635.1799516	0.003814146	1	35.68642616	-0.003415747	1	4.062866722	21.12690695	1.585421699	2.411616623	636.0343667	636.3307936	0.000707847	0.381994823	55.44306842	0.000920002	1	4.062866722	636.0343667	636.3307936			0	0	0	0	0.381994823	Subcritical	0.000707847
1186	1184.996	616073.475	3096822.222	631.971	5.2	0	Normal	0.057	1	50.95	2.138967704	11.12263206	1.173529	4.580750286	634.1099677	635.1794516	0.003814146	1	35.68642616	-0.003415747	1	4.063628692	21.1308692	1.585537713	2.411164421	636.0346287	636.3309444	0.000707512	0.381887386	55.45681942	-0.00091993	1	4.063628692	636.0346287	636.3309444			0	0	0	0	0.381887386	Subcritical	0.000707512
1187	1185.996	616073.433	3096821.223	631.9705	5.2	0	Normal	0	1	50.95	2.138967704	11.12263206	1.173529	4.580750286	634.1094677	635.1789516	0.003814146	1	35.68642616	-0.003314146	1	4.062285346	21.1238838	1.585333163	2.411961762	636.0327853	636.329297	0.000708102	0.38207683	55.43257918	0.000740192	1	4.062285346	636.0327853	636.329297			0	0	0	0	0.38207683	Subcritical	0.000708102
1188	1186.995	616073.391	3096820.224	631.97	5.2	0	Normal	0	0.999	50.95	2.138967704	11.12263206	1.173529	4.580750286	634.1089677	635.1784516	0.003814146	1	35.68642616	-0.003310332	1	4.062878917	21.12697037	1.585423556	2.411609384	636.0328789	636.329304	0.000707842	0.381993103	55.44328848	0.000940175	1	4.062878917	636.0328789	636.329304			0	0	0	0	0.381993103	Subcritical	0.000707842
1189	1187.995	616073.349	3096819.225	631.9695	5.2	0	Normal	0.057	1	50.95	2.138967704	11.12263206	1.173529	4.580750286	634.1084677	635.1779516	0.003814146	1	35.68642616	-0.003415747	1	4.063663366	21.1310495	1.585542992	2.411143848	636.0331634	636.329474	0.000707497	0.381882499	55.45744525	-0.000919397	1	4.063663366	636.0331634	636.329474			0	0	0	0	0.381882499	Subcritical	0.000707497
1190	1188.995	616073.306	3096818.226	631.969	5.2	0	Normal	0.06	1	50.95	2.138967704	11.12263206	1.173529	4.580750286	634.1079677	635.1774516	0.003814146	1	35.68642616	-0.003421094	1	4.062285346	21.1238838	1.585333163	2.411961762	636.0312853	636.327797	0.000708102	0.38207683	55.43257918	0.000732136	1	4.062285346	636.0312853	636.327797			0	0	0	0	0.38207683	Subcritical	0.000708102
1191	1189.996	616073.264	3096817.226	631.9685	5.2	0	Normal	0.002	1.001	50.95	2.138967704	11.12263206	1.173529	4.580750286	634.1074677	635.1769516	0.003814146	1	35.68642616	-0.003321525	1	4.062867264	21.12690977	1.585421781	2.411616301	636.0313673	636.327794	0.000707847	0.381994746	55.4430782	0.000920924	1	4.062867264	636.0313673	636.327794			0	0	0	0	0.381994746	Subcritical	0.000707847
1192	1190.996	616073.222	3096816.227	631.968	5.2	0	Normal	0	1	50.95	2.138967704	11.12263206	1.173529	4.580750286	634.1069677	635.1764516	0.003814146	1	35.68642616	-0.003314146	1	4.063661632	21.13104049	1.585542728	2.411144876	636.0316616	636.3279725	0.000707498	0.381882743	55.45741396	-0.000919424	1	4.063661632	636.0316616	636.3279725			0	0	0	0	0.381882743	Subcritical	0.000707498
1193	1191.996	616073.18	3096815.228	631.9675	5.2	0	Normal	0.057	1	50.95	2.138967704	11.12263206	1.173529	4.580750286	634.1064677	635.1759516	0.003814146	1	35.68642616	-0.003415747	1	4.062285346	21.1238838	1.585333163	2.411961762	636.0297853	636.326297	0.000708102	0.38207683	55.43257918	0.000758608	1	4.062285346	636.0297853	636.326297			0	0	0	0	0.38207683	Subcritical	0.000708102
1194	1192.996	616073.137	3096814.229	631.967	5.2	0	Normal	0.057	1	50.95	2.138967704	11.12263206	1.173529	4.580750286	634.1059677	635.1754516	0.003814146	1	35.68642616	-0.003415747	1	4.062867264	21.12690977	1.585421781	2.411616301	636.0298673	636.326294	0.000707847	0.381994746	55.4430782	0.000920924	1	4.062867264	636.0298673	636.326294			0	0	0	0	0.381994746	Subcritical	0.000707847
1195	1193.996	616073.095	3096813.23	631.9665	5.2	0	Normal	0	1	50.95	2.138967704	11.12263206	1.173529	4.580750286	634.1054677	635.1749516	0.003814146	1	35.68642616	-0.003314146	1	4.063661632	21.13104049	1.585542728	2.411144876	636.0301616	636.3264725	0.000707498	0.381882743	55.45741396	-0.000919424	1	4.063661632	636.0301616	636.3264725			0	0	0	0	0.381882743	Subcritical	0.000707498
1196	1194.996	616073.053	3096812.231	631.966	5.2	0	Normal	0.057	1	50.95	2.138967704	11.12263206	1.173529	4.580750286	634.1049677	635.1744516	0.003814146	1	35.68642616	-0.003415747	1	4.062285346	21.1238838	1.585333163	2.411961762	636.0282853	636.324797	0.000708102	0.38207683	55.43257918	0.000747865	1	4.062285346	636.0282853	636.324797			0	0	0	0	0.38207683	Subcritical	0.000708102
1197	1195.995	616073.01	3096811.232	631.9655	5.2	0	Normal	0.057	0.999	50.95	2.138967704	11.12263206	1.173529	4.580750286	634.1044677	635.1739516	0.003814146	1	35.68642616	-0.003411933	1	4.062856085	21.12685164	1.585420079	2.411622937	636.0283561	636.3247845	0.000707852	0.381996323	55.44287648	0.000902432	1	4.062856085	636.0283561	636.3247845			0	0	0	0	0.381996323	Subcritical	0.000707852
1198	1196.995	616072.968	3096810.233	631.965	5.2	0	Normal	0	1	50.95	2.138967704	11.12263206	1.173529	4.580750286	634.1039677	635.1734516	0.003814146	1	35.68642616	-0.003314146	1	4.063629848	21.13087521	1.585537889	2.411163735	636.0286298	636.3249454	0.000707512	0.381887223	55.45684028	-0.000919912	1	4.063629848	636.0286298	636.3249454			0	0	0	0	0.381887223	Subcritical	0.000707512
1199	1197.995	616072.926	3096809.234	631.9645	5.2	0	Normal	0.002	1	50.95	2.138967704	11.12263206	1.173529	4.580750286	634.1034677	635.1729516	0.003814146	1	35.68642616	-0.003317711	1	4.062285346	21.1238838	1.585333163	2.411961762	636.0267853	636.323297	0.000708102	0.38207683	55.43257918	0.000760312	1	4.062285346	636.0267853	636.323297			0	0	0	0	0.38207683	Subcritical	0.000708102
1200	1198.996	616072.884	3096808.234	631.964	5.2	0	Normal	0.06	1.001	50.95	2.138967704	11.12263206	1.173529	4.580750286	634.1029677	635.1724516	0.003814146	1	35.68642616	-0.003424909	1	4.062866722	21.12690695	1.585421699	2.411616623	636.0268667	636.3232936	0.000707847	0.381994823	55.44306842	0.000920002	1	4.062866722	636.0268667	636.3232936			0	0	0	0	0.381994823	Subcritical	0.000707847
1201	1199.996	616072.841	3096807.235	631.9635	5.2	0	Normal	0.057	1	50.95	2.138967704	11.12263206	1.173529	4.580750286	634.1024677	635.1719516	0.003814146	1	35.68642616	-0.003415747	1	4.063628692	21.1308692	1.585537713	2.411164421	636.0271287	636.3234444	0.000707512	0.381887386	55.45681942	-0.00091993	1	4.063628692	636.0271287	636.3234444			0	0	0	0	0.381887386	Subcritical	0.000707512
1202	1200.996	616072.799	3096806.236	631.963	5.2	0	Normal	0	1	50.95	2.138967704	11.12263206	1.173529	4.580750286	634.1019677	635.1714516	0.003814146	1	35.68642616	-0.003314146	1	4.062285346	21.1238838	1.585333163	2.411961762	636.0252853	636.321797	0.000708102	0.38207683	55.43257918	0.000740353	1	4.062285346	636.0252853	636.321797			0	0	0	0	0.38207683	Subcritical	0.000708102
1203	1201.996	616072.757	3096805.237	631.9625	5.2	0	Normal	0	1	50.95	2.138967704	11.12263206	1.173529	4.580750286	634.1014677	635.1709516	0.003814146	1	35.68642616	-0.003314146	1	4.062878307	21.1269672	1.585423463	2.411609746	636.0253783	636.3218035	0.000707842	0.381993189	55.44327747	0.000939167	1	4.062878307	636.0253783	636.3218035			0	0	0	0	0.381993189	Subcritical	0.000707842
1204	1202.996	616072.715	3096804.238	631.962	5.2	0	Normal	0.057	1	50.95	2.138967704	11.12263206	1.173529	4.580750286	634.1009677	635.1704516	0.003814146	1	35.68642616	-0.003415747	1	4.063661632	21.13104049	1.585542728	2.411144876	636.0256616	636.3219725	0.000707498	0.381882743	55.45741396	-0.000919424	1	4.063661632	636.0256616	636.3219725			0	0	0	0	0.381882743	Subcritical	0.000707498
1205	1203.996	616072.672	3096803.239	631.9615	5.2	0	Normal	0.057	1	50.95	2.138967704	11.12263206	1.173529	4.580750286	634.1004677	635.1699516	0.003814146	1	35.68642616	-0.003415747	1	4.062285346	21.1238838	1.585333163	2.411961762	636.0237853	636.320297	0.000708102	0.38207683	55.43257918	0.000729732	1	4.062285346	636.0237853	636.320297			0	0	0	0	0.38207683	Subcritical	0.000708102
1206	1204.995	616072.63	3096802.24	631.961	5.2	0	Normal	0	0.999	50.95	2.138967704	11.12263206	1.173529	4.580750286	634.0999677	635.1694516	0.003814146	1	35.68642616	-0.003310332	1	4.062867264	21.12690977	1.585421781	2.411616301	636.0238673	636.320294	0.000707847	0.381994746	55.4430782	0.000920924	1	4.062867264	636.0238673	636.320294			0	0	0	0	0.381994746	Subcritical	0.000707847
1207	1205.995	616072.588	3096801.241	631.9605	5.2	0	Normal	0	1	50.95	2.138967704	11.12263206	1.173529	4.580750286	634.0994677	635.1689516	0.003814146	1	35.68642616	-0.003314146	1	4.063661632	21.13104049	1.585542728	2.411144876	636.0241616	636.3204725	0.000707498	0.381882743	55.45741396	-0.000919424	1	4.063661632	636.0241616	636.3204725			0	0	0	0	0.381882743	Subcritical	0.000707498
1208	1206.995	616072.546	3096800.242	631.96	5.2	0	Normal	0.057	1	50.95	2.138967704	11.12263206	1.173529	4.580750286	634.0989677	635.1684516	0.003814146	1	35.68642616	-0.003415747	1	4.062285346	21.1238838	1.585333163	2.411961762	636.0222853	636.318797	0.000708102	0.38207683	55.43257918	0.000750288	1	4.062285346	636.0222853	636.318797			0	0	0	0	0.38207683	Subcritical	0.000708102
1209	1207.995	616072.503	3096799.243	631.9595	5.2	0	Normal	0.06	1	50.95	2.138967704	11.12263206	1.173529	4.580750286	634.0984677	635.1679516	0.003814146	1	35.68642616	-0.003421094	1	4.062856343	21.12685298	1.585420118	2.411622784	636.0223563	636.3187847	0.000707851	0.381996287	55.44288115	0.000902858	1	4.062856343	636.0223563	636.3187847			0	0	0	0	0.381996287	Subcritical	0.000707851
1210	1208.996	616072.461	3096798.243	631.959	5.2	0	Normal	0.002	1.001	50.95	2.138967704	11.12263206	1.173529	4.580750286	634.0979677	635.1674516	0.003814146	1	35.68642616	-0.003321525	1	4.063628692	21.1308692	1.585537713	2.411164421	636.0226287	636.3189444	0.000707512	0.381887386	55.45681942	-0.00091993	1	4.063628692	636.0226287	636.3189444			0	0	0	0	0.381887386	Subcritical	0.000707512
1211	1209.996	616072.419	3096797.244	631.9585	5.2	0	Normal	0	1	50.95	2.138967704	11.12263206	1.173529	4.580750286	634.0974677	635.1669516	0.003814146	1	35.68642616	-0.003314146	1	4.062285346	21.1238838	1.585333163	2.411961762	636.0207853	636.317297	0.000708102	0.38207683	55.43257918	0.000758122	1	4.062285346	636.0207853	636.317297			0	0	0	0	0.38207683	Subcritical	0.000708102
1212	1210.996	616072.377	3096796.245	631.958	5.2	0	Normal	0.057	1	50.95	2.138967704	11.12263206	1.173529	4.580750286	634.0969677	635.1664516	0.003814146	1	35.68642616	-0.003415747	1	4.062866722	21.12690695	1.585421699	2.411616623	636.0208667	636.3172936	0.000707847	0.381994823	55.44306842	0.000920002	1	4.062866722	636.0208667	636.3172936			0	0	0	0	0.381994823	Subcritical	0.000707847
1213	1211.996	616072.334	3096795.246	631.9575	5.2	0	Normal	0.057	1	50.95	2.138967704	11.12263206	1.173529	4.580750286	634.0964677	635.1659516	0.003814146	1	35.68642616	-0.003415747	1	4.063628692	21.1308692	1.585537713	2.411164421	636.0211287	636.3174444	0.000707512	0.381887386	55.45681942	-0.00091993	1	4.063628692	636.0211287	636.3174444			0	0	0	0	0.381887386	Subcritical	0.000707512
1214	1212.996	616072.292	3096794.247	631.957	5.2	0	Normal	0	1	50.95	2.138967704	11.12263206	1.173529	4.580750286	634.0959677	635.1654516	0.003814146	1	35.68642616	-0.003314146	1	4.062285346	21.1238838	1.585333163	2.411961762	636.0192853	636.315797	0.000708102	0.38207683	55.43257918	0.000740104	1	4.062285346	636.0192853	636.315797			0	0	0	0	0.38207683	Subcritical	0.000708102
1215	1213.996	616072.25	3096793.248	631.9565	5.2	0	Normal	0	1	50.95	2.138967704	11.12263206	1.173529	4.580750286	634.0954677	635.1649516	0.003814146	1	35.68642616	-0.003314146	1	4.06287803	21.12696576	1.585423421	2.411609911	636.019378	636.3158032	0.000707842	0.381993228	55.44327247	0.000938708	1	4.06287803	636.019378	636.3158032			0	0	0	0	0.381993228	Subcritical	0.000707842
1216	1214.995	616072.208	3096792.249	631.956	5.2	0	Normal	0.057	0.999	50.95	2.138967704	11.12263206	1.173529	4.580750286	634.0949677	635.1644516	0.003814146	1	35.68642616	-0.003411933	1	4.063661632	21.13104049	1.585542728	2.411144876	636.0196616	636.3159725	0.000707498	0.381882743	55.45741396	-0.000919424	1	4.063661632	636.0196616	636.3159725			0	0	0	0	0.381882743	Subcritical	0.000707498
1217	1215.995	616072.165	3096791.25	631.9555	5.2	0	Normal	0.057	1	50.95	2.138967704	11.12263206	1.173529	4.580750286	634.0944677	635.1639516	0.003814146	1	35.68642616	-0.003415747	1	4.062285346	21.1238838	1.585333163	2.411961762	636.0177853	636.314297	0.000708102	0.38207683	55.43257918	0.000732025	1	4.062285346	636.0177853	636.314297			0	0	0	0	0.38207683	Subcritical	0.000708102
1218	1216.995	616072.123	3096790.251	631.955	5.2	0	Normal	0.002	1	50.95	2.138967704	11.12263206	1.173529	4.580750286	634.0939677	635.1634516	0.003814146	1	35.68642616	-0.003317711	1	4.062867929	21.12691323	1.585421883	2.411615907	636.0178679	636.3142946	0.000707846	0.381994653	55.4430902	0.000922023	1	4.062867929	636.0178679	636.3142946			0	0	0	0	0.381994653	Subcritical	0.000707846
1219	1217.996	616072.081	3096789.251	631.9545	5.2	0	Normal	0.002	1.001	50.95	2.138967704	11.12263206	1.173529	4.580750286	634.0934677	635.1629516	0.003814146	1	35.68642616	-0.003321525	1	4.063661632	21.13104049	1.585542728	2.411144876	636.0181616	636.3144725	0.000707498	0.381882743	55.45741396	-0.000919424	1	4.063661632	636.0181616	636.3144725			0	0	0	0	0.381882743	Subcritical	0.000707498
1220	1218.996	616072.039	3096788.252	631.954	5.2	0	Normal	0.057	1	50.95	2.138967704	11.12263206	1.173529	4.580750286	634.0929677	635.1624516	0.003814146	1	35.68642616	-0.003415747	1	4.062285346	21.1238838	1.585333163	2.411961762	636.0162853	636.312797	0.000708102	0.38207683	55.43257918	0.000758608	1	4.062285346	636.0162853	636.312797			0	0	0	0	0.38207683	Subcritical	0.000708102
1221	1219.996	616071.996	3096787.253	631.9535	5.2	0	Normal	0.057	1	50.95	2.138967704	11.12263206	1.173529	4.580750286	634.0924677	635.1619516	0.003814146	1	35.68642616	-0.003415747	1	4.062867264	21.12690977	1.585421781	2.411616301	636.0163673	636.312794	0.000707847	0.381994746	55.4430782	0.000920924	1	4.062867264	636.0163673	636.312794			0	0	0	0	0.381994746	Subcritical	0.000707847
1222	1220.996	616071.954	3096786.254	631.953	5.2	0	Normal	0	1	50.95	2.138967704	11.12263206	1.173529	4.580750286	634.0919677	635.1614516	0.003814146	1	35.68642616	-0.003314146	1	4.063661632	21.13104049	1.585542728	2.411144876	636.0166616	636.3129725	0.000707498	0.381882743	55.45741396	-0.000919424	1	4.063661632	636.0166616	636.3129725			0	0	0	0	0.381882743	Subcritical	0.000707498
1223	1221.996	616071.912	3096785.255	631.9525	5.2	0	Normal	0.057	1	50.95	2.138967704	11.12263206	1.173529	4.580750286	634.0914677	635.1609516	0.003814146	1	35.68642616	-0.003415747	1	4.062285346	21.1238838	1.585333163	2.411961762	636.0147853	636.311297	0.000708102	0.38207683	55.43257918	0.000747959	1	4.062285346	636.0147853	636.311297			0	0	0	0	0.38207683	Subcritical	0.000708102
1224	1222.996	616071.869	3096784.256	631.952	5.2	0	Normal	0.057	1	50.95	2.138967704	11.12263206	1.173529	4.580750286	634.0909677	635.1604516	0.003814146	1	35.68642616	-0.003415747	1	4.062855401	21.12684808	1.585419975	2.411623343	636.0148554	636.3112839	0.000707852	0.38199642	55.44286414	0.000901301	1	4.062855401	636.0148554	636.3112839			0	0	0	0	0.38199642	Subcritical	0.000707852
1225	1223.995	616071.827	3096783.257	631.9515	5.2	0	Normal	0	0.999	50.95	2.138967704	11.12263206	1.173529	4.580750286	634.0904677	635.1599516	0.003814146	1	35.68642616	-0.003310332	1	4.063628692	21.1308692	1.585537713	2.411164421	636.0151287	636.3114444	0.000707512	0.381887386	55.45681942	-0.00091993	1	4.063628692	636.0151287	636.3114444			0	0	0	0	0.381887386	Subcritical	0.000707512
1226	1224.995	616071.785	3096782.258	631.951	5.2	0	Normal	0	1	50.95	2.138967704	11.12263206	1.173529	4.580750286	634.0899677	635.1594516	0.003814146	1	35.68642616	-0.003314146	1	4.062285346	21.1238838	1.585333163	2.411961762	636.0132853	636.309797	0.000708102	0.38207683	55.43257918	0.000757035	1	4.062285346	636.0132853	636.309797			0	0	0	0	0.38207683	Subcritical	0.000708102
1227	1225.995	616071.743	3096781.259	631.9505	5.2	0	Normal	0.055	1	50.95	2.138967704	11.12263206	1.173529	4.580750286	634.0894677	635.1589516	0.003814146	1	35.68642616	-0.003412182	1	4.062866612	21.12690638	1.585421682	2.411616688	636.0133666	636.3097935	0.000707847	0.381994838	55.44306644	0.00091982	1	4.062866612	636.0133666	636.3097935			0	0	0	0	0.381994838	Subcritical	0.000707847
1228	1226.996	616071.7	3096780.259	631.95	5.2	0	Normal	0.055	1.001	50.95	2.138967704	11.12263206	1.173529	4.580750286	634.0889677	635.1584516	0.003814146	1	35.68642616	-0.003415996	1	4.063628692	21.1308692	1.585537713	2.411164421	636.0136287	636.3099444	0.000707512	0.381887386	55.45681942	-0.00091993	1	4.063628692	636.0136287	636.3099444			0	0	0	0	0.381887386	Subcritical	0.000707512
1229	1227.996	616071.658	3096779.26	631.9495	5.2	0	Normal	0	1	50.95	2.138967704	11.12263206	1.173529	4.580750286	634.0884677	635.1579516	0.003814146	1	35.68642616	-0.003314146	1	4.062285346	21.1238838	1.585333163	2.411961762	636.0117853	636.308297	0.000708102	0.38207683	55.43257918	0.000740353	1	4.062285346	636.0117853	636.308297			0	0	0	0	0.38207683	Subcritical	0.000708102
1230	1228.996	616071.616	3096778.261	631.949	5.2	0	Normal	0	1	50.95	2.138967704	11.12263206	1.173529	4.580750286	634.0879677	635.1574516	0.003814146	1	35.68642616	-0.003314146	1	4.062878307	21.1269672	1.585423463	2.411609746	636.0118783	636.3083035	0.000707842	0.381993189	55.44327747	0.000939167	1	4.062878307	636.0118783	636.3083035			0	0	0	0	0.381993189	Subcritical	0.000707842
1231	1229.996	616071.574	3096777.262	631.9485	5.2	0	Normal	0.057	1	50.95	2.138967704	11.12263206	1.173529	4.580750286	634.0874677	635.1569516	0.003814146	1	35.68642616	-0.003415747	1	4.063661632	21.13104049	1.585542728	2.411144876	636.0121616	636.3084725	0.000707498	0.381882743	55.45741396	-0.000919424	1	4.063661632	636.0121616	636.3084725			0	0	0	0	0.381882743	Subcritical	0.000707498
1232	1230.996	616071.531	3096776.263	631.948	5.2	0	Normal	0.057	1	50.95	2.138967704	11.12263206	1.173529	4.580750286	634.0869677	635.1564516	0.003814146	1	35.68642616	-0.003415747	1	4.062285346	21.1238838	1.585333163	2.411961762	636.0102853	636.306797	0.000708102	0.38207683	55.43257918	0.00073019	1	4.062285346	636.0102853	636.306797			0	0	0	0	0.38207683	Subcritical	0.000708102
1233	1231.996	616071.489	3096775.264	631.9475	5.2	0	Normal	0	1	50.95	2.138967704	11.12263206	1.173529	4.580750286	634.0864677	635.1559516	0.003814146	1	35.68642616	-0.003314146	1	4.062866986	21.12690833	1.585421739	2.411616466	636.010367	636.3067938	0.000707847	0.381994786	55.44307319	0.000920466	1	4.062866986	636.010367	636.3067938			0	0	0	0	0.381994786	Subcritical	0.000707847
1234	1232.995	616071.447	3096774.265	631.947	5.2	0	Normal	0	0.999	50.95	2.138967704	11.12263206	1.173529	4.580750286	634.0859677	635.1554516	0.003814146	1	35.68642616	-0.003310332	1	4.063661632	21.13104049	1.585542728	2.411144876	636.0106616	636.3069725	0.000707498	0.381882743	55.45741396	-0.000919424	1	4.063661632	636.0106616	636.3069725			0	0	0	0	0.381882743	Subcritical	0.000707498
1235	1233.995	616071.405	3096773.266	631.9465	5.2	0	Normal	0.057	1	50.95	2.138967704	11.12263206	1.173529	4.580750286	634.0854677	635.1549516	0.003814146	1	35.68642616	-0.003415747	1	4.062285346	21.1238838	1.585333163	2.411961762	636.0087853	636.305297	0.000708102	0.38207683	55.43257918	0.000749182	1	4.062285346	636.0087853	636.305297			0	0	0	0	0.38207683	Subcritical	0.000708102
1236	1234.995	616071.362	3096772.267	631.946	5.2	0	Normal	0.057	1	50.95	2.138967704	11.12263206	1.173529	4.580750286	634.0849677	635.1544516	0.003814146	1	35.68642616	-0.003415747	1	4.062856763	21.12685517	1.585420182	2.411622534	636.0088568	636.3052851	0.000707851	0.381996227	55.44288872	0.000903553	1	4.062856763	636.0088568	636.3052851			0	0	0	0	0.381996227	Subcritical	0.000707851
1237	1235.995	616071.32	3096771.268	631.9455	5.2	0	Normal	0.002	1	50.95	2.138967704	11.12263206	1.173529	4.580750286	634.0844677	635.1539516	0.003814146	1	35.68642616	-0.003317711	1	4.063630675	21.13087951	1.585538015	2.411163245	636.0091307	636.3054461	0.000707512	0.381887107	55.45685521	-0.000919899	1	4.063630675	636.0091307	636.3054461			0	0	0	0	0.381887107	Subcritical	0.000707512
1238	1236.996	616071.278	3096770.268	631.945	5.2	0	Normal	0.002	1.001	50.95	2.138967704	11.12263206	1.173529	4.580750286	634.0839677	635.1534516	0.003814146	1	35.68642616	-0.003321525	1	4.062285346	21.1238838	1.585333163	2.411961762	636.0072853	636.303797	0.000708102	0.38207683	55.43257918	0.000758122	1	4.062285346	636.0072853	636.303797			0	0	0	0	0.38207683	Subcritical	0.000708102
1239	1237.996	616071.236	3096769.269	631.9445	5.2	0	Normal	0.057	1	50.95	2.138967704	11.12263206	1.173529	4.580750286	634.0834677	635.1529516	0.003814146	1	35.68642616	-0.003415747	1	4.062866722	21.12690695	1.585421699	2.411616623	636.0073667	636.3037936	0.000707847	0.381994823	55.44306842	0.000920002	1	4.062866722	636.0073667	636.3037936			0	0	0	0	0.381994823	Subcritical	0.000707847
1240	1238.996	616071.193	3096768.27	631.944	5.2	0	Normal	0.057	1	50.95	2.138967704	11.12263206	1.173529	4.580750286	634.0829677	635.1524516	0.003814146	1	35.68642616	-0.003415747	1	4.063628692	21.1308692	1.585537713	2.411164421	636.0076287	636.3039444	0.000707512	0.381887386	55.45681942	-0.00091993	1	4.063628692	636.0076287	636.3039444			0	0	0	0	0.381887386	Subcritical	0.000707512
1241	1239.996	616071.151	3096767.271	631.9435	5.2	0	Normal	0	1	50.95	2.138967704	11.12263206	1.173529	4.580750286	634.0824677	635.1519516	0.003814146	1	35.68642616	-0.003314146	1	4.062285346	21.1238838	1.585333163	2.411961762	636.0057853	636.302297	0.000708102	0.38207683	55.43257918	0.000740092	1	4.062285346	636.0057853	636.302297			0	0	0	0	0.38207683	Subcritical	0.000708102
1242	1240.996	616071.109	3096766.272	631.943	5.2	0	Normal	0	1	50.95	2.138967704	11.12263206	1.173529	4.580750286	634.0819677	635.1514516	0.003814146	1	35.68642616	-0.003314146	1	4.062878017	21.12696569	1.585423419	2.411609919	636.005878	636.3023032	0.000707842	0.38199323	55.44327223	0.000938686	1	4.062878017	636.005878	636.3023032			0	0	0	0	0.38199323	Subcritical	0.000707842
1243	1241.996	616071.067	3096765.273	631.9425	5.2	0	Normal	0.057	1	50.95	2.138967704	11.12263206	1.173529	4.580750286	634.0814677	635.1509516	0.003814146	1	35.68642616	-0.003415747	1	4.063660805	21.13103619	1.585542602	2.411145367	636.0061608	636.3024718	0.000707498	0.381882859	55.45739904	-0.000919437	1	4.063660805	636.0061608	636.3024718			0	0	0	0	0.381882859	Subcritical	0.000707498
1244	1242.995	616071.024	3096764.274	631.942	5.2	0	Normal	0.057	0.999	50.95	2.138967704	11.12263206	1.173529	4.580750286	634.0809677	635.1504516	0.003814146	1	35.68642616	-0.003411933	1	4.062285346	21.1238838	1.585333163	2.411961762	636.0042853	636.300797	0.000708102	0.38207683	55.43257918	0.000731596	1	4.062285346	636.0042853	636.300797			0	0	0	0	0.38207683	Subcritical	0.000708102
1245	1243.995	616070.982	3096763.275	631.9415	5.2	0	Normal	0	1	50.95	2.138967704	11.12263206	1.173529	4.580750286	634.0804677	635.1499516	0.003814146	1	35.68642616	-0.003314146	1	4.062868552	21.12691647	1.585421977	2.411615537	636.0043686	636.3007951	0.000707846	0.381994565	55.44310144	0.000923054	1	4.062868552	636.0043686	636.3007951			0	0	0	0	0.381994565	Subcritical	0.000707846
1246	1244.995	616070.94	3096762.276	631.941	5.2	0	Normal	0.002	1	50.95	2.138967704	11.12263206	1.173529	4.580750286	634.0799677	635.1494516	0.003814146	1	35.68642616	-0.003317711	1	4.063664192	21.1310538	1.585543118	2.411143357	636.0046642	636.3009747	0.000707497	0.381882382	55.45746017	-0.000919384	1	4.063664192	636.0046642	636.3009747			0	0	0	0	0.381882382	Subcritical	0.000707497
1247	1245.996	616070.898	3096761.276	631.9405	5.2	0	Normal	0.06	1.001	50.95	2.138967704	11.12263206	1.173529	4.580750286	634.0794677	635.1489516	0.003814146	1	35.68642616	-0.003424909	1	4.062285346	21.1238838	1.585333163	2.411961762	636.0027853	636.299297	0.000708102	0.38207683	55.43257918	0.000758608	1	4.062285346	636.0027853	636.299297			0	0	0	0	0.38207683	Subcritical	0.000708102
1248	1246.996	616070.855	3096760.277	631.94	5.2	0	Normal	0.057	1	50.95	2.138967704	11.12263206	1.173529	4.580750286	634.0789677	635.1484516	0.003814146	1	35.68642616	-0.003415747	1	4.062867264	21.12690977	1.585421781	2.411616301	636.0028673	636.299294	0.000707847	0.381994746	55.4430782	0.000920924	1	4.062867264	636.0028673	636.299294			0	0	0	0	0.381994746	Subcritical	0.000707847
1249	1247.996	616070.813	3096759.278	631.9395	5.2	0	Normal	0	1	50.95	2.138967704	11.12263206	1.173529	4.580750286	634.0784677	635.1479516	0.003814146	1	35.68642616	-0.003314146	1	4.063661632	21.13104049	1.585542728	2.411144876	636.0031616	636.2994725	0.000707498	0.381882743	55.45741396	-0.000919424	1	4.063661632	636.0031616	636.2994725			0	0	0	0	0.381882743	Subcritical	0.000707498
1250	1248.996	616070.771	3096758.279	631.939	5.2	0	Normal	0.057	1	50.95	2.138967704	11.12263206	1.173529	4.580750286	634.0779677	635.1474516	0.003814146	1	35.68642616	-0.003415747	1	4.062285346	21.1238838	1.585333163	2.411961762	636.0012853	636.297797	0.000708102	0.38207683	55.43257918	0.000747947	1	4.062285346	636.0012853	636.297797			0	0	0	0	0.38207683	Subcritical	0.000708102
1251	1249.996	616070.728	3096757.28	631.9385	5.2	0	Normal	0.057	1	50.95	2.138967704	11.12263206	1.173529	4.580750286	634.0774677	635.1469516	0.003814146	1	35.68642616	-0.003415747	1	4.062855387	21.12684801	1.585419973	2.411623351	636.0013554	636.2977839	0.000707852	0.381996421	55.4428639	0.000901278	1	4.062855387	636.0013554	636.2977839			0	0	0	0	0.381996421	Subcritical	0.000707852
1252	1250.996	616070.686	3096756.281	631.938	5.2	0	Normal	0	1	50.95	2.138967704	11.12263206	1.173529	4.580750286	634.0769677	635.1464516	0.003814146	1	35.68642616	-0.003314146	1	4.063627866	21.1308649	1.585537588	2.411164911	636.0016279	636.2979437	0.000707513	0.381887503	55.4568045	-0.000919943	1	4.063627866	636.0016279	636.2979437			0	0	0	0	0.381887503	Subcritical	0.000707513
1253	1251.995	616070.644	3096755.282	631.9375	5.2	0	Normal	0	0.999	50.95	2.138967704	11.12263206	1.173529	4.580750286	634.0764677	635.1459516	0.003814146	1	35.68642616	-0.003310332	1	4.062285346	21.1238838	1.585333163	2.411961762	635.9997853	636.296297	0.000708102	0.38207683	55.43257918	0.000759269	1	4.062285346	635.9997853	636.296297			0	0	0	0	0.38207683	Subcritical	0.000708102
1254	1252.995	616070.602	3096754.283	631.937	5.2	0	Normal	0.057	1	50.95	2.138967704	11.12263206	1.173529	4.580750286	634.0759677	635.1454516	0.003814146	1	35.68642616	-0.003415747	1	4.062868	21.1269136	1.585421893	2.411615864	635.999868	636.2962947	0.000707846	0.381994643	55.44309149	0.000922116	1	4.062868	635.999868	636.2962947			0	0	0	0	0.381994643	Subcritical	0.000707846
1255	1253.995	616070.559	3096753.284	631.9365	5.2	0	Normal	0.06	1	50.95	2.138967704	11.12263206	1.173529	4.580750286	634.0754677	635.1449516	0.003814146	1	35.68642616	-0.003421094	1	4.063630675	21.13087951	1.585538015	2.411163245	636.0001307	636.2964461	0.000707512	0.381887107	55.45685521	-0.000919899	1	4.063630675	636.0001307	636.2964461			0	0	0	0	0.381887107	Subcritical	0.000707512
1256	1254.996	616070.517	3096752.284	631.936	5.2	0	Normal	0.002	1.001	50.95	2.138967704	11.12263206	1.173529	4.580750286	634.0749677	635.1444516	0.003814146	1	35.68642616	-0.003321525	1	4.062285346	21.1238838	1.585333163	2.411961762	635.9982853	636.294797	0.000708102	0.38207683	55.43257918	0.000740353	1	4.062285346	635.9982853	636.294797			0	0	0	0	0.38207683	Subcritical	0.000708102
1257	1255.996	616070.475	3096751.285	631.9355	5.2	0	Normal	0	1	50.95	2.138967704	11.12263206	1.173529	4.580750286	634.0744677	635.1439516	0.003814146	1	35.68642616	-0.003314146	1	4.062878307	21.1269672	1.585423463	2.411609746	635.9983783	636.2948035	0.000707842	0.381993189	55.44327747	0.000939167	1	4.062878307	635.9983783	636.2948035			0	0	0	0	0.381993189	Subcritical	0.000707842
1258	1256.996	616070.433	3096750.286	631.935	5.2	0	Normal	0.057	1	50.95	2.138967704	11.12263206	1.173529	4.580750286	634.0739677	635.1434516	0.003814146	1	35.68642616	-0.003415747	1	4.063661632	21.13104049	1.585542728	2.411144876	635.9986616	636.2949725	0.000707498	0.381882743	55.45741396	-0.000919424	1	4.063661632	635.9986616	636.2949725			0	0	0	0	0.381882743	Subcritical	0.000707498
1259	1257.996	616070.39	3096749.287	631.9345	5.2	0	Normal	0.057	1	50.95	2.138967704	11.12263206	1.173529	4.580750286	634.0734677	635.1429516	0.003814146	1	35.68642616	-0.003415747	1	4.062285346	21.1238838	1.585333163	2.411961762	635.9967853	636.293297	0.000708102	0.38207683	55.43257918	0.000730179	1	4.062285346	635.9967853	636.293297			0	0	0	0	0.38207683	Subcritical	0.000708102
1260	1258.996	616070.348	3096748.288	631.934	5.2	0	Normal	0	1	50.95	2.138967704	11.12263206	1.173529	4.580750286	634.0729677	635.1424516	0.003814146	1	35.68642616	-0.003314146	1	4.062866973	21.12690826	1.585421737	2.411616474	635.996867	636.2932938	0.000707847	0.381994787	55.44307296	0.000920443	1	4.062866973	635.996867	636.2932938			0	0	0	0	0.381994787	Subcritical	0.000707847
1261	1259.996	616070.306	3096747.289	631.9335	5.2	0	Normal	0	1	50.95	2.138967704	11.12263206	1.173529	4.580750286	634.0724677	635.1419516	0.003814146	1	35.68642616	-0.003314146	1	4.063660805	21.13103619	1.585542602	2.411145367	635.9971608	636.2934718	0.000707498	0.381882859	55.45739904	-0.000919437	1	4.063660805	635.9971608	636.2934718			0	0	0	0	0.381882859	Subcritical	0.000707498
1262	1260.995	616070.264	3096746.29	631.933	5.2	0	Normal	0.057	0.999	50.95	2.138967704	11.12263206	1.173529	4.580750286	634.0719677	635.1414516	0.003814146	1	35.68642616	-0.003411933	1	4.062285346	21.1238838	1.585333163	2.411961762	635.9952853	636.291797	0.000708102	0.38207683	55.43257918	0.000748573	1	4.062285346	635.9952853	636.291797			0	0	0	0	0.38207683	Subcritical	0.000708102
1263	1261.995	616070.221	3096745.291	631.9325	5.2	0	Normal	0.057	1	50.95	2.138967704	11.12263206	1.173529	4.580750286	634.0714677	635.1409516	0.003814146	1	35.68642616	-0.003415747	1	4.062856085	21.12685164	1.585420079	2.411622937	635.9953561	636.2917845	0.000707852	0.381996323	55.44287648	0.000902432	1	4.062856085	635.9953561	636.2917845			0	0	0	0	0.381996323	Subcritical	0.000707852
1264	1262.995	616070.179	3096744.292	631.932	5.2	0	Normal	0	1	50.95	2.138967704	11.12263206	1.173529	4.580750286	634.0709677	635.1404516	0.003814146	1	35.68642616	-0.003314146	1	4.063629848	21.13087521	1.585537889	2.411163735	635.9956298	636.2919454	0.000707512	0.381887223	55.45684028	-0.000919912	1	4.063629848	635.9956298	636.2919454			0	0	0	0	0.381887223	Subcritical	0.000707512
1265	1263.995	616070.137	3096743.293	631.9315	5.2	0	Normal	0.002	1	50.95	2.138967704	11.12263206	1.173529	4.580750286	634.0704677	635.1399516	0.003814146	1	35.68642616	-0.003317711	1	4.062285346	21.1238838	1.585333163	2.411961762	635.9937853	636.290297	0.000708102	0.38207683	55.43257918	0.000760312	1	4.062285346	635.9937853	636.290297			0	0	0	0	0.38207683	Subcritical	0.000708102
1266	1264.996	616070.095	3096742.293	631.931	5.2	0	Normal	0.06	1.001	50.95	2.138967704	11.12263206	1.173529	4.580750286	634.0699677	635.1394516	0.003814146	1	35.68642616	-0.003424909	1	4.062866722	21.12690695	1.585421699	2.411616623	635.9938667	636.2902936	0.000707847	0.381994823	55.44306842	0.000920002	1	4.062866722	635.9938667	636.2902936			0	0	0	0	0.381994823	Subcritical	0.000707847
1267	1265.996	616070.052	3096741.294	631.9305	5.2	0	Normal	0.057	1	50.95	2.138967704	11.12263206	1.173529	4.580750286	634.0694677	635.1389516	0.003814146	1	35.68642616	-0.003415747	1	4.063628692	21.1308692	1.585537713	2.411164421	635.9941287	636.2904444	0.000707512	0.381887386	55.45681942	-0.00091993	1	4.063628692	635.9941287	636.2904444			0	0	0	0	0.381887386	Subcritical	0.000707512
1268	1266.996	616070.01	3096740.295	631.93	5.2	0	Normal	0	1	50.95	2.138967704	11.12263206	1.173529	4.580750286	634.0689677	635.1384516	0.003814146	1	35.68642616	-0.003314146	1	4.062285346	21.1238838	1.585333163	2.411961762	635.9922853	636.288797	0.000708102	0.38207683	55.43257918	0.000740353	1	4.062285346	635.9922853	636.288797			0	0	0	0	0.38207683	Subcritical	0.000708102
1269	1267.996	616069.968	3096739.296	631.9295	5.2	0	Normal	0	1	50.95	2.138967704	11.12263206	1.173529	4.580750286	634.0684677	635.1379516	0.003814146	1	35.68642616	-0.003314146	1	4.062878307	21.1269672	1.585423463	2.411609746	635.9923783	636.2888035	0.000707842	0.381993189	55.44327747	-0.000261623	1	4.062878307	635.9923783	636.2888035			0	0	0	0	0.381993189	Subcritical	0.000707842
1270	1268.996	616069.926	3096738.297	631.929	5.2	0	Normal	0.057	1	50.95	2.138967704	11.12263206	1.173529	4.580750286	634.0679677	635.1374516	0.003814146	1	35.68642616	-0.003415747	1	4.062285346	21.1238838	1.585333163	2.411961762	635.9912853	636.287797	0.000708102	0.38207683	55.43257918	-0.000182253	1	4.062285346	635.9912853	636.287797			0	0	0	0	0.38207683	Subcritical	0.000708102
1271	1269.996	616069.883	3096737.298	631.9285	5.2	0	Normal	0.057	1	50.95	2.138967704	11.12263206	1.173529	4.580750286	634.0674677	635.1369516	0.003814146	1	35.68642616	-0.003415747	1	4.061786603	21.12129033	1.585257199	2.412257925	635.9902866	636.2868711	0.000708321	0.382147204	55.4235826	-0.000882372	1	4.061786603	635.9902866	636.2868711			0	0	0	0	0.382147204	Subcritical	0.000708321
1272	1270.995	616069.841	3096736.299	631.928	5.2	0	Normal	0	0.999	50.95	2.138967704	11.12263206	1.173529	4.580750286	634.0669677	635.1364516	0.003814146	1	35.68642616	-0.003310332	1	4.060487552	21.11453527	1.585059285	2.413029666	635.9884876	636.2852619	0.000708893	0.382330607	55.40015754	-0.000976784	1	4.060487552	635.9884876	636.2852619			0	0	0	0	0.382330607	Subcritical	0.000708893
1273	1271.995	616069.799	3096735.3	631.9275	5.2	0	Normal	0	1	50.95	2.138967704	11.12263206	1.173529	4.580750286	634.0664677	635.1359516	0.003814146	1	35.68642616	-0.003314146	1	4.059074183	21.10718575	1.584843867	2.413869883	635.9865742	636.2835552	0.000709515	0.382530315	55.37468392	-0.000955906	1	4.059074183	635.9865742	636.2835552			0	0	0	0	0.382530315	Subcritical	0.000709515
1274	1272.995	616069.757	3096734.301	631.927	5.2	0	Normal	0.055	1	50.95	2.138967704	11.12263206	1.173529	4.580750286	634.0659677	635.1354516	0.003814146	1	35.68642616	-0.003412182	1	4.0576522	21.09979144	1.584627043	2.414715811	635.9846522	636.2818414	0.000710142	0.382731416	55.3490686	-0.000970645	1	4.0576522	635.9846522	636.2818414			0	0	0	0	0.382731416	Subcritical	0.000710142
1275	1273.996	616069.714	3096733.301	631.9265	5.2	0	Normal	0.055	1.001	50.95	2.138967704	11.12263206	1.173529	4.580750286	634.0654677	635.1349516	0.003814146	1	35.68642616	-0.003415996	1	4.056210733	21.09229581	1.584407154	2.415573936	635.9827107	636.2801112	0.000710778	0.382935453	55.32311616	-0.000917852	1	4.056210733	635.9827107	636.2801112			0	0	0	0	0.382935453	Subcritical	0.000710778
1276	1274.996	616069.672	3096732.302	631.926	5.2	0	Normal	0	1	50.95	2.138967704	11.12263206	1.173529	4.580750286	634.0649677	635.1344516	0.003814146	1	35.68642616	-0.003314146	1	4.054864554	21.08529568	1.584201715	2.416375885	635.9808646	636.2784625	0.000711373	0.383126166	55.29889193	-0.0009581	1	4.054864554	635.9808646	636.2784625			0	0	0	0	0.383126166	Subcritical	0.000711373
1277	1275.996	616069.63	3096731.303	631.9255	5.2	0	Normal	0.057	1	50.95	2.138967704	11.12263206	1.173529	4.580750286	634.0644677	635.1339516	0.003814146	1	35.68642616	-0.003415747	1	4.053435631	21.07786528	1.583983558	2.417227709	635.9789356	636.2767435	0.000712006	0.383328774	55.27319209	-0.00097963	1	4.053435631	635.9789356	636.2767435			0	0	0	0	0.383328774	Subcritical	0.000712006
1278	1276.996	616069.587	3096730.304	631.925	5.2	0	Normal	0.057	1	50.95	2.138967704	11.12263206	1.173529	4.580750286	634.0639677	635.1334516	0.003814146	1	35.68642616	-0.003415747	1	4.051979943	21.07029571	1.583761217	2.418096106	635.9769799	636.2750018	0.000712651	0.383535361	55.24702499	-0.000980853	1	4.051979943	635.9769799	636.2750018			0	0	0	0	0.383535361	Subcritical	0.000712651
1279	1277.996	616069.545	3096729.305	631.9245	5.2	0	Normal	0	1	50.95	2.138967704	11.12263206	1.173529	4.580750286	634.0634677	635.1329516	0.003814146	1	35.68642616	-0.003314146	1	4.050555516	21.06288868	1.583543558	2.418946459	635.9750555	636.273287	0.000713283	0.383737691	55.22143362	-0.000962238	1	4.050555516	635.9750555	636.273287			0	0	0	0	0.383737691	Subcritical	0.000713283
1280	1278.996	616069.503	3096728.306	631.924	5.2	0	Normal	0	1	50.95	2.138967704	11.12263206	1.173529	4.580750286	634.0629677	635.1324516	0.003814146	1	35.68642616	-0.003314146	1	4.049152267	21.05559179	1.583329043	2.419784754	635.9731523	636.2715905	0.000713906	0.383937187	55.1962361	-0.00093046	1	4.049152267	635.9731523	636.2715905			0	0	0	0	0.383937187	Subcritical	0.000713906
1281	1279.995	616069.461	3096727.307	631.9235	5.2	0	Normal	0.057	0.999	50.95	2.138967704	11.12263206	1.173529	4.580750286	634.0624677	635.1319516	0.003814146	1	35.68642616	-0.003411933	1	4.047752912	21.04831514	1.583115033	2.420621302	635.9712529	636.2698975	0.000714529	0.384136301	55.17112169	-0.000890969	1	4.047752912	635.9712529	636.2698975			0	0	0	0	0.384136301	Subcritical	0.000714529
1282	1280.995	616069.418	3096726.308	631.923	5.2	0	Normal	0.057	1	50.95	2.138967704	11.12263206	1.173529	4.580750286	634.0619677	635.1314516	0.003814146	1	35.68642616	-0.003415747	1	4.04639882	21.04127387	1.58290786	2.421431341	635.9693988	636.2682434	0.000715132	0.384329139	55.14683221	-0.000974081	1	4.04639882	635.9693988	636.2682434			0	0	0	0	0.384329139	Subcritical	0.000715132
1283	1281.995	616069.376	3096725.309	631.9225	5.2	0	Normal	0	1	50.95	2.138967704	11.12263206	1.173529	4.580750286	634.0614677	635.1309516	0.003814146	1	35.68642616	-0.003314146	1	4.044978376	21.03388756	1.582690444	2.422281657	635.9674784	636.2665328	0.000715765	0.3845316	55.12136576	-0.000919669	1	4.044978376	635.9674784	636.2665328			0	0	0	0	0.3845316	Subcritical	0.000715765
1284	1282.995	616069.334	3096724.31	631.922	5.2	0	Normal	0.002	1	50.95	2.138967704	11.12263206	1.173529	4.580750286	634.0609677	635.1304516	0.003814146	1	35.68642616	-0.003317711	1	4.043620704	21.02682766	1.58248255	2.423094954	635.9656207	636.264876	0.000716371	0.384725279	55.09703743	-0.000991971	1	4.043620704	635.9656207	636.264876			0	0	0	0	0.384725279	Subcritical	0.000716371
1285	1283.996	616069.292	3096723.31	631.9215	5.2	0	Normal	0.06	1.001	50.95	2.138967704	11.12263206	1.173529	4.580750286	634.0604677	635.1299516	0.003814146	1	35.68642616	-0.003424909	1	4.042140183	21.01912895	1.582255747	2.423982465	635.9636402	636.2631147	0.000717033	0.38493667	55.07052192	-0.000929102	1	4.042140183	635.9636402	636.2631147			0	0	0	0	0.38493667	Subcritical	0.000717033
1286	1284.996	616069.249	3096722.311	631.921	5.2	0	Normal	0.057	1	50.95	2.138967704	11.12263206	1.173529	4.580750286	634.0599677	635.1294516	0.003814146	1	35.68642616	-0.003415747	1	4.040736324	21.01182889	1.582040595	2.42482462	635.9617363	636.261419	0.000717662	0.385137293	55.04539304	-0.000994067	1	4.040736324	635.9617363	636.261419			0	0	0	0	0.385137293	Subcritical	0.000717662
1287	1285.996	616069.207	3096721.312	631.9205	5.2	0	Normal	0	1	50.95	2.138967704	11.12263206	1.173529	4.580750286	634.0594677	635.1289516	0.003814146	1	35.68642616	-0.003314146	1	4.039287797	21.00429654	1.581818501	2.425694186	635.9597878	636.2596855	0.000718311	0.385344482	55.01947854	-0.000921655	1	4.039287797	635.9597878	636.2596855			0	0	0	0	0.385344482	Subcritical	0.000718311
1288	1286.996	616069.165	3096720.313	631.92	5.2	0	Normal	0	1	50.95	2.138967704	11.12263206	1.173529	4.580750286	634.0589677	635.1284516	0.003814146	1	35.68642616	-0.003314146	1	4.037924778	20.99720884	1.58160943	2.426512989	635.9579248	636.2580249	0.000718923	0.385539611	54.99510671	-0.000976532	1	4.037924778	635.9579248	636.2580249			0	0	0	0	0.385539611	Subcritical	0.000718923
1289	1287.996	616069.123	3096719.314	631.9195	5.2	0	Normal	0.057	1	50.95	2.138967704	11.12263206	1.173529	4.580750286	634.0584677	635.1279516	0.003814146	1	35.68642616	-0.003415747	1	4.036460998	20.98959719	1.581384807	2.427392938	635.955961	636.2562789	0.00071958	0.385749348	54.96894718	-0.000900237	1	4.036460998	635.955961	636.2562789			0	0	0	0	0.385749348	Subcritical	0.00071958
1290	1288.996	616069.08	3096718.315	631.919	5.2	0	Normal	0.057	1	50.95	2.138967704	11.12263206	1.173529	4.580750286	634.0579677	635.1274516	0.003814146	1	35.68642616	-0.003415747	1	4.035087368	20.98245431	1.581173928	2.428219275	635.9540874	636.2546097	0.000720198	0.38594634	54.94441187	-0.000948521	1	4.035087368	635.9540874	636.2546097			0	0	0	0	0.38594634	Subcritical	0.000720198
1291	1289.995	616069.038	3096717.316	631.9185	5.2	0	Normal	0	0.999	50.95	2.138967704	11.12263206	1.173529	4.580750286	634.0574677	635.1269516	0.003814146	1	35.68642616	-0.003310332	1	4.033689973	20.97518786	1.580959311	2.429060485	635.95219	636.2529206	0.000720828	0.386146913	54.91946513	-0.000997565	1	4.033689973	635.95219	636.2529206			0	0	0	0	0.386146913	Subcritical	0.000720828
1292	1290.995	616068.996	3096716.317	631.918	5.2	0	Normal	0	1	50.95	2.138967704	11.12263206	1.173529	4.580750286	634.0569677	635.1264516	0.003814146	1	35.68642616	-0.003314146	1	4.032231981	20.9676063	1.580735291	2.429938796	635.950232	636.2511801	0.000721486	0.386356369	54.89345067	-0.00091254	1	4.032231981	635.950232	636.2511801			0	0	0	0	0.386356369	Subcritical	0.000721486
1293	1291.995	616068.954	3096715.318	631.9175	5.2	0	Normal	0.055	1	50.95	2.138967704	11.12263206	1.173529	4.580750286	634.0564677	635.1259516	0.003814146	1	35.68642616	-0.003412182	1	4.030841623	20.96037644	1.580521571	2.430776954	635.9483416	636.2494974	0.000722114	0.386556285	54.86865634	-0.000955188	1	4.030841623	635.9483416	636.2494974			0	0	0	0	0.386556285	Subcritical	0.000722114
1294	1292.996	616068.911	3096714.318	631.917	5.2	0	Normal	0.055	1.001	50.95	2.138967704	11.12263206	1.173529	4.580750286	634.0559677	635.1254516	0.003814146	1	35.68642616	-0.003415996	1	4.029398279	20.95287105	1.580299612	2.431647667	635.9463983	636.2477699	0.000722766	0.386764003	54.84293093	-0.000999403	1	4.029398279	635.9463983	636.2477699			0	0	0	0	0.386764003	Subcritical	0.000722766
1295	1293.996	616068.869	3096713.319	631.9165	5.2	0	Normal	0	1	50.95	2.138967704	11.12263206	1.173529	4.580750286	634.0554677	635.1249516	0.003814146	1	35.68642616	-0.003314146	1	4.027934846	20.9452612	1.580074464	2.432531135	635.9444348	636.2460255	0.000723429	0.386974801	54.81686183	-0.000909293	1	4.027934846	635.9444348	636.2460255			0	0	0	0	0.386974801	Subcritical	0.000723429
1296	1294.996	616068.827	3096712.32	631.916	5.2	0	Normal	0	1	50.95	2.138967704	11.12263206	1.173529	4.580750286	634.0549677	635.1244516	0.003814146	1	35.68642616	-0.003314146	1	4.026578237	20.93820683	1.579865663	2.433350688	635.9425782	636.2443721	0.000724044	0.387170383	54.79270859	-0.000945646	1	4.026578237	635.9425782	636.2443721			0	0	0	0	0.387170383	Subcritical	0.000724044
1297	1295.996	616068.785	3096711.321	631.9155	5.2	0	Normal	0.057	1	50.95	2.138967704	11.12263206	1.173529	4.580750286	634.0544677	635.1239516	0.003814146	1	35.68642616	-0.003415747	1	4.025142696	20.93074202	1.579644619	2.434218527	635.9406427	636.2426519	0.000724696	0.387377524	54.76716356	-0.000984066	1	4.025142696	635.9406427	636.2426519			0	0	0	0	0.387377524	Subcritical	0.000724696
1298	1296.996	616068.742	3096710.322	631.915	5.2	0	Normal	0.057	1	50.95	2.138967704	11.12263206	1.173529	4.580750286	634.0539677	635.1234516	0.003814146	1	35.68642616	-0.003415747	1	4.023660006	20.92303203	1.579416215	2.435115519	635.93866	636.2408918	0.00072537	0.387591663	54.74079416	-0.00089204	1	4.023660006	635.93866	636.2408918			0	0	0	0	0.387591663	Subcritical	0.00072537
1299	1297.996	616068.7	3096709.323	631.9145	5.2	0	Normal	0	1	50.95	2.138967704	11.12263206	1.173529	4.580750286	634.0534677	635.1229516	0.003814146	1	35.68642616	-0.003314146	1	4.022320892	20.91606864	1.57920984	2.435926219	635.9368209	636.2392539	0.000725979	0.387785235	54.71699102	-0.000923418	1	4.022320892	635.9368209	636.2392539			0	0	0	0	0.387785235	Subcritical	0.000725979
1300	1298.995	616068.658	3096708.324	631.914	5.2	0	Normal	0	0.999	50.95	2.138967704	11.12263206	1.173529	4.580750286	634.0529677	635.1224516	0.003814146	1	35.68642616	-0.003310332	1	4.020944038	20.908909	1.578997563	2.436760331	635.934944	636.2375842	0.000726607	0.38798443	54.69252968	-0.00095571	1	4.020944038	635.934944	636.2375842			0	0	0	0	0.38798443	Subcritical	0.000726607
1301	1299.995	616068.616	3096707.325	631.9135	5.2	0	Normal	0.057	1	50.95	2.138967704	11.12263206	1.173529	4.580750286	634.0524677	635.1219516	0.003814146	1	35.68642616	-0.003415747	1	4.019492062	20.90135872	1.578773607	2.437640571	635.9329921	636.235851	0.00072727	0.388194679	54.66674761	-0.000989726	1	4.019492062	635.9329921	636.235851			0	0	0	0	0.388194679	Subcritical	0.00072727
1302	1300.995	616068.573	3096706.326	631.913	5.2	0	Normal	0.06	1	50.95	2.138967704	11.12263206	1.173529	4.580750286	634.0519677	635.1214516	0.003814146	1	35.68642616	-0.003421094	1	4.01799634	20.89358097	1.578542802	2.438547996	635.9309963	636.2340808	0.000727953	0.388411461	54.64020368	-0.00089347	1	4.01799634	635.9309963	636.2340808			0	0	0	0	0.388411461	Subcritical	0.000727953
1303	1301.996	616068.531	3096705.326	631.9125	5.2	0	Normal	0.002	1.001	50.95	2.138967704	11.12263206	1.173529	4.580750286	634.0514677	635.1209516	0.003814146	1	35.68642616	-0.003321525	1	4.016649199	20.88657583	1.578334834	2.439365859	635.9291492	636.232437	0.000728569	0.388606881	54.61630952	-0.000921125	1	4.016649199	635.9291492	636.232437			0	0	0	0	0.388606881	Subcritical	0.000728569
1304	1302.996	616068.489	3096704.327	631.912	5.2	0	Normal	0.057	1	50.95	2.138967704	11.12263206	1.173529	4.580750286	634.0509677	635.1204516	0.003814146	1	35.68642616	-0.003415747	1	4.015235362	20.87922388	1.57811648	2.440224804	635.9272354	636.2307367	0.000729217	0.388812152	54.59124559	-0.000950179	1	4.015235362	635.9272354	636.2307367			0	0	0	0	0.388812152	Subcritical	0.000729217
1305	1303.996	616068.446	3096703.328	631.9115	5.2	0	Normal	0.057	1	50.95	2.138967704	11.12263206	1.173529	4.580750286	634.0504677	635.1199516	0.003814146	1	35.68642616	-0.003415747	1	4.013785558	20.8716849	1.577892473	2.441106228	635.9252856	636.2290062	0.000729882	0.389022833	54.56555811	-0.000979941	1	4.013785558	635.9252856	636.2290062			0	0	0	0	0.389022833	Subcritical	0.000729882
1306	1304.996	616068.404	3096702.329	631.911	5.2	0	Normal	0	1	50.95	2.138967704	11.12263206	1.173529	4.580750286	634.0499677	635.1194516	0.003814146	1	35.68642616	-0.003314146	1	4.012333551	20.86413447	1.577668028	2.44198963	635.9233336	636.2272741	0.000730549	0.389234025	54.53984586	-0.000880853	1	4.012333551	635.9233336	636.2272741			0	0	0	0	0.389234025	Subcritical	0.000730549
1307	1305.996	616068.362	3096701.33	631.9105	5.2	0	Normal	0	1	50.95	2.138967704	11.12263206	1.173529	4.580750286	634.0494677	635.1189516	0.003814146	1	35.68642616	-0.003314146	1	4.010999389	20.85719682	1.577461712	2.442801899	635.9214994	636.2256422	0.000731163	0.389428245	54.51623302	-0.000904869	1	4.010999389	635.9214994	636.2256422			0	0	0	0	0.389428245	Subcritical	0.000731163
1308	1306.996	616068.32	3096700.331	631.91	5.2	0	Normal	0.057	1	50.95	2.138967704	11.12263206	1.173529	4.580750286	634.0489677	635.1184516	0.003814146	1	35.68642616	-0.003415747	1	4.009600665	20.84992346	1.577245322	2.443654055	635.9196007	636.2239557	0.000731807	0.389632037	54.49149047	-0.000930075	1	4.009600665	635.9196007	636.2239557			0	0	0	0	0.389632037	Subcritical	0.000731807
1309	1307.996	616068.277	3096699.332	631.9095	5.2	0	Normal	0.057	1	50.95	2.138967704	11.12263206	1.173529	4.580750286	634.0484677	635.1179516	0.003814146	1	35.68642616	-0.003415747	1	4.008170575	20.84248699	1.577023985	2.444525935	635.9176706	636.2222428	0.000732466	0.389840583	54.46620679	-0.000955876	1	4.008170575	635.9176706	636.2222428			0	0	0	0	0.389840583	Subcritical	0.000732466
1310	1308.995	616068.235	3096698.333	631.909	5.2	0	Normal	0	0.999	50.95	2.138967704	11.12263206	1.173529	4.580750286	634.0479677	635.1174516	0.003814146	1	35.68642616	-0.003310332	1	4.006744029	20.83506895	1.576803101	2.445396275	635.915744	636.2205332	0.000733124	0.390048798	54.44099958	-0.000981587	1	4.006744029	635.915744	636.2205332			0	0	0	0	0.390048798	Subcritical	0.000733124
1311	1309.995	616068.193	3096697.334	631.9085	5.2	0	Normal	0	1	50.95	2.138967704	11.12263206	1.173529	4.580750286	634.0474677	635.1169516	0.003814146	1	35.68642616	-0.003314146	1	4.00528461	20.82747997	1.576577029	2.446287312	635.9137846	636.2187959	0.000733799	0.390262002	54.41522578	-0.000879688	1	4.00528461	635.9137846	636.2187959			0	0	0	0	0.390262002	Subcritical	0.000733799
1312	1310.995	616068.151	3096696.335	631.908	5.2	0	Normal	0.055	1	50.95	2.138967704	11.12263206	1.173529	4.580750286	634.0469677	635.1164516	0.003814146	1	35.68642616	-0.003412182	1	4.003912899	20.82034707	1.576364452	2.447125392	635.9119129	636.2171332	0.000734434	0.390462571	54.39101411	-0.000901384	1	4.003912899	635.9119129	636.2171332			0	0	0	0	0.390462571	Subcritical	0.000734434
1313	1311.996	616068.108	3096695.335	631.9075	5.2	0	Normal	0.055	1.001	50.95	2.138967704	11.12263206	1.173529	4.580750286	634.0464677	635.1159516	0.003814146	1	35.68642616	-0.003415996	1	4.002513153	20.81306839	1.576147439	2.447981193	635.9100132	636.215447	0.000735083	0.390667416	54.36632076	-0.000923552	1	4.002513153	635.9100132	636.215447			0	0	0	0	0.390667416	Subcritical	0.000735083
1314	1312.996	616068.066	3096694.336	631.907	5.2	0	Normal	0	1	50.95	2.138967704	11.12263206	1.173529	4.580750286	634.0459677	635.1154516	0.003814146	1	35.68642616	-0.003314146	1	4.001120224	20.80582516	1.575931392	2.448833421	635.9081202	636.2137668	0.000735729	0.390871441	54.34176087	-0.000945637	1	4.001120224	635.9081202	636.2137668			0	0	0	0	0.390871441	Subcritical	0.000735729
1315	1313.996	616068.024	3096693.337	631.9065	5.2	0	Normal	0	1	50.95	2.138967704	11.12263206	1.173529	4.580750286	634.0454677	635.1149516	0.003814146	1	35.68642616	-0.003314146	1	3.999699663	20.79843825	1.575710965	2.449703165	635.9061997	636.2120634	0.000736389	0.391079696	54.31672736	-0.000968188	1	3.999699663	635.9061997	636.2120634			0	0	0	0	0.391079696	Subcritical	0.000736389
1316	1314.996	616067.982	3096692.338	631.906	5.2	0	Normal	0.057	1	50.95	2.138967704	11.12263206	1.173529	4.580750286	634.0449677	635.1144516	0.003814146	1	35.68642616	-0.003415747	1	3.998215898	20.79072267	1.575480629	2.450612267	635.9042159	636.2103066	0.000737079	0.391297415	54.29059466	-0.000991724	1	3.998215898	635.9042159	636.2103066			0	0	0	0	0.391297415	Subcritical	0.000737079
1317	1315.996	616067.939	3096691.339	631.9055	5.2	0	Normal	0.057	1	50.95	2.138967704	11.12263206	1.173529	4.580750286	634.0444677	635.1139516	0.003814146	1	35.68642616	-0.003415747	1	3.996702623	20.78285364	1.575245606	2.451540144	635.9022026	636.2085252	0.000737784	0.391519672	54.26395765	-0.000886972	1	3.996702623	635.9022026	636.2085252			0	0	0	0	0.391519672	Subcritical	0.000737784
1318	1316.996	616067.897	3096690.34	631.905	5.2	0	Normal	0	1	50.95	2.138967704	11.12263206	1.173529	4.580750286	634.0439677	635.1134516	0.003814146	1	35.68642616	-0.003314146	1	3.995349231	20.775816	1.575035322	2.452370583	635.9003492	636.2068794	0.000738416	0.391718625	54.24014809	-0.000905827	1	3.995349231	635.9003492	636.2068794			0	0	0	0	0.391718625	Subcritical	0.000738416
1319	1317.995	616067.855	3096689.341	631.9045	5.2	0	Normal	0	0.999	50.95	2.138967704	11.12263206	1.173529	4.580750286	634.0434677	635.1129516	0.003814146	1	35.68642616	-0.003310332	1	3.993972993	20.76865956	1.5748214	2.453215618	635.898473	636.2052144	0.000739059	0.391921109	54.21594938	-0.000925023	1	3.993972993	635.898473	636.2052144			0	0	0	0	0.391921109	Subcritical	0.000739059
1320	1318.995	616067.813	3096688.342	631.904	5.2	0	Normal	0.057	1	50.95	2.138967704	11.12263206	1.173529	4.580750286	634.0429677	635.1124516	0.003814146	1	35.68642616	-0.003415747	1	3.992536584	20.76119024	1.57459803	2.45409822	635.8965366	636.2034988	0.00073973	0.392132632	54.19070641	-0.000945084	1	3.992536584	635.8965366	636.2034988			0	0	0	0	0.392132632	Subcritical	0.00073973
1321	1319.995	616067.77	3096687.343	631.9035	5.2	0	Normal	0.06	1	50.95	2.138967704	11.12263206	1.173529	4.580750286	634.0424677	635.1119516	0.003814146	1	35.68642616	-0.003421094	1	3.991073016	20.75357969	1.574370336	2.454998163	635.894573	636.2017604	0.000740416	0.392348351	54.1650006	-0.000965551	1	3.991073016	635.894573	636.2017604			0	0	0	0	0.392348351	Subcritical	0.000740416
1322	1320.996	616067.728	3096686.343	631.903	5.2	0	Normal	0.002	1.001	50.95	2.138967704	11.12263206	1.173529	4.580750286	634.0419677	635.1114516	0.003814146	1	35.68642616	-0.003321525	1	3.989618517	20.74601629	1.574143953	2.455893184	635.8926185	636.2000299	0.000741098	0.392562928	54.13946848	-0.000985878	1	3.989618517	635.8926185	636.2000299			0	0	0	0	0.392562928	Subcritical	0.000741098
1323	1321.996	616067.686	3096685.344	631.9025	5.2	0	Normal	0	1	50.95	2.138967704	11.12263206	1.173529	4.580750286	634.0414677	635.1109516	0.003814146	1	35.68642616	-0.003314146	1	3.988140508	20.73833064	1.573913809	2.456803341	635.8906405	636.1982798	0.000741792	0.392781175	54.11353842	-0.000879348	1	3.988140508	635.8906405	636.1982798			0	0	0	0	0.392781175	Subcritical	0.000741792
1324	1322.996	616067.644	3096684.345	631.902	5.2	0	Normal	0.057	1	50.95	2.138967704	11.12263206	1.173529	4.580750286	634.0409677	635.1104516	0.003814146	1	35.68642616	-0.003415747	1	3.986754453	20.73112316	1.573697889	2.457657485	635.8887545	636.1966077	0.000742444	0.392986027	54.08923511	-0.000896373	1	3.986754453	635.8887545	636.1966077			0	0	0	0	0.392986027	Subcritical	0.000742444
1325	1323.996	616067.601	3096683.346	631.9015	5.2	0	Normal	0.057	1	50.95	2.138967704	11.12263206	1.173529	4.580750286	634.0404677	635.1099516	0.003814146	1	35.68642616	-0.003415747	1	3.985346773	20.72380322	1.573478507	2.458525564	635.8868468	636.1949175	0.000743106	0.393194258	54.06456599	-0.000913686	1	3.985346773	635.8868468	636.1949175			0	0	0	0	0.393194258	Subcritical	0.000743106
1326	1324.996	616067.559	3096682.347	631.901	5.2	0	Normal	0	1	50.95	2.138967704	11.12263206	1.173529	4.580750286	634.0399677	635.1094516	0.003814146	1	35.68642616	-0.003314146	1	3.983952397	20.71655246	1.573261106	2.459386044	635.8849524	636.1932388	0.000743763	0.393400702	54.04014332	-0.000930859	1	3.983952397	635.8849524	636.1932388			0	0	0	0	0.393400702	Subcritical	0.000743763
1327	1325.996	616067.517	3096681.348	631.9005	5.2	0	Normal	0	1	50.95	2.138967704	11.12263206	1.173529	4.580750286	634.0394677	635.1089516	0.003814146	1	35.68642616	-0.003314146	1	3.98253622	20.70918835	1.573040212	2.460260593	635.8830362	636.1915419	0.000744432	0.393610558	54.01535237	-0.000948326	1	3.98253622	635.8830362	636.1915419			0	0	0	0	0.393610558	Subcritical	0.000744432
1328	1326.995	616067.475	3096680.349	631.9	5.2	0	Normal	0.057	0.999	50.95	2.138967704	11.12263206	1.173529	4.580750286	634.0389677	635.1084516	0.003814146	1	35.68642616	-0.003411933	1	3.981063387	20.70152961	1.57281038	2.46117079	635.8810634	636.1897974	0.000745128	0.393829009	53.98958411	-0.000966513	1	3.981063387	635.8810634	636.1897974			0	0	0	0	0.393829009	Subcritical	0.000745128
1329	1327.995	616067.432	3096679.35	631.8995	5.2	0	Normal	0.057	1	50.95	2.138967704	11.12263206	1.173529	4.580750286	634.0384677	635.1079516	0.003814146	1	35.68642616	-0.003415747	1	3.979566511	20.69374586	1.572576691	2.462096536	635.8790665	636.1880328	0.000745836	0.394051232	53.96341034	-0.000984989	1	3.979566511	635.8790665	636.1880328			0	0	0	0	0.394051232	Subcritical	0.000745836
1330	1328.995	616067.39	3096678.351	631.899	5.2	0	Normal	0.002	1	50.95	2.138967704	11.12263206	1.173529	4.580750286	634.0379677	635.1074516	0.003814146	1	35.68642616	-0.003317711	1	3.978080312	20.68601762	1.572344563	2.463016368	635.8770803	636.1862775	0.000746541	0.394272077	53.93743837	-0.000876954	1	3.978080312	635.8770803	636.1862775			0	0	0	0	0.394272077	Subcritical	0.000746541
1331	1329.996	616067.348	3096677.351	631.8985	5.2	0	Normal	0.002	1.001	50.95	2.138967704	11.12263206	1.173529	4.580750286	634.0374677	635.1069516	0.003814146	1	35.68642616	-0.003321525	1	3.976722401	20.67895649	1.57213238	2.463857402	635.8752224	636.1846308	0.000747185	0.39447404	53.91372145	-0.000891698	1	3.976722401	635.8752224	636.1846308			0	0	0	0	0.39447404	Subcritical	0.000747185
1332	1330.996	616067.306	3096676.352	631.898	5.2	0	Normal	0.057	1	50.95	2.138967704	11.12263206	1.173529	4.580750286	634.0369677	635.1064516	0.003814146	1	35.68642616	-0.003415747	1	3.975312266	20.67162379	1.571911945	2.464731389	635.8733123	636.1829402	0.000747855	0.394683952	53.88910572	-0.000907029	1	3.975312266	635.8733123	636.1829402			0	0	0	0	0.394683952	Subcritical	0.000747855
1333	1331.996	616067.263	3096675.353	631.8975	5.2	0	Normal	0.057	1	50.95	2.138967704	11.12263206	1.173529	4.580750286	634.0364677	635.1059516	0.003814146	1	35.68642616	-0.003415747	1	3.973882475	20.66418887	1.57168834	2.465618192	635.8713825	636.1812333	0.000748535	0.39489698	53.8641607	-0.000922596	1	3.973882475	635.8713825	636.1812333			0	0	0	0	0.39489698	Subcritical	0.000748535
1334	1332.996	616067.221	3096674.354	631.897	5.2	0	Normal	0	1	50.95	2.138967704	11.12263206	1.173529	4.580750286	634.0359677	635.1054516	0.003814146	1	35.68642616	-0.003314146	1	3.972468292	20.65683512	1.571467081	2.466495942	635.8694683	636.1795398	0.000749209	0.395107872	53.8395017	-0.000938015	1	3.972468292	635.8694683	636.1795398			0	0	0	0	0.395107872	Subcritical	0.000749209
1335	1333.996	616067.179	3096673.355	631.8965	5.2	0	Normal	0.057	1	50.95	2.138967704	11.12263206	1.173529	4.580750286	634.0354677	635.1049516	0.003814146	1	35.68642616	-0.003415747	1	3.970998747	20.64919348	1.571237058	2.467408717	635.8674987	636.1777998	0.00074991	0.395327218	53.81389182	-0.000954061	1	3.970998747	635.8674987	636.1777998			0	0	0	0	0.395327218	Subcritical	0.00074991
1336	1334.996	616067.136	3096672.356	631.896	5.2	0	Normal	0.057	1	50.95	2.138967704	11.12263206	1.173529	4.580750286	634.0349677	635.1044516	0.003814146	1	35.68642616	-0.003415747	1	3.969508601	20.64144472	1.571003707	2.468334978	635.8655086	636.1760426	0.000750622	0.395549846	53.78793799	-0.000970356	1	3.969508601	635.8655086	636.1760426			0	0	0	0	0.395549846	Subcritical	0.000750622
1337	1335.996	616067.094	3096671.357	631.8955	5.2	0	Normal	0	1	50.95	2.138967704	11.12263206	1.173529	4.580750286	634.0344677	635.1039516	0.003814146	1	35.68642616	-0.003314146	1	3.968033204	20.63377266	1.57077256	2.469252755	635.8635332	636.1742982	0.000751327	0.395770477	53.76225597	-0.000986484	1	3.968033204	635.8635332	636.1742982			0	0	0	0	0.395770477	Subcritical	0.000751327
1338	1336.995	616067.052	3096670.358	631.895	5.2	0	Normal	0	0.999	50.95	2.138967704	11.12263206	1.173529	4.580750286	634.0339677	635.1034516	0.003814146	1	35.68642616	-0.003310332	1	3.966538025	20.62599773	1.570538208	2.470183536	635.861538	636.1725373	0.000752043	0.395994276	53.73624477	-0.000876917	1	3.966538025	635.861538	636.1725373			0	0	0	0	0.395994276	Subcritical	0.000752043
1339	1337.995	616067.01	3096669.359	631.8945	5.2	0	Normal	0.057	1	50.95	2.138967704	11.12263206	1.173529	4.580750286	634.0334677	635.1029516	0.003814146	1	35.68642616	-0.003415747	1	3.965137444	20.61871471	1.570318587	2.471056063	635.8596374	636.1708565	0.000752715	0.396204106	53.71189313	-0.000890395	1	3.965137444	635.8596374	636.1708565			0	0	0	0	0.396204106	Subcritical	0.000752715
1340	1338.995	616066.967	3096668.36	631.894	5.2	0	Normal	0.06	1	50.95	2.138967704	11.12263206	1.173529	4.580750286	634.0329677	635.1024516	0.003814146	1	35.68642616	-0.003421094	1	3.963717533	20.61133117	1.570095839	2.471941262	635.8577175	636.1691596	0.000753397	0.396417022	53.68721908	-0.000904078	1	3.963717533	635.8577175	636.1691596			0	0	0	0	0.396417022	Subcritical	0.000753397
1341	1339.996	616066.925	3096667.36	631.8935	5.2	0	Normal	0.002	1.001	50.95	2.138967704	11.12263206	1.173529	4.580750286	634.0324677	635.1019516	0.003814146	1	35.68642616	-0.003321525	1	3.962315431	20.60404024	1.56987579	2.472815982	635.8558154	636.167478	0.000754071	0.396627454	53.662868	-0.000917612	1	3.962315431	635.8558154	636.167478			0	0	0	0	0.396627454	Subcritical	0.000754071
1342	1340.996	616066.883	3096666.361	631.893	5.2	0	Normal	0	1	50.95	2.138967704	11.12263206	1.173529	4.580750286	634.0319677	635.1014516	0.003814146	1	35.68642616	-0.003314146	1	3.960897995	20.59666958	1.569653239	2.473700897	635.853898	636.1657836	0.000754754	0.396840377	53.63826429	-0.000931313	1	3.960897995	635.853898	636.1657836			0	0	0	0	0.396840377	Subcritical	0.000754754
1343	1341.996	616066.841	3096665.362	631.8925	5.2	0	Normal	0.057	1	50.95	2.138967704	11.12263206	1.173529	4.580750286	634.0314677	635.1009516	0.003814146	1	35.68642616	-0.003415747	1	3.959426951	20.58902015	1.569422169	2.47461995	635.851927	636.1640444	0.000755463	0.397061555	53.61274457	-0.000945554	1	3.959426951	635.851927	636.1640444			0	0	0	0	0.397061555	Subcritical	0.000755463
1344	1342.996	616066.798	3096664.363	631.892	5.2	0	Normal	0.057	1	50.95	2.138967704	11.12263206	1.173529	4.580750286	634.0309677	635.1004516	0.003814146	1	35.68642616	-0.003415747	1	3.957937438	20.58127468	1.569188092	2.475551238	635.8499374	636.1622898	0.000756182	0.397285718	53.58691954	-0.000959997	1	3.957937438	635.8499374	636.1622898			0	0	0	0	0.397285718	Subcritical	0.000756182
1345	1343.996	616066.756	3096663.364	631.8915	5.2	0	Normal	0	1	50.95	2.138967704	11.12263206	1.173529	4.580750286	634.0304677	635.0999516	0.003814146	1	35.68642616	-0.003314146	1	3.956465141	20.57361873	1.568956617	2.476472451	635.8479651	636.16055	0.000756894	0.397507499	53.5614079	-0.000974295	1	3.956465141	635.8479651	636.16055			0	0	0	0	0.397507499	Subcritical	0.000756894
1346	1344.996	616066.714	3096662.365	631.891	5.2	0	Normal	0	1	50.95	2.138967704	11.12263206	1.173529	4.580750286	634.0299677	635.0994516	0.003814146	1	35.68642616	-0.003314146	1	3.95497432	20.56586646	1.568722123	2.477405953	635.8459743	636.1587949	0.000757615	0.397732279	53.53559041	-0.00098877	1	3.95497432	635.8459743	636.1587949			0	0	0	0	0.397732279	Subcritical	0.000757615
1347	1345.995	616066.672	3096661.366	631.8905	5.2	0	Normal	0.057	0.999	50.95	2.138967704	11.12263206	1.173529	4.580750286	634.0294677	635.0989516	0.003814146	1	35.68642616	-0.003411933	1	3.953429627	20.55783406	1.568479043	2.47837393	635.8439296	636.1569947	0.000758364	0.397965406	53.50885603	-0.000878155	1	3.953429627	635.8439296	636.1569947			0	0	0	0	0.397965406	Subcritical	0.000758364
1348	1346.995	616066.629	3096660.367	631.89	5.2	0	Normal	0.057	1	50.95	2.138967704	11.12263206	1.173529	4.580750286	634.0289677	635.0984516	0.003814146	1	35.68642616	-0.003415747	1	3.952016722	20.55048696	1.568256602	2.479259986	635.8420167	636.1553057	0.00075905	0.398178843	53.48441685	-0.000890242	1	3.952016722	635.8420167	636.1553057			0	0	0	0	0.398178843	Subcritical	0.00075905
1349	1347.995	616066.587	3096659.368	631.8895	5.2	0	Normal	0.002	1	50.95	2.138967704	11.12263206	1.173529	4.580750286	634.0284677	635.0979516	0.003814146	1	35.68642616	-0.003317711	1	3.950622819	20.54323866	1.568037057	2.480134746	635.8401228	636.1536329	0.000759728	0.398389597	53.46031974	-0.000902185	1	3.950622819	635.8401228	636.1536329			0	0	0	0	0.398389597	Subcritical	0.000759728
1350	1348.996	616066.545	3096658.368	631.889	5.2	0	Normal	0.002	1.001	50.95	2.138967704	11.12263206	1.173529	4.580750286	634.0279677	635.0974516	0.003814146	1	35.68642616	-0.003321525	1	3.949212384	20.5359044	1.567814814	2.48102051	635.8382124	636.1519465	0.000760414	0.398603039	53.43595037	-0.00091429	1	3.949212384	635.8382124	636.1519465			0	0	0	0	0.398603039	Subcritical	0.000760414
1351	1349.996	616066.503	3096657.369	631.8885	5.2	0	Normal	0.057	1	50.95	2.138967704	11.12263206	1.173529	4.580750286	634.0274677	635.0969516	0.003814146	1	35.68642616	-0.003415747	1	3.947752145	20.52831115	1.567584623	2.481938218	635.8362521	636.1502184	0.000761126	0.398824219	53.41073488	-0.000926842	1	3.947752145	635.8362521	636.1502184			0	0	0	0	0.398824219	Subcritical	0.000761126
1352	1350.996	616066.46	3096656.37	631.888	5.2	0	Normal	0.057	1	50.95	2.138967704	11.12263206	1.173529	4.580750286	634.0269677	635.0964516	0.003814146	1	35.68642616	-0.003415747	1	3.94627545	20.52063234	1.567351733	2.482866958	635.8342755	636.1484767	0.000761846	0.3990481	53.38525008	-0.000939556	1	3.94627545	635.8342755	636.1484767			0	0	0	0	0.3990481	Subcritical	0.000761846
1353	1351.996	616066.418	3096655.371	631.8875	5.2	0	Normal	0	1	50.95	2.138967704	11.12263206	1.173529	4.580750286	634.0264677	635.0959516	0.003814146	1	35.68642616	-0.003314146	1	3.944818314	20.51305523	1.567121824	2.483784079	635.8323183	636.1467517	0.000762559	0.399269221	53.36011746	-0.000952122	1	3.944818314	635.8323183	636.1467517			0	0	0	0	0.399269221	Subcritical	0.000762559
1354	1352.996	616066.376	3096654.372	631.887	5.2	0	Normal	0	1	50.95	2.138967704	11.12263206	1.173529	4.580750286	634.0259677	635.0954516	0.003814146	1	35.68642616	-0.003314146	1	3.943344722	20.50539256	1.566889215	2.484712246	635.8303447	636.1450132	0.00076328	0.399493047	53.33471585	-0.000964851	1	3.943344722	635.8303447	636.1450132			0	0	0	0	0.399493047	Subcritical	0.00076328
1355	1353.996	616066.334	3096653.373	631.8865	5.2	0	Normal	0.057	1	50.95	2.138967704	11.12263206	1.173529	4.580750286	634.0254677	635.0949516	0.003814146	1	35.68642616	-0.003415747	1	3.941818149	20.49745437	1.566648133	2.485674517	635.8283181	636.1432304	0.000764028	0.399725141	53.30841665	-0.00097806	1	3.941818149	635.8283181	636.1432304			0	0	0	0	0.399725141	Subcritical	0.000764028
1356	1354.996	616066.291	3096652.374	631.886	5.2	0	Normal	0.057	1	50.95	2.138967704	11.12263206	1.173529	4.580750286	634.0249677	635.0944516	0.003814146	1	35.68642616	-0.003415747	1	3.940274226	20.48942597	1.566404195	2.486648482	635.8262742	636.1414333	0.000764785	0.399960101	53.28183482	-0.000991419	1	3.940274226	635.8262742	636.1414333			0	0	0	0	0.399960101	Subcritical	0.000764785
1357	1355.995	616066.249	3096651.375	631.8855	5.2	0	Normal	0	0.999	50.95	2.138967704	11.12263206	1.173529	4.580750286	634.0244677	635.0939516	0.003814146	1	35.68642616	-0.003310332	1	3.938750056	20.48150029	1.566163266	2.487610735	635.8242501	636.1396531	0.000765534	0.400192281	53.25560914	-0.000879317	1	3.938750056	635.8242501	636.1396531			0	0	0	0	0.400192281	Subcritical	0.000765534
1358	1356.995	616066.207	3096650.376	631.885	5.2	0	Normal	0.002	1	50.95	2.138967704	11.12263206	1.173529	4.580750286	634.0239677	635.0934516	0.003814146	1	35.68642616	-0.003317711	1	3.937358538	20.4742644	1.565943208	2.488489892	635.8223585	636.1379845	0.000766219	0.40040445	53.23167985	-0.000889934	1	3.937358538	635.8223585	636.1379845			0	0	0	0	0.40040445	Subcritical	0.000766219
1359	1357.996	616066.165	3096649.376	631.8845	5.2	0	Normal	0.06	1.001	50.95	2.138967704	11.12263206	1.173529	4.580750286	634.0234677	635.0929516	0.003814146	1	35.68642616	-0.003424909	1	3.935914951	20.46675775	1.565714816	2.489402603	635.820415	636.1362725	0.00076693	0.400624756	53.20686921	-0.000900969	1	3.935914951	635.820415	636.1362725			0	0	0	0	0.400624756	Subcritical	0.00076693
1360	1358.996	616066.122	3096648.377	631.884	5.2	0	Normal	0.057	1	50.95	2.138967704	11.12263206	1.173529	4.580750286	634.0229677	635.0924516	0.003814146	1	35.68642616	-0.003415747	1	3.934459574	20.45918979	1.565484456	2.490323446	635.8184596	636.1345509	0.000767648	0.400847067	53.18187044	-0.000912112	1	3.934459574	635.8184596	636.1345509			0	0	0	0	0.400847067	Subcritical	0.000767648
1361	1359.996	616066.08	3096647.378	631.8835	5.2	0	Normal	0	1	50.95	2.138967704	11.12263206	1.173529	4.580750286	634.0224677	635.0919516	0.003814146	1	35.68642616	-0.003314146	1	3.933025929	20.45173483	1.565257436	2.491231204	635.8165259	636.1328477	0.000768357	0.401066259	53.15725918	-0.000923108	1	3.933025929	635.8165259	636.1328477			0	0	0	0	0.401066259	Subcritical	0.000768357
1362	1360.996	616066.038	3096646.379	631.883	5.2	0	Normal	0.057	1	50.95	2.138967704	11.12263206	1.173529	4.580750286	634.0219677	635.0914516	0.003814146	1	35.68642616	-0.003415747	1	3.931541162	20.44401404	1.565022216	2.492172031	635.8145412	636.1311019	0.000769091	0.401293477	53.13178519	-0.000934514	1	3.931541162	635.8145412	636.1311019			0	0	0	0	0.401293477	Subcritical	0.000769091
1363	1361.996	616065.995	3096645.38	631.8825	5.2	0	Normal	0.057	1	50.95	2.138967704	11.12263206	1.173529	4.580750286	634.0214677	635.0909516	0.003814146	1	35.68642616	-0.003415747	1	3.93004124	20.43621445	1.564784486	2.493123183	635.8125412	636.1293436	0.000769834	0.401523233	53.10606659	-0.000946058	1	3.93004124	635.8125412	636.1293436			0	0	0	0	0.401523233	Subcritical	0.000769834
1364	1362.996	616065.953	3096644.381	631.882	5.2	0	Normal	0	1	50.95	2.138967704	11.12263206	1.173529	4.580750286	634.0209677	635.0904516	0.003814146	1	35.68642616	-0.003314146	1	3.928562607	20.42852556	1.564550023	2.494061544	635.8105626	636.1276035	0.000770568	0.401749942	53.08072817	-0.000957458	1	3.928562607	635.8105626	636.1276035			0	0	0	0	0.401749942	Subcritical	0.000770568
1365	1363.996	616065.911	3096643.382	631.8815	5.2	0	Normal	0	1	50.95	2.138967704	11.12263206	1.173529	4.580750286	634.0204677	635.0899516	0.003814146	1	35.68642616	-0.003314146	1	3.927068853	20.42075804	1.564313055	2.49501022	635.8085689	636.125851	0.00077131	0.401979187	53.0551459	-0.000968996	1	3.927068853	635.8085689	636.125851			0	0	0	0	0.401979187	Subcritical	0.00077131
1366	1364.995	616065.869	3096642.383	631.881	5.2	0	Normal	0.057	0.999	50.95	2.138967704	11.12263206	1.173529	4.580750286	634.0199677	635.0894516	0.003814146	1	35.68642616	-0.003411933	1	3.92552402	20.4127249	1.56406787	2.495992095	635.806524	636.124056	0.000772079	0.4022165	53.02870498	-0.000980947	1	3.92552402	635.806524	636.124056			0	0	0	0	0.4022165	Subcritical	0.000772079
1367	1365.995	616065.826	3096641.384	631.8805	5.2	0	Normal	0.057	1	50.95	2.138967704	11.12263206	1.173529	4.580750286	634.0194677	635.0889516	0.003814146	1	35.68642616	-0.003415747	1	3.92396234	20.40460417	1.563819892	2.496985464	635.8044623	636.1222471	0.000772857	0.402456638	53.00199241	-0.00099303	1	3.92396234	635.8044623	636.1222471			0	0	0	0	0.402456638	Subcritical	0.000772857
1368	1366.995	616065.784	3096640.385	631.88	5.2	0	Normal	0.002	1	50.95	2.138967704	11.12263206	1.173529	4.580750286	634.0189677	635.0884516	0.003814146	1	35.68642616	-0.003317711	1	3.92242006	20.39658431	1.563574879	2.497967268	635.8024201	636.1204547	0.000773626	0.402694028	52.97562817	-0.00088008	1	3.92242006	635.8024201	636.1204547			0	0	0	0	0.402694028	Subcritical	0.000773626
1369	1367.996	616065.742	3096639.385	631.8795	5.2	0	Normal	0.002	1.001	50.95	2.138967704	11.12263206	1.173529	4.580750286	634.0184677	635.0879516	0.003814146	1	35.68642616	-0.003321525	1	3.921013052	20.38926787	1.563351254	2.498863634	635.8005131	636.118776	0.000774329	0.4029108	52.95159059	-0.000889694	1	3.921013052	635.8005131	636.118776			0	0	0	0	0.4029108	Subcritical	0.000774329
1370	1368.996	616065.7	3096638.386	631.879	5.2	0	Normal	0.515	1	50.95	2.138967704	11.12263206	1.173529	4.580750286	634.0179677	635.0874516	0.003814146	1	35.68642616	-0.00423212	1	3.919262335	20.38016414	1.563072867	2.499979865	635.7982623	636.1168097	0.000775205	0.403180798	52.92170007	-0.000901678	1	3.919262335	635.7982623	636.1168097			0	0	0	0	0.403180798	Subcritical	0.000775205
1371	1369.996	616065.667	3096637.387	631.8785	5.199	0	Normal	2.236	1	50.95	2.139241975	11.12191903	1.173509666	4.581043961	634.017742	635.087363	0.003814719	1	35.68871404	-0.007725673	1	3.916214394	20.36039863	1.562407236	2.502406801	635.7947144	636.1138805	0.000777152	0.403729216	52.86454304	-0.000922924	1	3.916214394	635.7947144	636.1138805			0	0	0	0	0.403729216	Subcritical	0.000777152
1372	1370.996	616065.673	3096636.387	631.878	5.199	0	Normal	0.057	1	50.95	2.139241975	11.12191903	1.173509666	4.581043961	634.017242	635.086863	0.003814719	1	35.68871404	-0.003416333	1	3.914714518	20.35260078	1.562168449	2.503365567	635.7927145	636.1121253	0.000777906	0.403961264	52.83899036	-0.000933254	1	3.914714518	635.7927145	636.1121253			0	0	0	0	0.403961264	Subcritical	0.000777906
1373	1371.996	616065.68	3096635.387	631.8778	5.199	0	Normal	0.057	1	50.95	2.139241975	11.12191903	1.173509666	4.581043961	634.017042	635.086663	0.003814719	1	35.68871404	-0.003716333	1	3.912834864	20.34282846	1.561869044	2.504568138	635.7906349	636.1103526	0.000778853	0.404252382	52.80698946	-0.000946227	1	3.912834864	635.7906349	636.1103526			0	0	0	0	0.404252382	Subcritical	0.000778853
1374	1372.996	616065.686	3096634.387	631.8776	5.199	0	Normal	0	1	50.95	2.139241975	11.12191903	1.173509666	4.581043961	634.016842	635.086463	0.003814719	1	35.68871404	-0.003614719	1	3.910974688	20.3331574	1.561572572	2.505759386	635.7885747	636.1085966	0.000779791	0.404540828	52.77534417	-0.000959095	1	3.910974688	635.7885747	636.1085966			0	0	0	0	0.404540828	Subcritical	0.000779791
1375	1373.996	616065.692	3096633.387	631.8774	5.199	0	Normal	0	1	50.95	2.139241975	11.12191903	1.173509666	4.581043961	634.016642	635.086263	0.003814719	1	35.68871404	-0.003614719	1	3.90909708	20.32339572	1.561273149	2.506962946	635.7864971	636.1068265	0.00078074	0.404832326	52.74342653	-0.000972113	1	3.90909708	635.7864971	636.1068265			0	0	0	0	0.404832326	Subcritical	0.00078074
1376	1374.996	616065.698	3096632.387	631.8772	5.2	0	Normal	0.057	1	50.95	2.138967704	11.12263206	1.173529	4.580750286	634.0161677	635.0856516	0.003814146	1	35.68642616	-0.003345781	1	3.907330481	20.3181185	1.561171556	2.507614078	635.7845305	636.1050263	0.000781214	0.405029003	52.71854675	-0.000984044	1	3.907330481	635.7845305	636.1050263			0	0	0	0	0.405029003	Subcritical	0.000781214
1377	1375.996	616065.705	3096631.387	631.877	5.2	0	Normal	0.057	1	50.95	2.138967704	11.12263206	1.173529	4.580750286	634.0159677	635.0854516	0.003814146	1	35.68642616	-0.003715747	1	3.905382463	20.30798881	1.560860482	2.508864885	635.7823825	636.1031981	0.000782201	0.405332086	52.68547284	-0.000997589	1	3.905382463	635.7823825	636.1031981			0	0	0	0	0.405332086	Subcritical	0.000782201
1378	1376.996	616065.711	3096630.387	631.8768	5.2	0	Normal	0	1	50.95	2.138967704	11.12263206	1.173529	4.580750286	634.0157677	635.0852516	0.003814146	1	35.68642616	-0.003614146	1	3.903453275	20.29795703	1.560552231	2.510104831	635.7802533	636.1013861	0.00078318	0.405632611	52.65274448	-0.000885876	1	3.903453275	635.7802533	636.1013861			0	0	0	0	0.405632611	Subcritical	0.00078318
1379	1377.996	616065.717	3096629.387	631.8766	5.2	0	Normal	0	1	50.95	2.138967704	11.12263206	1.173529	4.580750286	634.0155677	635.0850516	0.003814146	1	35.68642616	-0.003614146	1	3.901658743	20.28862546	1.560265331	2.511259331	635.7782587	636.0996871	0.000784093	0.405912494	52.62232362	-0.000896912	1	3.901658743	635.7782587	636.0996871			0	0	0	0	0.405912494	Subcritical	0.000784093
1380	1378.996	616065.723	3096628.387	631.8764	5.2	0	Normal	0.057	1	50.95	2.138967704	11.12263206	1.173529	4.580750286	634.0153677	635.0848516	0.003814146	1	35.68642616	-0.003715747	1	3.899811704	20.27902086	1.559969872	2.512448719	635.7762117	636.0979446	0.000785034	0.406200902	52.59103592	-0.000908298	1	3.899811704	635.7762117	636.0979446			0	0	0	0	0.406200902	Subcritical	0.000785034
1381	1379.996	616065.73	3096627.387	631.8762	5.2	0	Normal	0.401	1	50.95	2.138967704	11.12263206	1.173529	4.580750286	634.0151677	635.0846516	0.003814146	1	35.68642616	-0.004328918	1	3.897723221	20.26816075	1.559635588	2.513794943	635.7739232	636.0960009	0.0007861	0.406527422	52.55568672	-0.000921205	1	3.897723221	635.7739232	636.0960009			0	0	0	0	0.406527422	Subcritical	0.0007861
1382	1380.996	616065.73	3096626.387	631.876	5.2	0	Normal	0	1	50.95	2.138967704	11.12263206	1.173529	4.580750286	634.0149677	635.0844516	0.003814146	1	35.68642616	-0.003614146	1	3.895880153	20.2585768	1.559340406	2.514984173	635.7718802	636.0942627	0.000787043	0.406815937	52.52451643	-0.000932618	1	3.895880153	635.7718802	636.0942627			0	0	0	0	0.406815937	Subcritical	0.000787043
1383	1381.996	616065.73	3096625.387	631.8758	5.2	0	Normal	0	1	50.95	2.138967704	11.12263206	1.173529	4.580750286	634.0147677	635.0842516	0.003814146	1	35.68642616	-0.003614146	1	3.894021386	20.24891121	1.559042541	2.516184672	635.7698214	636.0925118	0.000787995	0.407107255	52.49310445	-0.000884215	1	3.894021386	635.7698214	636.0925118			0	0	0	0	0.407107255	Subcritical	0.000787995
1384	1382.996	616065.73	3096624.387	631.8756	7.42	0	Normal	0	1	50.95	1.092227539	8.10432834	0.843809282	6.286764043	632.9678275	634.9822721	0.011152642	1.920596334	37.07732546	0	1	4.014298968	29.78609834	1.928077775	1.710529503	635.889899	636.039028	0.000274333	0.272578256	68.66909465	-0.000858572	1	4.014298968	635.889899	636.039028			0	0	0	0	0.272578256	Subcritical	0.000274333
1385	1383.996	616065.73	3096623.387	631.8754	9.847	0	Normal	0	1	50.95	0.771355512	7.595537726	0.666877124	6.707885845	632.6467555	634.940116	0.017376385	2.43850621	37.76804196	0	1	4.059880693	39.97764518	2.225089115	1.274462259	635.9352807	636.0180663	0.000125808	0.201946272	87.77138396	-0.000935935	1	4.059880693	635.9352807	636.0180663			0	0	0	0	0.201946272	Subcritical	0.000125808
1386	1384.996	616065.73	3096622.387	631.8752	10.1	0	Normal	0	1	50.95	0.751698365	7.592153486	0.654304396	6.710875918	632.6268984	634.9223038	0.01783889	2.471285394	37.70764617	0	1	4.061945915	41.02565374	2.251201561	1.241905865	635.9371459	636.015756	0.000117618	0.196737481	89.77205487	-0.000946444	1	4.061945915	635.9371459	636.015756			0	0	0	0	0.196737481	Subcritical	0.000117618
1387	1385.515	616065.73	3096621.868	631.875	10.206	0	Junction	0	0.519	50.95	0.744280634	7.596128153	0.649543662	6.707364459	632.6192806	634.9122846	0.017994586	2.482270135	37.66272964	0	1	4.062285346	41.45968425	2.261778149	1.22890468	635.9372853	636.0142582	0.000114451	0.194669755	90.59307145	0	1	4.062285346	635.9372853	636.0142582			0	0	0	0	0.194669755	Subcritical	0.000114451
																																												
																																												
Segment: UsExit				17.255	m length		0.05	m3/s		Mixed	profile																																	
SN	Dist	Easting	Northing	Bed Z	Width	Side z	Type	Def Ang	dx	Q_used	y_super	A_super	R_super	v_super	WS_super	EG_super	Sf_super	Fr_super	M_super	Err_super	Done_super	y_sub	A_sub	R_sub	v_sub	WS_sub	EG_sub	Sf_sub	Fr_sub	M_sub	Err_sub	Done_sub	y_final	WS_final	EG_final	Crest_L	Crest_R	Spill_L	Spill_R	Spill_Q	Cum_spill	Fr_final	Regime	Sf_final
-	m	m	m	m	m	-	-	deg	m	m3/s	m	m2	m	m/s	m	m	-	-	m3	m	-	m	m2	m	m/s	m	m	-	-	m3	m	-	m	m	m	m	m	m3/s	m3/s	m3/s	m3/s	-	-	-
1	0	616556.013	3097760.448	634.298	6.558	0	Junction	0	0	0.05	1.787551858	11.72276509	1.156878032	0.004265205	636.0855519	636.0855528	3.37038E-09	0.001018535	10.47754699	0	1	1.850234664	12.13383893	1.182811835	0.004120707	636.1482347	636.1482355	3.05425E-09	0.000967217	11.2252457	-0.00093104	1	1.850234664	636.1482347	636.1482355			0	0	0	0	0.000967217	Subcritical	3.05425E-09
2	1	616555.543	3097759.565	634.296	7.191	0	Junction	0.027	1	0.05	0.017017567	0.122373326	0.016937402	0.408585774	634.3130176	634.3215264	0.008635482	1	0.003123744	1.758857523	1	1.851303724	13.31272508	1.222067634	0.003755805	636.1473037	636.1473044	2.42919E-09	0.000881312	12.3229679	-0.000880111	1	1.851303724	636.1473037	636.1473044			0	0	0	0	0.000881312	Subcritical	2.42919E-09
3	2	616555.073	3097758.683	634.294	7.927	0	Junction	0.027	1	0.05	0.0159472	0.126413451	0.015883293	0.395527531	634.3099472	634.3179208	0.008816209	1	0.003023911	-0.005281232	1	1.8524237	14.68416267	1.262410189	0.003405029	636.1464237	636.1464243	1.91201E-09	0.00079876	13.60066283	-0.000980638	1	1.8524237	636.1464237	636.1464243			0	0	0	0	0.00079876	Subcritical	1.91201E-09
4	3	616554.603	3097757.8	634.292	8.664	0	Junction	0	1	0.05	0.015029506	0.13021564	0.014977543	0.383978454	634.3070295	634.3145443	0.008985498	1	0.002935615	-0.005661967	1	1.853443128	16.05823126	1.298066357	0.003113668	636.1454431	636.1454436	1.54051E-09	0.000730211	14.88152506	-0.000922742	1	1.853443128	636.1454431	636.1454436			0	0	0	0	0.000730211	Subcritical	1.54051E-09
5	4	616554.133	3097756.917	634.29	9.401	0	Junction	0	1	0.05	0.014233366	0.133807878	0.014190397	0.373670075	634.3042334	634.31135	0.009144636	1	0.002856805	-0.005990279	1	1.854520437	17.43434663	1.329846855	0.002867902	636.1445204	636.1445209	1.26544E-09	0.000672379	16.16619068	-0.000861823	1	1.854520437	636.1445204	636.1445209			0	0	0	0	0.000672379	Subcritical	1.26544E-09
6	5.001	616553.663	3097756.034	634.288	10.138	0	Junction	0.027	1.001	0.05	0.013534913	0.13721695	0.013498869	0.364386469	634.3015349	634.3083024	0.00929488	1	0.002785829	-0.006286386	1	1.855658655	18.81266744	1.358382296	0.002657784	636.1436587	636.143659	1.05647E-09	0.000622925	17.45495813	-0.00094733	1	1.855658655	636.1436587	636.143659			0	0	0	0	0.000622925	Subcritical	1.05647E-09
7	6	616553.193	3097755.152	634.286	10.874	0	Junction	0.027	0.999	0.05	0.012917073	0.140460252	0.012886458	0.355972592	634.2989171	634.3053756	0.009437079	1	0.002721503	-0.006522834	1	1.856711357	20.1898793	1.384060755	0.002476488	636.1427114	636.1427117	8.9464E-10	0.000580269	18.74340172	-0.000876575	1	1.856711357	636.1427114	636.1427117			0	0	0	0	0.000580269	Subcritical	8.9464E-10
8	7	616552.723	3097754.269	634.284	11.611	0	Junction	0	1	0.05	0.01236452	0.143564438	0.012338242	0.348275664	634.2963645	634.3025468	0.009572479	1	0.002662658	-0.006758832	1	1.857834809	21.57131996	1.407436873	0.002317892	636.1418348	636.1418351	7.66415E-10	0.000542944	20.03798636	-0.000953354	1	1.857834809	636.1418348	636.1418351			0	0	0	0	0.000542944	Subcritical	7.66415E-10
9	8.001	616552.253	3097753.386	634.282	12.348	0	Junction	0.027	1.001	0.05	0.0118675	0.146539894	0.011844733	0.341204013	634.2938675	634.2998013	0.009701609	1	0.002608593	-0.006975983	1	1.858881476	22.95346846	1.428719478	0.00217832	636.1408815	636.1408817	6.63483E-10	0.000510107	21.33389977	-0.000869555	1	1.858881476	636.1408815	636.1408817			0	0	0	0	0.000510107	Subcritical	6.63483E-10
10	9	616551.783	3097752.504	634.28	6.224	0	Normal	0.027	0.999	0.05	0.018737455	0.116621922	0.018625312	0.428735859	634.2987375	634.3081062	0.008377043	1	0.003277797	-0.017679138	1	1.860011139	11.57670933	1.164187791	0.004319017	636.1400111	636.1400121	3.42706E-09	0.001011096	10.76642616	-0.000929747	1	1.860011139	636.1400111	636.1400121			0	0	0	0	0.001011096	Subcritical	3.42706E-09
11	10	616551.313	3097751.621	634.278	6.224	0	Normal	0	1	0.05	0.018737455	0.116621922	0.018625312	0.428735859	634.2967375	634.3061062	0.008377043	1	0.003277797	-0.006377043	1	1.861081389	11.58337056	1.164606977	0.004316533	636.1390814	636.1390823	3.42148E-09	0.001010224	10.77881969	-0.000989613	1	1.861081389	636.1390814	636.1390823			0	0	0	0	0.001010224	Subcritical	3.42148E-09
12	11.001	616550.843	3097750.738	634.276	5.995	0	Normal	0.027	1.001	0.05	0.01921163	0.115173721	0.019089282	0.434126811	634.2952116	634.3048174	0.008311823	1	0.003319012	-0.00708818	1	1.862091691	11.16323969	1.148577946	0.004478987	636.1380917	636.1380927	3.75256E-09	0.00104796	10.39351077	-0.000873965	1	1.862091691	636.1380917	636.1380927			0	0	0	0	0.00104796	Subcritical	3.75256E-09
13	12	616550.373	3097749.856	634.274	5.995	0	Normal	0.027	0.999	0.05	0.01921163	0.115173721	0.019089282	0.434126811	634.2932116	634.3028174	0.008311823	1	0.003319012	-0.006303943	1	1.863217723	11.16999025	1.149006267	0.00447628	636.1372177	636.1372187	3.74617E-09	0.00104701	10.40608472	-0.00089454	1	1.863217723	636.1372177	636.1372187			0	0	0	0	0.00104701	Subcritical	3.74617E-09
14	13	616549.903	3097748.973	634.272	5.995	0	Normal	0	1	0.05	0.01921163	0.115173721	0.019089282	0.434126811	634.2912116	634.3008174	0.008311823	1	0.003319012	-0.006311823	1	1.86432318	11.17661746	1.149426568	0.004473625	636.1363232	636.1363242	3.7399E-09	0.001046079	10.41843631	-0.000895096	1	1.86432318	636.1363232	636.1363242			0	0	0	0	0.001046079	Subcritical	3.7399E-09
15	14.001	616549.433	3097748.09	634.27	5.994	0	Normal	0.027	1.001	0.05	0.019213766	0.115167316	0.019091372	0.434150952	634.2892138	634.2988206	0.008311534	1	0.003319197	-0.006323734	1	1.86542808	11.18137591	1.149772884	0.004471722	636.1354281	636.1354291	3.73522E-09	0.001045324	10.42904909	-0.000863301	1	1.86542808	636.1354281	636.1354291			0	0	0	0	0.001045324	Subcritical	3.73522E-09
16	15	616548.963	3097747.208	634.268	5.994	0	Normal	0.027	0.999	0.05	0.019213766	0.115167316	0.019091372	0.434150952	634.2872138	634.2968206	0.008311534	1	0.003319197	-0.006303655	1	1.866564776	11.18818927	1.150204612	0.004468998	636.1345648	636.1345658	3.7288E-09	0.001044369	10.44176278	-0.000952596	1	1.866564776	636.1345648	636.1345658			0	0	0	0	0.001044369	Subcritical	3.7288E-09
17	16	616548.493	3097746.325	634.266	5.994	0	Normal	0	1	0.05	0.019213766	0.115167316	0.019091372	0.434150952	634.2852138	634.2948206	0.008311534	1	0.003319197	-0.006311534	1	1.867612178	11.19446739	1.150602246	0.004466492	636.1336122	636.1336132	3.72291E-09	0.001043491	10.45348458	-0.000995822	1	1.867612178	636.1336122	636.1336132			0	0	0	0	0.001043491	Subcritical	3.72291E-09
18	17.001	616548.023	3097745.442	634.264	5.994	0	Normal	0.151	1.001	0.05	0.019213766	0.115167316	0.019091372	0.434150952	634.2832138	634.2928206	0.008311534	1	0.003319197	-0.006322263	1	1.868616352	11.20048642	1.150983309	0.004464092	636.1326164	636.1326174	3.71726E-09	0.00104265	10.46472879	-0.00092238	1	1.868616352	636.1326164	636.1326174			0	0	0	0	0.00104265	Subcritical	3.71726E-09
19	17.255	616547.904	3097745.217	634.262	5.994	0	Normal	0	0.254	0.05	0.019213766	0.115167316	0.019091372	0.434150952	634.2812138	634.2908206	0.008311534	1	0.003319197	-0.00011113	1	1.869693972	11.20694567	1.151392068	0.004461519	636.131694	636.131695	3.71122E-09	0.001041749	10.47680212	0	1	1.869693972	636.131694	636.131695			0	0	0	0	0.001041749	Subcritical	3.71122E-09
																																												
																																												
Segment: forebay				38	m length		1.019	m3/s		Mixed	profile																																	
SN	Dist	Easting	Northing	Bed Z	Width	Side z	Type	Def Ang	dx	Q_used	y_super	A_super	R_super	v_super	WS_super	EG_super	Sf_super	Fr_super	M_super	Err_super	Done_super	y_sub	A_sub	R_sub	v_sub	WS_sub	EG_sub	Sf_sub	Fr_sub	M_sub	Err_sub	Done_sub	y_final	WS_final	EG_final	Crest_L	Crest_R	Spill_L	Spill_R	Spill_Q	Cum_spill	Fr_final	Regime	Sf_final
-	m	m	m	m	m	-	-	deg	m	m3/s	m	m2	m	m/s	m	m	-	-	m3	m	-	m	m2	m	m/s	m	m	-	-	m3	m	-	m	m	m	m	m	m3/s	m3/s	m3/s	m3/s	-	-	-
1	0	616065.73	3096621.868	631.875	10.206	0	Junction	0	0	1.019	4.062285346	41.45968425	2.261778149	0.024578094	635.9372853	635.9373161	4.57803E-08	0.003893395	84.21308691	0	1	2.768437754	28.25467572	1.794759522	0.036064827	634.6434378	634.643504	1.34176E-07	0.006920412	39.11440169	-0.000935397	1	4.062285346	635.9372853	635.9373161			0	0	0	0	0.003893395	Subcritical	4.57803E-08
2	1	616065.73	3096620.868	631.6522	12.126	0	Junction	0	1	1.019	0.089622023	1.086756655	0.088316546	0.937652414	631.741822	631.786633	0.005029716	1	0.146095995	4.143690197	1	2.990320484	36.26062619	2.002614745	0.028102107	634.6425205	634.6425607	7.03932E-08	0.005188544	54.21836571	-0.00091426	1	2.990320484	634.6425205	634.6425607			0	0	0	0	0.005188544	Subcritical	7.03932E-08
3	2	616065.73	3096619.868	631.4293	13.644	0	Junction	0	1	1.019	0.079674717	1.087081838	0.078754931	0.93737193	631.5089747	631.5537589	0.005856472	1.060271715	0.140674664	0.227422976	0	3.212315059	43.82882666	2.183947106	0.023249539	634.6416151	634.6416426	4.29228E-08	0.004141625	70.39841496	-0.000893163	1	3.212315059	634.6416151	634.6416426			0	0	0	0	0.004141625	Subcritical	4.29228E-08
4	3	616065.73	3096618.868	631.2065	15	0	Junction	0	1	1.019	0.079674717	1.195120754	0.078837206	0.852633507	631.2861747	631.3232279	0.004838741	0.964423152	0.136176564	0.222864094	0	3.434227185	51.51340777	2.355603505	0.019781258	634.6407272	634.6407471	2.80902E-08	0.003408042	88.45642742	-0.000872093	1	3.434227185	634.6407272	634.6407471			0	0	0	0	0.003408042	Subcritical	2.80902E-08
5	4	616065.73	3096617.868	630.9836	17	0	Junction	0	1	1.019	0.079674717	1.354470188	0.078934822	0.752323683	631.0632747	631.0921224	0.003760975	0.850961605	0.132105082	0.22434403	0	3.65625944	62.15641048	2.556559885	0.016394126	634.6398594	634.6398731	1.72989E-08	0.002737381	113.6316842	-0.000851021	1	3.65625944	634.6398594	634.6398731			0	0	0	0	0.002737381	Subcritical	1.72989E-08
6	5	616065.73	3096616.868	630.7608	19	0	Junction	0	1	1.019	0.079674717	1.513819621	0.079012058	0.673131716	630.8404747	630.8635688	0.00300694	0.761386699	0.130227188	0.223443526	0	3.878211171	73.68601226	2.75395609	0.013828948	634.6390112	634.6390209	1.11468E-08	0.002242017	142.8863944	-0.000976455	1	3.878211171	634.6390112	634.6390209			0	0	0	0	0.002242017	Subcritical	1.11468E-08
7	6	616065.73	3096615.868	630.5379	11.881	0	Normal	0	1	1.019	0.079674717	0.946615312	0.078620252	1.076466847	630.6175747	630.6766359	0.007741134	1.217603508	0.149527138	0.177962149	0	4.100120885	48.71353623	2.425822904	0.02091821	634.6380209	634.6380432	3.02055E-08	0.003298312	99.86786649	-0.000951718	1	4.100120885	634.6380209	634.6380432			0	0	0	0	0.003298312	Subcritical	3.02055E-08
8	7	616065.73	3096614.868	630.3151	12	0	Normal	0	1	1.019	0.079674717	0.956096603	0.078630572	1.065791884	630.3947747	630.4526704	0.007587035	1.20552894	0.148796001	0.215951816	0	4.321970978	51.86365173	2.512294011	0.019647672	634.637071	634.6370907	2.54318E-08	0.003017419	112.0786397	-0.000926944	1	4.321970978	634.637071	634.6370907	635.5		0	0	0	0	0.003017419	Subcritical	2.54318E-08
9	8	616065.73	3096613.868	630.0922	12.197	0	Normal	0	1	1.019	0.079674717	0.971792522	0.078647219	1.048577733	630.1718747	630.2279153	0.007341858	1.186057824	0.147633189	0.216734124	0	4.543945723	55.42250598	2.603842548	0.018386033	634.6361457	634.636163	2.12327E-08	0.002753829	125.9203393	-0.000904244	1	4.543945723	634.6361457	634.636163	635.5		0	0	0	0	0.002753829	Subcritical	2.12327E-08
10	9	616065.73	3096612.868	629.8694	12.81	0	Normal	0	1	1.019	0.079674717	1.020633124	0.078695784	0.998399892	629.9490747	629.9998801	0.00665053	1.129301115	0.144366717	0.219468385	0	4.76584358	61.05045627	2.732580392	0.016691112	634.6352436	634.6352578	1.6408E-08	0.002441074	145.4801963	-0.000879047	1	4.76584358	634.6352436	634.6352578	635.5		0	0	0	0	0.002441074	Subcritical	1.6408E-08
11	10	616065.73	3096611.868	629.6465	13.422	0	Normal	0	1	1.019	0.079674717	1.06939405	0.078739897	0.95287607	629.7261747	629.7724526	0.006053347	1.077808619	0.1415805	0.219717311	0	4.987866192	66.94714003	2.861266166	0.015220964	634.6343662	634.634378	1.28328E-08	0.002175957	166.9632693	-0.000853946	1	4.987866192	634.6343662	634.634378	635.5		0	0	0	0	0.002175957	Subcritical	1.28328E-08
12	11	616065.73	3096610.868	629.4237	14.035	0	Normal	0	1	1.019	0.079674717	1.118234652	0.078780268	0.911257756	629.5033747	629.5456984	0.005532334	1.030733686	0.139203137	0.219775125	0	5.209813572	73.11973348	2.990016288	0.013936046	634.6335136	634.6335235	1.01445E-08	0.001949369	190.4715375	-0.00097504	1	5.209813572	634.6335136	634.6335235	635.5		0	0	0	0	0.001949369	Subcritical	1.01445E-08
13	12	616065.73	3096609.868	629.2008	14.647	0	Normal	0	1	1.019	0.079674717	1.166995579	0.078817239	0.8731824	629.2804747	629.3193354	0.005076498	0.987666231	0.137190619	0.220019653	0	5.431739598	79.5586899	3.118667011	0.012808155	634.6325396	634.632548	8.10084E-09	0.001754618	216.0723736	-0.000945541	1	5.431739598	634.6325396	634.632548	635.5		0	0	0	0	0.001754618	Subcritical	8.10084E-09
14	13	616065.73	3096608.868	628.978	15	0	Normal	0	1	1.019	0.079674717	1.195120754	0.078837206	0.852633507	629.0576747	629.0947279	0.004838741	0.964423152	0.136176564	0.219107647	0	5.653594752	84.80392128	3.223602478	0.012015954	634.6315948	634.6316021	6.82198E-09	0.001613472	239.7247503	-0.00091572	1	5.653594752	634.6315948	634.6316021	635.5		0	0	0	0	0.001613472	Subcritical	6.82198E-09
15	14	616065.73	3096607.868	628.978	15	0	Normal	0	1	1.019	0.079674717	1.195120754	0.078837206	0.852633507	629.0576747	629.0947279	0.004838741	0.964423152	0.136176564	-0.004838741	0	5.652679022	84.79018534	3.223304742	0.0120179	634.630679	634.6306864	6.82503E-09	0.001613864	239.6470993	-0.00091584	1	5.652679022	634.630679	634.6306864	635.5		0	0	0	0	0.001613864	Subcritical	6.82503E-09
16	15	616065.73	3096606.868	628.978	15	0	Normal	0	1	1.019	0.079674717	1.195120754	0.078837206	0.852633507	629.0576747	629.0947279	0.004838741	0.964423152	0.136176564	-0.004838741	0	5.651763173	84.77644759	3.223006926	0.012019848	634.6297632	634.6297705	6.82808E-09	0.001614256	239.5694507	-0.000915961	1	5.651763173	634.6297632	634.6297705	635.5		0	0	0	0	0.001614256	Subcritical	6.82808E-09
17	16	616065.73	3096605.868	628.978	15	0	Normal	0	1	1.019	0.079674717	1.195120754	0.078837206	0.852633507	629.0576747	629.0947279	0.004838741	0.964423152	0.136176564	-0.004838741	0	5.650847202	84.76270804	3.222709029	0.012021796	634.6288472	634.6288546	6.83114E-09	0.001614649	239.4918045	-0.000916081	1	5.650847202	634.6288472	634.6288546	635.5		0	0	0	0	0.001614649	Subcritical	6.83114E-09
18	17	616065.73	3096604.868	628.978	15	0	Normal	0	1	1.019	0.079674717	1.195120754	0.078837206	0.852633507	629.0576747	629.0947279	0.004838741	0.964423152	0.136176564	-0.004838741	0	5.649931112	84.74896668	3.222411051	0.012023745	634.6279311	634.6279385	6.8342E-09	0.001615042	239.4141607	-0.000916201	1	5.649931112	634.6279311	634.6279385	635.5		0	0	0	0	0.001615042	Subcritical	6.8342E-09
19	18	616065.73	3096603.868	628.978	15	0	Normal	0	1	1.019	0.079674717	1.195120754	0.078837206	0.852633507	629.0576747	629.0947279	0.004838741	0.964423152	0.136176564	-0.004838741	0	5.649014902	84.73522352	3.222112993	0.012025696	634.6270149	634.6270223	6.83726E-09	0.001615434	239.3365193	-0.000916321	1	5.649014902	634.6270149	634.6270223	635.5		0	0	0	0	0.001615434	Subcritical	6.83726E-09
20	19	616065.73	3096602.868	628.978	15	0	Normal	0	1	1.019	0.079674717	1.195120754	0.078837206	0.852633507	629.0576747	629.0947279	0.004838741	0.964423152	0.136176564	-0.004838741	0	5.648098571	84.72147856	3.221814854	0.012027647	634.6260986	634.6261059	6.84032E-09	0.001615828	239.2588804	-0.000916442	1	5.648098571	634.6260986	634.6261059	635.5		0	0	0	0	0.001615828	Subcritical	6.84032E-09
21	20	616065.73	3096601.868	628.978	15	0	Normal	0	1	1.019	0.079674717	1.195120754	0.078837206	0.852633507	629.0576747	629.0947279	0.004838741	0.964423152	0.136176564	-0.004838741	0	5.64718212	84.7077318	3.221516635	0.012029598	634.6251821	634.6251895	6.84338E-09	0.001616221	239.1812438	-0.000916562	1	5.64718212	634.6251821	634.6251895	635.5		0	0	0	0	0.001616221	Subcritical	6.84338E-09
22	21	616065.73	3096600.868	628.978	15	0	Normal	0	1	1.019	0.079674717	1.195120754	0.078837206	0.852633507	629.0576747	629.0947279	0.004838741	0.964423152	0.136176564	-0.004838741	0	5.646265549	84.69398323	3.221218334	0.012031551	634.6242655	634.6242729	6.84645E-09	0.001616615	239.1036096	-0.000916682	1	5.646265549	634.6242655	634.6242729	635.5		0	0	0	0	0.001616615	Subcritical	6.84645E-09
23	22	616065.73	3096599.868	628.978	15	0	Normal	0	1	1.019	0.079674717	1.195120754	0.078837206	0.852633507	629.0576747	629.0947279	0.004838741	0.964423152	0.136176564	-0.004838741	0	5.645348857	84.68023285	3.220919953	0.012033505	634.6233489	634.6233562	6.84952E-09	0.001617008	239.0259778	-0.000916802	1	5.645348857	634.6233489	634.6233562	635.5		0	0	0	0	0.001617008	Subcritical	6.84952E-09
24	23	616065.73	3096598.868	628.978	15	0	Normal	0	1	1.019	0.079674717	1.195120754	0.078837206	0.852633507	629.0576747	629.0947279	0.004838741	0.964423152	0.136176564	-0.004838741	0	5.644432045	84.66648067	3.220621491	0.01203546	634.622432	634.6224394	6.85259E-09	0.001617402	238.9483485	-0.000916923	1	5.644432045	634.622432	634.6224394	635.5		0	0	0	0	0.001617402	Subcritical	6.85259E-09
25	24	616065.73	3096597.868	628.978	15	0	Normal	0	1	1.019	0.079674717	1.195120754	0.078837206	0.852633507	629.0576747	629.0947279	0.004838741	0.964423152	0.136176564	-0.004838741	0	5.643515113	84.65272669	3.220322949	0.012037415	634.6215151	634.6215225	6.85567E-09	0.001617796	238.8707216	-0.000917043	1	5.643515113	634.6215151	634.6215225	635.5		0	0	0	0	0.001617796	Subcritical	6.85567E-09
26	25	616065.73	3096596.868	628.978	15	0	Normal	0	1	1.019	0.079674717	1.195120754	0.078837206	0.852633507	629.0576747	629.0947279	0.004838741	0.964423152	0.136176564	-0.004838741	0	5.64259806	84.6389709	3.220024325	0.012039371	634.6205981	634.6206054	6.85874E-09	0.001618191	238.7930971	-0.000917163	1	5.64259806	634.6205981	634.6206054	635.5		0	0	0	0	0.001618191	Subcritical	6.85874E-09
27	26	616065.73	3096595.868	628.978	15	0	Normal	0	1	1.019	0.079674717	1.195120754	0.078837206	0.852633507	629.0576747	629.0947279	0.004838741	0.964423152	0.136176564	-0.004838741	0	5.641680887	84.62521331	3.219725621	0.012041329	634.6196809	634.6196883	6.86182E-09	0.001618585	238.715475	-0.000917958	1	5.641680887	634.6196809	634.6196883	635.5		0	0	0	0	0.001618585	Subcritical	6.86182E-09
28	27	616065.73	3096594.868	628.3947	14.576	0	Normal	0	1	1.019	0.079674717	1.161338674	0.078813107	0.877435689	628.4743747	628.513615	0.005126432	0.992477174	0.137407067	0.575911683	0	6.224063595	90.72195096	3.357072379	0.011232122	634.6187636	634.61877	5.6471E-09	0.001437442	282.3307628	-0.000989422	1	6.224063595	634.6187636	634.61877	635.5		0	0	0	0	0.001437442	Subcritical	5.6471E-09
29	28	616065.73	3096593.868	627.8113	13.576	0	Normal	0	1	1.019	0.079674717	1.081663957	0.078750378	0.942067075	627.8909747	627.9362087	0.005915743	1.065582446	0.140946532	0.571285809	0	6.80647433	92.40469551	3.398612306	0.011027578	634.6177743	634.6177805	5.35477E-09	0.001349536	314.4762395	-0.000899375	1	6.80647433	634.6177743	634.6177805	635.5		0	0	0	0	0.001349536	Subcritical	5.35477E-09
30	29	616065.73	3096592.868	627.228	12.576	0	Normal	0	1	1.019	0.079674717	1.00198924	0.078677797	1.016976989	627.3076747	627.3603884	0.006902427	1.150313874	0.145553664	0.568663239	0	7.388874998	92.92249198	3.397065923	0.010966129	634.616875	634.6168811	5.29847E-09	0.001288041	343.297478	-0.000952163	1	7.388874998	634.616875	634.6168811	635.5		0	0	0	0	0.001288041	Subcritical	5.29847E-09
31	30	616065.73	3096591.868	626.6447	11.576	0	Normal	0	1	1.019	0.079674717	0.922314523	0.078592847	1.104829182	626.7243747	626.7865892	0.00815822	1.249684458	0.151505157	0.565318817	0	7.971222735	92.27487438	3.353200837	0.011043093	634.6159227	634.615929	5.46703E-09	0.001248802	367.7729354	-0.000995594	1	7.971222735	634.6159227	634.615929	635.5		0	0	0	0	0.001248802	Subcritical	5.46703E-09
32	31	616065.73	3096590.868	626.0613	10.576	0	Normal	0	1	1.019	0.079674717	0.842639806	0.078492071	1.209294876	626.1409747	626.2155106	0.009790673	1.367846755	0.159182354	0.560871973	0	8.553626859	90.46315766	3.26779354	0.011264254	634.6149269	634.6149333	5.88728E-09	0.001229682	386.8952176	-0.000871609	1	8.553626859	634.6149269	634.6149333	635.5		0	0	0	0	0.001229682	Subcritical	5.88728E-09
33	32	616065.73	3096589.868	625.478	10.152	0	Normal	0	1	1.019	0.079674717	0.808857726	0.078443441	1.259801282	625.5576747	625.6385666	0.010634354	1.424975107	0.163082848	0.566095861	0	9.136055464	92.74923507	3.263047886	0.010986614	634.6140555	634.6140616	5.6115E-09	0.001160513	423.6822191	-0.000878057	1	9.136055464	634.6140555	634.6140616	635.5		0	0	0	0	0.001160513	Subcritical	5.6115E-09
34	33	616065.73	3096588.868	624.8947	9.092	0	Normal	0	1	1.019	0.079674717	0.724402526	0.078302363	1.406676486	624.9743747	625.0752279	0.013290393	1.591107268	0.174974831	0.549380266	0	9.718476712	88.36039027	3.097218077	0.011532317	634.6131767	634.6131835	6.62806E-09	0.00118109	429.3653955	-0.000860127	1	9.718476712	634.6131767	634.6131835			0	0	0	0	0.00118109	Subcritical	6.62806E-09
35	34	616065.73	3096587.868	624.3113	7.858	0	Normal	0	1	1.019	0.079674717	0.626083926	0.078091136	1.627577324	624.3909747	624.5259904	0.017856519	1.840970639	0.194003843	0.530247741	0	10.30101515	80.94537704	2.844177473	0.012588736	634.6123151	634.6123232	8.84853E-09	0.001252298	416.9110852	-0.000952354	1	10.30101515	634.6123151	634.6123232			0	0	0	0	0.001252298	Subcritical	8.84853E-09
36	35	616065.73	3096586.868	623.728	6.821	0	Normal	0	1	1.019	0.079674717	0.543461244	0.077855879	1.875018708	623.8076747	623.9868641	0.02379424	2.120854315	0.216415001	0.513883594	0	10.88336111	74.2354061	2.596758341	0.013726604	634.6113611	634.6113707	1.18777E-08	0.001328456	403.9667916	-0.00098785	1	10.88336111	634.6113611	634.6113707			0	0	0	0	0.001328456	Subcritical	1.18777E-08
37	36	616065.73	3096585.868	623.1447	5.783	0	Normal	0	1	1.019	0.079674717	0.460758888	0.077538168	2.211568841	623.2243747	623.473663	0.033283531	2.501529878	0.248079031	0.477652259	0	11.46567056	66.30597287	2.309158778	0.015368148	634.6103706	634.6103826	1.74109E-08	0.001449063	380.122817	-0.000911487	1	11.46567056	634.6103706	634.6103826			0	0	0	0	0.001449063	Subcritical	1.74109E-08
38	37	616065.73	3096584.868	622.5613	5.005	0	Normal	0	1	1.019	0.079674717	0.398771958	0.077216301	2.555345177	622.6409747	622.9737876	0.044682385	2.890379077	0.28131892	0.452540006	0	12.04815629	60.30102222	2.072106612	0.016898553	634.6094563	634.6094708	2.4322E-08	0.001554371	363.2598253	-0.000881017	1	12.04815629	634.6094563	634.6094708			0	0	0	0	0.001554371	Subcritical	2.4322E-08
39	38	616065.73	3096583.868	621.978	5.005	0	Normal	0	1	1.019	0.079674717	0.398771958	0.077216301	2.555345177	622.0576747	622.3904876	0.044682385	2.890379077	0.28131892	0.538617615	0	12.63057617	63.21603371	2.088670969	0.016119328	634.6085762	634.6085894	2.18969E-08	0.001448108	399.2291387	0	1	12.63057617	634.6085762	634.6085894			0	0	0	0	0.001448108	Subcritical	2.18969E-08
																																												
																																												
Segment: sidechannel				34.931	m length		49.931	m3/s		Mixed	profile																																	
SN	Dist	Easting	Northing	Bed Z	Width	Side z	Type	Def Ang	dx	Q_used	y_super	A_super	R_super	v_super	WS_super	EG_super	Sf_super	Fr_super	M_super	Err_super	Done_super	y_sub	A_sub	R_sub	v_sub	WS_sub	EG_sub	Sf_sub	Fr_sub	M_sub	Err_sub	Done_sub	y_final	WS_final	EG_final	Crest_L	Crest_R	Spill_L	Spill_R	Spill_Q	Cum_spill	Fr_final	Regime	Sf_final
-	m	m	m	m	m	-	-	deg	m	m3/s	m	m2	m	m/s	m	m	-	-	m3	m	-	m	m2	m	m/s	m	m	-	-	m3	m	-	m	m	m	m	m	m3/s	m3/s	m3/s	m3/s	-	-	-
1	0	616065.73	3096621.868	631.5	10.206	0	Junction	0	0	49.931	4.437285346	45.28693425	2.373458057	1.102547585	635.9372853	635.9992431	8.6391E-05	0.167110662	106.0872785	0	1	4.1	41.8446	2.27342171	1.193248352	635.6	635.6725709	0.000107169	0.188150082	91.854833	-0.014716665	0	4.437285346	635.9372853	635.9992431			0	0	0	0	0.167110662	Subcritical	8.6391E-05
2	1	616066.682	3096621.562	631.5	12.126	0	Junction	0.072	1	49.931	1.200085341	14.55223485	1.00179429	3.431156831	632.7000853	633.300128	0.002642564	1	26.19588558	2.643870117	1	4.1	49.7166	2.445960838	1.004312443	635.6	635.6514089	6.88633E-05	0.158358876	107.0307858	-0.007495807	0	4.1	635.6	635.6514089			0	0	0	0	0.158358876	Subcritical	6.88633E-05
3	2.001	616067.635	3096621.257	631.5	13.644	0	Junction	0.072	1.001	49.931	0.874807225	11.93586978	0.775377987	4.183272849	632.3748072	633.2667426	0.005527519	1.427991122	26.51284115	0	1	4.1	55.9404	2.560904596	0.892574955	635.6	635.640606	5.1162E-05	0.140740233	119.2208536	-0.004857294	0	4.1	635.6	635.640606			0	0	0	0	0.140740233	Subcritical	5.1162E-05
4	3.001	616068.587	3096620.951	631.5	15	0	Junction	0.055	1	49.931	0.752579556	11.28869335	0.68394938	4.423098269	632.2525796	633.249715	0.007304723	1.627855594	26.76053344	0	1	4.1	61.5	2.650862069	0.811886179	635.6	635.6335963	4.04256E-05	0.128017316	130.2073434	-0.002807311	0	4.1	635.6	635.6335963			0	0	0	0	0.128017316	Subcritical	4.04256E-05
5	4	616069.539	3096620.646	631.5	16	0	Junction	0.055	0.999	49.931	0.688027549	11.00844078	0.633540854	4.535701376	632.1880275	633.2365794	0.008506912	1.745850437	26.87289679	0	1	4.1	65.6	2.710743802	0.761143293	635.6	635.629528	3.44877E-05	0.120016233	138.3540719	-0.002325375	0	4.1	635.6	635.629528			0	0	0	0	0.120016233	Subcritical	3.44877E-05
6	5	616070.491	3096620.34	631.5	17	0	Junction	0.055	1	49.931	0.635801915	10.80863256	0.591553574	4.619548286	632.1358019	633.2234791	0.009669175	1.849711904	26.9486807	0	1	4.1	69.7	2.765873016	0.716370158	635.6	635.6261563	2.97405E-05	0.112956455	146.5311854	-0.001948438	0	4.1	635.6	635.6261563			0	0	0	0	0.112956455	Subcritical	2.97405E-05
7	6	616071.443	3096620.035	631.5	18	0	Junction	0.037	1	49.931	0.592323877	10.66182979	0.555748009	4.683154858	632.0923239	633.2101597	0.010799965	1.94278345	26.99397938	-1.13687E-13	1	4.1	73.8	2.816793893	0.676571816	635.6	635.6233308	2.58903E-05	0.106681096	154.7336195	-0.001648097	0	4.1	635.6	635.6233308			0	0	0	0	0.106681096	Subcritical	2.58903E-05
8	7.001	616072.396	3096619.729	631.5	19	0	Junction	0.037	1.001	49.931	0.555427077	10.55311447	0.524747203	4.731399451	632.0554271	633.1964128	0.0119004	2.02694324	27.01264959	1.13687E-13	1	4.1	77.9	2.863970588	0.640962773	635.6	635.6209395	2.27278E-05	0.101066302	162.9573764	0.161068299	0	4.1	635.6	635.6209395			0	0	0	0	0.101066302	Subcritical	2.27278E-05
9	8	616073.348	3096619.424	631.5	6.724	0	Normal	0.055	0.999	49.931	1.778028442	11.95546324	1.16297637	4.176417006	633.2780284	634.1670427	0.003208946	1	31.88573051	-1.05387299	1	4.1	27.5684	1.847252747	1.811167859	635.6	635.7671931	0.000325635	0.285582947	65.73371361	0.04501925	0	4.1	635.6	635.7671931			0	0	0	0	0.285582947	Subcritical	0.000325635
10	9	616074.3	3096619.118	631.5	6.032	0	Normal	0.055	1	49.931	1.911538069	11.53039763	1.169995794	4.330379713	633.4115381	634.3673071	0.003422332	1	33.06119105	-0.210343174	1	4.1	24.7312	1.737717819	2.018947726	635.6	635.8077548	0.000438996	0.318345447	60.9750129	-0.011538303	0	4.1	635.6	635.8077548		635.5	0	0.05375872	0.05375872	0.05375872	0.318345447	Subcritical	0.000438996
11	10	616075.252	3096618.813	631.5	6.391	0	Normal	12.169	1	49.87724128	1.599675055	10.22352328	1.066021903	4.8786744	633.0996751	634.3127976	0.00491773	1.231548287	32.98193028	0	1	4.1	26.2031	1.795839901	1.903486278	635.6	635.7846718	0.000373472	0.300139613	63.3943004	0.047333839	0	4.1	635.6	635.7846718		635.5	0	0.05375872	0.05375872	0.10751744	0.300139613	Subcritical	0.000373472
12	10.944	616076.07	3096618.342	631.5	5.886	0	Normal	30.656	0.944	49.82348256	1.940228499	11.42018494	1.169327316	4.36275619	633.4402285	634.4103427	0.003476346	1	33.23665244	-0.23639213	1	4.1	24.1326	1.713232997	2.064571681	635.6	635.8172506	0.000467829	0.325539382	59.95747232	0.047051462	0	4.1	635.6	635.8172506		635.5	0	0.050748232	0.050748232	0.158265672	0.325539382	Subcritical	0.000467829
13	11.944	616076.561	3096617.471	631.5	5.38	0	Normal	0.078	1	49.77273433	2.058652988	11.07555308	1.166178399	4.49392766	633.558653	634.5879795	0.003701815	1	34.20108066	-0.187280851	1	4.1	22.058	1.624300442	2.256448197	635.6	635.8595086	0.000599991	0.355794258	56.6673808	0.020086602	0	4.1	635.6	635.8595086		635.5	0	0.05375872	0.05375872	0.212024393	0.355794258	Subcritical	0.000599991
14	12.943	616077.053	3096616.601	631.5	5.2	0	Normal	0.028	0.999	49.71897561	2.104373786	10.94274369	1.163039353	4.543556629	633.6043738	634.6565607	0.003797652	1	34.54143443	-0.074662322	1	4.1	21.32	1.591044776	2.332034503	635.6	635.8771858	0.000658783	0.367712624	55.52520149	0.009007786	0	4.1	635.6	635.8771858		635.5	0	0.053704962	0.053704962	0.265729354	0.367712624	Subcritical	0.000658783
15	13.944	616077.545	3096615.73	631.5	5.125	0	Normal	0.05	1.001	49.66527065	2.123324098	10.882036	1.161165654	4.563968602	633.6233241	634.6849861	0.003840097	1	34.65913392	-0.03328415	1	4.1	21.0125	1.576923077	2.36360598	635.6	635.8847418	0.000684834	0.372690779	55.04189724	0.009269201	0	4.1	635.6	635.8847418		635.5	0	0.053812479	0.053812479	0.319541833	0.372690779	Subcritical	0.000684834
16	14.944	616078.036	3096614.859	631.5	5.051	0	Normal	0.05	1	49.61145817	2.142463408	10.82158267	1.159133194	4.584491905	633.6424634	634.7136951	0.003883773	1	34.77726734	-0.033617134	1	4.1	20.7091	1.562832994	2.395635647	635.6	635.8925112	0.00071199	0.377741182	54.56894324	0.009806043	0	4.1	635.6	635.8925112		635.5	0	0.05375872	0.05375872	0.373300553	0.377741182	Subcritical	0.00071199
17	15.944	616078.528	3096613.988	631.5	4.976	0	Normal	0.05	1	49.55769945	2.162374152	10.75997378	1.156893341	4.605745372	633.6623742	634.7435612	0.003929988	1	34.90063377	-0.034858633	1	4.1	20.4016	1.548391014	2.429108474	635.6	635.9007425	0.000741143	0.38301914	54.09453664	0.010245365	0	4.1	635.6	635.9007425		635.5	0	0.05375872	0.05375872	0.427059273	0.38301914	Subcritical	0.000741143
18	16.944	616079.019	3096613.117	631.5	4.901	0	Normal	0.05	1	49.50394073	2.182798821	10.69789702	1.154457918	4.627445995	633.6827988	634.7741982	0.003978272	1	35.02703551	-0.035703317	1	4.1	20.0941	1.533783681	2.463605771	635.6	635.9093452	0.000772039	0.388458636	53.62493294	0.010711804	0	4.1	635.6	635.9093452		635.5	0	0.05375872	0.05375872	0.480817994	0.388458636	Subcritical	0.000772039
19	17.944	616079.511	3096612.246	631.5	4.826	0	Normal	0.05	1	49.45018201	2.203758745	10.63533971	1.151818872	4.649610015	633.7037587	634.8056381	0.004028747	1	35.15658433	-0.036583215	1	4.1	19.7866	1.519008138	2.499175301	635.6	635.9183424	0.000804815	0.3940672	53.16035604	0.011070802	0	4.1	635.6	635.9183424		635.5	0	0.05375872	0.05375872	0.534576714	0.3940672	Subcritical	0.000804815
20	18.944	616080.002	3096611.375	631.5	4.752	0	Normal	0.078	1	49.39642329	2.224964291	10.57303031	1.149001562	4.671926764	633.7249643	634.8374464	0.004080817	1	35.28692233	-0.037068	1	4.1	19.4832	1.50426189	2.5353342	635.6	635.9276208	0.000839115	0.399768695	52.70676197	-0.015800035	0	4.1	635.6	635.9276208		635.5	0	0.05375872	0.05375872	0.588335434	0.399768695	Subcritical	0.000839115
21	19.943	616080.494	3096610.505	631.5	4.929	0	Normal	0.078	0.999	49.34266457	1.920681038	9.467036836	1.07943512	5.212049496	633.420681	634.8052611	0.00551998	1.20073288	35.30731913	0	1	4.1	20.2089	1.539256608	2.441630399	635.6	635.9038511	0.000754735	0.384993583	53.70923886	-0.010752542	0	4.1	635.6	635.9038511		635.5	0	0.053704962	0.053704962	0.642040396	0.384993583	Subcritical	0.000754735
22	20.943	616080.985	3096609.634	631.5	5.088	0	Normal	4.04	1	49.2889596	1.795043097	9.133179279	1.052441641	5.396692444	633.2950431	634.7794615	0.006121255	1.286043695	35.31214426	0	1	4.1	20.8608	1.569897652	2.362755005	635.6	635.8845368	0.000688427	0.372556598	54.63596885	-0.009468555	0	4.1	635.6	635.8845368		635.5	0	0.05375872	0.05375872	0.695799116	0.372556598	Subcritical	0.000688427
23	21.931	616081.408	3096608.742	631.5	5.36	0	Normal	21.069	0.988	49.23520088	1.668847456	8.945022365	1.028435977	5.504200982	633.1688475	634.7129977	0.006566512	1.3603525	35.08885645	0	1	4.1	21.976	1.620648968	2.240407758	635.6	635.8558322	0.000593269	0.35326502	56.29513497	0.025794673	0	4.1	635.6	635.8558322		635.5	0	0.053113616	0.053113616	0.748912731	0.35326502	Subcritical	0.000593269
24	22.93	616081.483	3096607.745	631.5	5.13	0	Normal	0.057	0.999	49.18208727	2.108159139	10.81485638	1.15712477	4.547641274	633.6081591	634.6622387	0.003830434	1	34.19915749	-0.101602156	1	4.1	21.033	1.577869467	2.338329638	635.6	635.8786843	0.000669729	0.368705234	54.84078275	0.013471306	0	4.1	635.6	635.8786843		635.5	0	0.053704962	0.053704962	0.802617693	0.368705234	Subcritical	0.000669729
25	23.93	616081.557	3096606.748	631.5	5.021	0	Normal	0.053	1	49.12838231	2.137003135	10.72989274	1.154371759	4.57864617	633.6370031	634.7055047	0.003895194	1	34.39472164	-0.048665392	1	4.1	20.5861	1.557075864	2.386483224	635.6	635.8902804	0.000710046	0.376298038	54.15298922	0.014358172	0	4.1	635.6	635.8902804		635.5	0	0.05375872	0.05375872	0.856376413	0.376298038	Subcritical	0.000710046
26	24.931	616081.632	3096605.75	631.5	4.912	0	Normal	0.053	1.001	49.07462359	2.166919329	10.64390774	1.15121063	4.610583327	633.6669193	634.750379	0.003964191	1	34.59673415	-0.050399429	1	4.1	20.1392	1.535936547	2.436771251	635.6	635.9026429	0.000753901	0.384227398	53.47533267	0.015441112	0	4.1	635.6	635.9026429		635.5	0	0.053812479	0.053812479	0.910188892	0.384227398	Subcritical	0.000753901
27	25.931	616081.706	3096604.753	631.5	4.802	0	Normal	0	1	49.02081111	2.198277707	10.55612955	1.14758558	4.643824319	633.6982777	634.7974166	0.004038505	1	34.80795638	-0.052606833	1	4.1	19.6882	1.514243962	2.489857433	635.6	635.915973	0.000802177	0.392597969	52.80268879	0.016394016	0	4.1	635.6	635.915973		635.5	0	0.05375872	0.05375872	0.963947612	0.392597969	Subcritical	0.000802177
28	26.93	616081.78	3096603.756	631.5	4.693	0	Normal	0.057	0.999	48.96705239	2.230553287	10.46798658	1.143529026	4.677790904	633.7305533	634.8458299	0.004117193	1	35.02410279	-0.054206871	1	4.1	19.2413	1.492383464	2.544893141	635.6	635.9300959	0.000854439	0.401275938	52.14761258	0.169476598	0	4.1	635.6	635.9300959		635.5	0	0.053704962	0.053704962	1.017652574	0.401275938	Subcritical	0.000854439
29	27.93	616081.855	3096602.759	631.5	4.584	0	Normal	0.057	1	48.91334743	2.26411691	10.37871192	1.138986567	4.71285337	633.7641169	634.8961754	0.004201383	1	35.24792573	-0.056290449	1	4.278129998	19.61094791	1.492432259	2.494185781	635.77813	636.0952025	0.000820693	0.385005831	54.38527735	0.002595891	0	4.278129998	635.77813	636.0952025		635.5	0	0.224294369	0.224294369	1.241946943	0.385005831	Subcritical	0.000820693
30	28.93	616081.929	3096601.762	631.5	4.475	0	Normal	0.053	1	48.68905306	2.293695996	10.26428958	1.132624763	4.743538524	633.793696	634.940544	0.004288176	1	35.31473989	-0.050193668	1	4.263455373	19.07896279	1.467396844	2.55197589	635.7634554	636.0953912	0.000878764	0.394603745	53.33713584	0.000642074	1	4.263455373	635.7634554	636.0953912		635.5	0	0.22925812	0.22925812	1.471205063	0.394603745	Subcritical	0.000878764
31	29.931	616082.004	3096600.764	631.5	4.366	0	Normal	0.053	1.001	48.45979494	2.324389427	10.14828424	1.125738568	4.77517123	633.8243894	634.9865841	0.004381038	1	35.38284688	-0.05201642	1	4.244929902	18.53336395	1.441627727	2.614732817	635.7449299	636.0933921	0.000944567	0.405188912	52.25276772	0.000404514	1	4.244929902	635.7449299	636.0933921		635.5	0	0.206260885	0.206260885	1.677465948	0.405188912	Subcritical	0.000944567
32	30.931	616082.078	3096599.767	631.5	4.257	0	Normal	0.057	1	48.25353405	2.357186698	10.03454377	1.118506981	4.808742196	633.8571867	635.03578	0.004481196	1	35.47993965	-0.055378853	1	4.223805298	17.98073915	1.415292426	2.683623495	635.7238053	636.0908713	0.001019759	0.416903112	51.17380691	0.000263291	1	4.223805298	635.7238053	636.0908713		635.5	0	0.17999221	0.17999221	1.857458158	0.416903112	Subcritical	0.001019759
33	31.93	616082.153	3096598.77	631.5	4.148	0	Normal	0.057	0.999	48.07354184	2.392334551	9.923403716	1.110911375	4.844460955	633.8923346	635.0885018	0.004589523	1	35.61015236	-0.059123632	1	4.19973382	17.42049589	1.388367469	2.759596636	635.6997338	636.0878772	0.001106287	0.429932445	50.10402402	5.35614E-05	1	4.19973382	635.6997338	636.0878772		635.5	0	0.151597417	0.151597417	2.009055574	0.429932445	Subcritical	0.001106287
34	32.93	616082.227	3096597.773	631.5	4.038	0	Normal	0.053	1	47.92194443	2.430463343	9.814210978	1.102853336	4.882913617	633.9304633	635.145695	0.00470815	1	35.77962003	-0.063855809	1	4.171777871	16.84563904	1.360543004	2.844768566	635.6717779	636.0842503	0.001207795	0.444684353	49.03485392	-0.000119699	1	4.171777871	635.6717779	636.0842503		635.5	0	0.121031871	0.121031871	2.130087445	0.444684353	Subcritical	0.001207795
35	33.931	616082.302	3096596.775	631.5	3.929	0	Normal	0.053	1.001	47.80091255	2.471039969	9.708716038	1.094423239	4.923505062	633.97104	635.20656	0.004835977	1	35.98593806	-0.067779743	1	4.139790067	16.26523517	1.33227902	2.938839313	635.6397901	636.0799927	0.001325584	0.461160581	47.9873296	-0.000309609	1	4.139790067	635.6397901	636.0799927		636.5	0	0	0	2.130087445	0.461160581	Subcritical	0.001325584
36	34.931	616082.376	3096595.778	631.5	3.82	0	Normal	0	1	47.80091255	2.517825035	9.618091632	1.086096623	4.969895732	634.017825	635.2767376	0.004977972	1	36.32500784	-0.077423826	1	4.1	15.662	1.302995008	3.052031194	635.6	636.0747653	0.001472663	0.481240906	46.97864701	0	1	4.1	635.6	636.0747653			0	0	0	2.130087445	0.481240906	Subcritical	0.001472663
																																												
																																												
Segment: drain				45.363	m length		0.05	m3/s		Mixed	profile																																	
SN	Dist	Easting	Northing	Bed Z	Width	Side z	Type	Def Ang	dx	Q_used	y_super	A_super	R_super	v_super	WS_super	EG_super	Sf_super	Fr_super	M_super	Err_super	Done_super	y_sub	A_sub	R_sub	v_sub	WS_sub	EG_sub	Sf_sub	Fr_sub	M_sub	Err_sub	Done_sub	y_final	WS_final	EG_final	Crest_L	Crest_R	Spill_L	Spill_R	Spill_Q	Cum_spill	Fr_final	Regime	Sf_final
-	m	m	m	m	m	-	-	deg	m	m3/s	m	m2	m	m/s	m	m	-	-	m3	m	-	m	m2	m	m/s	m	m	-	-	m3	m	-	m	m	m	m	m	m3/s	m3/s	m3/s	m3/s	-	-	-
1	0	616073.135	3096615.242	631.5	2.05	0	Normal	0	0	0.05	0.01	0.0205	0.009903382	2.43902439	631.51	631.8132029	0.629366251	7.787205571	0.012533817	0	1	3	6.15	0.763975155	0.008130081	634.5	634.5000034	2.12945E-08	0.001498648	9.225041438	0.000150838	1	3	634.5	634.5000034			0	0	0	0	0.001498648	Subcritical	2.12945E-08
2	1	616073.556	3096614.335	631.5	2.332	0	Normal	0	1	0.05	0.036052715	0.08407493	0.034971399	0.5947076	631.5360527	631.5540791	0.006958337	1	0.004546694	-0.144591462	1	3.000151356	6.996352963	0.839666201	0.007146581	634.5001514	634.500154	1.45068E-08	0.001317323	10.49509534	-0.000144374	1	3.000151356	634.5001514	634.500154			0	0	0	0	0.001317323	Subcritical	1.45068E-08
3	2	616073.977	3096613.428	631.5	2.614	0	Normal	0.052	1	0.10375872	0.054357108	0.142089482	0.052186704	0.730235054	631.5543571	631.5815357	0.006152166	1	0.01158536	-0.034929418	1	3	7.842	0.910378454	0.013231155	634.5	634.5000089	4.46425E-08	0.002438949	11.76313994	8.66361E-06	1	3	634.5	634.5000089			0	0	0	0	0.002438949	Subcritical	4.46425E-08
4	3	616074.399	3096612.521	631.5	2.897	0	Normal	0.052	1	0.15751744	0.067044594	0.194228189	0.064078678	0.810991656	631.5670446	631.6005669	0.00577117	1	0.019532925	-0.025630176	1	3	8.691	0.976846128	0.018124202	634.5	634.5000167	7.62545E-08	0.003340902	13.03679102	8.40898E-06	1	3	634.5	634.5000167			0	0	0	0	0.003340902	Subcritical	7.62545E-08
5	4	616074.82	3096611.614	631.5	3.179	0	Normal	0	1	0.208265672	0.075915148	0.241334254	0.072454683	0.862976012	631.5759151	631.6138727	0.005547424	1	0.027481388	-0.019408655	1	3	9.537	1.03900207	0.02183765	634.5	634.5000243	1.01962E-07	0.004025416	14.30596361	9.08572E-06	1	3	634.5	634.5000243			0	0	0	0	0.004025416	Subcritical	1.01962E-07
6	5	616075.241	3096610.707	631.5	3.461	0	Normal	0.052	1	0.262024393	0.083599513	0.289337914	0.07974698	0.905599923	631.5835995	631.6253993	0.005375716	1	0.036282763	-0.017375958	1	3	10.383	1.097452701	0.025235904	634.5	634.5000325	1.26582E-07	0.004651829	15.57517405	5.61929E-06	1	3	634.5	634.5000325			0	0	0	0	0.004651829	Subcritical	1.26582E-07
7	6.001	616075.663	3096609.8	631.5	3.898	0	Normal	5.266	1.001	0.315729354	0.087449853	0.340879525	0.083694554	0.926219765	631.5874499	631.6311748	0.005272473	1	0.044714796	-0.011681204	1	3	11.694	1.181450798	0.026999261	634.5	634.5000372	1.3132E-07	0.004976875	17.54186896	7.29863E-06	1	3	634.5	634.5000372			0	0	0	0	0.004976875	Subcritical	1.3132E-07
8	6.986	616075.995	3096608.872	631.5	4.264	0	Normal	17.566	0.985	0.369541833	0.091483184	0.390084298	0.087719192	0.947338396	631.5914832	631.6372248	0.005180837	1	0.053529231	-0.012739081	1	3	12.792	1.24629774	0.028888511	634.5	634.5000425	1.40003E-07	0.005325128	19.18908823	5.97398E-06	1	3	634.5	634.5000425			0	0	0	0	0.005325128	Subcritical	1.40003E-07
9	7.987	616076.032	3096607.872	631.5	4.606	0	Normal	0.059	1.001	0.423300553	0.095132067	0.4381783	0.09135825	0.966046363	631.5951321	631.6426981	0.005103265	1	0.062527211	-0.010807639	1	3	13.818	1.302847445	0.030633996	634.5	634.5000478	1.48388E-07	0.005646879	20.72832185	1.12939E-05	1	3	634.5	634.5000478			0	0	0	0	0.005646879	Subcritical	1.48388E-07
10	8.987	616076.07	3096606.873	631.5	4.716	0	Normal	0	1	0.477059273	0.101416674	0.478281032	0.097234649	0.997445521	631.6014167	631.652125	0.005006484	1	0.072758507	-0.014796015	1	3	14.148	1.320268757	0.033719202	634.5	634.500058	1.76626E-07	0.006215587	21.22363976	1.18479E-05	1	3	634.5	634.500058			0	0	0	0	0.006215587	Subcritical	1.76626E-07
11	9.986	616076.108	3096605.874	631.5	4.825	0	Normal	0.057	0.999	0.530817994	0.107252941	0.51749544	0.102687734	1.025744291	631.6072529	631.6608794	0.00492307	1	0.083254362	-0.014011121	1	3	14.475	1.337182448	0.036671364	634.5	634.5000685	2.05391E-07	0.00675977	21.71448428	1.22764E-05	1	3	634.5	634.5000685			0	0	0	0	0.00675977	Subcritical	2.05391E-07
12	10.986	616076.145	3096604.875	631.5	4.934	0	Normal	0.055	1	0.584576714	0.112686505	0.555995215	0.107764105	1.051406017	631.6126865	631.6690298	0.004850181	1	0.093979736	-0.013313814	1	3	14.802	1.353758917	0.03949309	634.5	634.5000795	2.34335E-07	0.00727991	22.20535339	1.26135E-05	1	3	634.5	634.5000795			0	0	0	0	0.00727991	Subcritical	2.34335E-07
13	11.987	616076.183	3096603.875	631.5	5.043	0	Normal	0.002	1.001	0.638335434	0.117765204	0.593889922	0.112510467	1.074837963	631.6177652	631.6766478	0.004785691	1	0.104909351	-0.012694933	1	3	15.129	1.37000815	0.042192837	634.5	634.5000907	2.63246E-07	0.007777564	22.69624548	1.28767E-05	1	3	634.5	634.5000907			0	0	0	0	0.007777564	Subcritical	2.63246E-07
14	12.986	616076.221	3096602.876	631.5	5.152	0	Normal	0.057	0.999	0.692040396	0.122521995	0.631233316	0.116959083	1.096330592	631.622522	631.683783	0.004728104	1	0.116009948	-0.012130986	1	3	15.456	1.385939742	0.04477487	634.5	634.5001022	2.91917E-07	0.00825352	23.18715862	1.31043E-05	1	3	634.5	634.5001022			0	0	0	0	0.00825352	Subcritical	2.91917E-07
15	13.986	616076.258	3096601.877	631.5	5.261	0	Normal	0.055	1	0.745799116	0.127002627	0.668160823	0.121153252	1.116197015	631.6270026	631.6905039	0.004676104	1	0.12728727	-0.011652905	1	3	15.783	1.401562916	0.047253318	634.5	634.5001138	3.20305E-07	0.008710381	23.6780924	1.3028E-05	1	3	634.5	634.5001138			0	0	0	0	0.008710381	Subcritical	3.20305E-07
16	14.987	616076.296	3096600.877	631.5	5.37	0	Normal	0.002	1.001	0.798912731	0.131157673	0.704316702	0.125049231	1.134308939	631.6311577	631.6967365	0.004629533	1	0.138564809	-0.01109801	1	3	16.11	1.416886544	0.049591107	634.5	634.5001253	3.47704E-07	0.009141315	24.16903863	1.32934E-05	1	3	634.5	634.5001253			0	0	0	0	0.009141315	Subcritical	3.47704E-07
17	15.987	616076.334	3096599.878	631.5	5.48	0	Normal	0.057	1	0.852617693	0.135132409	0.740525601	0.12878113	1.151368287	631.6351324	631.7026986	0.00458643	1	0.150103513	-0.010775241	1	3	16.44	1.432055749	0.05186239	634.5	634.5001371	3.74922E-07	0.009559989	24.66450752	1.34356E-05	1	3	634.5	634.5001371			0	0	0	0	0.009559989	Subcritical	3.74922E-07
18	16.986	616076.371	3096598.879	631.5	5.589	0	Normal	0.057	0.999	0.906376413	0.138918469	0.776415323	0.13233968	1.167386046	631.6389185	631.7083777	0.004546649	1	0.161787642	-0.010436964	1	3	16.767	1.446803003	0.054057161	634.5	634.5001489	4.018E-07	0.009964559	25.15549451	1.34796E-05	1	3	634.5	634.5001489			0	0	0	0	0.009964559	Subcritical	4.018E-07
19	17.986	616076.409	3096597.88	631.5	5.698	0	Normal	0.002	1	0.960188892	0.142516939	0.812061518	0.135727381	1.182409054	631.6425169	631.7137754	0.004509843	1	0.173598783	-0.010106112	1	3	17.094	1.461275432	0.056171106	634.5	634.5001608	4.2812E-07	0.010354231	25.64649795	1.3484E-05	1	3	634.5	634.5001608			0	0	0	0	0.010354231	Subcritical	4.2812E-07
20	18.987	616076.447	3096596.88	631.5	5.807	0	Normal	0.055	1.001	1.013947612	0.145932758	0.847431528	0.138949043	1.196495031	631.6459328	631.7188991	0.004475727	1	0.185502031	-0.009798486	1	3	17.421	1.475480647	0.058202607	634.5	634.5001727	4.53756E-07	0.010728705	26.13751574	1.63127E-05	1	3	634.5	634.5001727			0	0	0	0	0.010728705	Subcritical	4.53756E-07
21	19.986	616076.484	3096595.881	631.5	5.916	0	Normal	9.379	0.999	1.067652574	0.149180316	0.882550747	0.142017948	1.209735052	631.6491803	631.7237705	0.00444398	1	0.197488798	-0.010655076	1	3	17.748	1.489425982	0.060156219	634.5	634.5001844	4.78687E-07	0.011088822	26.62854699	0.000105184	1	3	634.5	634.5001844			0	0	0	0	0.011088822	Subcritical	4.78687E-07
22	20.952	616076.362	3096594.923	631.5	5.908	0	Normal	24.237	0.966	1.291946943	0.169555986	1.001736762	0.160351978	1.289707028	631.669556	631.754334	0.004296013	1	0.254775696	-0.039228312	1	3	17.724	1.488411152	0.072892515	634.5	634.5002708	7.03479E-07	0.013436551	26.59559972	-0.379757236	0	3	634.5	634.5002708			0	0	0	0	0.013436551	Subcritical	7.03479E-07
23	21.951	616075.84	3096594.071	631.12	5.159	0	Normal	0.019	0.999	1.521205063	0.095555476	0.492970699	0.092142145	3.085792047	631.2155555	631.7008823	0.051479945	3.18716364	0.502056846	-0.014478679	0	3	15.477	1.386952236	0.098288109	634.12	634.1204924	1.4053E-06	0.018117816	23.23074122	-0.379753085	0	3	634.12	634.1204924			0	0	0	0	0.018117816	Subcritical	1.4053E-06
24	22.952	616075.317	3096593.218	630.74	4.853	0	Normal	0.049	1.001	1.727465948	0.095555476	0.463730724	0.091935076	3.725148797	630.8355555	631.5428304	0.075247969	3.847523948	0.678126209	0.072372049	0	3	14.559	1.341472404	0.118652788	633.74	633.7407176	2.14106E-06	0.021871714	21.85939385	-0.379724776	0	3	633.74	633.7407176			0	0	0	0	0.021871714	Subcritical	2.14106E-06
25	23.952	616074.795	3096592.365	630.36	4.613	0	Normal	0.03	1	1.907458158	0.095555476	0.44079741	0.091754211	4.327289853	630.4555555	631.4099611	0.101807511	4.469445987	0.862459317	0.019580794	0	3	13.839	1.303966833	0.13783208	633.36	633.3609683	3.00051E-06	0.025407105	20.78530009	-0.379684902	0	3	633.36	633.3609683			0	0	0	0	0.025407105	Subcritical	3.00051E-06
26	24.951	616074.273	3096591.513	629.98	4.374	0	Normal	0.019	0.999	2.059055574	0.095555476	0.417959651	0.091555201	4.926445819	630.0755555	631.3125518	0.132334347	5.088284871	1.053998293	-0.047842878	0	3	13.122	1.264893002	0.156916291	632.98	632.981255	4.04992E-06	0.028924969	19.71593572	-0.379647769	0	3	632.98	632.981255			0	0	0	0	0.028924969	Subcritical	4.04992E-06
27	25.952	616073.75	3096590.66	629.6	4.134	0	Normal	0.049	1.001	2.180087445	0.095555476	0.395026337	0.091333226	5.518840752	629.6955555	631.2479308	0.16661209	5.700140616	1.245331715	-0.116666305	0	3	12.402	1.223801066	0.175785151	632.6	632.6015749	5.31128E-06	0.032403137	18.64206493	-0.379778959	0	3	632.6	632.6015749			0	0	0	0	0.032403137	Subcritical	5.31128E-06
28	26.952	616073.228	3096589.807	629.22	3.894	0	Normal	0.079	1	2.180087445	0.095555476	0.372093022	0.091085169	5.858985021	629.3155555	631.0651837	0.188464866	6.05145899	1.31982666	-0.014747054	0	3	11.682	1.180715585	0.186619367	632.22	632.2217751	6.27917E-06	0.034400249	17.56447263	-0.379803719	0	3	632.22	632.2217751			0	0	0	0	0.034400249	Subcritical	6.27917E-06
29	27.951	616072.705	3096588.955	628.84	3.714	0	Normal	0.413	0.999	2.180087445	0.095555476	0.354893037	0.090879117	6.142942291	628.9355555	630.8588858	0.207802095	6.344744563	1.382109031	-0.010331511	0	3	11.142	1.147004324	0.195663924	631.84	631.8419513	7.17437E-06	0.036067466	16.75648262	-0.380053586	0	3	631.84	631.8419513			0	0	0	0	0.036067466	Subcritical	7.17437E-06
30	28.951	616072.188	3096588.099	628.46	3.823	0	Normal	6.052	1	2.180087445	0.095555476	0.365308584	0.0910061	5.967796932	628.5555555	630.3707747	0.195756678	6.16384549	1.34368391	0.234498392	0	3	11.469	1.167565917	0.190085225	631.46	631.4618416	6.61258E-06	0.035039123	17.24574286	-0.380064045	0	3	631.46	631.4618416			0	0	0	0	0.035039123	Subcritical	6.61258E-06
31	29.952	616071.764	3096587.193	628.08	3.927	0	Normal	0.052	1.001	2.180087445	0.095555476	0.375246353	0.091120992	5.809749852	628.1755555	629.8959017	0.18521357	6.000606394	1.309035732	0.255578123	0	3	11.781	1.186763373	0.185051137	631.08	631.0817454	6.13217E-06	0.034111171	17.71262412	-0.380059357	0	3	631.08	631.0817454			0	0	0	0	0.034111171	Subcritical	6.13217E-06
32	30.952	616071.341	3096586.287	627.7	4.031	0	Normal	0	1	2.180087445	0.095555476	0.385184123	0.091230223	5.659858018	627.7955555	629.4282768	0.175499255	5.845790451	1.276199903	0.260981018	0	3	12.093	1.205562755	0.180276808	630.7	630.7016565	5.69914E-06	0.033231101	18.17956312	-0.380014227	0	3	630.7	630.7016565			0	0	0	0	0.033231101	Subcritical	5.69914E-06
33	31.951	616070.918	3096585.381	627.32	4.135	0	Normal	14.764	0.999	2.180087445	0.095555476	0.395121892	0.091334202	5.517506087	627.4155555	628.96718	0.166529141	5.698762106	1.245039676	0.225748752	0	3	12.405	1.22397632	0.17574264	630.32	630.3215742	5.3077E-06	0.032395301	18.64655549	-0.379980579	0	3	630.32	630.3215742			0	0	0	0	0.032395301	Subcritical	5.3077E-06
34	32.939	616070.742	3096584.409	626.94	4.129	0	Normal	5.214	0.988	2.180087445	0.095555476	0.394548559	0.091328339	5.525523776	627.0355555	628.5916927	0.167027767	5.707043184	1.246794064	0.196736063	0	3	12.387	1.222924277	0.175998018	629.94	629.9415788	5.32924E-06	0.032442375	18.61961224	-0.379644895	0	3	629.94	629.9415788			0	0	0	0	0.032442375	Subcritical	5.32924E-06
35	33.939	616070.654	3096583.413	626.56	3.776	0	Normal	4.648	1	2.180087445	0.095555476	0.360817476	0.090952202	6.042078303	626.6555555	628.5162441	0.20081875	6.240567084	1.359976968	-0.153343862	0	3	11.328	1.158756137	0.192451222	629.56	629.5618877	6.84701E-06	0.035475256	17.03476865	-0.379581715	0	3	629.56	629.5618877			0	0	0	0	0.035475256	Subcritical	6.84701E-06
36	34.939	616070.647	3096582.413	626.18	3.446	0	Normal	0.057	1	2.180087445	0.095555476	0.329284169	0.090534541	6.620687078	626.2755555	628.5096787	0.242606764	6.838183781	1.487055264	-0.252703076	0	3	10.338	1.094431505	0.210880968	629.18	629.1822666	8.87168E-06	0.038872481	15.55386432	-0.379599593	0	3	629.18	629.1822666			0	0	0	0	0.038872481	Subcritical	8.87168E-06
37	35.939	616070.641	3096581.413	625.8	3.2	0	Normal	0	1	2.180087445	0.095555476	0.305777522	0.090170309	7.129652397	625.8955555	628.4863783	0.282857579	7.363869159	1.59904011	-0.275101719	0	3	9.6	1.043478261	0.227092442	628.8	628.8026285	1.09634E-05	0.041860802	14.45046701	-0.379993868	0	3	628.8	628.8026285			0	0	0	0	0.041860802	Subcritical	1.09634E-05
38	36.939	616070.635	3096580.413	625.42	3.2	0	Normal	0	1	2.180087445	0.095555476	0.305777522	0.090170309	7.129652397	625.5155555	628.1063783	0.282857579	7.363869159	1.59904011	0.097142421	0	3	9.6	1.043478261	0.227092442	628.42	628.4226285	1.09634E-05	0.041860802	14.45046701	-0.379993619	0	3	628.42	628.4226285			0	0	0	0	0.041860802	Subcritical	1.09634E-05
39	37.939	616070.629	3096579.413	625.04	3.2	0	Normal	0.057	1	2.180087445	0.095555476	0.305777522	0.090170309	7.129652397	625.1355555	627.7263783	0.282857579	7.363869159	1.59904011	0.096896292	0	3	9.6	1.043478261	0.227092442	628.04	628.0426285	1.09634E-05	0.041860802	14.45046701	-0.379993619	0	3	628.04	628.0426285			0	0	0	0	0.041860802	Subcritical	1.09634E-05
40	38.939	616070.622	3096578.413	624.66	3.2	0	Normal	0.057	1	2.180087445	0.095555476	0.305777522	0.090170309	7.129652397	624.7555555	627.3463783	0.282857579	7.363869159	1.59904011	0.096896292	0	3	9.6	1.043478261	0.227092442	627.66	627.6626285	1.09634E-05	0.041860802	14.45046701	-0.379993868	0	3	627.66	627.6626285			0	0	0	0	0.041860802	Subcritical	1.09634E-05
41	39.939	616070.616	3096577.413	624.28	3.2	0	Normal	0	1	2.180087445	0.095555476	0.305777522	0.090170309	7.129652397	624.3755555	626.9663783	0.282857579	7.363869159	1.59904011	0.097142421	0	3	9.6	1.043478261	0.227092442	627.28	627.2826285	1.09634E-05	0.041860802	14.45046701	-1.897126482	0	3	627.28	627.2826285			0	0	0	0	0.041860802	Subcritical	1.09634E-05
42	40.939	616070.61	3096576.413	623.9	3.2	0	Normal	0	1	2.180087445	0.095555476	0.305777522	0.090170309	7.129652397	623.9955555	626.5863783	0.282857579	7.363869159	1.59904011	0.097142421	0	1.417052085	4.534566673	0.751489624	0.480770844	625.3170521	625.328833	7.61193E-05	0.128946842	3.319700831	-0.322052339	0	1.417052085	625.3170521	625.328833			0	0	0	0	0.128946842	Subcritical	7.61193E-05
43	41.939	616070.604	3096575.413	623.52	3.2	0	Normal	0.057	1	2.180087445	0.095555476	0.305777522	0.090170309	7.129652397	623.6155555	626.2063783	0.282857579	7.363869159	1.59904011	0.096896292	0	1.475587749	4.721880797	0.767638771	0.461698958	624.9955877	625.0064525	6.82377E-05	0.121350584	3.586378612	-0.000974038	1	1.475587749	624.9955877	625.0064525			0	0	0	0	0.121350584	Subcritical	6.82377E-05
44	42.939	616070.597	3096574.413	623.14	3.2	0	Normal	0.057	1	2.180087445	0.095555476	0.305777522	0.090170309	7.129652397	623.2355555	625.8263783	0.282857579	7.363869159	1.59904011	0.096896292	0	1.857377908	5.943609304	0.859554475	0.366795214	624.9973779	625.0042351	3.70395E-05	0.085928854	5.601277623	-0.000301633	1	1.857377908	624.9973779	625.0042351			0	0	0	0	0.085928854	Subcritical	3.70395E-05
45	43.939	616070.591	3096573.413	622.76	3.2	0	Normal	0	1	2.180087445	0.095555476	0.305777522	0.090170309	7.129652397	622.8555555	625.4463783	0.282857579	7.363869159	1.59904011	0.097142421	0	2.238550509	7.163361629	0.933081591	0.304338599	624.9985505	625.0032713	2.28562E-05	0.064944008	8.085406923	8.3033E-05	1	2.238550509	624.9985505	625.0032713			0	0	0	0	0.064944008	Subcritical	2.28562E-05
46	44.939	616070.585	3096572.413	622.38	3.2	0	Normal	0.062	1	2.180087445	0.095555476	0.305777522	0.090170309	7.129652397	622.4755555	625.0663783	0.282857579	7.363869159	1.59904011	0.096874702	0	2.619511571	8.382437026	0.993294708	0.260077999	624.9995116	625.0029591	1.53563E-05	0.051304912	11.03674282	-8.41431E-05	1	2.619511571	624.9995116	625.0029591			0	0	0	0	0.051304912	Subcritical	1.53563E-05
47	45.363	616070.582	3096571.989	622	3.2	0	Normal	0	0.424	2.180087445	0.095555476	0.305777522	0.090170309	7.129652397	622.0955555	624.6863783	0.282857579	7.363869159	1.59904011	0.260068386	0	3	9.6	1.043478261	0.227092442	625	625.0026285	1.09634E-05	0.041860802	14.45046701	0	1	3	625	625.0026285			0	0	0	0	0.041860802	Subcritical	1.09634E-05
