River,Reach,Station,Distance_from_Center,X,Y,Z
ATATURK,ATATURK-T,1,-23.2,521984.817,4174746.974,951.803
ATATURK,ATATURK-T,1,-23.1,521984.89,4174747.042,951.819
ATATURK,ATATURK-T,1,-23.0,521984.963,4174747.11,951.835
ATATURK,ATATURK-T,1,-22.9,521985.036,4174747.179,951.851
ATATURK,ATATURK-T,1,-22.8,521985.109,4174747.247,951.867
ATATURK,ATATURK-T,1,-22.7,521985.182,4174747.315,951.883
ATATURK,ATATURK-T,1,-22.6,521985.255,4174747.384,951.899
ATATURK,ATATURK-T,1,-22.5,521985.328,4174747.452,951.916
ATATURK,ATATURK-T,1,-22.4,521985.401,4174747.52,951.932
ATATURK,ATATURK-T,1,-22.3,521985.474,4174747.589,951.948
ATATURK,ATATURK-T,1,-22.2,521985.547,4174747.657,951.964
ATATURK,ATATURK-T,1,-22.1,521985.62,4174747.726,951.98
ATATURK,ATATURK-T,1,-22.0,521985.693,4174747.794,951.996
ATATURK,ATATURK-T,1,-21.9,521985.766,4174747.862,952.012
ATATURK,ATATURK-T,1,-21.8,521985.839,4174747.931,952.028
ATATURK,ATATURK-T,1,-21.7,521985.912,4174747.999,952.045
ATATURK,ATATURK-T,1,-21.6,521985.985,4174748.067,952.061
ATATURK,ATATURK-T,1,-21.5,521986.058,4174748.136,952.077
ATATURK,ATATURK-T,1,-21.4,521986.131,4174748.204,952.093
ATATURK,ATATURK-T,1,-21.3,521986.204,4174748.272,952.109
ATATURK,ATATURK-T,1,-21.2,521986.277,4174748.341,952.125
ATATURK,ATATURK-T,1,-21.1,521986.35,4174748.409,952.141
ATATURK,ATATURK-T,1,-21.0,521986.423,4174748.477,952.158
ATATURK,ATATURK-T,1,-20.9,521986.496,4174748.546,952.174
ATATURK,ATATURK-T,1,-20.8,521986.569,4174748.614,952.19
ATATURK,ATATURK-T,1,-20.7,521986.642,4174748.682,952.206
ATATURK,ATATURK-T,1,-20.6,521986.715,4174748.751,952.222
ATATURK,ATATURK-T,1,-20.5,521986.788,4174748.819,952.238
ATATURK,ATATURK-T,1,-20.4,521986.861,4174748.887,952.254
ATATURK,ATATURK-T,1,-20.3,521986.934,4174748.956,952.27
ATATURK,ATATURK-T,1,-20.2,521987.007,4174749.024,952.287
ATATURK,ATATURK-T,1,-20.1,521987.08,4174749.093,952.303
ATATURK,ATATURK-T,1,-20.0,521987.153,4174749.161,952.319
ATATURK,ATATURK-T,1,-19.9,521987.226,4174749.229,952.335
ATATURK,ATATURK-T,1,-19.8,521987.299,4174749.298,952.351
ATATURK,ATATURK-T,1,-19.7,521987.372,4174749.366,952.367
ATATURK,ATATURK-T,1,-19.6,521987.445,4174749.434,952.38
ATATURK,ATATURK-T,1,-19.5,521987.518,4174749.502,952.383
ATATURK,ATATURK-T,1,-19.4,521987.591,4174749.571,952.385
ATATURK,ATATURK-T,1,-19.3,521987.665,4174749.639,952.387
ATATURK,ATATURK-T,1,-19.2,521987.738,4174749.707,952.39
ATATURK,ATATURK-T,1,-19.1,521987.811,4174749.775,952.392
ATATURK,ATATURK-T,1,-19.0,521987.884,4174749.844,952.394
ATATURK,ATATURK-T,1,-18.9,521987.957,4174749.912,952.397
ATATURK,ATATURK-T,1,-18.8,521988.03,4174749.98,952.399
ATATURK,ATATURK-T,1,-18.7,521988.103,4174750.048,952.401
ATATURK,ATATURK-T,1,-18.6,521988.176,4174750.117,952.404
ATATURK,ATATURK-T,1,-18.5,521988.249,4174750.185,952.406
ATATURK,ATATURK-T,1,-18.4,521988.322,4174750.253,952.408
ATATURK,ATATURK-T,1,-18.3,521988.395,4174750.321,952.411
ATATURK,ATATURK-T,1,-18.2,521988.469,4174750.39,952.413
ATATURK,ATATURK-T,1,-18.1,521988.542,4174750.458,952.415
ATATURK,ATATURK-T,1,-18.0,521988.615,4174750.526,952.418
ATATURK,ATATURK-T,1,-17.9,521988.688,4174750.594,952.42
ATATURK,ATATURK-T,1,-17.8,521988.761,4174750.663,952.422
ATATURK,ATATURK-T,1,-17.7,521988.834,4174750.731,952.425
ATATURK,ATATURK-T,1,-17.6,521988.907,4174750.799,952.427
ATATURK,ATATURK-T,1,-17.5,521988.98,4174750.867,952.429
ATATURK,ATATURK-T,1,-17.4,521989.053,4174750.936,952.432
ATATURK,ATATURK-T,1,-17.3,521989.126,4174751.004,952.434
ATATURK,ATATURK-T,1,-17.2,521989.199,4174751.072,952.436
ATATURK,ATATURK-T,1,-17.1,521989.273,4174751.14,952.439
ATATURK,ATATURK-T,1,-17.0,521989.346,4174751.209,952.441
ATATURK,ATATURK-T,1,-16.9,521989.419,4174751.277,952.443
ATATURK,ATATURK-T,1,-16.8,521989.492,4174751.345,952.446
ATATURK,ATATURK-T,1,-16.7,521989.565,4174751.413,952.448
ATATURK,ATATURK-T,1,-16.6,521989.638,4174751.482,952.45
ATATURK,ATATURK-T,1,-16.5,521989.711,4174751.55,952.453
ATATURK,ATATURK-T,1,-16.4,521989.784,4174751.618,952.455
ATATURK,ATATURK-T,1,-16.3,521989.857,4174751.686,952.457
ATATURK,ATATURK-T,1,-16.2,521989.93,4174751.755,952.46
ATATURK,ATATURK-T,1,-16.1,521990.003,4174751.823,952.462
ATATURK,ATATURK-T,1,-16.0,521990.077,4174751.891,952.464
ATATURK,ATATURK-T,1,-15.9,521990.15,4174751.959,952.467
ATATURK,ATATURK-T,1,-15.8,521990.223,4174752.028,952.469
ATATURK,ATATURK-T,1,-15.7,521990.296,4174752.096,952.471
ATATURK,ATATURK-T,1,-15.6,521990.369,4174752.164,952.474
ATATURK,ATATURK-T,1,-15.5,521990.442,4174752.232,952.476
ATATURK,ATATURK-T,1,-15.4,521990.515,4174752.301,952.478
ATATURK,ATATURK-T,1,-15.3,521990.588,4174752.369,952.481
ATATURK,ATATURK-T,1,-15.2,521990.661,4174752.437,952.483
ATATURK,ATATURK-T,1,-15.1,521990.734,4174752.505,952.485
ATATURK,ATATURK-T,1,-15.0,521990.808,4174752.574,952.488
ATATURK,ATATURK-T,1,-14.9,521990.881,4174752.642,952.49
ATATURK,ATATURK-T,1,-14.8,521990.954,4174752.71,952.492
ATATURK,ATATURK-T,1,-14.7,521991.027,4174752.778,952.494
ATATURK,ATATURK-T,1,-14.6,521991.1,4174752.847,952.497
ATATURK,ATATURK-T,1,-14.5,521991.173,4174752.915,952.499
ATATURK,ATATURK-T,1,-14.4,521991.246,4174752.983,952.483
ATATURK,ATATURK-T,1,-14.3,521991.319,4174753.051,952.457
ATATURK,ATATURK-T,1,-14.2,521991.393,4174753.119,952.43
ATATURK,ATATURK-T,1,-14.1,521991.466,4174753.187,952.404
ATATURK,ATATURK-T,1,-14.0,521991.539,4174753.255,952.377
ATATURK,ATATURK-T,1,-13.9,521991.612,4174753.323,952.351
ATATURK,ATATURK-T,1,-13.8,521991.685,4174753.392,952.324
ATATURK,ATATURK-T,1,-13.7,521991.759,4174753.46,952.298
ATATURK,ATATURK-T,1,-13.6,521991.832,4174753.528,952.271
ATATURK,ATATURK-T,1,-13.5,521991.905,4174753.596,952.244
ATATURK,ATATURK-T,1,-13.4,521991.978,4174753.664,952.218
ATATURK,ATATURK-T,1,-13.3,521992.052,4174753.732,952.191
ATATURK,ATATURK-T,1,-13.2,521992.125,4174753.8,952.165
ATATURK,ATATURK-T,1,-13.1,521992.198,4174753.868,952.138
ATATURK,ATATURK-T,1,-13.0,521992.271,4174753.936,952.112
ATATURK,ATATURK-T,1,-12.9,521992.344,4174754.005,952.085
ATATURK,ATATURK-T,1,-12.8,521992.418,4174754.073,952.059
ATATURK,ATATURK-T,1,-12.7,521992.491,4174754.141,952.032
ATATURK,ATATURK-T,1,-12.6,521992.564,4174754.209,952.006
ATATURK,ATATURK-T,1,-12.5,521992.637,4174754.277,951.979
ATATURK,ATATURK-T,1,-12.4,521992.711,4174754.345,951.952
ATATURK,ATATURK-T,1,-12.3,521992.784,4174754.413,951.926
ATATURK,ATATURK-T,1,-12.2,521992.857,4174754.481,951.899
ATATURK,ATATURK-T,1,-12.1,521992.93,4174754.549,951.873
ATATURK,ATATURK-T,1,-12.0,521993.003,4174754.617,951.846
ATATURK,ATATURK-T,1,-11.9,521993.077,4174754.686,951.82
ATATURK,ATATURK-T,1,-11.8,521993.15,4174754.754,951.793
ATATURK,ATATURK-T,1,-11.7,521993.223,4174754.822,951.767
ATATURK,ATATURK-T,1,-11.6,521993.296,4174754.89,951.74
ATATURK,ATATURK-T,1,-11.5,521993.37,4174754.958,951.714
ATATURK,ATATURK-T,1,-11.4,521993.443,4174755.026,951.687
ATATURK,ATATURK-T,1,-11.3,521993.516,4174755.094,951.671
ATATURK,ATATURK-T,1,-11.2,521993.589,4174755.163,951.676
ATATURK,ATATURK-T,1,-11.1,521993.662,4174755.231,951.68
ATATURK,ATATURK-T,1,-11.0,521993.735,4174755.299,951.684
ATATURK,ATATURK-T,1,-10.9,521993.808,4174755.368,951.688
ATATURK,ATATURK-T,1,-10.8,521993.881,4174755.436,951.692
ATATURK,ATATURK-T,1,-10.7,521993.954,4174755.504,951.696
ATATURK,ATATURK-T,1,-10.6,521994.027,4174755.573,951.701
ATATURK,ATATURK-T,1,-10.5,521994.1,4174755.641,951.705
ATATURK,ATATURK-T,1,-10.4,521994.173,4174755.709,951.709
ATATURK,ATATURK-T,1,-10.3,521994.246,4174755.778,951.713
ATATURK,ATATURK-T,1,-10.2,521994.319,4174755.846,951.717
ATATURK,ATATURK-T,1,-10.1,521994.392,4174755.914,951.721
ATATURK,ATATURK-T,1,-10.0,521994.465,4174755.982,951.725
ATATURK,ATATURK-T,1,-9.9,521994.538,4174756.051,951.73
ATATURK,ATATURK-T,1,-9.8,521994.611,4174756.119,951.734
ATATURK,ATATURK-T,1,-9.7,521994.684,4174756.187,951.738
ATATURK,ATATURK-T,1,-9.6,521994.757,4174756.256,951.742
ATATURK,ATATURK-T,1,-9.5,521994.83,4174756.324,951.746
ATATURK,ATATURK-T,1,-9.4,521994.903,4174756.392,951.75
ATATURK,ATATURK-T,1,-9.3,521994.976,4174756.461,951.754
ATATURK,ATATURK-T,1,-9.2,521995.049,4174756.529,951.759
ATATURK,ATATURK-T,1,-9.1,521995.122,4174756.597,951.763
ATATURK,ATATURK-T,1,-9.0,521995.195,4174756.666,951.767
ATATURK,ATATURK-T,1,-8.9,521995.269,4174756.734,951.771
ATATURK,ATATURK-T,1,-8.8,521995.342,4174756.802,951.775
ATATURK,ATATURK-T,1,-8.7,521995.415,4174756.871,951.779
ATATURK,ATATURK-T,1,-8.6,521995.488,4174756.939,951.783
ATATURK,ATATURK-T,1,-8.5,521995.561,4174757.007,951.788
ATATURK,ATATURK-T,1,-8.4,521995.634,4174757.076,951.792
ATATURK,ATATURK-T,1,-8.3,521995.707,4174757.144,951.796
ATATURK,ATATURK-T,1,-8.2,521995.78,4174757.212,951.8
ATATURK,ATATURK-T,1,-8.1,521995.853,4174757.281,951.804
ATATURK,ATATURK-T,1,-8.0,521995.926,4174757.349,951.808
ATATURK,ATATURK-T,1,-7.9,521995.999,4174757.417,951.813
ATATURK,ATATURK-T,1,-7.8,521996.072,4174757.486,951.817
ATATURK,ATATURK-T,1,-7.7,521996.145,4174757.554,951.807
ATATURK,ATATURK-T,1,-7.6,521996.218,4174757.622,951.745
ATATURK,ATATURK-T,1,-7.5,521996.291,4174757.69,951.683
ATATURK,ATATURK-T,1,-7.4,521996.364,4174757.759,951.621
ATATURK,ATATURK-T,1,-7.3,521996.437,4174757.827,951.559
ATATURK,ATATURK-T,1,-7.2,521996.51,4174757.895,951.496
ATATURK,ATATURK-T,1,-7.1,521996.583,4174757.964,951.434
ATATURK,ATATURK-T,1,-7.0,521996.656,4174758.032,951.372
ATATURK,ATATURK-T,1,-6.9,521996.729,4174758.1,951.31
ATATURK,ATATURK-T,1,-6.8,521996.802,4174758.169,951.248
ATATURK,ATATURK-T,1,-6.7,521996.875,4174758.237,951.185
ATATURK,ATATURK-T,1,-6.6,521996.948,4174758.305,951.123
ATATURK,ATATURK-T,1,-6.5,521997.021,4174758.374,951.061
ATATURK,ATATURK-T,1,-6.4,521997.094,4174758.442,950.999
ATATURK,ATATURK-T,1,-6.3,521997.167,4174758.51,950.937
ATATURK,ATATURK-T,1,-6.2,521997.24,4174758.579,950.875
ATATURK,ATATURK-T,1,-6.1,521997.313,4174758.647,950.812
ATATURK,ATATURK-T,1,-6.0,521997.386,4174758.715,950.75
ATATURK,ATATURK-T,1,-5.9,521997.459,4174758.784,950.688
ATATURK,ATATURK-T,1,-5.8,521997.532,4174758.852,950.626
ATATURK,ATATURK-T,1,-5.7,521997.605,4174758.92,950.564
ATATURK,ATATURK-T,1,-5.6,521997.678,4174758.988,950.501
ATATURK,ATATURK-T,1,-5.5,521997.752,4174759.057,950.496
ATATURK,ATATURK-T,1,-5.4,521997.825,4174759.125,950.492
ATATURK,ATATURK-T,1,-5.3,521997.898,4174759.193,950.488
ATATURK,ATATURK-T,1,-5.2,521997.971,4174759.261,950.484
ATATURK,ATATURK-T,1,-5.1,521998.045,4174759.329,950.481
ATATURK,ATATURK-T,1,-5.0,521998.118,4174759.397,950.477
ATATURK,ATATURK-T,1,-4.9,521998.191,4174759.465,950.473
ATATURK,ATATURK-T,1,-4.8,521998.264,4174759.533,950.469
ATATURK,ATATURK-T,1,-4.7,521998.338,4174759.601,950.465
ATATURK,ATATURK-T,1,-4.6,521998.411,4174759.669,950.461
ATATURK,ATATURK-T,1,-4.5,521998.484,4174759.737,950.457
ATATURK,ATATURK-T,1,-4.4,521998.558,4174759.805,950.453
ATATURK,ATATURK-T,1,-4.3,521998.631,4174759.873,950.449
ATATURK,ATATURK-T,1,-4.2,521998.704,4174759.941,950.445
ATATURK,ATATURK-T,1,-4.1,521998.777,4174760.009,950.442
ATATURK,ATATURK-T,1,-4.0,521998.851,4174760.077,950.438
ATATURK,ATATURK-T,1,-3.9,521998.924,4174760.146,950.434
ATATURK,ATATURK-T,1,-3.8,521998.997,4174760.214,950.43
ATATURK,ATATURK-T,1,-3.7,521999.07,4174760.282,950.426
ATATURK,ATATURK-T,1,-3.6,521999.144,4174760.35,950.422
ATATURK,ATATURK-T,1,-3.5,521999.217,4174760.418,950.418
ATATURK,ATATURK-T,1,-3.4,521999.29,4174760.486,950.414
ATATURK,ATATURK-T,1,-3.3,521999.363,4174760.554,950.41
ATATURK,ATATURK-T,1,-3.2,521999.436,4174760.622,950.413
ATATURK,ATATURK-T,1,-3.1,521999.509,4174760.691,950.417
ATATURK,ATATURK-T,1,-3.0,521999.582,4174760.759,950.42
ATATURK,ATATURK-T,1,-2.9,521999.655,4174760.827,950.424
ATATURK,ATATURK-T,1,-2.8,521999.728,4174760.896,950.427
ATATURK,ATATURK-T,1,-2.7,521999.801,4174760.964,950.431
ATATURK,ATATURK-T,1,-2.6,521999.874,4174761.032,950.434
ATATURK,ATATURK-T,1,-2.5,521999.947,4174761.101,950.437
ATATURK,ATATURK-T,1,-2.4,522000.02,4174761.169,950.441
ATATURK,ATATURK-T,1,-2.3,522000.093,4174761.237,950.444
ATATURK,ATATURK-T,1,-2.2,522000.166,4174761.306,950.448
ATATURK,ATATURK-T,1,-2.1,522000.239,4174761.374,950.451
ATATURK,ATATURK-T,1,-2.0,522000.312,4174761.442,950.455
ATATURK,ATATURK-T,1,-1.9,522000.385,4174761.511,950.458
ATATURK,ATATURK-T,1,-1.8,522000.458,4174761.579,950.462
ATATURK,ATATURK-T,1,-1.7,522000.531,4174761.648,950.465
ATATURK,ATATURK-T,1,-1.6,522000.604,4174761.716,950.469
ATATURK,ATATURK-T,1,-1.5,522000.677,4174761.784,950.472
ATATURK,ATATURK-T,1,-1.4,522000.75,4174761.853,950.476
ATATURK,ATATURK-T,1,-1.3,522000.823,4174761.921,950.479
ATATURK,ATATURK-T,1,-1.2,522000.896,4174761.989,950.483
ATATURK,ATATURK-T,1,-1.1,522000.969,4174762.058,950.486
ATATURK,ATATURK-T,1,-1.0,522001.042,4174762.126,950.49
ATATURK,ATATURK-T,1,-0.9,522001.115,4174762.194,950.493
ATATURK,ATATURK-T,1,-0.8,522001.188,4174762.263,950.497
ATATURK,ATATURK-T,1,-0.7,522001.261,4174762.331,950.501
ATATURK,ATATURK-T,1,-0.6,522001.334,4174762.399,950.541
ATATURK,ATATURK-T,1,-0.5,522001.407,4174762.468,950.581
ATATURK,ATATURK-T,1,-0.4,522001.48,4174762.536,950.622
ATATURK,ATATURK-T,1,-0.3,522001.553,4174762.604,950.662
ATATURK,ATATURK-T,1,-0.2,522001.627,4174762.672,950.703
ATATURK,ATATURK-T,1,-0.1,522001.7,4174762.741,950.743
ATATURK,ATATURK-T,1,0.0,522001.773,4174762.809,950.784
ATATURK,ATATURK-T,1,0.1,522001.846,4174762.877,950.824
ATATURK,ATATURK-T,1,0.2,522001.919,4174762.945,950.864
ATATURK,ATATURK-T,1,0.3,522001.992,4174763.014,950.905
ATATURK,ATATURK-T,1,0.4,522002.065,4174763.082,950.945
ATATURK,ATATURK-T,1,0.5,522002.138,4174763.15,950.986
ATATURK,ATATURK-T,1,0.6,522002.211,4174763.219,951.026
ATATURK,ATATURK-T,1,0.7,522002.284,4174763.287,951.066
ATATURK,ATATURK-T,1,0.8,522002.357,4174763.355,951.107
ATATURK,ATATURK-T,1,0.9,522002.43,4174763.423,951.147
ATATURK,ATATURK-T,1,1.0,522002.503,4174763.492,951.188
ATATURK,ATATURK-T,1,1.1,522002.577,4174763.56,951.228
ATATURK,ATATURK-T,1,1.2,522002.65,4174763.628,951.268
ATATURK,ATATURK-T,1,1.3,522002.723,4174763.696,951.309
ATATURK,ATATURK-T,1,1.4,522002.796,4174763.765,951.349
ATATURK,ATATURK-T,1,1.5,522002.869,4174763.833,951.39
ATATURK,ATATURK-T,1,1.6,522002.942,4174763.901,951.43
ATATURK,ATATURK-T,1,1.7,522003.015,4174763.969,951.47
ATATURK,ATATURK-T,1,1.8,522003.088,4174764.038,951.511
ATATURK,ATATURK-T,1,1.9,522003.161,4174764.106,951.551
ATATURK,ATATURK-T,1,2.0,522003.234,4174764.174,951.592
ATATURK,ATATURK-T,1,2.1,522003.307,4174764.242,951.632
ATATURK,ATATURK-T,1,2.2,522003.38,4174764.311,951.672
ATATURK,ATATURK-T,1,2.3,522003.453,4174764.379,951.713
ATATURK,ATATURK-T,1,2.4,522003.527,4174764.447,951.753
ATATURK,ATATURK-T,1,2.5,522003.6,4174764.516,951.794
ATATURK,ATATURK-T,1,2.6,522003.673,4174764.584,951.834
ATATURK,ATATURK-T,1,2.7,522003.746,4174764.652,951.875
ATATURK,ATATURK-T,1,2.8,522003.819,4174764.72,951.915
ATATURK,ATATURK-T,1,2.9,522003.892,4174764.789,951.955
ATATURK,ATATURK-T,1,3.0,522003.965,4174764.857,951.996
ATATURK,ATATURK-T,1,3.1,522004.038,4174764.925,952.036
ATATURK,ATATURK-T,1,3.2,522004.111,4174764.993,952.077
ATATURK,ATATURK-T,1,3.3,522004.184,4174765.062,952.117
ATATURK,ATATURK-T,1,3.4,522004.257,4174765.13,952.157
ATATURK,ATATURK-T,1,3.5,522004.33,4174765.198,952.198
ATATURK,ATATURK-T,1,3.6,522004.403,4174765.266,952.238
ATATURK,ATATURK-T,1,3.7,522004.477,4174765.335,952.279
ATATURK,ATATURK-T,1,3.8,522004.55,4174765.403,952.319
ATATURK,ATATURK-T,1,3.9,522004.623,4174765.471,952.359
ATATURK,ATATURK-T,1,4.0,522004.696,4174765.539,952.4
ATATURK,ATATURK-T,1,4.1,522004.769,4174765.608,952.44
ATATURK,ATATURK-T,1,4.2,522004.842,4174765.676,952.481
ATATURK,ATATURK-T,1,4.3,522004.915,4174765.744,952.521
ATATURK,ATATURK-T,1,4.4,522004.988,4174765.812,952.561
ATATURK,ATATURK-T,1,4.5,522005.061,4174765.881,952.602
ATATURK,ATATURK-T,1,4.6,522005.134,4174765.949,952.642
ATATURK,ATATURK-T,1,4.7,522005.207,4174766.017,952.683
ATATURK,ATATURK-T,1,4.8,522005.28,4174766.086,952.723
ATATURK,ATATURK-T,1,4.9,522005.353,4174766.154,952.763
ATATURK,ATATURK-T,1,5.0,522005.427,4174766.222,952.804
ATATURK,ATATURK-T,1,5.1,522005.5,4174766.29,952.844
ATATURK,ATATURK-T,1,5.2,522005.573,4174766.359,952.906
ATATURK,ATATURK-T,1,5.3,522005.646,4174766.427,952.97
ATATURK,ATATURK-T,1,5.4,522005.719,4174766.495,953.035
ATATURK,ATATURK-T,1,5.5,522005.792,4174766.563,953.1
ATATURK,ATATURK-T,1,5.6,522005.865,4174766.631,953.165
ATATURK,ATATURK-T,1,5.7,522005.938,4174766.7,953.23
ATATURK,ATATURK-T,1,5.8,522006.012,4174766.768,953.295
ATATURK,ATATURK-T,1,5.9,522006.085,4174766.836,953.359
ATATURK,ATATURK-T,1,6.0,522006.158,4174766.904,953.424
ATATURK,ATATURK-T,1,6.1,522006.231,4174766.972,953.489
ATATURK,ATATURK-T,1,6.2,522006.304,4174767.041,953.554
ATATURK,ATATURK-T,1,6.3,522006.377,4174767.109,953.619
ATATURK,ATATURK-T,1,6.4,522006.45,4174767.177,953.684
ATATURK,ATATURK-T,1,6.5,522006.523,4174767.245,953.748
ATATURK,ATATURK-T,1,6.6,522006.597,4174767.313,953.813
ATATURK,ATATURK-T,1,6.7,522006.67,4174767.382,953.878
ATATURK,ATATURK-T,1,6.8,522006.743,4174767.45,953.943
ATATURK,ATATURK-T,1,6.9,522006.816,4174767.518,954.008
ATATURK,ATATURK-T,1,7.0,522006.889,4174767.586,954.073
ATATURK,ATATURK-T,1,7.1,522006.962,4174767.654,954.137
ATATURK,ATATURK-T,1,7.2,522007.035,4174767.723,954.202
ATATURK,ATATURK-T,1,7.3,522007.109,4174767.791,954.267
ATATURK,ATATURK-T,1,7.4,522007.182,4174767.859,954.332
ATATURK,ATATURK-T,1,7.5,522007.255,4174767.927,954.397
ATATURK,ATATURK-T,1,7.6,522007.328,4174767.995,954.462
ATATURK,ATATURK-T,1,7.7,522007.401,4174768.064,954.526
ATATURK,ATATURK-T,1,7.8,522007.474,4174768.132,954.591
ATATURK,ATATURK-T,1,7.9,522007.547,4174768.2,954.656
ATATURK,ATATURK-T,1,8.0,522007.62,4174768.268,954.721
ATATURK,ATATURK-T,1,8.1,522007.694,4174768.336,954.786
ATATURK,ATATURK-T,1,8.2,522007.767,4174768.405,954.851
ATATURK,ATATURK-T,1,8.3,522007.84,4174768.473,954.915
ATATURK,ATATURK-T,1,8.4,522007.913,4174768.541,954.98
ATATURK,ATATURK-T,1,8.5,522007.986,4174768.609,955.045
ATATURK,ATATURK-T,1,8.6,522008.059,4174768.677,955.11
ATATURK,ATATURK-T,1,8.7,522008.132,4174768.746,955.175
ATATURK,ATATURK-T,1,8.8,522008.205,4174768.814,955.24
ATATURK,ATATURK-T,1,8.9,522008.279,4174768.882,955.304
ATATURK,ATATURK-T,1,9.0,522008.352,4174768.95,955.346
ATATURK,ATATURK-T,1,9.1,522008.425,4174769.018,955.333
ATATURK,ATATURK-T,1,9.2,522008.498,4174769.087,955.32
ATATURK,ATATURK-T,1,9.3,522008.571,4174769.155,955.307
ATATURK,ATATURK-T,1,9.4,522008.644,4174769.223,955.294
ATATURK,ATATURK-T,1,9.5,522008.718,4174769.291,955.281
ATATURK,ATATURK-T,1,9.6,522008.791,4174769.359,955.268
ATATURK,ATATURK-T,1,9.7,522008.864,4174769.428,955.255
ATATURK,ATATURK-T,1,9.8,522008.937,4174769.496,955.242
ATATURK,ATATURK-T,1,9.9,522009.01,4174769.564,955.229
ATATURK,ATATURK-T,1,10.0,522009.083,4174769.632,955.216
ATATURK,ATATURK-T,1,10.1,522009.156,4174769.7,955.203
ATATURK,ATATURK-T,1,10.2,522009.23,4174769.769,955.19
ATATURK,ATATURK-T,1,10.3,522009.303,4174769.837,955.176
ATATURK,ATATURK-T,1,10.4,522009.376,4174769.905,955.163
ATATURK,ATATURK-T,1,10.5,522009.449,4174769.973,955.15
ATATURK,ATATURK-T,1,10.6,522009.522,4174770.041,955.137
ATATURK,ATATURK-T,1,10.7,522009.595,4174770.109,955.124
ATATURK,ATATURK-T,1,10.8,522009.668,4174770.178,955.111
ATATURK,ATATURK-T,1,10.9,522009.742,4174770.246,955.098
ATATURK,ATATURK-T,1,11.0,522009.815,4174770.314,955.085
ATATURK,ATATURK-T,1,11.1,522009.888,4174770.382,955.072
ATATURK,ATATURK-T,1,11.2,522009.961,4174770.45,955.059
ATATURK,ATATURK-T,1,11.3,522010.034,4174770.519,955.046
ATATURK,ATATURK-T,1,11.4,522010.107,4174770.587,955.033
ATATURK,ATATURK-T,1,11.5,522010.18,4174770.655,955.02
ATATURK,ATATURK-T,1,11.6,522010.254,4174770.723,955.007
ATATURK,ATATURK-T,1,11.7,522010.327,4174770.791,954.994
ATATURK,ATATURK-T,1,11.8,522010.4,4174770.859,954.981
ATATURK,ATATURK-T,1,11.9,522010.473,4174770.928,954.968
ATATURK,ATATURK-T,1,12.0,522010.546,4174770.996,954.955
ATATURK,ATATURK-T,1,12.1,522010.619,4174771.064,954.942
ATATURK,ATATURK-T,1,12.2,522010.693,4174771.132,954.929
ATATURK,ATATURK-T,1,12.3,522010.766,4174771.2,954.915
ATATURK,ATATURK-T,1,12.4,522010.839,4174771.269,954.902
ATATURK,ATATURK-T,1,12.5,522010.912,4174771.337,954.889
ATATURK,ATATURK-T,1,12.6,522010.985,4174771.405,954.876
ATATURK,ATATURK-T,1,12.7,522011.058,4174771.473,954.863
ATATURK,ATATURK-T,1,12.8,522011.131,4174771.541,954.85
ATATURK,ATATURK-T,1,12.9,522011.205,4174771.61,954.837
ATATURK,ATATURK-T,1,13.0,522011.278,4174771.678,954.824
ATATURK,ATATURK-T,1,13.1,522011.351,4174771.746,954.811
ATATURK,ATATURK-T,1,13.2,522011.424,4174771.814,954.798
ATATURK,ATATURK-T,1,13.3,522011.497,4174771.882,954.785
ATATURK,ATATURK-T,1,13.4,522011.57,4174771.95,954.772
ATATURK,ATATURK-T,1,13.5,522011.643,4174772.019,954.759
ATATURK,ATATURK-T,1,13.6,522011.717,4174772.087,954.746
ATATURK,ATATURK-T,1,13.7,522011.79,4174772.155,954.733
ATATURK,ATATURK-T,1,13.8,522011.863,4174772.223,954.72
ATATURK,ATATURK-T,1,13.9,522011.936,4174772.291,954.707
ATATURK,ATATURK-T,1,14.0,522012.009,4174772.36,954.694
ATATURK,ATATURK-T,1,14.1,522012.082,4174772.428,954.681
ATATURK,ATATURK-T,1,14.2,522012.155,4174772.496,954.668
ATATURK,ATATURK-T,1,14.3,522012.229,4174772.564,954.655
ATATURK,ATATURK-T,1,14.4,522012.302,4174772.632,954.641
ATATURK,ATATURK-T,1,14.5,522012.375,4174772.701,954.633
ATATURK,ATATURK-T,1,14.6,522012.448,4174772.769,954.626
ATATURK,ATATURK-T,1,14.7,522012.521,4174772.837,954.618
ATATURK,ATATURK-T,1,14.8,522012.594,4174772.905,954.611
ATATURK,ATATURK-T,1,14.9,522012.667,4174772.974,954.603
ATATURK,ATATURK-T,1,15.0,522012.74,4174773.042,954.596
ATATURK,ATATURK-T,1,15.1,522012.813,4174773.11,954.588
ATATURK,ATATURK-T,1,15.2,522012.886,4174773.179,954.581
ATATURK,ATATURK-T,1,15.3,522012.959,4174773.247,954.573
ATATURK,ATATURK-T,1,15.4,522013.032,4174773.315,954.566
ATATURK,ATATURK-T,1,15.5,522013.105,4174773.383,954.558
ATATURK,ATATURK-T,1,15.6,522013.179,4174773.452,954.551
ATATURK,ATATURK-T,1,15.7,522013.252,4174773.52,954.543
ATATURK,ATATURK-T,1,15.8,522013.325,4174773.588,954.536
ATATURK,ATATURK-T,1,15.9,522013.398,4174773.656,954.528
ATATURK,ATATURK-T,1,16.0,522013.471,4174773.725,954.521
ATATURK,ATATURK-T,1,16.1,522013.544,4174773.793,954.513
ATATURK,ATATURK-T,1,16.2,522013.617,4174773.861,954.506
ATATURK,ATATURK-T,1,16.3,522013.69,4174773.93,954.498
ATATURK,ATATURK-T,1,16.4,522013.763,4174773.998,954.491
ATATURK,ATATURK-T,1,16.5,522013.836,4174774.066,954.483
ATATURK,ATATURK-T,1,16.6,522013.909,4174774.134,954.476
ATATURK,ATATURK-T,1,16.7,522013.982,4174774.203,954.468
ATATURK,ATATURK-T,1,16.8,522014.055,4174774.271,954.461
ATATURK,ATATURK-T,1,16.9,522014.128,4174774.339,954.453
ATATURK,ATATURK-T,1,17.0,522014.201,4174774.408,954.446
ATATURK,ATATURK-T,1,17.1,522014.274,4174774.476,954.438
ATATURK,ATATURK-T,1,17.2,522014.348,4174774.544,954.431
ATATURK,ATATURK-T,1,17.3,522014.421,4174774.612,954.423
ATATURK,ATATURK-T,1,17.4,522014.494,4174774.681,954.416
ATATURK,ATATURK-T,1,17.5,522014.567,4174774.749,954.408
ATATURK,ATATURK-T,1,17.6,522014.64,4174774.817,954.401
ATATURK,ATATURK-T,1,17.7,522014.713,4174774.885,954.393
ATATURK,ATATURK-T,1,17.8,522014.786,4174774.954,954.386
ATATURK,ATATURK-T,1,17.9,522014.859,4174775.022,954.378
ATATURK,ATATURK-T,1,18.0,522014.932,4174775.09,954.371
ATATURK,ATATURK-T,1,18.1,522015.005,4174775.159,954.363
ATATURK,ATATURK-T,1,18.2,522015.078,4174775.227,954.356
ATATURK,ATATURK-T,1,18.3,522015.151,4174775.295,954.348
ATATURK,ATATURK-T,1,18.4,522015.224,4174775.363,954.341
ATATURK,ATATURK-T,1,18.5,522015.297,4174775.432,954.333
ATATURK,ATATURK-T,1,18.6,522015.37,4174775.5,954.326
ATATURK,ATATURK-T,1,18.7,522015.443,4174775.568,954.318
ATATURK,ATATURK-T,1,18.8,522015.517,4174775.637,954.311
ATATURK,ATATURK-T,1,18.9,522015.59,4174775.705,954.303
ATATURK,ATATURK-T,1,19.0,522015.663,4174775.773,954.296
ATATURK,ATATURK-T,1,19.1,522015.736,4174775.841,954.288
ATATURK,ATATURK-T,1,19.2,522015.809,4174775.91,954.281
ATATURK,ATATURK-T,1,19.3,522015.882,4174775.978,954.273
ATATURK,ATATURK-T,1,19.4,522015.955,4174776.046,954.266
ATATURK,ATATURK-T,1,19.5,522016.028,4174776.114,954.258
ATATURK,ATATURK-T,1,19.6,522016.101,4174776.183,954.251
ATATURK,ATATURK-T,1,19.7,522016.174,4174776.251,954.243
ATATURK,ATATURK-T,1,19.8,522016.247,4174776.319,954.236
ATATURK,ATATURK-T,1,19.9,522016.32,4174776.388,954.228
ATATURK,ATATURK-T,1,20.0,522016.393,4174776.456,954.221
ATATURK,ATATURK-T,1,20.1,522016.466,4174776.524,954.213
ATATURK,ATATURK-T,1,20.2,522016.539,4174776.592,954.206
ATATURK,ATATURK-T,1,20.3,522016.613,4174776.661,954.198
ATATURK,ATATURK-T,1,20.4,522016.686,4174776.729,954.191
ATATURK,ATATURK-T,1,20.5,522016.759,4174776.797,954.183
ATATURK,ATATURK-T,1,20.6,522016.832,4174776.866,954.176
ATATURK,ATATURK-T,1,20.7,522016.905,4174776.934,954.169
ATATURK,ATATURK-T,1,20.8,522016.978,4174777.002,954.166
ATATURK,ATATURK-T,1,20.9,522017.051,4174777.07,954.162
ATATURK,ATATURK-T,1,21.0,522017.124,4174777.139,954.158
ATATURK,ATATURK-T,1,21.1,522017.197,4174777.207,954.154
ATATURK,ATATURK-T,1,21.2,522017.27,4174777.275,954.151
ATATURK,ATATURK-T,1,21.3,522017.343,4174777.343,954.147
ATATURK,ATATURK-T,1,21.4,522017.416,4174777.412,954.143
ATATURK,ATATURK-T,1,21.5,522017.489,4174777.48,954.14
ATATURK,ATATURK-T,1,21.6,522017.562,4174777.548,954.136
ATATURK,ATATURK-T,1,21.7,522017.636,4174777.616,954.132
ATATURK,ATATURK-T,1,21.8,522017.709,4174777.685,954.129
ATATURK,ATATURK-T,1,21.9,522017.782,4174777.753,954.125
ATATURK,ATATURK-T,1,22.0,522017.855,4174777.821,954.121
ATATURK,ATATURK-T,1,22.1,522017.928,4174777.889,954.118
ATATURK,ATATURK-T,1,22.2,522018.001,4174777.958,954.114
ATATURK,ATATURK-T,1,22.3,522018.074,4174778.026,954.11
ATATURK,ATATURK-T,1,22.4,522018.147,4174778.094,954.106
ATATURK,ATATURK-T,1,22.5,522018.22,4174778.162,954.103
ATATURK,ATATURK-T,1,22.6,522018.293,4174778.231,954.099
ATATURK,ATATURK-T,1,22.7,522018.366,4174778.299,954.095
ATATURK,ATATURK-T,1,22.8,522018.439,4174778.367,954.092
ATATURK,ATATURK-T,1,22.9,522018.512,4174778.436,954.088
ATATURK,ATATURK-T,1,23.0,522018.586,4174778.504,954.084
ATATURK,ATATURK-T,1,23.1,522018.659,4174778.572,954.081
ATATURK,ATATURK-T,1,23.2,522018.732,4174778.64,954.077
ATATURK,ATATURK-T,1,23.3,522018.805,4174778.709,954.073
ATATURK,ATATURK-T,1,23.4,522018.878,4174778.777,954.07
ATATURK,ATATURK-T,1,23.5,522018.951,4174778.845,954.066
ATATURK,ATATURK-T,1,23.6,522019.024,4174778.913,954.062
ATATURK,ATATURK-T,1,23.7,522019.097,4174778.982,954.058
ATATURK,ATATURK-T,1,23.8,522019.17,4174779.05,954.055
ATATURK,ATATURK-T,1,23.9,522019.243,4174779.118,954.051
ATATURK,ATATURK-T,1,24.0,522019.316,4174779.186,954.047
ATATURK,ATATURK-T,1,24.1,522019.389,4174779.255,954.044
ATATURK,ATATURK-T,1,24.2,522019.463,4174779.323,954.04
ATATURK,ATATURK-T,1,24.3,522019.536,4174779.391,954.036
ATATURK,ATATURK-T,1,24.4,522019.609,4174779.459,954.033
ATATURK,ATATURK-T,1,24.5,522019.682,4174779.528,954.029
ATATURK,ATATURK-T,1,24.6,522019.755,4174779.596,954.025
ATATURK,ATATURK-T,1,24.7,522019.828,4174779.664,954.021
ATATURK,ATATURK-T,1,24.8,522019.901,4174779.732,954.018
ATATURK,ATATURK-T,1,24.9,522019.974,4174779.801,954.014
ATATURK,ATATURK-T,1,25.0,522020.047,4174779.869,954.01
ATATURK,ATATURK-T,1,25.1,522020.12,4174779.937,954.007
ATATURK,ATATURK-T,1,25.2,522020.193,4174780.006,954.003
ATATURK,ATATURK-T,1,25.3,522020.266,4174780.074,953.999
ATATURK,ATATURK-T,1,25.4,522020.339,4174780.142,953.996
ATATURK,ATATURK-T,1,25.5,522020.413,4174780.21,953.992
ATATURK,ATATURK-T,1,25.6,522020.486,4174780.279,953.988
ATATURK,ATATURK-T,1,25.7,522020.559,4174780.347,953.985
ATATURK,ATATURK-T,1,25.8,522020.632,4174780.415,953.981
ATATURK,ATATURK-T,1,25.9,522020.705,4174780.483,953.977
ATATURK,ATATURK-T,1,26.0,522020.778,4174780.552,953.973
ATATURK,ATATURK-T,1,26.1,522020.851,4174780.62,953.97
ATATURK,ATATURK-T,1,26.2,522020.924,4174780.688,953.966
ATATURK,ATATURK-T,1,26.3,522020.997,4174780.756,953.962
ATATURK,ATATURK-T,1,26.4,522021.07,4174780.825,953.959
ATATURK,ATATURK-T,1,26.5,522021.143,4174780.893,953.955
ATATURK,ATATURK-T,1,26.6,522021.216,4174780.961,953.951
ATATURK,ATATURK-T,1,26.7,522021.289,4174781.029,953.948
ATATURK,ATATURK-T,1,26.8,522021.363,4174781.098,953.944
ATATURK,ATATURK-T,1,26.9,522021.436,4174781.166,953.94
ATATURK,ATATURK-T,2,-17.1,521968.575,4174764.586,953.02
ATATURK,ATATURK-T,2,-17.0,521968.634,4174764.667,953.02
ATATURK,ATATURK-T,2,-16.9,521968.694,4174764.747,953.02
ATATURK,ATATURK-T,2,-16.8,521968.754,4174764.827,953.02
ATATURK,ATATURK-T,2,-16.7,521968.813,4174764.907,953.02
ATATURK,ATATURK-T,2,-16.6,521968.873,4174764.988,953.02
ATATURK,ATATURK-T,2,-16.5,521968.933,4174765.068,953.02
ATATURK,ATATURK-T,2,-16.4,521968.992,4174765.148,953.02
ATATURK,ATATURK-T,2,-16.3,521969.052,4174765.228,953.02
ATATURK,ATATURK-T,2,-16.2,521969.112,4174765.309,953.02
ATATURK,ATATURK-T,2,-16.1,521969.171,4174765.389,953.02
ATATURK,ATATURK-T,2,-16.0,521969.231,4174765.469,953.02
ATATURK,ATATURK-T,2,-15.9,521969.291,4174765.549,953.02
ATATURK,ATATURK-T,2,-15.8,521969.35,4174765.63,953.02
ATATURK,ATATURK-T,2,-15.7,521969.41,4174765.71,953.02
ATATURK,ATATURK-T,2,-15.6,521969.47,4174765.79,953.02
ATATURK,ATATURK-T,2,-15.5,521969.529,4174765.87,953.02
ATATURK,ATATURK-T,2,-15.4,521969.589,4174765.951,953.02
ATATURK,ATATURK-T,2,-15.3,521969.649,4174766.031,953.02
ATATURK,ATATURK-T,2,-15.2,521969.708,4174766.111,953.02
ATATURK,ATATURK-T,2,-15.1,521969.768,4174766.191,953.02
ATATURK,ATATURK-T,2,-15.0,521969.828,4174766.272,953.02
ATATURK,ATATURK-T,2,-14.9,521969.887,4174766.352,953.02
ATATURK,ATATURK-T,2,-14.8,521969.947,4174766.432,953.02
ATATURK,ATATURK-T,2,-14.7,521970.007,4174766.512,953.02
ATATURK,ATATURK-T,2,-14.6,521970.067,4174766.593,953.02
ATATURK,ATATURK-T,2,-14.5,521970.126,4174766.673,953.02
ATATURK,ATATURK-T,2,-14.4,521970.186,4174766.753,953.02
ATATURK,ATATURK-T,2,-14.3,521970.246,4174766.833,953.02
ATATURK,ATATURK-T,2,-14.2,521970.305,4174766.914,953.02
ATATURK,ATATURK-T,2,-14.1,521970.365,4174766.994,953.02
ATATURK,ATATURK-T,2,-14.0,521970.425,4174767.074,953.02
ATATURK,ATATURK-T,2,-13.9,521970.484,4174767.154,953.02
ATATURK,ATATURK-T,2,-13.8,521970.544,4174767.235,953.02
ATATURK,ATATURK-T,2,-13.7,521970.604,4174767.315,953.02
ATATURK,ATATURK-T,2,-13.6,521970.663,4174767.395,953.02
ATATURK,ATATURK-T,2,-13.5,521970.723,4174767.475,953.02
ATATURK,ATATURK-T,2,-13.4,521970.783,4174767.555,953.02
ATATURK,ATATURK-T,2,-13.3,521970.842,4174767.636,953.02
ATATURK,ATATURK-T,2,-13.2,521970.902,4174767.716,953.02
ATATURK,ATATURK-T,2,-13.1,521970.962,4174767.796,953.02
ATATURK,ATATURK-T,2,-13.0,521971.022,4174767.876,953.02
ATATURK,ATATURK-T,2,-12.9,521971.082,4174767.956,953.02
ATATURK,ATATURK-T,2,-12.8,521971.141,4174768.036,953.02
ATATURK,ATATURK-T,2,-12.7,521971.201,4174768.116,953.02
ATATURK,ATATURK-T,2,-12.6,521971.261,4174768.197,953.02
ATATURK,ATATURK-T,2,-12.5,521971.321,4174768.277,953.02
ATATURK,ATATURK-T,2,-12.4,521971.381,4174768.357,953.02
ATATURK,ATATURK-T,2,-12.3,521971.441,4174768.437,953.02
ATATURK,ATATURK-T,2,-12.2,521971.501,4174768.517,953.02
ATATURK,ATATURK-T,2,-12.1,521971.56,4174768.597,953.02
ATATURK,ATATURK-T,2,-12.0,521971.62,4174768.677,953.02
ATATURK,ATATURK-T,2,-11.9,521971.68,4174768.757,953.02
ATATURK,ATATURK-T,2,-11.8,521971.74,4174768.837,953.02
ATATURK,ATATURK-T,2,-11.7,521971.8,4174768.917,953.02
ATATURK,ATATURK-T,2,-11.6,521971.86,4174768.998,953.02
ATATURK,ATATURK-T,2,-11.5,521971.92,4174769.078,953.02
ATATURK,ATATURK-T,2,-11.4,521971.979,4174769.158,953.02
ATATURK,ATATURK-T,2,-11.3,521972.039,4174769.238,953.02
ATATURK,ATATURK-T,2,-11.2,521972.099,4174769.318,953.02
ATATURK,ATATURK-T,2,-11.1,521972.159,4174769.398,953.02
ATATURK,ATATURK-T,2,-11.0,521972.219,4174769.478,953.02
ATATURK,ATATURK-T,2,-10.9,521972.279,4174769.558,953.02
ATATURK,ATATURK-T,2,-10.8,521972.339,4174769.638,953.02
ATATURK,ATATURK-T,2,-10.7,521972.399,4174769.718,953.02
ATATURK,ATATURK-T,2,-10.6,521972.458,4174769.799,953.02
ATATURK,ATATURK-T,2,-10.5,521972.518,4174769.879,953.02
ATATURK,ATATURK-T,2,-10.4,521972.578,4174769.959,953.02
ATATURK,ATATURK-T,2,-10.3,521972.638,4174770.039,953.02
ATATURK,ATATURK-T,2,-10.2,521972.698,4174770.119,953.02
ATATURK,ATATURK-T,2,-10.1,521972.758,4174770.199,953.02
ATATURK,ATATURK-T,2,-10.0,521972.818,4174770.279,953.02
ATATURK,ATATURK-T,2,-9.9,521972.877,4174770.359,953.02
ATATURK,ATATURK-T,2,-9.8,521972.937,4174770.439,953.02
ATATURK,ATATURK-T,2,-9.7,521972.997,4174770.519,953.02
ATATURK,ATATURK-T,2,-9.6,521973.057,4174770.6,953.016
ATATURK,ATATURK-T,2,-9.5,521973.117,4174770.68,953.009
ATATURK,ATATURK-T,2,-9.4,521973.176,4174770.76,953.002
ATATURK,ATATURK-T,2,-9.3,521973.236,4174770.841,952.996
ATATURK,ATATURK-T,2,-9.2,521973.295,4174770.921,952.989
ATATURK,ATATURK-T,2,-9.1,521973.355,4174771.001,952.982
ATATURK,ATATURK-T,2,-9.0,521973.415,4174771.081,952.976
ATATURK,ATATURK-T,2,-8.9,521973.474,4174771.162,952.969
ATATURK,ATATURK-T,2,-8.8,521973.534,4174771.242,952.962
ATATURK,ATATURK-T,2,-8.7,521973.594,4174771.322,952.956
ATATURK,ATATURK-T,2,-8.6,521973.653,4174771.402,952.949
ATATURK,ATATURK-T,2,-8.5,521973.713,4174771.483,952.942
ATATURK,ATATURK-T,2,-8.4,521973.772,4174771.563,952.936
ATATURK,ATATURK-T,2,-8.3,521973.832,4174771.643,952.929
ATATURK,ATATURK-T,2,-8.2,521973.892,4174771.724,952.922
ATATURK,ATATURK-T,2,-8.1,521973.951,4174771.804,952.916
ATATURK,ATATURK-T,2,-8.0,521974.011,4174771.884,952.909
ATATURK,ATATURK-T,2,-7.9,521974.071,4174771.964,952.902
ATATURK,ATATURK-T,2,-7.8,521974.13,4174772.045,952.895
ATATURK,ATATURK-T,2,-7.7,521974.19,4174772.125,952.889
ATATURK,ATATURK-T,2,-7.6,521974.249,4174772.205,952.882
ATATURK,ATATURK-T,2,-7.5,521974.309,4174772.286,952.875
ATATURK,ATATURK-T,2,-7.4,521974.369,4174772.366,952.869
ATATURK,ATATURK-T,2,-7.3,521974.428,4174772.446,952.862
ATATURK,ATATURK-T,2,-7.2,521974.488,4174772.526,952.855
ATATURK,ATATURK-T,2,-7.1,521974.548,4174772.607,952.849
ATATURK,ATATURK-T,2,-7.0,521974.607,4174772.687,952.842
ATATURK,ATATURK-T,2,-6.9,521974.667,4174772.767,952.835
ATATURK,ATATURK-T,2,-6.8,521974.726,4174772.848,952.829
ATATURK,ATATURK-T,2,-6.7,521974.786,4174772.928,952.822
ATATURK,ATATURK-T,2,-6.6,521974.846,4174773.008,952.815
ATATURK,ATATURK-T,2,-6.5,521974.905,4174773.088,952.808
ATATURK,ATATURK-T,2,-6.4,521974.965,4174773.169,952.802
ATATURK,ATATURK-T,2,-6.3,521975.025,4174773.249,952.795
ATATURK,ATATURK-T,2,-6.2,521975.084,4174773.329,952.78
ATATURK,ATATURK-T,2,-6.1,521975.144,4174773.409,952.736
ATATURK,ATATURK-T,2,-6.0,521975.203,4174773.49,952.692
ATATURK,ATATURK-T,2,-5.9,521975.263,4174773.57,952.649
ATATURK,ATATURK-T,2,-5.8,521975.323,4174773.65,952.605
ATATURK,ATATURK-T,2,-5.7,521975.382,4174773.731,952.562
ATATURK,ATATURK-T,2,-5.6,521975.442,4174773.811,952.518
ATATURK,ATATURK-T,2,-5.5,521975.501,4174773.891,952.474
ATATURK,ATATURK-T,2,-5.4,521975.561,4174773.972,952.431
ATATURK,ATATURK-T,2,-5.3,521975.62,4174774.052,952.387
ATATURK,ATATURK-T,2,-5.2,521975.68,4174774.132,952.343
ATATURK,ATATURK-T,2,-5.1,521975.74,4174774.213,952.3
ATATURK,ATATURK-T,2,-5.0,521975.799,4174774.293,952.256
ATATURK,ATATURK-T,2,-4.9,521975.859,4174774.373,952.213
ATATURK,ATATURK-T,2,-4.8,521975.918,4174774.454,952.169
ATATURK,ATATURK-T,2,-4.7,521975.978,4174774.534,952.125
ATATURK,ATATURK-T,2,-4.6,521976.037,4174774.614,952.082
ATATURK,ATATURK-T,2,-4.5,521976.097,4174774.695,952.038
ATATURK,ATATURK-T,2,-4.4,521976.157,4174774.775,951.994
ATATURK,ATATURK-T,2,-4.3,521976.216,4174774.855,951.963
ATATURK,ATATURK-T,2,-4.2,521976.276,4174774.935,951.946
ATATURK,ATATURK-T,2,-4.1,521976.336,4174775.015,951.929
ATATURK,ATATURK-T,2,-4.0,521976.396,4174775.096,951.913
ATATURK,ATATURK-T,2,-3.9,521976.455,4174775.176,951.896
ATATURK,ATATURK-T,2,-3.8,521976.515,4174775.256,951.879
ATATURK,ATATURK-T,2,-3.7,521976.575,4174775.336,951.863
ATATURK,ATATURK-T,2,-3.6,521976.635,4174775.416,951.846
ATATURK,ATATURK-T,2,-3.5,521976.695,4174775.496,951.83
ATATURK,ATATURK-T,2,-3.4,521976.754,4174775.576,951.813
ATATURK,ATATURK-T,2,-3.3,521976.814,4174775.657,951.796
ATATURK,ATATURK-T,2,-3.2,521976.874,4174775.737,951.78
ATATURK,ATATURK-T,2,-3.1,521976.934,4174775.817,951.763
ATATURK,ATATURK-T,2,-3.0,521976.994,4174775.897,951.746
ATATURK,ATATURK-T,2,-2.9,521977.053,4174775.977,951.73
ATATURK,ATATURK-T,2,-2.8,521977.113,4174776.057,951.713
ATATURK,ATATURK-T,2,-2.7,521977.173,4174776.137,951.7
ATATURK,ATATURK-T,2,-2.6,521977.233,4174776.217,951.7
ATATURK,ATATURK-T,2,-2.5,521977.293,4174776.297,951.7
ATATURK,ATATURK-T,2,-2.4,521977.353,4174776.377,951.7
ATATURK,ATATURK-T,2,-2.3,521977.413,4174776.457,951.7
ATATURK,ATATURK-T,2,-2.2,521977.473,4174776.537,951.7
ATATURK,ATATURK-T,2,-2.1,521977.533,4174776.618,949.47
ATATURK,ATATURK-T,2,-2.0,521977.593,4174776.698,949.47
ATATURK,ATATURK-T,2,-1.9,521977.652,4174776.778,949.47
ATATURK,ATATURK-T,2,-1.8,521977.712,4174776.859,949.47
ATATURK,ATATURK-T,2,-1.7,521977.771,4174776.939,949.47
ATATURK,ATATURK-T,2,-1.6,521977.831,4174777.019,949.47
ATATURK,ATATURK-T,2,-1.5,521977.89,4174777.099,949.47
ATATURK,ATATURK-T,2,-1.4,521977.95,4174777.18,949.47
ATATURK,ATATURK-T,2,-1.3,521978.01,4174777.26,949.47
ATATURK,ATATURK-T,2,-1.2,521978.069,4174777.34,949.47
ATATURK,ATATURK-T,2,-1.1,521978.129,4174777.421,949.47
ATATURK,ATATURK-T,2,-1.0,521978.188,4174777.501,949.47
ATATURK,ATATURK-T,2,-0.9,521978.248,4174777.581,949.47
ATATURK,ATATURK-T,2,-0.8,521978.307,4174777.662,949.47
ATATURK,ATATURK-T,2,-0.7,521978.367,4174777.742,949.47
ATATURK,ATATURK-T,2,-0.6,521978.427,4174777.822,949.47
ATATURK,ATATURK-T,2,-0.5,521978.486,4174777.903,949.47
ATATURK,ATATURK-T,2,-0.4,521978.546,4174777.983,949.47
ATATURK,ATATURK-T,2,-0.3,521978.605,4174778.063,949.47
ATATURK,ATATURK-T,2,-0.2,521978.665,4174778.144,949.47
ATATURK,ATATURK-T,2,-0.1,521978.725,4174778.224,949.47
ATATURK,ATATURK-T,2,0.0,521978.784,4174778.304,949.47
ATATURK,ATATURK-T,2,0.1,521978.844,4174778.384,949.47
ATATURK,ATATURK-T,2,0.2,521978.904,4174778.465,949.47
ATATURK,ATATURK-T,2,0.3,521978.963,4174778.545,949.47
ATATURK,ATATURK-T,2,0.4,521979.023,4174778.625,949.47
ATATURK,ATATURK-T,2,0.5,521979.083,4174778.705,949.47
ATATURK,ATATURK-T,2,0.6,521979.142,4174778.786,949.47
ATATURK,ATATURK-T,2,0.7,521979.202,4174778.866,949.47
ATATURK,ATATURK-T,2,0.8,521979.262,4174778.946,949.47
ATATURK,ATATURK-T,2,0.9,521979.321,4174779.026,949.47
ATATURK,ATATURK-T,2,1.0,521979.381,4174779.107,949.47
ATATURK,ATATURK-T,2,1.1,521979.441,4174779.187,949.47
ATATURK,ATATURK-T,2,1.2,521979.5,4174779.267,949.47
ATATURK,ATATURK-T,2,1.3,521979.56,4174779.347,949.47
ATATURK,ATATURK-T,2,1.4,521979.62,4174779.428,949.47
ATATURK,ATATURK-T,2,1.5,521979.679,4174779.508,949.47
ATATURK,ATATURK-T,2,1.6,521979.739,4174779.588,949.47
ATATURK,ATATURK-T,2,1.7,521979.799,4174779.668,949.47
ATATURK,ATATURK-T,2,1.8,521979.858,4174779.749,949.47
ATATURK,ATATURK-T,2,1.9,521979.918,4174779.829,949.47
ATATURK,ATATURK-T,2,2.0,521979.978,4174779.909,949.47
ATATURK,ATATURK-T,2,2.1,521980.037,4174779.989,949.47
ATATURK,ATATURK-T,2,2.2,521980.097,4174780.069,952.0
ATATURK,ATATURK-T,2,2.3,521980.158,4174780.149,952.0
ATATURK,ATATURK-T,2,2.4,521980.219,4174780.228,952.0
ATATURK,ATATURK-T,2,2.5,521980.279,4174780.308,952.0
ATATURK,ATATURK-T,2,2.6,521980.34,4174780.387,952.0
ATATURK,ATATURK-T,2,2.7,521980.4,4174780.467,952.006
ATATURK,ATATURK-T,2,2.8,521980.46,4174780.547,952.024
ATATURK,ATATURK-T,2,2.9,521980.519,4174780.628,952.043
ATATURK,ATATURK-T,2,3.0,521980.579,4174780.708,952.061
ATATURK,ATATURK-T,2,3.1,521980.639,4174780.788,952.079
ATATURK,ATATURK-T,2,3.2,521980.698,4174780.869,952.097
ATATURK,ATATURK-T,2,3.3,521980.758,4174780.949,952.115
ATATURK,ATATURK-T,2,3.4,521980.817,4174781.029,952.134
ATATURK,ATATURK-T,2,3.5,521980.877,4174781.11,952.152
ATATURK,ATATURK-T,2,3.6,521980.937,4174781.19,952.17
ATATURK,ATATURK-T,2,3.7,521980.996,4174781.27,952.188
ATATURK,ATATURK-T,2,3.8,521981.056,4174781.35,952.206
ATATURK,ATATURK-T,2,3.9,521981.115,4174781.431,952.225
ATATURK,ATATURK-T,2,4.0,521981.175,4174781.511,952.243
ATATURK,ATATURK-T,2,4.1,521981.235,4174781.591,952.261
ATATURK,ATATURK-T,2,4.2,521981.294,4174781.672,952.279
ATATURK,ATATURK-T,2,4.3,521981.354,4174781.752,952.298
ATATURK,ATATURK-T,2,4.4,521981.413,4174781.832,952.316
ATATURK,ATATURK-T,2,4.5,521981.473,4174781.912,952.334
ATATURK,ATATURK-T,2,4.6,521981.533,4174781.993,952.352
ATATURK,ATATURK-T,2,4.7,521981.592,4174782.073,952.37
ATATURK,ATATURK-T,2,4.8,521981.652,4174782.153,952.389
ATATURK,ATATURK-T,2,4.9,521981.711,4174782.234,952.407
ATATURK,ATATURK-T,2,5.0,521981.771,4174782.314,952.425
ATATURK,ATATURK-T,2,5.1,521981.831,4174782.394,952.443
ATATURK,ATATURK-T,2,5.2,521981.89,4174782.475,952.461
ATATURK,ATATURK-T,2,5.3,521981.95,4174782.555,952.48
ATATURK,ATATURK-T,2,5.4,521982.009,4174782.635,952.498
ATATURK,ATATURK-T,2,5.5,521982.069,4174782.715,952.516
ATATURK,ATATURK-T,2,5.6,521982.129,4174782.796,952.534
ATATURK,ATATURK-T,2,5.7,521982.188,4174782.876,952.553
ATATURK,ATATURK-T,2,5.8,521982.248,4174782.956,952.571
ATATURK,ATATURK-T,2,5.9,521982.307,4174783.037,952.589
ATATURK,ATATURK-T,2,6.0,521982.367,4174783.117,952.607
ATATURK,ATATURK-T,2,6.1,521982.427,4174783.197,952.625
ATATURK,ATATURK-T,2,6.2,521982.486,4174783.278,952.644
ATATURK,ATATURK-T,2,6.3,521982.546,4174783.358,952.662
ATATURK,ATATURK-T,2,6.4,521982.605,4174783.438,952.68
ATATURK,ATATURK-T,2,6.5,521982.665,4174783.518,952.698
ATATURK,ATATURK-T,2,6.6,521982.725,4174783.599,952.716
ATATURK,ATATURK-T,2,6.7,521982.784,4174783.679,952.735
ATATURK,ATATURK-T,2,6.8,521982.844,4174783.759,952.753
ATATURK,ATATURK-T,2,6.9,521982.903,4174783.84,952.771
ATATURK,ATATURK-T,2,7.0,521982.963,4174783.92,952.789
ATATURK,ATATURK-T,2,7.1,521983.023,4174784.0,952.807
ATATURK,ATATURK-T,2,7.2,521983.082,4174784.08,952.826
ATATURK,ATATURK-T,2,7.3,521983.142,4174784.161,952.844
ATATURK,ATATURK-T,2,7.4,521983.201,4174784.241,952.862
ATATURK,ATATURK-T,2,7.5,521983.261,4174784.321,952.881
ATATURK,ATATURK-T,2,7.6,521983.321,4174784.402,952.928
ATATURK,ATATURK-T,2,7.7,521983.38,4174784.482,952.974
ATATURK,ATATURK-T,2,7.8,521983.44,4174784.562,953.021
ATATURK,ATATURK-T,2,7.9,521983.5,4174784.642,953.068
ATATURK,ATATURK-T,2,8.0,521983.559,4174784.723,953.115
ATATURK,ATATURK-T,2,8.1,521983.619,4174784.803,953.161
ATATURK,ATATURK-T,2,8.2,521983.679,4174784.883,953.208
ATATURK,ATATURK-T,2,8.3,521983.738,4174784.963,953.255
ATATURK,ATATURK-T,2,8.4,521983.798,4174785.044,953.302
ATATURK,ATATURK-T,2,8.5,521983.858,4174785.124,953.348
ATATURK,ATATURK-T,2,8.6,521983.918,4174785.204,953.395
ATATURK,ATATURK-T,2,8.7,521983.977,4174785.284,953.442
ATATURK,ATATURK-T,2,8.8,521984.037,4174785.364,953.489
ATATURK,ATATURK-T,2,8.9,521984.097,4174785.445,953.535
ATATURK,ATATURK-T,2,9.0,521984.156,4174785.525,953.582
ATATURK,ATATURK-T,2,9.1,521984.216,4174785.605,953.629
ATATURK,ATATURK-T,2,9.2,521984.276,4174785.685,953.676
ATATURK,ATATURK-T,2,9.3,521984.335,4174785.766,953.722
ATATURK,ATATURK-T,2,9.4,521984.395,4174785.846,953.769
ATATURK,ATATURK-T,2,9.5,521984.455,4174785.926,953.816
ATATURK,ATATURK-T,2,9.6,521984.514,4174786.006,953.863
ATATURK,ATATURK-T,2,9.7,521984.574,4174786.087,953.909
ATATURK,ATATURK-T,2,9.8,521984.634,4174786.167,953.956
ATATURK,ATATURK-T,2,9.9,521984.693,4174786.247,954.003
ATATURK,ATATURK-T,2,10.0,521984.753,4174786.327,954.05
ATATURK,ATATURK-T,2,10.1,521984.813,4174786.408,954.096
ATATURK,ATATURK-T,2,10.2,521984.872,4174786.488,954.143
ATATURK,ATATURK-T,2,10.3,521984.932,4174786.568,954.19
ATATURK,ATATURK-T,2,10.4,521984.992,4174786.648,954.237
ATATURK,ATATURK-T,2,10.5,521985.051,4174786.729,954.283
ATATURK,ATATURK-T,2,10.6,521985.111,4174786.809,954.33
ATATURK,ATATURK-T,2,10.7,521985.171,4174786.889,954.377
ATATURK,ATATURK-T,2,10.8,521985.231,4174786.969,954.424
ATATURK,ATATURK-T,2,10.9,521985.29,4174787.049,954.47
ATATURK,ATATURK-T,2,11.0,521985.35,4174787.13,954.517
ATATURK,ATATURK-T,2,11.1,521985.41,4174787.21,954.564
ATATURK,ATATURK-T,2,11.2,521985.469,4174787.29,954.611
ATATURK,ATATURK-T,2,11.3,521985.529,4174787.37,954.657
ATATURK,ATATURK-T,2,11.4,521985.589,4174787.451,954.704
ATATURK,ATATURK-T,2,11.5,521985.648,4174787.531,954.751
ATATURK,ATATURK-T,2,11.6,521985.708,4174787.611,954.798
ATATURK,ATATURK-T,2,11.7,521985.768,4174787.691,954.844
ATATURK,ATATURK-T,2,11.8,521985.827,4174787.772,954.891
ATATURK,ATATURK-T,2,11.9,521985.887,4174787.852,954.938
ATATURK,ATATURK-T,2,12.0,521985.947,4174787.932,954.985
ATATURK,ATATURK-T,2,12.1,521986.006,4174788.012,955.031
ATATURK,ATATURK-T,2,12.2,521986.066,4174788.093,955.078
ATATURK,ATATURK-T,2,12.3,521986.126,4174788.173,955.125
ATATURK,ATATURK-T,2,12.4,521986.185,4174788.253,955.172
ATATURK,ATATURK-T,2,12.5,521986.245,4174788.333,955.218
ATATURK,ATATURK-T,2,12.6,521986.305,4174788.414,955.265
ATATURK,ATATURK-T,2,12.7,521986.364,4174788.494,955.312
ATATURK,ATATURK-T,2,12.8,521986.424,4174788.574,955.359
ATATURK,ATATURK-T,2,12.9,521986.484,4174788.654,955.405
ATATURK,ATATURK-T,2,13.0,521986.543,4174788.734,955.452
ATATURK,ATATURK-T,2,13.1,521986.603,4174788.815,955.499
ATATURK,ATATURK-T,2,13.2,521986.663,4174788.895,955.546
ATATURK,ATATURK-T,2,13.3,521986.723,4174788.975,955.592
ATATURK,ATATURK-T,2,13.4,521986.782,4174789.055,955.639
ATATURK,ATATURK-T,2,13.5,521986.842,4174789.136,955.686
ATATURK,ATATURK-T,2,13.6,521986.902,4174789.216,955.702
ATATURK,ATATURK-T,2,13.7,521986.961,4174789.296,955.706
ATATURK,ATATURK-T,2,13.8,521987.021,4174789.376,955.709
ATATURK,ATATURK-T,2,13.9,521987.081,4174789.456,955.713
ATATURK,ATATURK-T,2,14.0,521987.141,4174789.537,955.716
ATATURK,ATATURK-T,2,14.1,521987.2,4174789.617,955.719
ATATURK,ATATURK-T,2,14.2,521987.26,4174789.697,955.723
ATATURK,ATATURK-T,2,14.3,521987.32,4174789.777,955.726
ATATURK,ATATURK-T,2,14.4,521987.38,4174789.857,955.729
ATATURK,ATATURK-T,2,14.5,521987.439,4174789.938,955.733
ATATURK,ATATURK-T,2,14.6,521987.499,4174790.018,955.736
ATATURK,ATATURK-T,2,14.7,521987.559,4174790.098,955.74
ATATURK,ATATURK-T,2,14.8,521987.619,4174790.178,955.743
ATATURK,ATATURK-T,2,14.9,521987.678,4174790.258,955.746
ATATURK,ATATURK-T,2,15.0,521987.738,4174790.339,955.75
ATATURK,ATATURK-T,2,15.1,521987.798,4174790.419,955.753
ATATURK,ATATURK-T,2,15.2,521987.857,4174790.499,955.757
ATATURK,ATATURK-T,2,15.3,521987.917,4174790.579,955.76
ATATURK,ATATURK-T,2,15.4,521987.977,4174790.659,955.763
ATATURK,ATATURK-T,2,15.5,521988.037,4174790.74,955.767
ATATURK,ATATURK-T,2,15.6,521988.096,4174790.82,955.77
ATATURK,ATATURK-T,2,15.7,521988.156,4174790.9,955.773
ATATURK,ATATURK-T,2,15.8,521988.216,4174790.98,955.777
ATATURK,ATATURK-T,2,15.9,521988.276,4174791.06,955.78
ATATURK,ATATURK-T,2,16.0,521988.335,4174791.141,955.784
ATATURK,ATATURK-T,2,16.1,521988.395,4174791.221,955.787
ATATURK,ATATURK-T,2,16.2,521988.455,4174791.301,955.79
ATATURK,ATATURK-T,2,16.3,521988.515,4174791.381,955.794
ATATURK,ATATURK-T,2,16.4,521988.574,4174791.461,955.797
ATATURK,ATATURK-T,2,16.5,521988.634,4174791.541,955.801
ATATURK,ATATURK-T,2,16.6,521988.694,4174791.622,955.804
ATATURK,ATATURK-T,2,16.7,521988.754,4174791.702,955.807
ATATURK,ATATURK-T,2,16.8,521988.813,4174791.782,955.811
ATATURK,ATATURK-T,2,16.9,521988.873,4174791.862,955.814
ATATURK,ATATURK-T,2,17.0,521988.933,4174791.942,955.817
ATATURK,ATATURK-T,2,17.1,521988.993,4174792.023,955.821
ATATURK,ATATURK-T,2,17.2,521989.052,4174792.103,955.824
ATATURK,ATATURK-T,2,17.3,521989.112,4174792.183,955.828
ATATURK,ATATURK-T,2,17.4,521989.172,4174792.263,955.831
ATATURK,ATATURK-T,2,17.5,521989.232,4174792.343,955.834
ATATURK,ATATURK-T,2,17.6,521989.291,4174792.424,955.838
ATATURK,ATATURK-T,2,17.7,521989.351,4174792.504,955.841
ATATURK,ATATURK-T,2,17.8,521989.411,4174792.584,955.844
ATATURK,ATATURK-T,2,17.9,521989.47,4174792.664,955.848
ATATURK,ATATURK-T,2,18.0,521989.53,4174792.744,955.851
ATATURK,ATATURK-T,2,18.1,521989.59,4174792.825,955.855
ATATURK,ATATURK-T,2,18.2,521989.65,4174792.905,955.858
ATATURK,ATATURK-T,2,18.3,521989.709,4174792.985,955.861
ATATURK,ATATURK-T,2,18.4,521989.769,4174793.065,955.865
ATATURK,ATATURK-T,2,18.5,521989.829,4174793.145,955.868
ATATURK,ATATURK-T,2,18.6,521989.889,4174793.226,955.872
ATATURK,ATATURK-T,2,18.7,521989.948,4174793.306,955.875
ATATURK,ATATURK-T,2,18.8,521990.008,4174793.386,955.878
ATATURK,ATATURK-T,2,18.9,521990.068,4174793.466,955.882
ATATURK,ATATURK-T,2,19.0,521990.128,4174793.546,955.885
ATATURK,ATATURK-T,2,19.1,521990.187,4174793.627,955.888
ATATURK,ATATURK-T,2,19.2,521990.247,4174793.707,955.892
ATATURK,ATATURK-T,2,19.3,521990.307,4174793.787,955.895
ATATURK,ATATURK-T,2,19.4,521990.367,4174793.867,955.899
ATATURK,ATATURK-T,2,19.5,521990.426,4174793.947,955.902
ATATURK,ATATURK-T,2,19.6,521990.486,4174794.028,955.905
ATATURK,ATATURK-T,2,19.7,521990.546,4174794.108,955.909
ATATURK,ATATURK-T,2,19.8,521990.606,4174794.188,955.912
ATATURK,ATATURK-T,2,19.9,521990.665,4174794.268,955.916
ATATURK,ATATURK-T,2,20.0,521990.725,4174794.348,955.919
ATATURK,ATATURK-T,2,20.1,521990.785,4174794.428,955.922
ATATURK,ATATURK-T,2,20.2,521990.845,4174794.509,955.926
ATATURK,ATATURK-T,2,20.3,521990.904,4174794.589,955.929
ATATURK,ATATURK-T,2,20.4,521990.964,4174794.669,955.878
ATATURK,ATATURK-T,2,20.5,521991.024,4174794.749,955.807
ATATURK,ATATURK-T,2,20.6,521991.084,4174794.829,955.736
ATATURK,ATATURK-T,2,20.7,521991.143,4174794.91,955.665
ATATURK,ATATURK-T,2,20.8,521991.203,4174794.99,955.594
ATATURK,ATATURK-T,2,20.9,521991.263,4174795.07,955.523
ATATURK,ATATURK-T,2,21.0,521991.323,4174795.15,955.452
ATATURK,ATATURK-T,2,21.1,521991.382,4174795.23,955.381
ATATURK,ATATURK-T,2,21.2,521991.442,4174795.31,955.31
ATATURK,ATATURK-T,2,21.3,521991.502,4174795.391,955.239
ATATURK,ATATURK-T,2,21.4,521991.562,4174795.471,955.168
ATATURK,ATATURK-T,2,21.5,521991.622,4174795.551,955.097
ATATURK,ATATURK-T,2,21.6,521991.681,4174795.631,955.026
ATATURK,ATATURK-T,2,21.7,521991.741,4174795.711,954.955
ATATURK,ATATURK-T,2,21.8,521991.801,4174795.791,954.884
ATATURK,ATATURK-T,2,21.9,521991.861,4174795.872,954.813
ATATURK,ATATURK-T,2,22.0,521991.92,4174795.952,954.742
ATATURK,ATATURK-T,2,22.1,521991.98,4174796.032,954.671
ATATURK,ATATURK-T,2,22.2,521992.04,4174796.112,954.6
ATATURK,ATATURK-T,2,22.3,521992.1,4174796.192,954.529
ATATURK,ATATURK-T,2,22.4,521992.16,4174796.272,954.458
ATATURK,ATATURK-T,2,22.5,521992.219,4174796.353,954.387
ATATURK,ATATURK-T,2,22.6,521992.279,4174796.433,954.316
ATATURK,ATATURK-T,2,22.7,521992.339,4174796.513,954.245
ATATURK,ATATURK-T,2,22.8,521992.399,4174796.593,954.173
ATATURK,ATATURK-T,2,22.9,521992.458,4174796.673,954.102
ATATURK,ATATURK-T,2,23.0,521992.518,4174796.753,954.031
ATATURK,ATATURK-T,2,23.1,521992.578,4174796.834,953.96
ATATURK,ATATURK-T,2,23.2,521992.638,4174796.914,953.889
ATATURK,ATATURK-T,2,23.3,521992.698,4174796.994,953.818
ATATURK,ATATURK-T,2,23.4,521992.757,4174797.074,953.747
ATATURK,ATATURK-T,2,23.5,521992.817,4174797.154,953.676
ATATURK,ATATURK-T,2,23.6,521992.877,4174797.234,953.605
ATATURK,ATATURK-T,2,23.7,521992.937,4174797.314,953.534
ATATURK,ATATURK-T,2,23.8,521992.996,4174797.395,953.463
ATATURK,ATATURK-T,2,23.9,521993.056,4174797.475,953.392
ATATURK,ATATURK-T,2,24.0,521993.116,4174797.555,953.321
ATATURK,ATATURK-T,2,24.1,521993.176,4174797.635,953.25
ATATURK,ATATURK-T,2,24.2,521993.236,4174797.715,953.179
ATATURK,ATATURK-T,2,24.3,521993.295,4174797.795,953.108
ATATURK,ATATURK-T,2,24.4,521993.355,4174797.876,953.037
ATATURK,ATATURK-T,2,24.5,521993.415,4174797.956,952.966
ATATURK,ATATURK-T,2,24.6,521993.475,4174798.036,952.895
ATATURK,ATATURK-T,2,24.7,521993.535,4174798.116,952.824
ATATURK,ATATURK-T,2,24.8,521993.594,4174798.196,952.753
ATATURK,ATATURK-T,2,24.9,521993.654,4174798.276,952.682
ATATURK,ATATURK-T,2,25.0,521993.714,4174798.357,952.611
ATATURK,ATATURK-T,2,25.1,521993.774,4174798.437,952.54
ATATURK,ATATURK-T,2,25.2,521993.833,4174798.517,952.469
ATATURK,ATATURK-T,2,25.3,521993.893,4174798.597,952.398
ATATURK,ATATURK-T,2,25.4,521993.953,4174798.677,952.327
ATATURK,ATATURK-T,2,25.5,521994.013,4174798.757,952.256
ATATURK,ATATURK-T,2,25.6,521994.073,4174798.838,952.185
ATATURK,ATATURK-T,2,25.7,521994.132,4174798.918,952.114
ATATURK,ATATURK-T,2,25.8,521994.192,4174798.998,952.043
ATATURK,ATATURK-T,2,25.9,521994.252,4174799.078,951.972
ATATURK,ATATURK-T,2,26.0,521994.312,4174799.158,951.901
ATATURK,ATATURK-T,2,26.1,521994.371,4174799.238,951.83
ATATURK,ATATURK-T,3,-16.7,521944.165,4174783.18,954.479
ATATURK,ATATURK-T,3,-16.6,521944.224,4174783.26,954.464
ATATURK,ATATURK-T,3,-16.5,521944.284,4174783.341,954.45
ATATURK,ATATURK-T,3,-16.4,521944.344,4174783.421,954.435
ATATURK,ATATURK-T,3,-16.3,521944.404,4174783.501,954.421
ATATURK,ATATURK-T,3,-16.2,521944.463,4174783.581,954.406
ATATURK,ATATURK-T,3,-16.1,521944.523,4174783.662,954.391
ATATURK,ATATURK-T,3,-16.0,521944.583,4174783.742,954.377
ATATURK,ATATURK-T,3,-15.9,521944.642,4174783.822,954.362
ATATURK,ATATURK-T,3,-15.8,521944.702,4174783.902,954.348
ATATURK,ATATURK-T,3,-15.7,521944.762,4174783.982,954.333
ATATURK,ATATURK-T,3,-15.6,521944.822,4174784.063,954.318
ATATURK,ATATURK-T,3,-15.5,521944.881,4174784.143,954.304
ATATURK,ATATURK-T,3,-15.4,521944.941,4174784.223,954.289
ATATURK,ATATURK-T,3,-15.3,521945.001,4174784.303,954.274
ATATURK,ATATURK-T,3,-15.2,521945.06,4174784.384,954.26
ATATURK,ATATURK-T,3,-15.1,521945.12,4174784.464,954.245
ATATURK,ATATURK-T,3,-15.0,521945.18,4174784.544,954.231
ATATURK,ATATURK-T,3,-14.9,521945.239,4174784.624,954.216
ATATURK,ATATURK-T,3,-14.8,521945.299,4174784.704,954.201
ATATURK,ATATURK-T,3,-14.7,521945.359,4174784.785,954.187
ATATURK,ATATURK-T,3,-14.6,521945.419,4174784.865,954.172
ATATURK,ATATURK-T,3,-14.5,521945.478,4174784.945,954.158
ATATURK,ATATURK-T,3,-14.4,521945.538,4174785.025,954.143
ATATURK,ATATURK-T,3,-14.3,521945.598,4174785.106,954.128
ATATURK,ATATURK-T,3,-14.2,521945.657,4174785.186,954.114
ATATURK,ATATURK-T,3,-14.1,521945.717,4174785.266,954.099
ATATURK,ATATURK-T,3,-14.0,521945.777,4174785.346,954.084
ATATURK,ATATURK-T,3,-13.9,521945.836,4174785.426,954.07
ATATURK,ATATURK-T,3,-13.8,521945.896,4174785.507,954.055
ATATURK,ATATURK-T,3,-13.7,521945.956,4174785.587,954.041
ATATURK,ATATURK-T,3,-13.6,521946.016,4174785.667,954.026
ATATURK,ATATURK-T,3,-13.5,521946.075,4174785.747,954.006
ATATURK,ATATURK-T,3,-13.4,521946.135,4174785.828,953.984
ATATURK,ATATURK-T,3,-13.3,521946.195,4174785.908,953.961
ATATURK,ATATURK-T,3,-13.2,521946.254,4174785.988,953.938
ATATURK,ATATURK-T,3,-13.1,521946.314,4174786.068,953.915
ATATURK,ATATURK-T,3,-13.0,521946.374,4174786.148,953.892
ATATURK,ATATURK-T,3,-12.9,521946.434,4174786.229,953.869
ATATURK,ATATURK-T,3,-12.8,521946.493,4174786.309,953.846
ATATURK,ATATURK-T,3,-12.7,521946.553,4174786.389,953.823
ATATURK,ATATURK-T,3,-12.6,521946.613,4174786.469,953.8
ATATURK,ATATURK-T,3,-12.5,521946.673,4174786.549,953.777
ATATURK,ATATURK-T,3,-12.4,521946.732,4174786.63,953.754
ATATURK,ATATURK-T,3,-12.3,521946.792,4174786.71,953.731
ATATURK,ATATURK-T,3,-12.2,521946.852,4174786.79,953.708
ATATURK,ATATURK-T,3,-12.1,521946.912,4174786.87,953.685
ATATURK,ATATURK-T,3,-12.0,521946.971,4174786.95,953.662
ATATURK,ATATURK-T,3,-11.9,521947.031,4174787.03,953.639
ATATURK,ATATURK-T,3,-11.8,521947.091,4174787.111,953.616
ATATURK,ATATURK-T,3,-11.7,521947.15,4174787.191,953.593
ATATURK,ATATURK-T,3,-11.6,521947.21,4174787.271,953.571
ATATURK,ATATURK-T,3,-11.5,521947.27,4174787.351,953.548
ATATURK,ATATURK-T,3,-11.4,521947.33,4174787.431,953.525
ATATURK,ATATURK-T,3,-11.3,521947.389,4174787.512,953.502
ATATURK,ATATURK-T,3,-11.2,521947.449,4174787.592,953.479
ATATURK,ATATURK-T,3,-11.1,521947.509,4174787.672,953.456
ATATURK,ATATURK-T,3,-11.0,521947.569,4174787.752,953.433
ATATURK,ATATURK-T,3,-10.9,521947.628,4174787.832,953.41
ATATURK,ATATURK-T,3,-10.8,521947.688,4174787.913,953.387
ATATURK,ATATURK-T,3,-10.7,521947.748,4174787.993,953.364
ATATURK,ATATURK-T,3,-10.6,521947.808,4174788.073,953.341
ATATURK,ATATURK-T,3,-10.5,521947.867,4174788.153,953.318
ATATURK,ATATURK-T,3,-10.4,521947.927,4174788.233,953.295
ATATURK,ATATURK-T,3,-10.3,521947.987,4174788.314,953.272
ATATURK,ATATURK-T,3,-10.2,521948.047,4174788.394,953.249
ATATURK,ATATURK-T,3,-10.1,521948.106,4174788.474,953.226
ATATURK,ATATURK-T,3,-10.0,521948.166,4174788.554,953.203
ATATURK,ATATURK-T,3,-9.9,521948.226,4174788.634,953.181
ATATURK,ATATURK-T,3,-9.8,521948.285,4174788.715,953.158
ATATURK,ATATURK-T,3,-9.7,521948.345,4174788.795,953.135
ATATURK,ATATURK-T,3,-9.6,521948.405,4174788.875,953.112
ATATURK,ATATURK-T,3,-9.5,521948.465,4174788.955,953.089
ATATURK,ATATURK-T,3,-9.4,521948.524,4174789.035,953.066
ATATURK,ATATURK-T,3,-9.3,521948.584,4174789.116,953.043
ATATURK,ATATURK-T,3,-9.2,521948.644,4174789.196,953.02
ATATURK,ATATURK-T,3,-9.1,521948.704,4174789.276,952.997
ATATURK,ATATURK-T,3,-9.0,521948.763,4174789.356,952.974
ATATURK,ATATURK-T,3,-8.9,521948.823,4174789.436,952.951
ATATURK,ATATURK-T,3,-8.8,521948.883,4174789.517,952.928
ATATURK,ATATURK-T,3,-8.7,521948.943,4174789.597,952.902
ATATURK,ATATURK-T,3,-8.6,521949.002,4174789.677,952.865
ATATURK,ATATURK-T,3,-8.5,521949.062,4174789.757,952.828
ATATURK,ATATURK-T,3,-8.4,521949.121,4174789.838,952.79
ATATURK,ATATURK-T,3,-8.3,521949.181,4174789.918,952.753
ATATURK,ATATURK-T,3,-8.2,521949.241,4174789.998,952.716
ATATURK,ATATURK-T,3,-8.1,521949.3,4174790.078,952.679
ATATURK,ATATURK-T,3,-8.0,521949.36,4174790.159,952.641
ATATURK,ATATURK-T,3,-7.9,521949.42,4174790.239,952.604
ATATURK,ATATURK-T,3,-7.8,521949.479,4174790.319,952.567
ATATURK,ATATURK-T,3,-7.7,521949.539,4174790.4,952.529
ATATURK,ATATURK-T,3,-7.6,521949.598,4174790.48,952.492
ATATURK,ATATURK-T,3,-7.5,521949.658,4174790.56,952.455
ATATURK,ATATURK-T,3,-7.4,521949.718,4174790.64,952.418
ATATURK,ATATURK-T,3,-7.3,521949.777,4174790.721,952.38
ATATURK,ATATURK-T,3,-7.2,521949.837,4174790.801,952.343
ATATURK,ATATURK-T,3,-7.1,521949.897,4174790.881,952.306
ATATURK,ATATURK-T,3,-7.0,521949.956,4174790.962,952.269
ATATURK,ATATURK-T,3,-6.9,521950.016,4174791.042,952.231
ATATURK,ATATURK-T,3,-6.8,521950.076,4174791.122,952.194
ATATURK,ATATURK-T,3,-6.7,521950.135,4174791.202,952.157
ATATURK,ATATURK-T,3,-6.6,521950.195,4174791.283,952.12
ATATURK,ATATURK-T,3,-6.5,521950.254,4174791.363,952.082
ATATURK,ATATURK-T,3,-6.4,521950.314,4174791.443,952.045
ATATURK,ATATURK-T,3,-6.3,521950.374,4174791.523,952.008
ATATURK,ATATURK-T,3,-6.2,521950.433,4174791.604,951.97
ATATURK,ATATURK-T,3,-6.1,521950.493,4174791.684,951.933
ATATURK,ATATURK-T,3,-6.0,521950.553,4174791.764,951.896
ATATURK,ATATURK-T,3,-5.9,521950.612,4174791.845,951.859
ATATURK,ATATURK-T,3,-5.8,521950.672,4174791.925,951.821
ATATURK,ATATURK-T,3,-5.7,521950.731,4174792.005,951.784
ATATURK,ATATURK-T,3,-5.6,521950.791,4174792.085,951.747
ATATURK,ATATURK-T,3,-5.5,521950.851,4174792.166,951.71
ATATURK,ATATURK-T,3,-5.4,521950.91,4174792.246,951.672
ATATURK,ATATURK-T,3,-5.3,521950.97,4174792.326,951.635
ATATURK,ATATURK-T,3,-5.2,521951.03,4174792.406,951.591
ATATURK,ATATURK-T,3,-5.1,521951.09,4174792.486,951.535
ATATURK,ATATURK-T,3,-5.0,521951.149,4174792.567,951.478
ATATURK,ATATURK-T,3,-4.9,521951.209,4174792.647,951.421
ATATURK,ATATURK-T,3,-4.8,521951.269,4174792.727,951.365
ATATURK,ATATURK-T,3,-4.7,521951.329,4174792.807,951.308
ATATURK,ATATURK-T,3,-4.6,521951.389,4174792.887,951.252
ATATURK,ATATURK-T,3,-4.5,521951.449,4174792.967,951.195
ATATURK,ATATURK-T,3,-4.4,521951.509,4174793.047,951.138
ATATURK,ATATURK-T,3,-4.3,521951.569,4174793.127,951.082
ATATURK,ATATURK-T,3,-4.2,521951.628,4174793.207,951.025
ATATURK,ATATURK-T,3,-4.1,521951.688,4174793.287,950.968
ATATURK,ATATURK-T,3,-4.0,521951.748,4174793.368,950.912
ATATURK,ATATURK-T,3,-3.9,521951.808,4174793.448,950.908
ATATURK,ATATURK-T,3,-3.8,521951.868,4174793.528,950.907
ATATURK,ATATURK-T,3,-3.7,521951.928,4174793.608,950.905
ATATURK,ATATURK-T,3,-3.6,521951.988,4174793.688,950.904
ATATURK,ATATURK-T,3,-3.5,521952.047,4174793.768,950.902
ATATURK,ATATURK-T,3,-3.4,521952.107,4174793.848,950.901
ATATURK,ATATURK-T,3,-3.3,521952.167,4174793.928,950.899
ATATURK,ATATURK-T,3,-3.2,521952.227,4174794.009,950.898
ATATURK,ATATURK-T,3,-3.1,521952.287,4174794.089,950.896
ATATURK,ATATURK-T,3,-3.0,521952.347,4174794.169,950.894
ATATURK,ATATURK-T,3,-2.9,521952.406,4174794.249,950.893
ATATURK,ATATURK-T,3,-2.8,521952.466,4174794.329,950.891
ATATURK,ATATURK-T,3,-2.7,521952.526,4174794.409,950.89
ATATURK,ATATURK-T,3,-2.6,521952.586,4174794.489,950.888
ATATURK,ATATURK-T,3,-2.5,521952.646,4174794.569,950.887
ATATURK,ATATURK-T,3,-2.4,521952.706,4174794.65,950.885
ATATURK,ATATURK-T,3,-2.3,521952.765,4174794.73,950.884
ATATURK,ATATURK-T,3,-2.2,521952.825,4174794.81,950.882
ATATURK,ATATURK-T,3,-2.1,521952.885,4174794.89,950.88
ATATURK,ATATURK-T,3,-2.0,521952.944,4174794.971,950.88
ATATURK,ATATURK-T,3,-1.9,521953.003,4174795.051,950.88
ATATURK,ATATURK-T,3,-1.8,521953.062,4174795.132,950.88
ATATURK,ATATURK-T,3,-1.7,521953.122,4174795.212,948.53
ATATURK,ATATURK-T,3,-1.6,521953.182,4174795.292,948.53
ATATURK,ATATURK-T,3,-1.5,521953.242,4174795.372,948.53
ATATURK,ATATURK-T,3,-1.4,521953.302,4174795.452,948.53
ATATURK,ATATURK-T,3,-1.3,521953.362,4174795.532,948.53
ATATURK,ATATURK-T,3,-1.2,521953.422,4174795.612,948.53
ATATURK,ATATURK-T,3,-1.1,521953.483,4174795.692,948.53
ATATURK,ATATURK-T,3,-1.0,521953.543,4174795.772,948.53
ATATURK,ATATURK-T,3,-0.9,521953.603,4174795.852,948.53
ATATURK,ATATURK-T,3,-0.8,521953.663,4174795.931,948.53
ATATURK,ATATURK-T,3,-0.7,521953.723,4174796.011,948.53
ATATURK,ATATURK-T,3,-0.6,521953.783,4174796.091,948.53
ATATURK,ATATURK-T,3,-0.5,521953.843,4174796.171,948.53
ATATURK,ATATURK-T,3,-0.4,521953.903,4174796.251,948.53
ATATURK,ATATURK-T,3,-0.3,521953.963,4174796.332,948.53
ATATURK,ATATURK-T,3,-0.2,521954.022,4174796.412,948.53
ATATURK,ATATURK-T,3,-0.1,521954.082,4174796.492,948.53
ATATURK,ATATURK-T,3,0.0,521954.141,4174796.573,948.53
ATATURK,ATATURK-T,3,0.1,521954.2,4174796.653,948.53
ATATURK,ATATURK-T,3,0.2,521954.26,4174796.734,948.53
ATATURK,ATATURK-T,3,0.3,521954.319,4174796.814,948.53
ATATURK,ATATURK-T,3,0.4,521954.379,4174796.895,948.53
ATATURK,ATATURK-T,3,0.5,521954.438,4174796.975,948.53
ATATURK,ATATURK-T,3,0.6,521954.497,4174797.056,948.53
ATATURK,ATATURK-T,3,0.7,521954.557,4174797.136,948.53
ATATURK,ATATURK-T,3,0.8,521954.616,4174797.216,948.53
ATATURK,ATATURK-T,3,0.9,521954.676,4174797.297,948.53
ATATURK,ATATURK-T,3,1.0,521954.735,4174797.377,948.53
ATATURK,ATATURK-T,3,1.1,521954.794,4174797.458,948.53
ATATURK,ATATURK-T,3,1.2,521954.854,4174797.538,948.53
ATATURK,ATATURK-T,3,1.3,521954.913,4174797.619,948.53
ATATURK,ATATURK-T,3,1.4,521954.973,4174797.699,948.53
ATATURK,ATATURK-T,3,1.5,521955.032,4174797.78,948.53
ATATURK,ATATURK-T,3,1.6,521955.091,4174797.86,948.53
ATATURK,ATATURK-T,3,1.7,521955.151,4174797.94,948.53
ATATURK,ATATURK-T,3,1.8,521955.211,4174798.021,951.26
ATATURK,ATATURK-T,3,1.9,521955.271,4174798.101,951.26
ATATURK,ATATURK-T,3,2.0,521955.331,4174798.181,951.26
ATATURK,ATATURK-T,3,2.1,521955.391,4174798.261,951.259
ATATURK,ATATURK-T,3,2.2,521955.45,4174798.341,951.177
ATATURK,ATATURK-T,3,2.3,521955.51,4174798.421,951.096
ATATURK,ATATURK-T,3,2.4,521955.569,4174798.501,951.014
ATATURK,ATATURK-T,3,2.5,521955.629,4174798.582,950.932
ATATURK,ATATURK-T,3,2.6,521955.689,4174798.662,950.85
ATATURK,ATATURK-T,3,2.7,521955.748,4174798.742,950.768
ATATURK,ATATURK-T,3,2.8,521955.808,4174798.822,950.686
ATATURK,ATATURK-T,3,2.9,521955.868,4174798.903,950.605
ATATURK,ATATURK-T,3,3.0,521955.927,4174798.983,950.523
ATATURK,ATATURK-T,3,3.1,521955.987,4174799.063,950.441
ATATURK,ATATURK-T,3,3.2,521956.047,4174799.143,950.359
ATATURK,ATATURK-T,3,3.3,521956.106,4174799.224,950.277
ATATURK,ATATURK-T,3,3.4,521956.166,4174799.304,950.195
ATATURK,ATATURK-T,3,3.5,521956.226,4174799.384,950.114
ATATURK,ATATURK-T,3,3.6,521956.285,4174799.464,950.032
ATATURK,ATATURK-T,3,3.7,521956.345,4174799.545,949.95
ATATURK,ATATURK-T,3,3.8,521956.405,4174799.625,949.868
ATATURK,ATATURK-T,3,3.9,521956.464,4174799.705,949.786
ATATURK,ATATURK-T,3,4.0,521956.524,4174799.785,949.71
ATATURK,ATATURK-T,3,4.1,521956.584,4174799.866,949.706
ATATURK,ATATURK-T,3,4.2,521956.643,4174799.946,949.702
ATATURK,ATATURK-T,3,4.3,521956.703,4174800.026,949.699
ATATURK,ATATURK-T,3,4.4,521956.763,4174800.106,949.695
ATATURK,ATATURK-T,3,4.5,521956.823,4174800.187,949.692
ATATURK,ATATURK-T,3,4.6,521956.882,4174800.267,949.688
ATATURK,ATATURK-T,3,4.7,521956.942,4174800.347,949.684
ATATURK,ATATURK-T,3,4.8,521957.002,4174800.427,949.681
ATATURK,ATATURK-T,3,4.9,521957.061,4174800.508,949.677
ATATURK,ATATURK-T,3,5.0,521957.121,4174800.588,949.673
ATATURK,ATATURK-T,3,5.1,521957.181,4174800.668,949.67
ATATURK,ATATURK-T,3,5.2,521957.24,4174800.748,949.666
ATATURK,ATATURK-T,3,5.3,521957.3,4174800.829,949.663
ATATURK,ATATURK-T,3,5.4,521957.36,4174800.909,949.659
ATATURK,ATATURK-T,3,5.5,521957.419,4174800.989,949.655
ATATURK,ATATURK-T,3,5.6,521957.479,4174801.069,949.652
ATATURK,ATATURK-T,3,5.7,521957.539,4174801.149,949.648
ATATURK,ATATURK-T,3,5.8,521957.598,4174801.23,949.644
ATATURK,ATATURK-T,3,5.9,521957.658,4174801.31,949.641
ATATURK,ATATURK-T,3,6.0,521957.718,4174801.39,949.637
ATATURK,ATATURK-T,3,6.1,521957.777,4174801.47,949.634
ATATURK,ATATURK-T,3,6.2,521957.837,4174801.551,949.63
ATATURK,ATATURK-T,3,6.3,521957.897,4174801.631,949.626
ATATURK,ATATURK-T,3,6.4,521957.957,4174801.711,949.623
ATATURK,ATATURK-T,3,6.5,521958.016,4174801.791,949.619
ATATURK,ATATURK-T,3,6.6,521958.076,4174801.872,949.615
ATATURK,ATATURK-T,3,6.7,521958.136,4174801.952,949.612
ATATURK,ATATURK-T,3,6.8,521958.195,4174802.032,949.608
ATATURK,ATATURK-T,3,6.9,521958.255,4174802.112,949.605
ATATURK,ATATURK-T,3,7.0,521958.315,4174802.193,949.601
ATATURK,ATATURK-T,3,7.1,521958.374,4174802.273,949.597
ATATURK,ATATURK-T,3,7.2,521958.434,4174802.353,949.594
ATATURK,ATATURK-T,3,7.3,521958.494,4174802.433,949.59
ATATURK,ATATURK-T,3,7.4,521958.553,4174802.513,949.586
ATATURK,ATATURK-T,3,7.5,521958.613,4174802.594,949.583
ATATURK,ATATURK-T,3,7.6,521958.673,4174802.674,949.579
ATATURK,ATATURK-T,3,7.7,521958.732,4174802.754,949.576
ATATURK,ATATURK-T,3,7.8,521958.792,4174802.834,949.572
ATATURK,ATATURK-T,3,7.9,521958.852,4174802.915,949.568
ATATURK,ATATURK-T,3,8.0,521958.911,4174802.995,949.565
ATATURK,ATATURK-T,3,8.1,521958.971,4174803.075,949.561
ATATURK,ATATURK-T,3,8.2,521959.031,4174803.155,949.557
ATATURK,ATATURK-T,3,8.3,521959.091,4174803.236,949.554
ATATURK,ATATURK-T,3,8.4,521959.15,4174803.316,949.55
ATATURK,ATATURK-T,3,8.5,521959.21,4174803.396,949.547
ATATURK,ATATURK-T,3,8.6,521959.27,4174803.476,949.543
ATATURK,ATATURK-T,3,8.7,521959.329,4174803.557,949.539
ATATURK,ATATURK-T,3,8.8,521959.389,4174803.637,949.536
ATATURK,ATATURK-T,3,8.9,521959.449,4174803.717,949.532
ATATURK,ATATURK-T,3,9.0,521959.508,4174803.797,949.528
ATATURK,ATATURK-T,3,9.1,521959.568,4174803.877,949.525
ATATURK,ATATURK-T,3,9.2,521959.628,4174803.958,949.521
ATATURK,ATATURK-T,3,9.3,521959.687,4174804.038,949.518
ATATURK,ATATURK-T,3,9.4,521959.747,4174804.118,949.514
ATATURK,ATATURK-T,3,9.5,521959.807,4174804.198,949.51
ATATURK,ATATURK-T,3,9.6,521959.866,4174804.279,949.507
ATATURK,ATATURK-T,3,9.7,521959.926,4174804.359,949.503
ATATURK,ATATURK-T,3,9.8,521959.986,4174804.439,949.499
ATATURK,ATATURK-T,3,9.9,521960.046,4174804.519,949.496
ATATURK,ATATURK-T,3,10.0,521960.105,4174804.6,949.492
ATATURK,ATATURK-T,3,10.1,521960.165,4174804.68,949.489
ATATURK,ATATURK-T,3,10.2,521960.225,4174804.76,949.485
ATATURK,ATATURK-T,3,10.3,521960.284,4174804.84,949.481
ATATURK,ATATURK-T,3,10.4,521960.344,4174804.921,949.478
ATATURK,ATATURK-T,3,10.5,521960.404,4174805.001,949.474
ATATURK,ATATURK-T,3,10.6,521960.463,4174805.081,949.47
ATATURK,ATATURK-T,3,10.7,521960.523,4174805.161,949.47
ATATURK,ATATURK-T,3,10.8,521960.583,4174805.241,949.47
ATATURK,ATATURK-T,3,10.9,521960.643,4174805.322,949.47
ATATURK,ATATURK-T,3,11.0,521960.702,4174805.402,949.47
ATATURK,ATATURK-T,3,11.1,521960.762,4174805.482,949.47
ATATURK,ATATURK-T,3,11.2,521960.822,4174805.562,949.47
ATATURK,ATATURK-T,3,11.3,521960.882,4174805.642,949.47
ATATURK,ATATURK-T,3,11.4,521960.941,4174805.723,949.47
ATATURK,ATATURK-T,3,11.5,521961.001,4174805.803,949.47
ATATURK,ATATURK-T,3,11.6,521961.061,4174805.883,949.47
ATATURK,ATATURK-T,3,11.7,521961.121,4174805.963,949.47
ATATURK,ATATURK-T,3,11.8,521961.18,4174806.043,949.47
ATATURK,ATATURK-T,3,11.9,521961.24,4174806.123,949.47
ATATURK,ATATURK-T,3,12.0,521961.3,4174806.204,949.47
ATATURK,ATATURK-T,3,12.1,521961.36,4174806.284,949.47
ATATURK,ATATURK-T,3,12.2,521961.419,4174806.364,949.47
ATATURK,ATATURK-T,3,12.3,521961.479,4174806.444,949.47
ATATURK,ATATURK-T,3,12.4,521961.539,4174806.524,949.47
ATATURK,ATATURK-T,3,12.5,521961.599,4174806.605,949.47
ATATURK,ATATURK-T,3,12.6,521961.658,4174806.685,949.47
ATATURK,ATATURK-T,3,12.7,521961.718,4174806.765,949.47
ATATURK,ATATURK-T,3,12.8,521961.778,4174806.845,949.47
ATATURK,ATATURK-T,3,12.9,521961.838,4174806.925,949.47
ATATURK,ATATURK-T,3,13.0,521961.897,4174807.006,949.47
ATATURK,ATATURK-T,3,13.1,521961.957,4174807.086,949.47
ATATURK,ATATURK-T,3,13.2,521962.017,4174807.166,949.47
ATATURK,ATATURK-T,3,13.3,521962.077,4174807.246,949.47
ATATURK,ATATURK-T,3,13.4,521962.136,4174807.326,949.47
ATATURK,ATATURK-T,3,13.5,521962.196,4174807.406,949.47
ATATURK,ATATURK-T,3,13.6,521962.256,4174807.487,949.47
ATATURK,ATATURK-T,3,13.7,521962.315,4174807.567,949.47
ATATURK,ATATURK-T,3,13.8,521962.375,4174807.647,949.47
ATATURK,ATATURK-T,3,13.9,521962.435,4174807.727,949.47
ATATURK,ATATURK-T,3,14.0,521962.495,4174807.807,949.47
ATATURK,ATATURK-T,3,14.1,521962.554,4174807.888,949.47
ATATURK,ATATURK-T,3,14.2,521962.614,4174807.968,949.47
ATATURK,ATATURK-T,3,14.3,521962.674,4174808.048,949.47
ATATURK,ATATURK-T,3,14.4,521962.734,4174808.128,949.47
ATATURK,ATATURK-T,3,14.5,521962.793,4174808.208,949.47
ATATURK,ATATURK-T,3,14.6,521962.853,4174808.289,949.47
ATATURK,ATATURK-T,3,14.7,521962.913,4174808.369,949.47
ATATURK,ATATURK-T,3,14.8,521962.973,4174808.449,949.47
ATATURK,ATATURK-T,3,14.9,521963.032,4174808.529,949.47
ATATURK,ATATURK-T,3,15.0,521963.092,4174808.609,949.47
ATATURK,ATATURK-T,3,15.1,521963.152,4174808.689,949.47
ATATURK,ATATURK-T,3,15.2,521963.212,4174808.77,949.47
ATATURK,ATATURK-T,3,15.3,521963.271,4174808.85,949.47
ATATURK,ATATURK-T,3,15.4,521963.331,4174808.93,949.47
ATATURK,ATATURK-T,3,15.5,521963.391,4174809.01,949.47
ATATURK,ATATURK-T,3,15.6,521963.451,4174809.09,949.47
ATATURK,ATATURK-T,3,15.7,521963.51,4174809.171,949.47
ATATURK,ATATURK-T,3,15.8,521963.57,4174809.251,949.47
ATATURK,ATATURK-T,3,15.9,521963.63,4174809.331,949.47
ATATURK,ATATURK-T,3,16.0,521963.69,4174809.411,949.47
ATATURK,ATATURK-T,3,16.1,521963.749,4174809.491,949.47
ATATURK,ATATURK-T,3,16.2,521963.809,4174809.572,949.47
ATATURK,ATATURK-T,3,16.3,521963.869,4174809.652,949.47
ATATURK,ATATURK-T,4,-16.7,521898.586,4174833.932,951.728
ATATURK,ATATURK-T,4,-16.6,521898.678,4174833.972,951.689
ATATURK,ATATURK-T,4,-16.5,521898.77,4174834.011,951.65
ATATURK,ATATURK-T,4,-16.4,521898.861,4174834.05,951.611
ATATURK,ATATURK-T,4,-16.3,521898.953,4174834.089,951.572
ATATURK,ATATURK-T,4,-16.2,521899.045,4174834.128,951.533
ATATURK,ATATURK-T,4,-16.1,521899.137,4174834.168,951.495
ATATURK,ATATURK-T,4,-16.0,521899.229,4174834.207,951.456
ATATURK,ATATURK-T,4,-15.9,521899.321,4174834.246,951.417
ATATURK,ATATURK-T,4,-15.8,521899.413,4174834.285,951.378
ATATURK,ATATURK-T,4,-15.7,521899.505,4174834.325,951.339
ATATURK,ATATURK-T,4,-15.6,521899.597,4174834.364,951.3
ATATURK,ATATURK-T,4,-15.5,521899.689,4174834.403,951.261
ATATURK,ATATURK-T,4,-15.4,521899.781,4174834.442,951.223
ATATURK,ATATURK-T,4,-15.3,521899.873,4174834.481,951.184
ATATURK,ATATURK-T,4,-15.2,521899.965,4174834.521,951.145
ATATURK,ATATURK-T,4,-15.1,521900.057,4174834.56,951.106
ATATURK,ATATURK-T,4,-15.0,521900.149,4174834.599,951.067
ATATURK,ATATURK-T,4,-14.9,521900.241,4174834.638,951.028
ATATURK,ATATURK-T,4,-14.8,521900.333,4174834.677,950.99
ATATURK,ATATURK-T,4,-14.7,521900.425,4174834.717,950.951
ATATURK,ATATURK-T,4,-14.6,521900.517,4174834.756,950.912
ATATURK,ATATURK-T,4,-14.5,521900.609,4174834.795,950.873
ATATURK,ATATURK-T,4,-14.4,521900.701,4174834.834,950.834
ATATURK,ATATURK-T,4,-14.3,521900.793,4174834.874,950.795
ATATURK,ATATURK-T,4,-14.2,521900.885,4174834.913,950.756
ATATURK,ATATURK-T,4,-14.1,521900.977,4174834.952,950.718
ATATURK,ATATURK-T,4,-14.0,521901.069,4174834.991,950.679
ATATURK,ATATURK-T,4,-13.9,521901.161,4174835.03,950.651
ATATURK,ATATURK-T,4,-13.8,521901.253,4174835.069,950.627
ATATURK,ATATURK-T,4,-13.7,521901.345,4174835.108,950.602
ATATURK,ATATURK-T,4,-13.6,521901.438,4174835.147,950.578
ATATURK,ATATURK-T,4,-13.5,521901.53,4174835.186,950.553
ATATURK,ATATURK-T,4,-13.4,521901.622,4174835.225,950.529
ATATURK,ATATURK-T,4,-13.3,521901.714,4174835.264,950.504
ATATURK,ATATURK-T,4,-13.2,521901.806,4174835.303,950.48
ATATURK,ATATURK-T,4,-13.1,521901.898,4174835.342,950.455
ATATURK,ATATURK-T,4,-13.0,521901.99,4174835.381,950.431
ATATURK,ATATURK-T,4,-12.9,521902.082,4174835.42,950.407
ATATURK,ATATURK-T,4,-12.8,521902.174,4174835.459,950.382
ATATURK,ATATURK-T,4,-12.7,521902.266,4174835.498,950.358
ATATURK,ATATURK-T,4,-12.6,521902.358,4174835.537,950.333
ATATURK,ATATURK-T,4,-12.5,521902.45,4174835.576,950.309
ATATURK,ATATURK-T,4,-12.4,521902.542,4174835.615,950.284
ATATURK,ATATURK-T,4,-12.3,521902.635,4174835.654,950.26
ATATURK,ATATURK-T,4,-12.2,521902.727,4174835.693,950.235
ATATURK,ATATURK-T,4,-12.1,521902.819,4174835.732,950.211
ATATURK,ATATURK-T,4,-12.0,521902.911,4174835.771,950.187
ATATURK,ATATURK-T,4,-11.9,521903.003,4174835.811,950.162
ATATURK,ATATURK-T,4,-11.8,521903.095,4174835.85,950.138
ATATURK,ATATURK-T,4,-11.7,521903.187,4174835.889,950.113
ATATURK,ATATURK-T,4,-11.6,521903.279,4174835.928,950.089
ATATURK,ATATURK-T,4,-11.5,521903.371,4174835.967,950.064
ATATURK,ATATURK-T,4,-11.4,521903.463,4174836.006,950.04
ATATURK,ATATURK-T,4,-11.3,521903.555,4174836.045,950.015
ATATURK,ATATURK-T,4,-11.2,521903.647,4174836.084,949.991
ATATURK,ATATURK-T,4,-11.1,521903.739,4174836.123,949.966
ATATURK,ATATURK-T,4,-11.0,521903.831,4174836.162,949.942
ATATURK,ATATURK-T,4,-10.9,521903.924,4174836.201,949.918
ATATURK,ATATURK-T,4,-10.8,521904.016,4174836.24,949.893
ATATURK,ATATURK-T,4,-10.7,521904.108,4174836.279,949.869
ATATURK,ATATURK-T,4,-10.6,521904.2,4174836.318,949.844
ATATURK,ATATURK-T,4,-10.5,521904.292,4174836.357,949.82
ATATURK,ATATURK-T,4,-10.4,521904.384,4174836.396,949.795
ATATURK,ATATURK-T,4,-10.3,521904.476,4174836.435,949.771
ATATURK,ATATURK-T,4,-10.2,521904.568,4174836.474,949.746
ATATURK,ATATURK-T,4,-10.1,521904.66,4174836.513,949.739
ATATURK,ATATURK-T,4,-10.0,521904.752,4174836.552,949.766
ATATURK,ATATURK-T,4,-9.9,521904.844,4174836.591,949.794
ATATURK,ATATURK-T,4,-9.8,521904.936,4174836.63,949.821
ATATURK,ATATURK-T,4,-9.7,521905.028,4174836.669,949.848
ATATURK,ATATURK-T,4,-9.6,521905.12,4174836.708,949.876
ATATURK,ATATURK-T,4,-9.5,521905.212,4174836.747,949.903
ATATURK,ATATURK-T,4,-9.4,521905.305,4174836.786,949.93
ATATURK,ATATURK-T,4,-9.3,521905.397,4174836.825,949.957
ATATURK,ATATURK-T,4,-9.2,521905.489,4174836.864,949.985
ATATURK,ATATURK-T,4,-9.1,521905.581,4174836.903,950.012
ATATURK,ATATURK-T,4,-9.0,521905.673,4174836.942,950.039
ATATURK,ATATURK-T,4,-8.9,521905.765,4174836.982,950.067
ATATURK,ATATURK-T,4,-8.8,521905.857,4174837.021,950.094
ATATURK,ATATURK-T,4,-8.7,521905.949,4174837.06,950.121
ATATURK,ATATURK-T,4,-8.6,521906.041,4174837.099,950.149
ATATURK,ATATURK-T,4,-8.5,521906.133,4174837.138,950.176
ATATURK,ATATURK-T,4,-8.4,521906.225,4174837.177,950.203
ATATURK,ATATURK-T,4,-8.3,521906.317,4174837.216,950.231
ATATURK,ATATURK-T,4,-8.2,521906.409,4174837.255,950.258
ATATURK,ATATURK-T,4,-8.1,521906.501,4174837.294,950.285
ATATURK,ATATURK-T,4,-8.0,521906.593,4174837.333,950.313
ATATURK,ATATURK-T,4,-7.9,521906.685,4174837.372,950.34
ATATURK,ATATURK-T,4,-7.8,521906.777,4174837.411,950.367
ATATURK,ATATURK-T,4,-7.7,521906.869,4174837.45,950.395
ATATURK,ATATURK-T,4,-7.6,521906.962,4174837.489,950.422
ATATURK,ATATURK-T,4,-7.5,521907.054,4174837.528,950.449
ATATURK,ATATURK-T,4,-7.4,521907.146,4174837.567,950.476
ATATURK,ATATURK-T,4,-7.3,521907.238,4174837.607,950.504
ATATURK,ATATURK-T,4,-7.2,521907.33,4174837.646,950.531
ATATURK,ATATURK-T,4,-7.1,521907.422,4174837.685,950.558
ATATURK,ATATURK-T,4,-7.0,521907.514,4174837.724,950.586
ATATURK,ATATURK-T,4,-6.9,521907.606,4174837.763,950.613
ATATURK,ATATURK-T,4,-6.8,521907.698,4174837.802,950.64
ATATURK,ATATURK-T,4,-6.7,521907.79,4174837.841,950.668
ATATURK,ATATURK-T,4,-6.6,521907.882,4174837.88,950.695
ATATURK,ATATURK-T,4,-6.5,521907.974,4174837.919,950.722
ATATURK,ATATURK-T,4,-6.4,521908.066,4174837.958,950.719
ATATURK,ATATURK-T,4,-6.3,521908.158,4174837.997,950.703
ATATURK,ATATURK-T,4,-6.2,521908.25,4174838.036,950.688
ATATURK,ATATURK-T,4,-6.1,521908.343,4174838.075,950.672
ATATURK,ATATURK-T,4,-6.0,521908.435,4174838.114,950.657
ATATURK,ATATURK-T,4,-5.9,521908.527,4174838.153,950.641
ATATURK,ATATURK-T,4,-5.8,521908.619,4174838.192,950.626
ATATURK,ATATURK-T,4,-5.7,521908.711,4174838.231,950.61
ATATURK,ATATURK-T,4,-5.6,521908.803,4174838.27,950.595
ATATURK,ATATURK-T,4,-5.5,521908.895,4174838.309,950.579
ATATURK,ATATURK-T,4,-5.4,521908.987,4174838.348,950.564
ATATURK,ATATURK-T,4,-5.3,521909.079,4174838.387,950.548
ATATURK,ATATURK-T,4,-5.2,521909.171,4174838.426,950.533
ATATURK,ATATURK-T,4,-5.1,521909.263,4174838.465,950.517
ATATURK,ATATURK-T,4,-5.0,521909.356,4174838.504,950.502
ATATURK,ATATURK-T,4,-4.9,521909.448,4174838.542,950.486
ATATURK,ATATURK-T,4,-4.8,521909.54,4174838.581,950.471
ATATURK,ATATURK-T,4,-4.7,521909.632,4174838.62,950.455
ATATURK,ATATURK-T,4,-4.6,521909.724,4174838.659,950.44
ATATURK,ATATURK-T,4,-4.5,521909.816,4174838.698,950.424
ATATURK,ATATURK-T,4,-4.4,521909.908,4174838.737,950.409
ATATURK,ATATURK-T,4,-4.3,521910.0,4174838.776,950.393
ATATURK,ATATURK-T,4,-4.2,521910.092,4174838.815,950.376
ATATURK,ATATURK-T,4,-4.1,521910.184,4174838.854,950.35
ATATURK,ATATURK-T,4,-4.0,521910.276,4174838.893,950.323
ATATURK,ATATURK-T,4,-3.9,521910.369,4174838.932,950.297
ATATURK,ATATURK-T,4,-3.8,521910.461,4174838.972,950.27
ATATURK,ATATURK-T,4,-3.7,521910.553,4174839.011,950.244
ATATURK,ATATURK-T,4,-3.6,521910.645,4174839.05,950.217
ATATURK,ATATURK-T,4,-3.5,521910.737,4174839.089,950.191
ATATURK,ATATURK-T,4,-3.4,521910.829,4174839.128,950.164
ATATURK,ATATURK-T,4,-3.3,521910.921,4174839.167,950.138
ATATURK,ATATURK-T,4,-3.2,521911.013,4174839.206,950.112
ATATURK,ATATURK-T,4,-3.1,521911.105,4174839.245,950.085
ATATURK,ATATURK-T,4,-3.0,521911.197,4174839.284,950.059
ATATURK,ATATURK-T,4,-2.9,521911.289,4174839.323,950.032
ATATURK,ATATURK-T,4,-2.8,521911.381,4174839.362,950.006
ATATURK,ATATURK-T,4,-2.7,521911.473,4174839.401,949.979
ATATURK,ATATURK-T,4,-2.6,521911.565,4174839.44,949.953
ATATURK,ATATURK-T,4,-2.5,521911.657,4174839.479,949.926
ATATURK,ATATURK-T,4,-2.4,521911.749,4174839.518,949.9
ATATURK,ATATURK-T,4,-2.3,521911.841,4174839.558,949.873
ATATURK,ATATURK-T,4,-2.2,521911.933,4174839.597,949.847
ATATURK,ATATURK-T,4,-2.1,521912.025,4174839.636,949.82
ATATURK,ATATURK-T,4,-2.0,521912.118,4174839.675,949.794
ATATURK,ATATURK-T,4,-1.9,521912.209,4174839.714,949.79
ATATURK,ATATURK-T,4,-1.8,521912.301,4174839.753,949.79
ATATURK,ATATURK-T,4,-1.7,521912.393,4174839.793,949.79
ATATURK,ATATURK-T,4,-1.6,521912.485,4174839.832,946.65
ATATURK,ATATURK-T,4,-1.5,521912.577,4174839.871,946.65
ATATURK,ATATURK-T,4,-1.4,521912.669,4174839.911,946.65
ATATURK,ATATURK-T,4,-1.3,521912.761,4174839.95,946.65
ATATURK,ATATURK-T,4,-1.2,521912.853,4174839.989,946.65
ATATURK,ATATURK-T,4,-1.1,521912.945,4174840.029,946.65
ATATURK,ATATURK-T,4,-1.0,521913.037,4174840.068,946.65
ATATURK,ATATURK-T,4,-0.9,521913.129,4174840.107,946.65
ATATURK,ATATURK-T,4,-0.8,521913.221,4174840.147,946.65
ATATURK,ATATURK-T,4,-0.7,521913.313,4174840.186,946.65
ATATURK,ATATURK-T,4,-0.6,521913.405,4174840.225,946.65
ATATURK,ATATURK-T,4,-0.5,521913.497,4174840.264,946.65
ATATURK,ATATURK-T,4,-0.4,521913.589,4174840.304,946.65
ATATURK,ATATURK-T,4,-0.3,521913.681,4174840.343,946.65
ATATURK,ATATURK-T,4,-0.2,521913.773,4174840.381,946.65
ATATURK,ATATURK-T,4,-0.1,521913.865,4174840.42,946.65
ATATURK,ATATURK-T,4,0.0,521913.957,4174840.459,946.65
ATATURK,ATATURK-T,4,0.1,521914.049,4174840.498,946.65
ATATURK,ATATURK-T,4,0.2,521914.142,4174840.537,946.65
ATATURK,ATATURK-T,4,0.3,521914.234,4174840.576,946.65
ATATURK,ATATURK-T,4,0.4,521914.326,4174840.615,946.65
ATATURK,ATATURK-T,4,0.5,521914.418,4174840.654,946.65
ATATURK,ATATURK-T,4,0.6,521914.51,4174840.692,946.65
ATATURK,ATATURK-T,4,0.7,521914.602,4174840.731,946.65
ATATURK,ATATURK-T,4,0.8,521914.694,4174840.77,946.65
ATATURK,ATATURK-T,4,0.9,521914.786,4174840.809,946.65
ATATURK,ATATURK-T,4,1.0,521914.879,4174840.848,946.65
ATATURK,ATATURK-T,4,1.1,521914.971,4174840.887,946.65
ATATURK,ATATURK-T,4,1.2,521915.063,4174840.926,946.65
ATATURK,ATATURK-T,4,1.3,521915.155,4174840.964,946.65
ATATURK,ATATURK-T,4,1.4,521915.247,4174841.003,946.65
ATATURK,ATATURK-T,4,1.5,521915.339,4174841.042,946.65
ATATURK,ATATURK-T,4,1.6,521915.431,4174841.081,946.65
ATATURK,ATATURK-T,4,1.7,521915.524,4174841.12,949.79
ATATURK,ATATURK-T,4,1.8,521915.616,4174841.159,949.79
ATATURK,ATATURK-T,4,1.9,521915.708,4174841.198,949.79
ATATURK,ATATURK-T,4,2.0,521915.8,4174841.237,949.79
ATATURK,ATATURK-T,4,2.1,521915.892,4174841.276,949.79
ATATURK,ATATURK-T,4,2.2,521915.984,4174841.315,949.748
ATATURK,ATATURK-T,4,2.3,521916.076,4174841.354,949.636
ATATURK,ATATURK-T,4,2.4,521916.168,4174841.394,949.523
ATATURK,ATATURK-T,4,2.5,521916.26,4174841.433,949.41
ATATURK,ATATURK-T,4,2.6,521916.352,4174841.473,949.298
ATATURK,ATATURK-T,4,2.7,521916.443,4174841.512,949.185
ATATURK,ATATURK-T,4,2.8,521916.535,4174841.552,949.073
ATATURK,ATATURK-T,4,2.9,521916.627,4174841.591,948.96
ATATURK,ATATURK-T,4,3.0,521916.719,4174841.631,948.847
ATATURK,ATATURK-T,4,3.1,521916.811,4174841.67,948.735
ATATURK,ATATURK-T,4,3.2,521916.903,4174841.71,948.65
ATATURK,ATATURK-T,4,3.3,521916.995,4174841.749,948.65
ATATURK,ATATURK-T,4,3.4,521917.087,4174841.788,948.65
ATATURK,ATATURK-T,4,3.5,521917.179,4174841.827,948.65
ATATURK,ATATURK-T,4,3.6,521917.271,4174841.866,948.65
ATATURK,ATATURK-T,4,3.7,521917.363,4174841.905,948.65
ATATURK,ATATURK-T,4,3.8,521917.455,4174841.944,948.65
ATATURK,ATATURK-T,4,3.9,521917.547,4174841.983,948.65
ATATURK,ATATURK-T,4,4.0,521917.639,4174842.022,948.65
ATATURK,ATATURK-T,4,4.1,521917.731,4174842.061,948.65
ATATURK,ATATURK-T,4,4.2,521917.823,4174842.1,948.65
ATATURK,ATATURK-T,4,4.3,521917.915,4174842.139,948.65
ATATURK,ATATURK-T,4,4.4,521918.008,4174842.178,948.65
ATATURK,ATATURK-T,4,4.5,521918.1,4174842.217,948.65
ATATURK,ATATURK-T,4,4.6,521918.192,4174842.256,948.65
ATATURK,ATATURK-T,4,4.7,521918.284,4174842.295,948.65
ATATURK,ATATURK-T,4,4.8,521918.376,4174842.334,948.65
ATATURK,ATATURK-T,4,4.9,521918.468,4174842.374,948.65
ATATURK,ATATURK-T,4,5.0,521918.56,4174842.413,948.65
ATATURK,ATATURK-T,4,5.1,521918.652,4174842.452,948.65
ATATURK,ATATURK-T,4,5.2,521918.744,4174842.491,948.65
ATATURK,ATATURK-T,4,5.3,521918.836,4174842.53,948.65
ATATURK,ATATURK-T,4,5.4,521918.928,4174842.569,948.65
ATATURK,ATATURK-T,4,5.5,521919.02,4174842.608,948.65
ATATURK,ATATURK-T,4,5.6,521919.112,4174842.647,948.65
ATATURK,ATATURK-T,4,5.7,521919.204,4174842.686,948.65
ATATURK,ATATURK-T,4,5.8,521919.296,4174842.725,948.65
ATATURK,ATATURK-T,4,5.9,521919.388,4174842.764,948.65
ATATURK,ATATURK-T,4,6.0,521919.48,4174842.803,948.65
ATATURK,ATATURK-T,4,6.1,521919.573,4174842.842,948.65
ATATURK,ATATURK-T,4,6.2,521919.665,4174842.881,948.65
ATATURK,ATATURK-T,4,6.3,521919.757,4174842.92,948.65
ATATURK,ATATURK-T,4,6.4,521919.849,4174842.959,948.65
ATATURK,ATATURK-T,4,6.5,521919.941,4174842.998,948.65
ATATURK,ATATURK-T,4,6.6,521920.033,4174843.037,948.65
ATATURK,ATATURK-T,4,6.7,521920.125,4174843.076,948.65
ATATURK,ATATURK-T,4,6.8,521920.217,4174843.115,948.65
ATATURK,ATATURK-T,4,6.9,521920.309,4174843.155,948.65
ATATURK,ATATURK-T,4,7.0,521920.401,4174843.194,948.65
ATATURK,ATATURK-T,4,7.1,521920.493,4174843.233,948.65
ATATURK,ATATURK-T,4,7.2,521920.585,4174843.272,948.65
ATATURK,ATATURK-T,4,7.3,521920.677,4174843.311,948.65
ATATURK,ATATURK-T,4,7.4,521920.769,4174843.35,948.65
ATATURK,ATATURK-T,4,7.5,521920.861,4174843.389,948.65
ATATURK,ATATURK-T,4,7.6,521920.953,4174843.428,948.65
ATATURK,ATATURK-T,4,7.7,521921.045,4174843.467,948.65
ATATURK,ATATURK-T,4,7.8,521921.138,4174843.506,948.65
ATATURK,ATATURK-T,4,7.9,521921.23,4174843.545,948.65
ATATURK,ATATURK-T,4,8.0,521921.322,4174843.584,948.65
ATATURK,ATATURK-T,4,8.1,521921.414,4174843.623,948.65
ATATURK,ATATURK-T,4,8.2,521921.506,4174843.662,948.65
ATATURK,ATATURK-T,4,8.3,521921.598,4174843.701,948.65
ATATURK,ATATURK-T,4,8.4,521921.69,4174843.74,948.65
ATATURK,ATATURK-T,4,8.5,521921.782,4174843.779,948.65
ATATURK,ATATURK-T,4,8.6,521921.874,4174843.818,948.65
ATATURK,ATATURK-T,4,8.7,521921.966,4174843.857,948.65
ATATURK,ATATURK-T,4,8.8,521922.058,4174843.896,948.65
ATATURK,ATATURK-T,4,8.9,521922.15,4174843.936,948.686
ATATURK,ATATURK-T,4,9.0,521922.242,4174843.975,948.741
ATATURK,ATATURK-T,4,9.1,521922.334,4174844.014,948.796
ATATURK,ATATURK-T,4,9.2,521922.426,4174844.053,948.85
ATATURK,ATATURK-T,4,9.3,521922.518,4174844.092,948.905
ATATURK,ATATURK-T,4,9.4,521922.611,4174844.131,948.96
ATATURK,ATATURK-T,4,9.5,521922.703,4174844.17,949.015
ATATURK,ATATURK-T,4,9.6,521922.795,4174844.209,949.07
ATATURK,ATATURK-T,4,9.7,521922.887,4174844.248,949.125
ATATURK,ATATURK-T,4,9.8,521922.979,4174844.287,949.18
ATATURK,ATATURK-T,4,9.9,521923.071,4174844.326,949.234
ATATURK,ATATURK-T,4,10.0,521923.163,4174844.365,949.289
ATATURK,ATATURK-T,4,10.1,521923.255,4174844.404,949.344
ATATURK,ATATURK-T,4,10.2,521923.347,4174844.443,949.399
ATATURK,ATATURK-T,4,10.3,521923.439,4174844.482,949.454
ATATURK,ATATURK-T,4,10.4,521923.531,4174844.521,949.509
ATATURK,ATATURK-T,4,10.5,521923.623,4174844.56,949.564
ATATURK,ATATURK-T,4,10.6,521923.715,4174844.599,949.618
ATATURK,ATATURK-T,4,10.7,521923.807,4174844.638,949.673
ATATURK,ATATURK-T,4,10.8,521923.9,4174844.677,949.728
ATATURK,ATATURK-T,4,10.9,521923.992,4174844.716,949.783
ATATURK,ATATURK-T,4,11.0,521924.084,4174844.755,949.838
ATATURK,ATATURK-T,4,11.1,521924.176,4174844.794,949.893
ATATURK,ATATURK-T,4,11.2,521924.268,4174844.833,949.947
ATATURK,ATATURK-T,4,11.3,521924.36,4174844.872,950.002
ATATURK,ATATURK-T,4,11.4,521924.452,4174844.911,950.057
ATATURK,ATATURK-T,4,11.5,521924.544,4174844.95,950.112
ATATURK,ATATURK-T,4,11.6,521924.636,4174844.989,950.167
ATATURK,ATATURK-T,4,11.7,521924.728,4174845.028,950.222
ATATURK,ATATURK-T,4,11.8,521924.82,4174845.067,950.277
ATATURK,ATATURK-T,4,11.9,521924.912,4174845.106,950.331
ATATURK,ATATURK-T,4,12.0,521925.004,4174845.146,950.386
ATATURK,ATATURK-T,4,12.1,521925.096,4174845.185,950.441
ATATURK,ATATURK-T,4,12.2,521925.188,4174845.224,950.496
ATATURK,ATATURK-T,4,12.3,521925.281,4174845.263,950.551
ATATURK,ATATURK-T,4,12.4,521925.373,4174845.302,950.606
ATATURK,ATATURK-T,4,12.5,521925.465,4174845.341,950.661
ATATURK,ATATURK-T,4,12.6,521925.557,4174845.38,950.715
ATATURK,ATATURK-T,4,12.7,521925.649,4174845.419,950.77
ATATURK,ATATURK-T,4,12.8,521925.741,4174845.458,950.825
ATATURK,ATATURK-T,4,12.9,521925.833,4174845.497,950.88
ATATURK,ATATURK-T,4,13.0,521925.925,4174845.536,950.935
ATATURK,ATATURK-T,4,13.1,521926.017,4174845.575,950.99
ATATURK,ATATURK-T,4,13.2,521926.109,4174845.614,951.045
ATATURK,ATATURK-T,4,13.3,521926.201,4174845.653,951.099
ATATURK,ATATURK-T,4,13.4,521926.293,4174845.692,951.154
ATATURK,ATATURK-T,4,13.5,521926.385,4174845.731,951.209
ATATURK,ATATURK-T,4,13.6,521926.477,4174845.77,951.264
ATATURK,ATATURK-T,4,13.7,521926.569,4174845.809,951.319
ATATURK,ATATURK-T,4,13.8,521926.662,4174845.848,951.374
ATATURK,ATATURK-T,4,13.9,521926.754,4174845.887,951.428
ATATURK,ATATURK-T,4,14.0,521926.846,4174845.926,951.483
ATATURK,ATATURK-T,4,14.1,521926.938,4174845.965,951.538
ATATURK,ATATURK-T,4,14.2,521927.03,4174846.004,951.593
ATATURK,ATATURK-T,4,14.3,521927.122,4174846.043,951.648
ATATURK,ATATURK-T,4,14.4,521927.214,4174846.082,951.703
ATATURK,ATATURK-T,4,14.5,521927.306,4174846.121,951.758
ATATURK,ATATURK-T,4,14.6,521927.398,4174846.16,951.812
ATATURK,ATATURK-T,4,14.7,521927.49,4174846.199,951.867
ATATURK,ATATURK-T,4,14.8,521927.582,4174846.238,951.922
ATATURK,ATATURK-T,4,14.9,521927.674,4174846.277,951.977
ATATURK,ATATURK-T,4,15.0,521927.766,4174846.316,952.032
ATATURK,ATATURK-T,4,15.1,521927.858,4174846.355,952.087
ATATURK,ATATURK-T,4,15.2,521927.951,4174846.395,952.142
ATATURK,ATATURK-T,4,15.3,521928.043,4174846.434,952.196
ATATURK,ATATURK-T,4,15.4,521928.135,4174846.473,952.251
ATATURK,ATATURK-T,4,15.5,521928.227,4174846.512,952.306
ATATURK,ATATURK-T,4,15.6,521928.319,4174846.551,952.361
ATATURK,ATATURK-T,4,15.7,521928.411,4174846.59,952.416
ATATURK,ATATURK-T,4,15.8,521928.503,4174846.629,952.471
ATATURK,ATATURK-T,4,15.9,521928.595,4174846.668,952.526
ATATURK,ATATURK-T,4,16.0,521928.687,4174846.707,952.58
ATATURK,ATATURK-T,4,16.1,521928.779,4174846.746,952.635
ATATURK,ATATURK-T,4,16.2,521928.871,4174846.785,952.69
ATATURK,ATATURK-T,4,16.3,521928.963,4174846.824,952.745
ATATURK,ATATURK-T,4,16.4,521929.055,4174846.863,952.8
ATATURK,ATATURK-T,4,16.5,521929.147,4174846.902,952.855
ATATURK,ATATURK-T,5,-16.7,521885.061,4174896.552,949.259
ATATURK,ATATURK-T,5,-16.6,521885.16,4174896.566,949.258
ATATURK,ATATURK-T,5,-16.5,521885.259,4174896.581,949.256
ATATURK,ATATURK-T,5,-16.4,521885.358,4174896.596,949.255
ATATURK,ATATURK-T,5,-16.3,521885.457,4174896.61,949.254
ATATURK,ATATURK-T,5,-16.2,521885.556,4174896.625,949.252
ATATURK,ATATURK-T,5,-16.1,521885.655,4174896.639,949.251
ATATURK,ATATURK-T,5,-16.0,521885.754,4174896.654,949.25
ATATURK,ATATURK-T,5,-15.9,521885.853,4174896.668,949.248
ATATURK,ATATURK-T,5,-15.8,521885.952,4174896.683,949.247
ATATURK,ATATURK-T,5,-15.7,521886.051,4174896.697,949.246
ATATURK,ATATURK-T,5,-15.6,521886.15,4174896.712,949.244
ATATURK,ATATURK-T,5,-15.5,521886.248,4174896.727,949.243
ATATURK,ATATURK-T,5,-15.4,521886.347,4174896.741,949.242
ATATURK,ATATURK-T,5,-15.3,521886.446,4174896.756,949.24
ATATURK,ATATURK-T,5,-15.2,521886.545,4174896.77,949.239
ATATURK,ATATURK-T,5,-15.1,521886.644,4174896.785,949.238
ATATURK,ATATURK-T,5,-15.0,521886.743,4174896.799,949.236
ATATURK,ATATURK-T,5,-14.9,521886.842,4174896.814,949.235
ATATURK,ATATURK-T,5,-14.8,521886.941,4174896.828,949.234
ATATURK,ATATURK-T,5,-14.7,521887.04,4174896.843,949.232
ATATURK,ATATURK-T,5,-14.6,521887.139,4174896.857,949.231
ATATURK,ATATURK-T,5,-14.5,521887.238,4174896.872,949.23
ATATURK,ATATURK-T,5,-14.4,521887.337,4174896.887,949.228
ATATURK,ATATURK-T,5,-14.3,521887.436,4174896.901,949.227
ATATURK,ATATURK-T,5,-14.2,521887.535,4174896.916,949.226
ATATURK,ATATURK-T,5,-14.1,521887.634,4174896.93,949.225
ATATURK,ATATURK-T,5,-14.0,521887.733,4174896.945,949.223
ATATURK,ATATURK-T,5,-13.9,521887.831,4174896.959,949.222
ATATURK,ATATURK-T,5,-13.8,521887.93,4174896.974,949.221
ATATURK,ATATURK-T,5,-13.7,521888.029,4174896.988,949.219
ATATURK,ATATURK-T,5,-13.6,521888.128,4174897.003,949.218
ATATURK,ATATURK-T,5,-13.5,521888.227,4174897.018,949.217
ATATURK,ATATURK-T,5,-13.4,521888.326,4174897.032,949.215
ATATURK,ATATURK-T,5,-13.3,521888.425,4174897.047,949.214
ATATURK,ATATURK-T,5,-13.2,521888.524,4174897.061,949.213
ATATURK,ATATURK-T,5,-13.1,521888.623,4174897.076,949.211
ATATURK,ATATURK-T,5,-13.0,521888.722,4174897.09,949.21
ATATURK,ATATURK-T,5,-12.9,521888.821,4174897.105,949.21
ATATURK,ATATURK-T,5,-12.8,521888.92,4174897.119,949.21
ATATURK,ATATURK-T,5,-12.7,521889.019,4174897.133,949.21
ATATURK,ATATURK-T,5,-12.6,521889.118,4174897.148,949.21
ATATURK,ATATURK-T,5,-12.5,521889.217,4174897.162,949.21
ATATURK,ATATURK-T,5,-12.4,521889.316,4174897.176,949.21
ATATURK,ATATURK-T,5,-12.3,521889.415,4174897.191,949.21
ATATURK,ATATURK-T,5,-12.2,521889.514,4174897.205,949.21
ATATURK,ATATURK-T,5,-12.1,521889.613,4174897.22,949.21
ATATURK,ATATURK-T,5,-12.0,521889.711,4174897.234,949.21
ATATURK,ATATURK-T,5,-11.9,521889.81,4174897.248,949.21
ATATURK,ATATURK-T,5,-11.8,521889.909,4174897.263,949.21
ATATURK,ATATURK-T,5,-11.7,521890.008,4174897.277,949.21
ATATURK,ATATURK-T,5,-11.6,521890.107,4174897.291,949.21
ATATURK,ATATURK-T,5,-11.5,521890.206,4174897.306,949.21
ATATURK,ATATURK-T,5,-11.4,521890.305,4174897.32,949.21
ATATURK,ATATURK-T,5,-11.3,521890.404,4174897.334,949.21
ATATURK,ATATURK-T,5,-11.2,521890.503,4174897.349,949.21
ATATURK,ATATURK-T,5,-11.1,521890.602,4174897.363,949.21
ATATURK,ATATURK-T,5,-11.0,521890.701,4174897.378,949.21
ATATURK,ATATURK-T,5,-10.9,521890.8,4174897.392,949.21
ATATURK,ATATURK-T,5,-10.8,521890.899,4174897.406,949.21
ATATURK,ATATURK-T,5,-10.7,521890.998,4174897.421,949.21
ATATURK,ATATURK-T,5,-10.6,521891.097,4174897.435,949.21
ATATURK,ATATURK-T,5,-10.5,521891.196,4174897.449,949.21
ATATURK,ATATURK-T,5,-10.4,521891.295,4174897.464,949.21
ATATURK,ATATURK-T,5,-10.3,521891.394,4174897.478,949.21
ATATURK,ATATURK-T,5,-10.2,521891.493,4174897.493,949.21
ATATURK,ATATURK-T,5,-10.1,521891.592,4174897.507,949.21
ATATURK,ATATURK-T,5,-10.0,521891.691,4174897.521,949.21
ATATURK,ATATURK-T,5,-9.9,521891.79,4174897.536,949.21
ATATURK,ATATURK-T,5,-9.8,521891.889,4174897.55,949.21
ATATURK,ATATURK-T,5,-9.7,521891.988,4174897.565,949.21
ATATURK,ATATURK-T,5,-9.6,521892.086,4174897.579,949.21
ATATURK,ATATURK-T,5,-9.5,521892.185,4174897.594,949.21
ATATURK,ATATURK-T,5,-9.4,521892.284,4174897.609,949.21
ATATURK,ATATURK-T,5,-9.3,521892.383,4174897.623,949.21
ATATURK,ATATURK-T,5,-9.2,521892.482,4174897.638,949.21
ATATURK,ATATURK-T,5,-9.1,521892.581,4174897.652,949.21
ATATURK,ATATURK-T,5,-9.0,521892.68,4174897.667,949.21
ATATURK,ATATURK-T,5,-8.9,521892.779,4174897.682,949.21
ATATURK,ATATURK-T,5,-8.8,521892.878,4174897.696,949.21
ATATURK,ATATURK-T,5,-8.7,521892.977,4174897.711,949.21
ATATURK,ATATURK-T,5,-8.6,521893.076,4174897.726,949.21
ATATURK,ATATURK-T,5,-8.5,521893.175,4174897.74,949.21
ATATURK,ATATURK-T,5,-8.4,521893.274,4174897.755,949.21
ATATURK,ATATURK-T,5,-8.3,521893.373,4174897.769,949.21
ATATURK,ATATURK-T,5,-8.2,521893.471,4174897.784,949.21
ATATURK,ATATURK-T,5,-8.1,521893.57,4174897.799,949.21
ATATURK,ATATURK-T,5,-8.0,521893.669,4174897.813,949.21
ATATURK,ATATURK-T,5,-7.9,521893.768,4174897.828,949.21
ATATURK,ATATURK-T,5,-7.8,521893.867,4174897.843,949.21
ATATURK,ATATURK-T,5,-7.7,521893.966,4174897.857,949.21
ATATURK,ATATURK-T,5,-7.6,521894.065,4174897.872,949.21
ATATURK,ATATURK-T,5,-7.5,521894.164,4174897.886,949.21
ATATURK,ATATURK-T,5,-7.4,521894.263,4174897.901,949.21
ATATURK,ATATURK-T,5,-7.3,521894.362,4174897.916,949.21
ATATURK,ATATURK-T,5,-7.2,521894.461,4174897.93,949.21
ATATURK,ATATURK-T,5,-7.1,521894.56,4174897.945,949.21
ATATURK,ATATURK-T,5,-7.0,521894.659,4174897.96,949.21
ATATURK,ATATURK-T,5,-6.9,521894.757,4174897.974,949.21
ATATURK,ATATURK-T,5,-6.8,521894.856,4174897.989,949.21
ATATURK,ATATURK-T,5,-6.7,521894.955,4174898.003,949.21
ATATURK,ATATURK-T,5,-6.6,521895.054,4174898.018,949.198
ATATURK,ATATURK-T,5,-6.5,521895.153,4174898.032,949.177
ATATURK,ATATURK-T,5,-6.4,521895.252,4174898.047,949.156
ATATURK,ATATURK-T,5,-6.3,521895.351,4174898.061,949.134
ATATURK,ATATURK-T,5,-6.2,521895.45,4174898.076,949.113
ATATURK,ATATURK-T,5,-6.1,521895.549,4174898.09,949.091
ATATURK,ATATURK-T,5,-6.0,521895.648,4174898.105,949.07
ATATURK,ATATURK-T,5,-5.9,521895.747,4174898.119,949.049
ATATURK,ATATURK-T,5,-5.8,521895.846,4174898.134,949.027
ATATURK,ATATURK-T,5,-5.7,521895.945,4174898.148,949.006
ATATURK,ATATURK-T,5,-5.6,521896.044,4174898.163,948.985
ATATURK,ATATURK-T,5,-5.5,521896.143,4174898.177,948.963
ATATURK,ATATURK-T,5,-5.4,521896.242,4174898.192,948.942
ATATURK,ATATURK-T,5,-5.3,521896.341,4174898.206,948.921
ATATURK,ATATURK-T,5,-5.2,521896.44,4174898.22,948.899
ATATURK,ATATURK-T,5,-5.1,521896.538,4174898.235,948.878
ATATURK,ATATURK-T,5,-5.0,521896.637,4174898.249,948.856
ATATURK,ATATURK-T,5,-4.9,521896.736,4174898.264,948.835
ATATURK,ATATURK-T,5,-4.8,521896.835,4174898.278,948.814
ATATURK,ATATURK-T,5,-4.7,521896.934,4174898.293,948.792
ATATURK,ATATURK-T,5,-4.6,521897.033,4174898.307,948.771
ATATURK,ATATURK-T,5,-4.5,521897.132,4174898.322,948.75
ATATURK,ATATURK-T,5,-4.4,521897.231,4174898.336,948.728
ATATURK,ATATURK-T,5,-4.3,521897.33,4174898.351,948.707
ATATURK,ATATURK-T,5,-4.2,521897.429,4174898.365,948.685
ATATURK,ATATURK-T,5,-4.1,521897.528,4174898.38,948.664
ATATURK,ATATURK-T,5,-4.0,521897.627,4174898.394,948.643
ATATURK,ATATURK-T,5,-3.9,521897.726,4174898.408,948.621
ATATURK,ATATURK-T,5,-3.8,521897.825,4174898.423,948.6
ATATURK,ATATURK-T,5,-3.7,521897.924,4174898.437,948.579
ATATURK,ATATURK-T,5,-3.6,521898.023,4174898.452,948.554
ATATURK,ATATURK-T,5,-3.5,521898.122,4174898.467,948.505
ATATURK,ATATURK-T,5,-3.4,521898.221,4174898.482,948.455
ATATURK,ATATURK-T,5,-3.3,521898.319,4174898.496,948.406
ATATURK,ATATURK-T,5,-3.2,521898.418,4174898.511,948.357
ATATURK,ATATURK-T,5,-3.1,521898.517,4174898.526,948.308
ATATURK,ATATURK-T,5,-3.0,521898.616,4174898.541,948.259
ATATURK,ATATURK-T,5,-2.9,521898.715,4174898.556,948.21
ATATURK,ATATURK-T,5,-2.8,521898.814,4174898.57,948.161
ATATURK,ATATURK-T,5,-2.7,521898.913,4174898.585,948.112
ATATURK,ATATURK-T,5,-2.6,521899.012,4174898.6,948.063
ATATURK,ATATURK-T,5,-2.5,521899.111,4174898.615,948.013
ATATURK,ATATURK-T,5,-2.4,521899.209,4174898.63,947.964
ATATURK,ATATURK-T,5,-2.3,521899.308,4174898.644,947.915
ATATURK,ATATURK-T,5,-2.2,521899.407,4174898.659,947.866
ATATURK,ATATURK-T,5,-2.1,521899.506,4174898.674,947.83
ATATURK,ATATURK-T,5,-2.0,521899.605,4174898.688,947.83
ATATURK,ATATURK-T,5,-1.9,521899.704,4174898.702,947.83
ATATURK,ATATURK-T,5,-1.8,521899.803,4174898.716,947.83
ATATURK,ATATURK-T,5,-1.7,521899.902,4174898.73,947.83
ATATURK,ATATURK-T,5,-1.6,521900.001,4174898.745,944.77
ATATURK,ATATURK-T,5,-1.5,521900.1,4174898.76,944.77
ATATURK,ATATURK-T,5,-1.4,521900.199,4174898.775,944.77
ATATURK,ATATURK-T,5,-1.3,521900.298,4174898.791,944.77
ATATURK,ATATURK-T,5,-1.2,521900.396,4174898.806,944.77
ATATURK,ATATURK-T,5,-1.1,521900.495,4174898.821,944.77
ATATURK,ATATURK-T,5,-1.0,521900.594,4174898.837,944.77
ATATURK,ATATURK-T,5,-0.9,521900.693,4174898.852,944.77
ATATURK,ATATURK-T,5,-0.8,521900.792,4174898.867,944.77
ATATURK,ATATURK-T,5,-0.7,521900.891,4174898.882,944.77
ATATURK,ATATURK-T,5,-0.6,521900.99,4174898.896,944.77
ATATURK,ATATURK-T,5,-0.5,521901.089,4174898.911,944.77
ATATURK,ATATURK-T,5,-0.4,521901.187,4174898.926,944.77
ATATURK,ATATURK-T,5,-0.3,521901.286,4174898.94,944.77
ATATURK,ATATURK-T,5,-0.2,521901.385,4174898.955,944.77
ATATURK,ATATURK-T,5,-0.1,521901.484,4174898.969,944.77
ATATURK,ATATURK-T,5,0.0,521901.583,4174898.984,944.77
ATATURK,ATATURK-T,5,0.1,521901.682,4174898.998,944.77
ATATURK,ATATURK-T,5,0.2,521901.781,4174899.013,944.77
ATATURK,ATATURK-T,5,0.3,521901.88,4174899.027,944.77
ATATURK,ATATURK-T,5,0.4,521901.979,4174899.042,944.77
ATATURK,ATATURK-T,5,0.5,521902.078,4174899.056,944.77
ATATURK,ATATURK-T,5,0.6,521902.177,4174899.071,944.77
ATATURK,ATATURK-T,5,0.7,521902.276,4174899.086,944.77
ATATURK,ATATURK-T,5,0.8,521902.375,4174899.1,944.77
ATATURK,ATATURK-T,5,0.9,521902.474,4174899.115,944.77
ATATURK,ATATURK-T,5,1.0,521902.573,4174899.129,944.77
ATATURK,ATATURK-T,5,1.1,521902.671,4174899.144,944.77
ATATURK,ATATURK-T,5,1.2,521902.77,4174899.158,944.77
ATATURK,ATATURK-T,5,1.3,521902.869,4174899.173,944.77
ATATURK,ATATURK-T,5,1.4,521902.968,4174899.187,944.77
ATATURK,ATATURK-T,5,1.5,521903.067,4174899.202,944.77
ATATURK,ATATURK-T,5,1.6,521903.166,4174899.216,944.77
ATATURK,ATATURK-T,5,1.7,521903.265,4174899.231,948.0
ATATURK,ATATURK-T,5,1.8,521903.364,4174899.245,948.0
ATATURK,ATATURK-T,5,1.9,521903.463,4174899.259,948.0
ATATURK,ATATURK-T,5,2.0,521903.562,4174899.273,948.0
ATATURK,ATATURK-T,5,2.1,521903.661,4174899.287,947.976
ATATURK,ATATURK-T,5,2.2,521903.76,4174899.302,947.929
ATATURK,ATATURK-T,5,2.3,521903.859,4174899.316,947.882
ATATURK,ATATURK-T,5,2.4,521903.958,4174899.331,947.835
ATATURK,ATATURK-T,5,2.5,521904.057,4174899.345,947.788
ATATURK,ATATURK-T,5,2.6,521904.156,4174899.359,947.741
ATATURK,ATATURK-T,5,2.7,521904.255,4174899.374,947.694
ATATURK,ATATURK-T,5,2.8,521904.354,4174899.388,947.647
ATATURK,ATATURK-T,5,2.9,521904.453,4174899.402,947.6
ATATURK,ATATURK-T,5,3.0,521904.552,4174899.417,947.553
ATATURK,ATATURK-T,5,3.1,521904.651,4174899.431,947.506
ATATURK,ATATURK-T,5,3.2,521904.75,4174899.446,947.459
ATATURK,ATATURK-T,5,3.3,521904.849,4174899.46,947.412
ATATURK,ATATURK-T,5,3.4,521904.948,4174899.474,947.365
ATATURK,ATATURK-T,5,3.5,521905.047,4174899.489,947.319
ATATURK,ATATURK-T,5,3.6,521905.146,4174899.503,947.272
ATATURK,ATATURK-T,5,3.7,521905.244,4174899.517,947.225
ATATURK,ATATURK-T,5,3.8,521905.343,4174899.532,947.178
ATATURK,ATATURK-T,5,3.9,521905.442,4174899.546,947.131
ATATURK,ATATURK-T,5,4.0,521905.541,4174899.561,947.084
ATATURK,ATATURK-T,5,4.1,521905.64,4174899.575,947.037
ATATURK,ATATURK-T,5,4.2,521905.739,4174899.589,946.99
ATATURK,ATATURK-T,5,4.3,521905.838,4174899.604,946.943
ATATURK,ATATURK-T,5,4.4,521905.937,4174899.618,946.896
ATATURK,ATATURK-T,5,4.5,521906.036,4174899.633,946.89
ATATURK,ATATURK-T,5,4.6,521906.135,4174899.647,946.89
ATATURK,ATATURK-T,5,4.7,521906.234,4174899.662,946.89
ATATURK,ATATURK-T,5,4.8,521906.333,4174899.676,946.89
ATATURK,ATATURK-T,5,4.9,521906.432,4174899.691,946.89
ATATURK,ATATURK-T,5,5.0,521906.531,4174899.706,946.89
ATATURK,ATATURK-T,5,5.1,521906.63,4174899.72,946.89
ATATURK,ATATURK-T,5,5.2,521906.729,4174899.735,946.89
ATATURK,ATATURK-T,5,5.3,521906.828,4174899.749,946.89
ATATURK,ATATURK-T,5,5.4,521906.927,4174899.764,946.89
ATATURK,ATATURK-T,5,5.5,521907.025,4174899.778,946.89
ATATURK,ATATURK-T,5,5.6,521907.124,4174899.793,946.89
ATATURK,ATATURK-T,5,5.7,521907.223,4174899.808,946.89
ATATURK,ATATURK-T,5,5.8,521907.322,4174899.822,946.89
ATATURK,ATATURK-T,5,5.9,521907.421,4174899.837,946.89
ATATURK,ATATURK-T,5,6.0,521907.52,4174899.851,946.89
ATATURK,ATATURK-T,5,6.1,521907.619,4174899.866,946.89
ATATURK,ATATURK-T,5,6.2,521907.718,4174899.88,946.89
ATATURK,ATATURK-T,5,6.3,521907.817,4174899.895,946.89
ATATURK,ATATURK-T,5,6.4,521907.916,4174899.91,946.89
ATATURK,ATATURK-T,5,6.5,521908.015,4174899.924,946.89
ATATURK,ATATURK-T,5,6.6,521908.114,4174899.939,946.89
ATATURK,ATATURK-T,5,6.7,521908.213,4174899.953,946.89
ATATURK,ATATURK-T,5,6.8,521908.312,4174899.968,946.89
ATATURK,ATATURK-T,5,6.9,521908.411,4174899.982,946.89
ATATURK,ATATURK-T,5,7.0,521908.509,4174899.997,946.89
ATATURK,ATATURK-T,5,7.1,521908.608,4174900.012,946.89
ATATURK,ATATURK-T,5,7.2,521908.707,4174900.026,946.89
ATATURK,ATATURK-T,5,7.3,521908.806,4174900.041,946.89
ATATURK,ATATURK-T,5,7.4,521908.905,4174900.055,946.89
ATATURK,ATATURK-T,5,7.5,521909.004,4174900.07,946.89
ATATURK,ATATURK-T,5,7.6,521909.103,4174900.084,946.89
ATATURK,ATATURK-T,5,7.7,521909.202,4174900.099,946.89
ATATURK,ATATURK-T,5,7.8,521909.301,4174900.114,946.89
ATATURK,ATATURK-T,5,7.9,521909.4,4174900.128,946.89
ATATURK,ATATURK-T,5,8.0,521909.499,4174900.143,946.89
ATATURK,ATATURK-T,5,8.1,521909.598,4174900.157,946.89
ATATURK,ATATURK-T,5,8.2,521909.697,4174900.172,946.89
ATATURK,ATATURK-T,5,8.3,521909.796,4174900.186,946.89
ATATURK,ATATURK-T,5,8.4,521909.895,4174900.201,946.89
ATATURK,ATATURK-T,5,8.5,521909.993,4174900.216,946.89
ATATURK,ATATURK-T,5,8.6,521910.092,4174900.23,946.89
ATATURK,ATATURK-T,5,8.7,521910.191,4174900.245,946.89
ATATURK,ATATURK-T,5,8.8,521910.29,4174900.259,946.89
ATATURK,ATATURK-T,5,8.9,521910.389,4174900.274,946.89
ATATURK,ATATURK-T,5,9.0,521910.488,4174900.288,946.89
ATATURK,ATATURK-T,5,9.1,521910.587,4174900.303,946.89
ATATURK,ATATURK-T,5,9.2,521910.686,4174900.318,946.89
ATATURK,ATATURK-T,5,9.3,521910.785,4174900.332,946.89
ATATURK,ATATURK-T,5,9.4,521910.884,4174900.347,946.89
ATATURK,ATATURK-T,5,9.5,521910.983,4174900.361,946.89
ATATURK,ATATURK-T,5,9.6,521911.082,4174900.376,946.89
ATATURK,ATATURK-T,5,9.7,521911.181,4174900.39,946.888
ATATURK,ATATURK-T,5,9.8,521911.28,4174900.405,946.886
ATATURK,ATATURK-T,5,9.9,521911.378,4174900.42,946.883
ATATURK,ATATURK-T,5,10.0,521911.477,4174900.435,946.881
ATATURK,ATATURK-T,5,10.1,521911.576,4174900.449,946.879
ATATURK,ATATURK-T,5,10.2,521911.675,4174900.464,946.876
ATATURK,ATATURK-T,5,10.3,521911.774,4174900.479,946.874
ATATURK,ATATURK-T,5,10.4,521911.873,4174900.493,946.871
ATATURK,ATATURK-T,5,10.5,521911.972,4174900.508,946.869
ATATURK,ATATURK-T,5,10.6,521912.071,4174900.523,946.867
ATATURK,ATATURK-T,5,10.7,521912.17,4174900.537,946.864
ATATURK,ATATURK-T,5,10.8,521912.269,4174900.552,946.862
ATATURK,ATATURK-T,5,10.9,521912.368,4174900.567,946.859
ATATURK,ATATURK-T,5,11.0,521912.467,4174900.581,946.857
ATATURK,ATATURK-T,5,11.1,521912.565,4174900.596,946.855
ATATURK,ATATURK-T,5,11.2,521912.664,4174900.611,946.852
ATATURK,ATATURK-T,5,11.3,521912.763,4174900.625,946.85
ATATURK,ATATURK-T,5,11.4,521912.862,4174900.64,946.847
ATATURK,ATATURK-T,5,11.5,521912.961,4174900.655,946.845
ATATURK,ATATURK-T,5,11.6,521913.06,4174900.669,946.842
ATATURK,ATATURK-T,5,11.7,521913.159,4174900.684,946.84
ATATURK,ATATURK-T,5,11.8,521913.258,4174900.699,946.838
ATATURK,ATATURK-T,5,11.9,521913.357,4174900.713,946.835
ATATURK,ATATURK-T,5,12.0,521913.456,4174900.728,946.833
ATATURK,ATATURK-T,5,12.1,521913.555,4174900.743,946.83
ATATURK,ATATURK-T,5,12.2,521913.654,4174900.757,946.828
ATATURK,ATATURK-T,5,12.3,521913.752,4174900.772,946.826
ATATURK,ATATURK-T,5,12.4,521913.851,4174900.787,946.823
ATATURK,ATATURK-T,5,12.5,521913.95,4174900.801,946.821
ATATURK,ATATURK-T,5,12.6,521914.049,4174900.816,946.818
ATATURK,ATATURK-T,5,12.7,521914.148,4174900.831,946.816
ATATURK,ATATURK-T,5,12.8,521914.247,4174900.845,946.813
ATATURK,ATATURK-T,5,12.9,521914.346,4174900.86,946.811
ATATURK,ATATURK-T,5,13.0,521914.445,4174900.875,946.809
ATATURK,ATATURK-T,5,13.1,521914.544,4174900.889,946.806
ATATURK,ATATURK-T,5,13.2,521914.643,4174900.904,946.804
ATATURK,ATATURK-T,5,13.3,521914.742,4174900.919,946.801
ATATURK,ATATURK-T,5,13.4,521914.841,4174900.934,946.799
ATATURK,ATATURK-T,5,13.5,521914.939,4174900.948,946.797
ATATURK,ATATURK-T,5,13.6,521915.038,4174900.963,946.794
ATATURK,ATATURK-T,5,13.7,521915.137,4174900.978,946.792
ATATURK,ATATURK-T,5,13.8,521915.236,4174900.992,946.789
ATATURK,ATATURK-T,5,13.9,521915.335,4174901.007,946.787
ATATURK,ATATURK-T,5,14.0,521915.434,4174901.022,946.785
ATATURK,ATATURK-T,5,14.1,521915.533,4174901.036,946.782
ATATURK,ATATURK-T,5,14.2,521915.632,4174901.051,946.78
ATATURK,ATATURK-T,5,14.3,521915.731,4174901.066,946.777
ATATURK,ATATURK-T,5,14.4,521915.83,4174901.08,946.775
ATATURK,ATATURK-T,5,14.5,521915.929,4174901.095,946.772
ATATURK,ATATURK-T,5,14.6,521916.028,4174901.11,946.77
ATATURK,ATATURK-T,6,-14.6,521888.21,4174955.756,950.557
ATATURK,ATATURK-T,6,-14.5,521888.31,4174955.748,950.551
ATATURK,ATATURK-T,6,-14.4,521888.41,4174955.741,950.544
ATATURK,ATATURK-T,6,-14.3,521888.509,4174955.733,950.538
ATATURK,ATATURK-T,6,-14.2,521888.609,4174955.725,950.532
ATATURK,ATATURK-T,6,-14.1,521888.709,4174955.718,950.525
ATATURK,ATATURK-T,6,-14.0,521888.809,4174955.71,950.519
ATATURK,ATATURK-T,6,-13.9,521888.908,4174955.702,950.513
ATATURK,ATATURK-T,6,-13.8,521889.008,4174955.695,950.507
ATATURK,ATATURK-T,6,-13.7,521889.108,4174955.687,950.5
ATATURK,ATATURK-T,6,-13.6,521889.207,4174955.679,950.494
ATATURK,ATATURK-T,6,-13.5,521889.307,4174955.672,950.488
ATATURK,ATATURK-T,6,-13.4,521889.407,4174955.664,950.482
ATATURK,ATATURK-T,6,-13.3,521889.506,4174955.656,950.475
ATATURK,ATATURK-T,6,-13.2,521889.606,4174955.649,950.469
ATATURK,ATATURK-T,6,-13.1,521889.706,4174955.641,950.463
ATATURK,ATATURK-T,6,-13.0,521889.806,4174955.633,950.456
ATATURK,ATATURK-T,6,-12.9,521889.905,4174955.626,950.45
ATATURK,ATATURK-T,6,-12.8,521890.005,4174955.618,950.444
ATATURK,ATATURK-T,6,-12.7,521890.105,4174955.61,950.438
ATATURK,ATATURK-T,6,-12.6,521890.204,4174955.603,950.431
ATATURK,ATATURK-T,6,-12.5,521890.304,4174955.595,950.425
ATATURK,ATATURK-T,6,-12.4,521890.404,4174955.587,950.419
ATATURK,ATATURK-T,6,-12.3,521890.504,4174955.58,950.413
ATATURK,ATATURK-T,6,-12.2,521890.603,4174955.572,950.406
ATATURK,ATATURK-T,6,-12.1,521890.703,4174955.564,950.4
ATATURK,ATATURK-T,6,-12.0,521890.803,4174955.557,950.394
ATATURK,ATATURK-T,6,-11.9,521890.902,4174955.549,950.387
ATATURK,ATATURK-T,6,-11.8,521891.002,4174955.541,950.381
ATATURK,ATATURK-T,6,-11.7,521891.102,4174955.534,950.342
ATATURK,ATATURK-T,6,-11.6,521891.202,4174955.527,950.296
ATATURK,ATATURK-T,6,-11.5,521891.301,4174955.52,950.25
ATATURK,ATATURK-T,6,-11.4,521891.401,4174955.512,950.204
ATATURK,ATATURK-T,6,-11.3,521891.501,4174955.505,950.158
ATATURK,ATATURK-T,6,-11.2,521891.6,4174955.498,950.112
ATATURK,ATATURK-T,6,-11.1,521891.7,4174955.491,950.066
ATATURK,ATATURK-T,6,-11.0,521891.8,4174955.483,950.019
ATATURK,ATATURK-T,6,-10.9,521891.9,4174955.476,949.973
ATATURK,ATATURK-T,6,-10.8,521891.999,4174955.469,949.927
ATATURK,ATATURK-T,6,-10.7,521892.099,4174955.462,949.881
ATATURK,ATATURK-T,6,-10.6,521892.199,4174955.454,949.835
ATATURK,ATATURK-T,6,-10.5,521892.299,4174955.447,949.789
ATATURK,ATATURK-T,6,-10.4,521892.398,4174955.44,949.743
ATATURK,ATATURK-T,6,-10.3,521892.498,4174955.433,949.697
ATATURK,ATATURK-T,6,-10.2,521892.598,4174955.425,949.651
ATATURK,ATATURK-T,6,-10.1,521892.698,4174955.418,949.605
ATATURK,ATATURK-T,6,-10.0,521892.797,4174955.411,949.559
ATATURK,ATATURK-T,6,-9.9,521892.897,4174955.404,949.512
ATATURK,ATATURK-T,6,-9.8,521892.997,4174955.396,949.466
ATATURK,ATATURK-T,6,-9.7,521893.097,4174955.389,949.42
ATATURK,ATATURK-T,6,-9.6,521893.196,4174955.382,949.374
ATATURK,ATATURK-T,6,-9.5,521893.296,4174955.375,949.328
ATATURK,ATATURK-T,6,-9.4,521893.396,4174955.367,949.282
ATATURK,ATATURK-T,6,-9.3,521893.495,4174955.36,949.236
ATATURK,ATATURK-T,6,-9.2,521893.595,4174955.353,949.19
ATATURK,ATATURK-T,6,-9.1,521893.695,4174955.346,949.144
ATATURK,ATATURK-T,6,-9.0,521893.795,4174955.338,949.098
ATATURK,ATATURK-T,6,-8.9,521893.894,4174955.331,949.051
ATATURK,ATATURK-T,6,-8.8,521893.994,4174955.324,949.005
ATATURK,ATATURK-T,6,-8.7,521894.094,4174955.317,948.959
ATATURK,ATATURK-T,6,-8.6,521894.194,4174955.309,948.913
ATATURK,ATATURK-T,6,-8.5,521894.293,4174955.302,948.867
ATATURK,ATATURK-T,6,-8.4,521894.393,4174955.295,948.821
ATATURK,ATATURK-T,6,-8.3,521894.493,4174955.288,948.776
ATATURK,ATATURK-T,6,-8.2,521894.593,4174955.28,948.735
ATATURK,ATATURK-T,6,-8.1,521894.692,4174955.273,948.694
ATATURK,ATATURK-T,6,-8.0,521894.792,4174955.265,948.652
ATATURK,ATATURK-T,6,-7.9,521894.892,4174955.258,948.611
ATATURK,ATATURK-T,6,-7.8,521894.991,4174955.25,948.57
ATATURK,ATATURK-T,6,-7.7,521895.091,4174955.243,948.529
ATATURK,ATATURK-T,6,-7.6,521895.191,4174955.235,948.487
ATATURK,ATATURK-T,6,-7.5,521895.291,4174955.228,948.446
ATATURK,ATATURK-T,6,-7.4,521895.39,4174955.221,948.405
ATATURK,ATATURK-T,6,-7.3,521895.49,4174955.213,948.363
ATATURK,ATATURK-T,6,-7.2,521895.59,4174955.206,948.322
ATATURK,ATATURK-T,6,-7.1,521895.69,4174955.198,948.281
ATATURK,ATATURK-T,6,-7.0,521895.789,4174955.191,948.239
ATATURK,ATATURK-T,6,-6.9,521895.889,4174955.183,948.198
ATATURK,ATATURK-T,6,-6.8,521895.989,4174955.176,948.157
ATATURK,ATATURK-T,6,-6.7,521896.088,4174955.168,948.116
ATATURK,ATATURK-T,6,-6.6,521896.188,4174955.161,948.074
ATATURK,ATATURK-T,6,-6.5,521896.288,4174955.154,948.033
ATATURK,ATATURK-T,6,-6.4,521896.388,4174955.146,947.992
ATATURK,ATATURK-T,6,-6.3,521896.487,4174955.139,947.95
ATATURK,ATATURK-T,6,-6.2,521896.587,4174955.131,947.909
ATATURK,ATATURK-T,6,-6.1,521896.687,4174955.124,947.868
ATATURK,ATATURK-T,6,-6.0,521896.786,4174955.116,947.826
ATATURK,ATATURK-T,6,-5.9,521896.886,4174955.109,947.785
ATATURK,ATATURK-T,6,-5.8,521896.986,4174955.101,947.744
ATATURK,ATATURK-T,6,-5.7,521897.086,4174955.094,947.703
ATATURK,ATATURK-T,6,-5.6,521897.185,4174955.086,947.602
ATATURK,ATATURK-T,6,-5.5,521897.285,4174955.078,947.43
ATATURK,ATATURK-T,6,-5.4,521897.385,4174955.07,947.257
ATATURK,ATATURK-T,6,-5.3,521897.484,4174955.062,947.085
ATATURK,ATATURK-T,6,-5.2,521897.584,4174955.054,946.913
ATATURK,ATATURK-T,6,-5.1,521897.684,4174955.046,946.741
ATATURK,ATATURK-T,6,-5.0,521897.783,4174955.038,946.569
ATATURK,ATATURK-T,6,-4.9,521897.883,4174955.03,946.397
ATATURK,ATATURK-T,6,-4.8,521897.983,4174955.022,946.224
ATATURK,ATATURK-T,6,-4.7,521898.082,4174955.014,946.052
ATATURK,ATATURK-T,6,-4.6,521898.182,4174955.006,945.972
ATATURK,ATATURK-T,6,-4.5,521898.282,4174954.999,945.975
ATATURK,ATATURK-T,6,-4.4,521898.382,4174954.992,945.979
ATATURK,ATATURK-T,6,-4.3,521898.481,4174954.985,945.982
ATATURK,ATATURK-T,6,-4.2,521898.581,4174954.978,945.986
ATATURK,ATATURK-T,6,-4.1,521898.681,4174954.971,945.99
ATATURK,ATATURK-T,6,-4.0,521898.781,4174954.964,945.993
ATATURK,ATATURK-T,6,-3.9,521898.88,4174954.957,945.997
ATATURK,ATATURK-T,6,-3.8,521898.98,4174954.95,946.0
ATATURK,ATATURK-T,6,-3.7,521899.08,4174954.942,946.004
ATATURK,ATATURK-T,6,-3.6,521899.18,4174954.935,946.007
ATATURK,ATATURK-T,6,-3.5,521899.279,4174954.928,946.011
ATATURK,ATATURK-T,6,-3.4,521899.379,4174954.921,946.014
ATATURK,ATATURK-T,6,-3.3,521899.479,4174954.914,946.018
ATATURK,ATATURK-T,6,-3.2,521899.579,4174954.907,946.022
ATATURK,ATATURK-T,6,-3.1,521899.678,4174954.9,946.025
ATATURK,ATATURK-T,6,-3.0,521899.778,4174954.893,946.029
ATATURK,ATATURK-T,6,-2.9,521899.878,4174954.886,946.032
ATATURK,ATATURK-T,6,-2.8,521899.978,4174954.879,946.036
ATATURK,ATATURK-T,6,-2.7,521900.077,4174954.871,946.039
ATATURK,ATATURK-T,6,-2.6,521900.177,4174954.864,946.043
ATATURK,ATATURK-T,6,-2.5,521900.277,4174954.857,946.046
ATATURK,ATATURK-T,6,-2.4,521900.377,4174954.85,946.05
ATATURK,ATATURK-T,6,-2.3,521900.476,4174954.843,946.053
ATATURK,ATATURK-T,6,-2.2,521900.576,4174954.836,946.057
ATATURK,ATATURK-T,6,-2.1,521900.676,4174954.829,946.059
ATATURK,ATATURK-T,6,-2.0,521900.776,4174954.822,946.052
ATATURK,ATATURK-T,6,-1.9,521900.875,4174954.814,946.044
ATATURK,ATATURK-T,6,-1.8,521900.975,4174954.807,946.037
ATATURK,ATATURK-T,6,-1.7,521901.075,4174954.8,943.36
ATATURK,ATATURK-T,6,-1.6,521901.174,4174954.792,943.36
ATATURK,ATATURK-T,6,-1.5,521901.274,4174954.784,943.36
ATATURK,ATATURK-T,6,-1.4,521901.374,4174954.776,943.36
ATATURK,ATATURK-T,6,-1.3,521901.473,4174954.768,943.36
ATATURK,ATATURK-T,6,-1.2,521901.573,4174954.76,943.36
ATATURK,ATATURK-T,6,-1.1,521901.673,4174954.752,943.36
ATATURK,ATATURK-T,6,-1.0,521901.773,4174954.744,943.36
ATATURK,ATATURK-T,6,-0.9,521901.872,4174954.736,943.36
ATATURK,ATATURK-T,6,-0.8,521901.972,4174954.728,943.36
ATATURK,ATATURK-T,6,-0.7,521902.072,4174954.72,943.36
ATATURK,ATATURK-T,6,-0.6,521902.171,4174954.712,943.36
ATATURK,ATATURK-T,6,-0.5,521902.271,4174954.704,943.36
ATATURK,ATATURK-T,6,-0.4,521902.371,4174954.696,943.36
ATATURK,ATATURK-T,6,-0.3,521902.47,4174954.689,943.36
ATATURK,ATATURK-T,6,-0.2,521902.57,4174954.681,943.36
ATATURK,ATATURK-T,6,-0.1,521902.67,4174954.674,943.36
ATATURK,ATATURK-T,6,0.0,521902.77,4174954.667,943.36
ATATURK,ATATURK-T,6,0.1,521902.869,4174954.659,943.36
ATATURK,ATATURK-T,6,0.2,521902.969,4174954.652,943.36
ATATURK,ATATURK-T,6,0.3,521903.069,4174954.645,943.36
ATATURK,ATATURK-T,6,0.4,521903.168,4174954.637,943.36
ATATURK,ATATURK-T,6,0.5,521903.268,4174954.63,943.36
ATATURK,ATATURK-T,6,0.6,521903.368,4174954.622,943.36
ATATURK,ATATURK-T,6,0.7,521903.468,4174954.615,943.36
ATATURK,ATATURK-T,6,0.8,521903.567,4174954.608,943.36
ATATURK,ATATURK-T,6,0.9,521903.667,4174954.6,943.36
ATATURK,ATATURK-T,6,1.0,521903.767,4174954.593,943.36
ATATURK,ATATURK-T,6,1.1,521903.867,4174954.585,943.36
ATATURK,ATATURK-T,6,1.2,521903.966,4174954.578,943.36
ATATURK,ATATURK-T,6,1.3,521904.066,4174954.571,943.36
ATATURK,ATATURK-T,6,1.4,521904.166,4174954.563,943.36
ATATURK,ATATURK-T,6,1.5,521904.265,4174954.556,943.36
ATATURK,ATATURK-T,6,1.6,521904.365,4174954.549,943.36
ATATURK,ATATURK-T,6,1.7,521904.465,4174954.541,943.36
ATATURK,ATATURK-T,6,1.8,521904.565,4174954.534,946.33
ATATURK,ATATURK-T,6,1.9,521904.664,4174954.526,946.33
ATATURK,ATATURK-T,6,2.0,521904.764,4174954.519,946.33
ATATURK,ATATURK-T,6,2.1,521904.864,4174954.512,946.33
ATATURK,ATATURK-T,6,2.2,521904.964,4174954.504,946.33
ATATURK,ATATURK-T,6,2.3,521905.063,4174954.497,946.312
ATATURK,ATATURK-T,6,2.4,521905.163,4174954.49,946.272
ATATURK,ATATURK-T,6,2.5,521905.263,4174954.482,946.231
ATATURK,ATATURK-T,6,2.6,521905.362,4174954.475,946.19
ATATURK,ATATURK-T,6,2.7,521905.462,4174954.468,946.15
ATATURK,ATATURK-T,6,2.8,521905.562,4174954.461,946.109
ATATURK,ATATURK-T,6,2.9,521905.662,4174954.454,946.068
ATATURK,ATATURK-T,6,3.0,521905.761,4174954.446,946.028
ATATURK,ATATURK-T,6,3.1,521905.861,4174954.439,945.987
ATATURK,ATATURK-T,6,3.2,521905.961,4174954.432,945.946
ATATURK,ATATURK-T,6,3.3,521906.061,4174954.425,945.906
ATATURK,ATATURK-T,6,3.4,521906.16,4174954.417,945.865
ATATURK,ATATURK-T,6,3.5,521906.26,4174954.41,945.824
ATATURK,ATATURK-T,6,3.6,521906.36,4174954.403,945.783
ATATURK,ATATURK-T,6,3.7,521906.46,4174954.396,945.743
ATATURK,ATATURK-T,6,3.8,521906.559,4174954.389,945.71
ATATURK,ATATURK-T,6,3.9,521906.659,4174954.381,945.712
ATATURK,ATATURK-T,6,4.0,521906.759,4174954.374,945.714
ATATURK,ATATURK-T,6,4.1,521906.859,4174954.366,945.715
ATATURK,ATATURK-T,6,4.2,521906.958,4174954.359,945.717
ATATURK,ATATURK-T,6,4.3,521907.058,4174954.352,945.719
ATATURK,ATATURK-T,6,4.4,521907.158,4174954.344,945.72
ATATURK,ATATURK-T,6,4.5,521907.257,4174954.337,945.722
ATATURK,ATATURK-T,6,4.6,521907.357,4174954.329,945.724
ATATURK,ATATURK-T,6,4.7,521907.457,4174954.322,945.725
ATATURK,ATATURK-T,6,4.8,521907.557,4174954.315,945.727
ATATURK,ATATURK-T,6,4.9,521907.656,4174954.307,945.729
ATATURK,ATATURK-T,6,5.0,521907.756,4174954.3,945.73
ATATURK,ATATURK-T,6,5.1,521907.856,4174954.292,945.732
ATATURK,ATATURK-T,6,5.2,521907.956,4174954.285,945.734
ATATURK,ATATURK-T,6,5.3,521908.055,4174954.278,945.735
ATATURK,ATATURK-T,6,5.4,521908.155,4174954.27,945.737
ATATURK,ATATURK-T,6,5.5,521908.255,4174954.263,945.739
ATATURK,ATATURK-T,6,5.6,521908.354,4174954.256,945.74
ATATURK,ATATURK-T,6,5.7,521908.454,4174954.248,945.742
ATATURK,ATATURK-T,6,5.8,521908.554,4174954.241,945.744
ATATURK,ATATURK-T,6,5.9,521908.654,4174954.233,945.745
ATATURK,ATATURK-T,6,6.0,521908.753,4174954.226,945.747
ATATURK,ATATURK-T,6,6.1,521908.853,4174954.219,945.749
ATATURK,ATATURK-T,6,6.2,521908.953,4174954.211,945.75
ATATURK,ATATURK-T,6,6.3,521909.053,4174954.204,945.752
ATATURK,ATATURK-T,6,6.4,521909.152,4174954.196,945.754
ATATURK,ATATURK-T,6,6.5,521909.252,4174954.189,945.756
ATATURK,ATATURK-T,6,6.6,521909.352,4174954.182,945.757
ATATURK,ATATURK-T,6,6.7,521909.451,4174954.174,945.759
ATATURK,ATATURK-T,6,6.8,521909.551,4174954.167,945.761
ATATURK,ATATURK-T,6,6.9,521909.651,4174954.159,945.762
ATATURK,ATATURK-T,6,7.0,521909.751,4174954.152,945.764
ATATURK,ATATURK-T,6,7.1,521909.85,4174954.145,945.766
ATATURK,ATATURK-T,6,7.2,521909.95,4174954.137,945.767
ATATURK,ATATURK-T,6,7.3,521910.05,4174954.13,945.769
ATATURK,ATATURK-T,6,7.4,521910.15,4174954.122,945.771
ATATURK,ATATURK-T,6,7.5,521910.249,4174954.115,945.772
ATATURK,ATATURK-T,6,7.6,521910.349,4174954.108,945.774
ATATURK,ATATURK-T,6,7.7,521910.449,4174954.1,945.776
ATATURK,ATATURK-T,6,7.8,521910.548,4174954.093,945.777
ATATURK,ATATURK-T,6,7.9,521910.648,4174954.085,945.779
ATATURK,ATATURK-T,6,8.0,521910.748,4174954.078,945.781
ATATURK,ATATURK-T,6,8.1,521910.848,4174954.071,945.782
ATATURK,ATATURK-T,6,8.2,521910.947,4174954.063,945.784
ATATURK,ATATURK-T,6,8.3,521911.047,4174954.056,945.786
ATATURK,ATATURK-T,6,8.4,521911.147,4174954.049,945.787
ATATURK,ATATURK-T,6,8.5,521911.246,4174954.041,945.789
ATATURK,ATATURK-T,6,8.6,521911.346,4174954.034,945.791
ATATURK,ATATURK-T,6,8.7,521911.446,4174954.026,945.792
ATATURK,ATATURK-T,6,8.8,521911.546,4174954.019,945.794
ATATURK,ATATURK-T,6,8.9,521911.645,4174954.012,945.796
ATATURK,ATATURK-T,6,9.0,521911.745,4174954.004,945.797
ATATURK,ATATURK-T,6,9.1,521911.845,4174953.997,945.799
ATATURK,ATATURK-T,6,9.2,521911.945,4174953.989,945.801
ATATURK,ATATURK-T,6,9.3,521912.044,4174953.982,945.802
ATATURK,ATATURK-T,6,9.4,521912.144,4174953.975,945.804
ATATURK,ATATURK-T,6,9.5,521912.244,4174953.967,945.806
ATATURK,ATATURK-T,6,9.6,521912.343,4174953.96,945.807
ATATURK,ATATURK-T,6,9.7,521912.443,4174953.952,945.809
ATATURK,ATATURK-T,6,9.8,521912.543,4174953.945,945.811
ATATURK,ATATURK-T,6,9.9,521912.643,4174953.938,945.812
ATATURK,ATATURK-T,6,10.0,521912.742,4174953.93,945.814
ATATURK,ATATURK-T,6,10.1,521912.842,4174953.923,945.816
ATATURK,ATATURK-T,6,10.2,521912.942,4174953.915,945.817
ATATURK,ATATURK-T,6,10.3,521913.042,4174953.908,945.819
ATATURK,ATATURK-T,6,10.4,521913.141,4174953.901,945.821
ATATURK,ATATURK-T,6,10.5,521913.241,4174953.893,945.822
ATATURK,ATATURK-T,6,10.6,521913.341,4174953.886,945.824
ATATURK,ATATURK-T,6,10.7,521913.44,4174953.878,945.826
ATATURK,ATATURK-T,6,10.8,521913.54,4174953.871,945.827
ATATURK,ATATURK-T,6,10.9,521913.64,4174953.864,945.829
ATATURK,ATATURK-T,6,11.0,521913.74,4174953.856,945.827
ATATURK,ATATURK-T,6,11.1,521913.839,4174953.849,945.821
ATATURK,ATATURK-T,6,11.2,521913.939,4174953.842,945.815
ATATURK,ATATURK-T,6,11.3,521914.039,4174953.834,945.809
ATATURK,ATATURK-T,6,11.4,521914.139,4174953.827,945.803
ATATURK,ATATURK-T,6,11.5,521914.238,4174953.819,945.797
ATATURK,ATATURK-T,6,11.6,521914.338,4174953.812,945.791
ATATURK,ATATURK-T,6,11.7,521914.438,4174953.804,945.785
ATATURK,ATATURK-T,6,11.8,521914.537,4174953.797,945.779
ATATURK,ATATURK-T,6,11.9,521914.637,4174953.79,945.773
ATATURK,ATATURK-T,6,12.0,521914.737,4174953.782,945.767
ATATURK,ATATURK-T,6,12.1,521914.837,4174953.775,945.761
ATATURK,ATATURK-T,6,12.2,521914.936,4174953.767,945.755
ATATURK,ATATURK-T,6,12.3,521915.036,4174953.76,945.749
ATATURK,ATATURK-T,6,12.4,521915.136,4174953.753,945.743
ATATURK,ATATURK-T,6,12.5,521915.236,4174953.745,945.737
ATATURK,ATATURK-T,6,12.6,521915.335,4174953.738,945.731
ATATURK,ATATURK-T,6,12.7,521915.435,4174953.73,945.725
ATATURK,ATATURK-T,6,12.8,521915.535,4174953.723,945.718
ATATURK,ATATURK-T,6,12.9,521915.634,4174953.716,945.712
ATATURK,ATATURK-T,6,13.0,521915.734,4174953.708,945.706
ATATURK,ATATURK-T,6,13.1,521915.834,4174953.701,945.7
ATATURK,ATATURK-T,6,13.2,521915.934,4174953.693,945.694
ATATURK,ATATURK-T,6,13.3,521916.033,4174953.686,945.688
ATATURK,ATATURK-T,6,13.4,521916.133,4174953.679,945.682
ATATURK,ATATURK-T,6,13.5,521916.233,4174953.671,945.676
ATATURK,ATATURK-T,6,13.6,521916.333,4174953.664,945.67
ATATURK,ATATURK-T,6,13.7,521916.432,4174953.656,945.664
ATATURK,ATATURK-T,6,13.8,521916.532,4174953.649,945.658
ATATURK,ATATURK-T,6,13.9,521916.632,4174953.642,945.652
ATATURK,ATATURK-T,6,14.0,521916.731,4174953.634,945.646
ATATURK,ATATURK-T,6,14.1,521916.831,4174953.627,945.64
ATATURK,ATATURK-T,6,14.2,521916.931,4174953.619,945.634
ATATURK,ATATURK-T,6,14.3,521917.031,4174953.612,945.628
ATATURK,ATATURK-T,6,14.4,521917.13,4174953.605,945.622
ATATURK,ATATURK-T,6,14.5,521917.23,4174953.597,945.616
ATATURK,ATATURK-T,6,14.6,521917.33,4174953.59,945.61
ATATURK,ATATURK-T,6,14.7,521917.429,4174953.582,945.604
ATATURK,ATATURK-T,6,14.8,521917.529,4174953.575,945.598
ATATURK,ATATURK-T,6,14.9,521917.629,4174953.567,945.592
ATATURK,ATATURK-T,6,15.0,521917.729,4174953.56,945.586
ATATURK,ATATURK-T,6,15.1,521917.828,4174953.553,945.58
ATATURK,ATATURK-T,6,15.2,521917.928,4174953.545,945.574
ATATURK,ATATURK-T,6,15.3,521918.028,4174953.538,945.568
ATATURK,ATATURK-T,6,15.4,521918.128,4174953.53,945.562
ATATURK,ATATURK-T,6,15.5,521918.227,4174953.523,945.556
ATATURK,ATATURK-T,6,15.6,521918.327,4174953.516,945.55
ATATURK,ATATURK-T,6,15.7,521918.427,4174953.508,945.544
ATATURK,ATATURK-T,6,15.8,521918.526,4174953.501,945.538
ATATURK,ATATURK-T,6,15.9,521918.626,4174953.493,945.532
ATATURK,ATATURK-T,6,16.0,521918.726,4174953.486,945.526
ATATURK,ATATURK-T,6,16.1,521918.826,4174953.479,945.52
ATATURK,ATATURK-T,6,16.2,521918.925,4174953.471,945.514
ATATURK,ATATURK-T,6,16.3,521919.025,4174953.464,945.507
ATATURK,ATATURK-T,6,16.4,521919.125,4174953.456,945.501
ATATURK,ATATURK-T,6,16.5,521919.225,4174953.449,945.495
ATATURK,ATATURK-T,6,16.6,521919.324,4174953.442,945.489
ATATURK,ATATURK-T,6,16.7,521919.424,4174953.434,945.483
ATATURK,ATATURK-T,7,-16.7,521884.69,4175019.38,948.74
ATATURK,ATATURK-T,7,-16.6,521884.79,4175019.38,948.749
ATATURK,ATATURK-T,7,-16.5,521884.89,4175019.38,948.757
ATATURK,ATATURK-T,7,-16.4,521884.99,4175019.381,948.766
ATATURK,ATATURK-T,7,-16.3,521885.09,4175019.381,948.774
ATATURK,ATATURK-T,7,-16.2,521885.19,4175019.381,948.783
ATATURK,ATATURK-T,7,-16.1,521885.29,4175019.381,948.792
ATATURK,ATATURK-T,7,-16.0,521885.39,4175019.382,948.8
ATATURK,ATATURK-T,7,-15.9,521885.49,4175019.382,948.809
ATATURK,ATATURK-T,7,-15.8,521885.59,4175019.382,948.818
ATATURK,ATATURK-T,7,-15.7,521885.69,4175019.382,948.826
ATATURK,ATATURK-T,7,-15.6,521885.79,4175019.383,948.835
ATATURK,ATATURK-T,7,-15.5,521885.89,4175019.383,948.843
ATATURK,ATATURK-T,7,-15.4,521885.99,4175019.383,948.852
ATATURK,ATATURK-T,7,-15.3,521886.09,4175019.383,948.861
ATATURK,ATATURK-T,7,-15.2,521886.19,4175019.384,948.869
ATATURK,ATATURK-T,7,-15.1,521886.29,4175019.384,948.878
ATATURK,ATATURK-T,7,-15.0,521886.39,4175019.384,948.887
ATATURK,ATATURK-T,7,-14.9,521886.49,4175019.384,948.895
ATATURK,ATATURK-T,7,-14.8,521886.59,4175019.385,948.904
ATATURK,ATATURK-T,7,-14.7,521886.69,4175019.385,948.912
ATATURK,ATATURK-T,7,-14.6,521886.79,4175019.385,948.921
ATATURK,ATATURK-T,7,-14.5,521886.89,4175019.385,948.93
ATATURK,ATATURK-T,7,-14.4,521886.99,4175019.386,948.938
ATATURK,ATATURK-T,7,-14.3,521887.09,4175019.386,948.947
ATATURK,ATATURK-T,7,-14.2,521887.19,4175019.386,948.956
ATATURK,ATATURK-T,7,-14.1,521887.29,4175019.386,948.964
ATATURK,ATATURK-T,7,-14.0,521887.39,4175019.387,948.973
ATATURK,ATATURK-T,7,-13.9,521887.49,4175019.387,948.981
ATATURK,ATATURK-T,7,-13.8,521887.59,4175019.387,948.99
ATATURK,ATATURK-T,7,-13.7,521887.69,4175019.387,948.999
ATATURK,ATATURK-T,7,-13.6,521887.79,4175019.388,949.007
ATATURK,ATATURK-T,7,-13.5,521887.89,4175019.388,949.016
ATATURK,ATATURK-T,7,-13.4,521887.99,4175019.388,949.024
ATATURK,ATATURK-T,7,-13.3,521888.09,4175019.388,949.033
ATATURK,ATATURK-T,7,-13.2,521888.19,4175019.389,949.042
ATATURK,ATATURK-T,7,-13.1,521888.29,4175019.389,949.05
ATATURK,ATATURK-T,7,-13.0,521888.39,4175019.389,949.059
ATATURK,ATATURK-T,7,-12.9,521888.49,4175019.389,949.068
ATATURK,ATATURK-T,7,-12.8,521888.59,4175019.39,949.076
ATATURK,ATATURK-T,7,-12.7,521888.69,4175019.39,949.085
ATATURK,ATATURK-T,7,-12.6,521888.79,4175019.39,949.075
ATATURK,ATATURK-T,7,-12.5,521888.89,4175019.39,949.039
ATATURK,ATATURK-T,7,-12.4,521888.99,4175019.391,949.003
ATATURK,ATATURK-T,7,-12.3,521889.09,4175019.391,948.966
ATATURK,ATATURK-T,7,-12.2,521889.19,4175019.391,948.93
ATATURK,ATATURK-T,7,-12.1,521889.29,4175019.392,948.893
ATATURK,ATATURK-T,7,-12.0,521889.39,4175019.392,948.857
ATATURK,ATATURK-T,7,-11.9,521889.49,4175019.392,948.82
ATATURK,ATATURK-T,7,-11.8,521889.59,4175019.393,948.784
ATATURK,ATATURK-T,7,-11.7,521889.69,4175019.393,948.748
ATATURK,ATATURK-T,7,-11.6,521889.79,4175019.393,948.711
ATATURK,ATATURK-T,7,-11.5,521889.89,4175019.394,948.675
ATATURK,ATATURK-T,7,-11.4,521889.99,4175019.394,948.638
ATATURK,ATATURK-T,7,-11.3,521890.09,4175019.394,948.602
ATATURK,ATATURK-T,7,-11.2,521890.19,4175019.394,948.566
ATATURK,ATATURK-T,7,-11.1,521890.29,4175019.395,948.529
ATATURK,ATATURK-T,7,-11.0,521890.39,4175019.395,948.493
ATATURK,ATATURK-T,7,-10.9,521890.49,4175019.395,948.456
ATATURK,ATATURK-T,7,-10.8,521890.59,4175019.396,948.42
ATATURK,ATATURK-T,7,-10.7,521890.69,4175019.396,948.383
ATATURK,ATATURK-T,7,-10.6,521890.79,4175019.396,948.347
ATATURK,ATATURK-T,7,-10.5,521890.89,4175019.397,948.311
ATATURK,ATATURK-T,7,-10.4,521890.99,4175019.397,948.274
ATATURK,ATATURK-T,7,-10.3,521891.09,4175019.397,948.238
ATATURK,ATATURK-T,7,-10.2,521891.19,4175019.398,948.201
ATATURK,ATATURK-T,7,-10.1,521891.29,4175019.398,948.165
ATATURK,ATATURK-T,7,-10.0,521891.39,4175019.398,948.128
ATATURK,ATATURK-T,7,-9.9,521891.49,4175019.398,948.092
ATATURK,ATATURK-T,7,-9.8,521891.59,4175019.399,948.056
ATATURK,ATATURK-T,7,-9.7,521891.69,4175019.399,948.019
ATATURK,ATATURK-T,7,-9.6,521891.79,4175019.399,947.983
ATATURK,ATATURK-T,7,-9.5,521891.89,4175019.4,947.946
ATATURK,ATATURK-T,7,-9.4,521891.99,4175019.4,947.91
ATATURK,ATATURK-T,7,-9.3,521892.09,4175019.4,947.879
ATATURK,ATATURK-T,7,-9.2,521892.19,4175019.401,947.847
ATATURK,ATATURK-T,7,-9.1,521892.29,4175019.401,947.816
ATATURK,ATATURK-T,7,-9.0,521892.39,4175019.401,947.784
ATATURK,ATATURK-T,7,-8.9,521892.49,4175019.402,947.753
ATATURK,ATATURK-T,7,-8.8,521892.59,4175019.402,947.721
ATATURK,ATATURK-T,7,-8.7,521892.69,4175019.403,947.69
ATATURK,ATATURK-T,7,-8.6,521892.79,4175019.403,947.659
ATATURK,ATATURK-T,7,-8.5,521892.89,4175019.403,947.627
ATATURK,ATATURK-T,7,-8.4,521892.99,4175019.404,947.596
ATATURK,ATATURK-T,7,-8.3,521893.09,4175019.404,947.564
ATATURK,ATATURK-T,7,-8.2,521893.19,4175019.404,947.533
ATATURK,ATATURK-T,7,-8.1,521893.29,4175019.405,947.501
ATATURK,ATATURK-T,7,-8.0,521893.39,4175019.405,947.47
ATATURK,ATATURK-T,7,-7.9,521893.49,4175019.405,947.439
ATATURK,ATATURK-T,7,-7.8,521893.59,4175019.406,947.407
ATATURK,ATATURK-T,7,-7.7,521893.69,4175019.406,947.376
ATATURK,ATATURK-T,7,-7.6,521893.79,4175019.406,947.344
ATATURK,ATATURK-T,7,-7.5,521893.89,4175019.407,947.313
ATATURK,ATATURK-T,7,-7.4,521893.99,4175019.407,947.281
ATATURK,ATATURK-T,7,-7.3,521894.09,4175019.408,947.25
ATATURK,ATATURK-T,7,-7.2,521894.19,4175019.408,947.219
ATATURK,ATATURK-T,7,-7.1,521894.29,4175019.408,947.187
ATATURK,ATATURK-T,7,-7.0,521894.39,4175019.409,947.156
ATATURK,ATATURK-T,7,-6.9,521894.49,4175019.409,947.124
ATATURK,ATATURK-T,7,-6.8,521894.59,4175019.409,947.093
ATATURK,ATATURK-T,7,-6.7,521894.69,4175019.41,947.061
ATATURK,ATATURK-T,7,-6.6,521894.79,4175019.41,947.03
ATATURK,ATATURK-T,7,-6.5,521894.89,4175019.41,946.837
ATATURK,ATATURK-T,7,-6.4,521894.99,4175019.41,946.644
ATATURK,ATATURK-T,7,-6.3,521895.09,4175019.41,946.451
ATATURK,ATATURK-T,7,-6.2,521895.19,4175019.41,946.258
ATATURK,ATATURK-T,7,-6.1,521895.29,4175019.41,946.065
ATATURK,ATATURK-T,7,-6.0,521895.39,4175019.41,945.872
ATATURK,ATATURK-T,7,-5.9,521895.49,4175019.41,945.679
ATATURK,ATATURK-T,7,-5.8,521895.59,4175019.41,945.486
ATATURK,ATATURK-T,7,-5.7,521895.69,4175019.41,945.293
ATATURK,ATATURK-T,7,-5.6,521895.79,4175019.41,945.1
ATATURK,ATATURK-T,7,-5.5,521895.89,4175019.41,944.907
ATATURK,ATATURK-T,7,-5.4,521895.99,4175019.41,944.714
ATATURK,ATATURK-T,7,-5.3,521896.09,4175019.41,944.56
ATATURK,ATATURK-T,7,-5.2,521896.19,4175019.41,944.562
ATATURK,ATATURK-T,7,-5.1,521896.29,4175019.411,944.564
ATATURK,ATATURK-T,7,-5.0,521896.39,4175019.411,944.566
ATATURK,ATATURK-T,7,-4.9,521896.49,4175019.411,944.568
ATATURK,ATATURK-T,7,-4.8,521896.59,4175019.412,944.57
ATATURK,ATATURK-T,7,-4.7,521896.69,4175019.412,944.572
ATATURK,ATATURK-T,7,-4.6,521896.79,4175019.412,944.573
ATATURK,ATATURK-T,7,-4.5,521896.89,4175019.413,944.575
ATATURK,ATATURK-T,7,-4.4,521896.99,4175019.413,944.577
ATATURK,ATATURK-T,7,-4.3,521897.09,4175019.413,944.579
ATATURK,ATATURK-T,7,-4.2,521897.19,4175019.413,944.581
ATATURK,ATATURK-T,7,-4.1,521897.29,4175019.414,944.583
ATATURK,ATATURK-T,7,-4.0,521897.39,4175019.414,944.585
ATATURK,ATATURK-T,7,-3.9,521897.49,4175019.414,944.587
ATATURK,ATATURK-T,7,-3.8,521897.59,4175019.415,944.588
ATATURK,ATATURK-T,7,-3.7,521897.69,4175019.415,944.59
ATATURK,ATATURK-T,7,-3.6,521897.79,4175019.415,944.592
ATATURK,ATATURK-T,7,-3.5,521897.89,4175019.416,944.594
ATATURK,ATATURK-T,7,-3.4,521897.99,4175019.416,944.596
ATATURK,ATATURK-T,7,-3.3,521898.09,4175019.416,944.598
ATATURK,ATATURK-T,7,-3.2,521898.19,4175019.417,944.6
ATATURK,ATATURK-T,7,-3.1,521898.29,4175019.417,944.601
ATATURK,ATATURK-T,7,-3.0,521898.39,4175019.417,944.603
ATATURK,ATATURK-T,7,-2.9,521898.49,4175019.418,944.605
ATATURK,ATATURK-T,7,-2.8,521898.59,4175019.418,944.607
ATATURK,ATATURK-T,7,-2.7,521898.69,4175019.418,944.609
ATATURK,ATATURK-T,7,-2.6,521898.79,4175019.418,944.611
ATATURK,ATATURK-T,7,-2.5,521898.89,4175019.419,944.613
ATATURK,ATATURK-T,7,-2.4,521898.99,4175019.419,944.615
ATATURK,ATATURK-T,7,-2.3,521899.09,4175019.419,944.616
ATATURK,ATATURK-T,7,-2.2,521899.19,4175019.42,944.618
ATATURK,ATATURK-T,7,-2.1,521899.29,4175019.42,944.62
ATATURK,ATATURK-T,7,-2.0,521899.39,4175019.42,944.62
ATATURK,ATATURK-T,7,-1.9,521899.49,4175019.42,944.62
ATATURK,ATATURK-T,7,-1.8,521899.59,4175019.42,944.62
ATATURK,ATATURK-T,7,-1.7,521899.69,4175019.42,944.62
ATATURK,ATATURK-T,7,-1.6,521899.79,4175019.42,941.6
ATATURK,ATATURK-T,7,-1.5,521899.89,4175019.42,941.6
ATATURK,ATATURK-T,7,-1.4,521899.99,4175019.42,941.6
ATATURK,ATATURK-T,7,-1.3,521900.09,4175019.42,941.6
ATATURK,ATATURK-T,7,-1.2,521900.19,4175019.42,941.6
ATATURK,ATATURK-T,7,-1.1,521900.29,4175019.42,941.6
ATATURK,ATATURK-T,7,-1.0,521900.39,4175019.42,941.6
ATATURK,ATATURK-T,7,-0.9,521900.49,4175019.42,941.6
ATATURK,ATATURK-T,7,-0.8,521900.59,4175019.42,941.6
ATATURK,ATATURK-T,7,-0.7,521900.69,4175019.42,941.6
ATATURK,ATATURK-T,7,-0.6,521900.79,4175019.42,941.6
ATATURK,ATATURK-T,7,-0.5,521900.89,4175019.421,941.6
ATATURK,ATATURK-T,7,-0.4,521900.99,4175019.421,941.6
ATATURK,ATATURK-T,7,-0.3,521901.09,4175019.422,941.6
ATATURK,ATATURK-T,7,-0.2,521901.19,4175019.422,941.6
ATATURK,ATATURK-T,7,-0.1,521901.29,4175019.423,941.6
ATATURK,ATATURK-T,7,0.0,521901.39,4175019.423,941.6
ATATURK,ATATURK-T,7,0.1,521901.49,4175019.423,941.6
ATATURK,ATATURK-T,7,0.2,521901.59,4175019.424,941.6
ATATURK,ATATURK-T,7,0.3,521901.69,4175019.424,941.6
ATATURK,ATATURK-T,7,0.4,521901.79,4175019.425,941.6
ATATURK,ATATURK-T,7,0.5,521901.89,4175019.425,941.6
ATATURK,ATATURK-T,7,0.6,521901.99,4175019.426,941.6
ATATURK,ATATURK-T,7,0.7,521902.09,4175019.426,941.6
ATATURK,ATATURK-T,7,0.8,521902.19,4175019.426,941.6
ATATURK,ATATURK-T,7,0.9,521902.29,4175019.427,941.6
ATATURK,ATATURK-T,7,1.0,521902.39,4175019.427,941.6
ATATURK,ATATURK-T,7,1.1,521902.49,4175019.428,941.6
ATATURK,ATATURK-T,7,1.2,521902.59,4175019.428,941.6
ATATURK,ATATURK-T,7,1.3,521902.69,4175019.429,941.6
ATATURK,ATATURK-T,7,1.4,521902.79,4175019.429,941.6
ATATURK,ATATURK-T,7,1.5,521902.89,4175019.429,941.6
ATATURK,ATATURK-T,7,1.6,521902.99,4175019.43,941.6
ATATURK,ATATURK-T,7,1.7,521903.09,4175019.43,944.62
ATATURK,ATATURK-T,7,1.8,521903.19,4175019.43,944.62
ATATURK,ATATURK-T,7,1.9,521903.29,4175019.43,944.62
ATATURK,ATATURK-T,7,2.0,521903.39,4175019.43,944.62
ATATURK,ATATURK-T,7,2.1,521903.49,4175019.43,944.62
ATATURK,ATATURK-T,7,2.2,521903.59,4175019.43,944.62
ATATURK,ATATURK-T,7,2.3,521903.69,4175019.43,944.62
ATATURK,ATATURK-T,7,2.4,521903.79,4175019.43,944.618
ATATURK,ATATURK-T,7,2.5,521903.89,4175019.431,944.615
ATATURK,ATATURK-T,7,2.6,521903.99,4175019.431,944.611
ATATURK,ATATURK-T,7,2.7,521904.09,4175019.432,944.608
ATATURK,ATATURK-T,7,2.8,521904.19,4175019.432,944.604
ATATURK,ATATURK-T,7,2.9,521904.29,4175019.432,944.601
ATATURK,ATATURK-T,7,3.0,521904.39,4175019.433,944.598
ATATURK,ATATURK-T,7,3.1,521904.49,4175019.433,944.594
ATATURK,ATATURK-T,7,3.2,521904.59,4175019.434,944.591
ATATURK,ATATURK-T,7,3.3,521904.69,4175019.434,944.587
ATATURK,ATATURK-T,7,3.4,521904.79,4175019.435,944.584
ATATURK,ATATURK-T,7,3.5,521904.89,4175019.435,944.581
ATATURK,ATATURK-T,7,3.6,521904.99,4175019.435,944.577
ATATURK,ATATURK-T,7,3.7,521905.09,4175019.436,944.574
ATATURK,ATATURK-T,7,3.8,521905.19,4175019.436,944.57
ATATURK,ATATURK-T,7,3.9,521905.29,4175019.437,944.567
ATATURK,ATATURK-T,7,4.0,521905.39,4175019.437,944.563
ATATURK,ATATURK-T,7,4.1,521905.49,4175019.437,944.56
ATATURK,ATATURK-T,7,4.2,521905.59,4175019.438,944.557
ATATURK,ATATURK-T,7,4.3,521905.69,4175019.438,944.553
ATATURK,ATATURK-T,7,4.4,521905.79,4175019.439,944.55
ATATURK,ATATURK-T,7,4.5,521905.89,4175019.439,944.546
ATATURK,ATATURK-T,7,4.6,521905.99,4175019.44,944.543
ATATURK,ATATURK-T,7,4.7,521906.09,4175019.44,944.539
ATATURK,ATATURK-T,7,4.8,521906.19,4175019.44,944.534
ATATURK,ATATURK-T,7,4.9,521906.29,4175019.441,944.529
ATATURK,ATATURK-T,7,5.0,521906.39,4175019.441,944.524
ATATURK,ATATURK-T,7,5.1,521906.49,4175019.441,944.519
ATATURK,ATATURK-T,7,5.2,521906.59,4175019.441,944.514
ATATURK,ATATURK-T,7,5.3,521906.69,4175019.442,944.508
ATATURK,ATATURK-T,7,5.4,521906.79,4175019.442,944.503
ATATURK,ATATURK-T,7,5.5,521906.89,4175019.442,944.498
ATATURK,ATATURK-T,7,5.6,521906.99,4175019.443,944.493
ATATURK,ATATURK-T,7,5.7,521907.09,4175019.443,944.488
ATATURK,ATATURK-T,7,5.8,521907.19,4175019.443,944.483
ATATURK,ATATURK-T,7,5.9,521907.29,4175019.443,944.477
ATATURK,ATATURK-T,7,6.0,521907.39,4175019.444,944.472
ATATURK,ATATURK-T,7,6.1,521907.49,4175019.444,944.467
ATATURK,ATATURK-T,7,6.2,521907.59,4175019.444,944.462
ATATURK,ATATURK-T,7,6.3,521907.69,4175019.445,944.457
ATATURK,ATATURK-T,7,6.4,521907.79,4175019.445,944.451
ATATURK,ATATURK-T,7,6.5,521907.89,4175019.445,944.446
ATATURK,ATATURK-T,7,6.6,521907.99,4175019.445,944.441
ATATURK,ATATURK-T,7,6.7,521908.09,4175019.446,944.436
ATATURK,ATATURK-T,7,6.8,521908.19,4175019.446,944.431
ATATURK,ATATURK-T,7,6.9,521908.29,4175019.446,944.426
ATATURK,ATATURK-T,7,7.0,521908.39,4175019.447,944.42
ATATURK,ATATURK-T,7,7.1,521908.49,4175019.447,944.415
ATATURK,ATATURK-T,7,7.2,521908.59,4175019.447,944.41
ATATURK,ATATURK-T,7,7.3,521908.69,4175019.448,944.405
ATATURK,ATATURK-T,7,7.4,521908.79,4175019.448,944.4
ATATURK,ATATURK-T,7,7.5,521908.89,4175019.448,944.394
ATATURK,ATATURK-T,7,7.6,521908.99,4175019.448,944.389
ATATURK,ATATURK-T,7,7.7,521909.09,4175019.449,944.384
ATATURK,ATATURK-T,7,7.8,521909.19,4175019.449,944.379
ATATURK,ATATURK-T,7,7.9,521909.29,4175019.449,944.374
ATATURK,ATATURK-T,7,8.0,521909.39,4175019.45,944.369
ATATURK,ATATURK-T,7,8.1,521909.49,4175019.45,944.363
ATATURK,ATATURK-T,7,8.2,521909.59,4175019.45,944.358
ATATURK,ATATURK-T,7,8.3,521909.69,4175019.45,944.353
ATATURK,ATATURK-T,7,8.4,521909.79,4175019.451,944.348
ATATURK,ATATURK-T,7,8.5,521909.89,4175019.451,944.343
ATATURK,ATATURK-T,7,8.6,521909.99,4175019.451,944.337
ATATURK,ATATURK-T,7,8.7,521910.09,4175019.452,944.332
ATATURK,ATATURK-T,7,8.8,521910.19,4175019.452,944.327
ATATURK,ATATURK-T,7,8.9,521910.29,4175019.452,944.322
ATATURK,ATATURK-T,7,9.0,521910.39,4175019.452,944.317
ATATURK,ATATURK-T,7,9.1,521910.49,4175019.453,944.312
ATATURK,ATATURK-T,7,9.2,521910.59,4175019.453,944.306
ATATURK,ATATURK-T,7,9.3,521910.69,4175019.453,944.301
ATATURK,ATATURK-T,7,9.4,521910.79,4175019.454,944.296
ATATURK,ATATURK-T,7,9.5,521910.89,4175019.454,944.291
ATATURK,ATATURK-T,7,9.6,521910.99,4175019.454,944.286
ATATURK,ATATURK-T,7,9.7,521911.09,4175019.454,944.28
ATATURK,ATATURK-T,7,9.8,521911.19,4175019.455,944.275
ATATURK,ATATURK-T,7,9.9,521911.29,4175019.455,944.27
ATATURK,ATATURK-T,7,10.0,521911.39,4175019.455,944.265
ATATURK,ATATURK-T,7,10.1,521911.49,4175019.456,944.26
ATATURK,ATATURK-T,7,10.2,521911.59,4175019.456,944.255
ATATURK,ATATURK-T,7,10.3,521911.69,4175019.456,944.249
ATATURK,ATATURK-T,7,10.4,521911.79,4175019.456,944.244
ATATURK,ATATURK-T,7,10.5,521911.89,4175019.457,944.239
ATATURK,ATATURK-T,7,10.6,521911.99,4175019.457,944.234
ATATURK,ATATURK-T,7,10.7,521912.09,4175019.457,944.229
ATATURK,ATATURK-T,7,10.8,521912.19,4175019.458,944.224
ATATURK,ATATURK-T,7,10.9,521912.29,4175019.458,944.218
ATATURK,ATATURK-T,7,11.0,521912.39,4175019.458,944.213
ATATURK,ATATURK-T,7,11.1,521912.49,4175019.458,944.208
ATATURK,ATATURK-T,7,11.2,521912.59,4175019.459,944.203
ATATURK,ATATURK-T,7,11.3,521912.69,4175019.459,944.198
ATATURK,ATATURK-T,7,11.4,521912.79,4175019.459,944.192
ATATURK,ATATURK-T,7,11.5,521912.89,4175019.46,944.187
ATATURK,ATATURK-T,7,11.6,521912.99,4175019.46,944.182
ATATURK,ATATURK-T,7,11.7,521913.09,4175019.46,944.178
ATATURK,ATATURK-T,7,11.8,521913.19,4175019.46,944.174
ATATURK,ATATURK-T,7,11.9,521913.29,4175019.46,944.17
ATATURK,ATATURK-T,7,12.0,521913.39,4175019.461,944.166
ATATURK,ATATURK-T,7,12.1,521913.49,4175019.461,944.162
ATATURK,ATATURK-T,7,12.2,521913.59,4175019.461,944.158
ATATURK,ATATURK-T,7,12.3,521913.69,4175019.461,944.154
ATATURK,ATATURK-T,7,12.4,521913.79,4175019.461,944.15
ATATURK,ATATURK-T,7,12.5,521913.89,4175019.461,944.146
ATATURK,ATATURK-T,7,12.6,521913.99,4175019.462,944.142
ATATURK,ATATURK-T,7,12.7,521914.09,4175019.462,944.139
ATATURK,ATATURK-T,7,12.8,521914.19,4175019.462,944.135
ATATURK,ATATURK-T,7,12.9,521914.29,4175019.462,944.131
ATATURK,ATATURK-T,7,13.0,521914.39,4175019.462,944.127
ATATURK,ATATURK-T,7,13.1,521914.49,4175019.462,944.123
ATATURK,ATATURK-T,7,13.2,521914.59,4175019.463,944.119
ATATURK,ATATURK-T,7,13.3,521914.69,4175019.463,944.115
ATATURK,ATATURK-T,7,13.4,521914.79,4175019.463,944.111
ATATURK,ATATURK-T,7,13.5,521914.89,4175019.463,944.107
ATATURK,ATATURK-T,7,13.6,521914.99,4175019.463,944.103
ATATURK,ATATURK-T,7,13.7,521915.09,4175019.464,944.099
ATATURK,ATATURK-T,7,13.8,521915.19,4175019.464,944.096
ATATURK,ATATURK-T,7,13.9,521915.29,4175019.464,944.092
ATATURK,ATATURK-T,7,14.0,521915.39,4175019.464,944.088
ATATURK,ATATURK-T,7,14.1,521915.49,4175019.464,944.084
ATATURK,ATATURK-T,7,14.2,521915.59,4175019.464,944.08
ATATURK,ATATURK-T,7,14.3,521915.69,4175019.465,944.076
ATATURK,ATATURK-T,7,14.4,521915.79,4175019.465,944.072
ATATURK,ATATURK-T,7,14.5,521915.89,4175019.465,944.068
ATATURK,ATATURK-T,7,14.6,521915.99,4175019.465,944.064
ATATURK,ATATURK-T,7,14.7,521916.09,4175019.465,944.06
ATATURK,ATATURK-T,7,14.8,521916.19,4175019.465,944.056
ATATURK,ATATURK-T,7,14.9,521916.29,4175019.466,944.052
ATATURK,ATATURK-T,7,15.0,521916.39,4175019.466,944.049
ATATURK,ATATURK-T,7,15.1,521916.49,4175019.466,944.045
ATATURK,ATATURK-T,7,15.2,521916.59,4175019.466,944.041
ATATURK,ATATURK-T,7,15.3,521916.69,4175019.466,944.037
ATATURK,ATATURK-T,7,15.4,521916.79,4175019.466,944.033
ATATURK,ATATURK-T,7,15.5,521916.89,4175019.467,944.029
ATATURK,ATATURK-T,7,15.6,521916.99,4175019.467,944.025
ATATURK,ATATURK-T,7,15.7,521917.09,4175019.467,944.021
ATATURK,ATATURK-T,7,15.8,521917.19,4175019.467,944.017
ATATURK,ATATURK-T,7,15.9,521917.29,4175019.467,944.013
ATATURK,ATATURK-T,7,16.0,521917.39,4175019.467,944.009
ATATURK,ATATURK-T,7,16.1,521917.49,4175019.468,944.006
ATATURK,ATATURK-T,7,16.2,521917.59,4175019.468,944.002
ATATURK,ATATURK-T,7,16.3,521917.69,4175019.468,943.998
ATATURK,ATATURK-T,7,16.4,521917.79,4175019.468,943.994
ATATURK,ATATURK-T,7,16.5,521917.89,4175019.468,943.99
ATATURK,ATATURK-T,7,16.6,521917.99,4175019.468,943.986
ATATURK,ATATURK-T,7,16.7,521918.09,4175019.469,943.982
ATATURK,ATATURK-T,7,16.8,521918.19,4175019.469,943.978
ATATURK,ATATURK-T,7,16.9,521918.29,4175019.469,943.974
ATATURK,ATATURK-T,7,17.0,521918.39,4175019.469,943.97
ATATURK,ATATURK-T,7,17.1,521918.49,4175019.469,943.966
ATATURK,ATATURK-T,7,17.2,521918.59,4175019.469,943.963
ATATURK,ATATURK-T,7,17.3,521918.69,4175019.47,943.959
ATATURK,ATATURK-T,7,17.4,521918.79,4175019.47,943.955
ATATURK,ATATURK-T,7,17.5,521918.89,4175019.47,943.951
ATATURK,ATATURK-T,8,-16.8,521902.262,4175078.72,946.15
ATATURK,ATATURK-T,8,-16.7,521902.362,4175078.729,946.136
ATATURK,ATATURK-T,8,-16.6,521902.462,4175078.737,946.123
ATATURK,ATATURK-T,8,-16.5,521902.561,4175078.746,946.109
ATATURK,ATATURK-T,8,-16.4,521902.661,4175078.755,946.096
ATATURK,ATATURK-T,8,-16.3,521902.76,4175078.763,946.082
ATATURK,ATATURK-T,8,-16.2,521902.86,4175078.772,946.068
ATATURK,ATATURK-T,8,-16.1,521902.96,4175078.781,946.055
ATATURK,ATATURK-T,8,-16.0,521903.059,4175078.789,946.041
ATATURK,ATATURK-T,8,-15.9,521903.159,4175078.798,946.028
ATATURK,ATATURK-T,8,-15.8,521903.259,4175078.807,946.014
ATATURK,ATATURK-T,8,-15.7,521903.358,4175078.815,946.001
ATATURK,ATATURK-T,8,-15.6,521903.458,4175078.824,945.987
ATATURK,ATATURK-T,8,-15.5,521903.557,4175078.832,945.974
ATATURK,ATATURK-T,8,-15.4,521903.657,4175078.841,945.96
ATATURK,ATATURK-T,8,-15.3,521903.757,4175078.85,945.947
ATATURK,ATATURK-T,8,-15.2,521903.856,4175078.858,945.933
ATATURK,ATATURK-T,8,-15.1,521903.956,4175078.867,945.92
ATATURK,ATATURK-T,8,-15.0,521904.056,4175078.876,945.906
ATATURK,ATATURK-T,8,-14.9,521904.155,4175078.884,945.893
ATATURK,ATATURK-T,8,-14.8,521904.255,4175078.893,945.879
ATATURK,ATATURK-T,8,-14.7,521904.354,4175078.902,945.865
ATATURK,ATATURK-T,8,-14.6,521904.454,4175078.91,945.852
ATATURK,ATATURK-T,8,-14.5,521904.554,4175078.919,945.838
ATATURK,ATATURK-T,8,-14.4,521904.653,4175078.928,945.825
ATATURK,ATATURK-T,8,-14.3,521904.753,4175078.936,945.811
ATATURK,ATATURK-T,8,-14.2,521904.853,4175078.945,945.798
ATATURK,ATATURK-T,8,-14.1,521904.952,4175078.953,945.784
ATATURK,ATATURK-T,8,-14.0,521905.052,4175078.962,945.771
ATATURK,ATATURK-T,8,-13.9,521905.151,4175078.971,945.757
ATATURK,ATATURK-T,8,-13.8,521905.251,4175078.979,945.744
ATATURK,ATATURK-T,8,-13.7,521905.351,4175078.988,945.73
ATATURK,ATATURK-T,8,-13.6,521905.45,4175078.997,945.717
ATATURK,ATATURK-T,8,-13.5,521905.55,4175079.005,945.703
ATATURK,ATATURK-T,8,-13.4,521905.65,4175079.014,945.69
ATATURK,ATATURK-T,8,-13.3,521905.749,4175079.023,945.673
ATATURK,ATATURK-T,8,-13.2,521905.849,4175079.031,945.651
ATATURK,ATATURK-T,8,-13.1,521905.948,4175079.04,945.629
ATATURK,ATATURK-T,8,-13.0,521906.048,4175079.049,945.607
ATATURK,ATATURK-T,8,-12.9,521906.148,4175079.057,945.584
ATATURK,ATATURK-T,8,-12.8,521906.247,4175079.066,945.562
ATATURK,ATATURK-T,8,-12.7,521906.347,4175079.075,945.54
ATATURK,ATATURK-T,8,-12.6,521906.447,4175079.083,945.518
ATATURK,ATATURK-T,8,-12.5,521906.546,4175079.092,945.495
ATATURK,ATATURK-T,8,-12.4,521906.646,4175079.101,945.473
ATATURK,ATATURK-T,8,-12.3,521906.745,4175079.109,945.451
ATATURK,ATATURK-T,8,-12.2,521906.845,4175079.118,945.429
ATATURK,ATATURK-T,8,-12.1,521906.945,4175079.127,945.406
ATATURK,ATATURK-T,8,-12.0,521907.044,4175079.135,945.384
ATATURK,ATATURK-T,8,-11.9,521907.144,4175079.144,945.362
ATATURK,ATATURK-T,8,-11.8,521907.244,4175079.153,945.34
ATATURK,ATATURK-T,8,-11.7,521907.343,4175079.162,945.317
ATATURK,ATATURK-T,8,-11.6,521907.443,4175079.17,945.295
ATATURK,ATATURK-T,8,-11.5,521907.542,4175079.179,945.273
ATATURK,ATATURK-T,8,-11.4,521907.642,4175079.188,945.251
ATATURK,ATATURK-T,8,-11.3,521907.742,4175079.196,945.228
ATATURK,ATATURK-T,8,-11.2,521907.841,4175079.205,945.206
ATATURK,ATATURK-T,8,-11.1,521907.941,4175079.214,945.184
ATATURK,ATATURK-T,8,-11.0,521908.041,4175079.222,945.162
ATATURK,ATATURK-T,8,-10.9,521908.14,4175079.231,945.139
ATATURK,ATATURK-T,8,-10.8,521908.24,4175079.24,945.117
ATATURK,ATATURK-T,8,-10.7,521908.339,4175079.248,945.095
ATATURK,ATATURK-T,8,-10.6,521908.439,4175079.257,945.072
ATATURK,ATATURK-T,8,-10.5,521908.539,4175079.266,945.05
ATATURK,ATATURK-T,8,-10.4,521908.638,4175079.274,945.028
ATATURK,ATATURK-T,8,-10.3,521908.738,4175079.283,945.006
ATATURK,ATATURK-T,8,-10.2,521908.837,4175079.292,944.983
ATATURK,ATATURK-T,8,-10.1,521908.937,4175079.301,944.961
ATATURK,ATATURK-T,8,-10.0,521909.037,4175079.309,944.939
ATATURK,ATATURK-T,8,-9.9,521909.136,4175079.318,944.917
ATATURK,ATATURK-T,8,-9.8,521909.236,4175079.327,944.894
ATATURK,ATATURK-T,8,-9.7,521909.336,4175079.335,944.872
ATATURK,ATATURK-T,8,-9.6,521909.435,4175079.344,944.847
ATATURK,ATATURK-T,8,-9.5,521909.535,4175079.352,944.817
ATATURK,ATATURK-T,8,-9.4,521909.635,4175079.36,944.788
ATATURK,ATATURK-T,8,-9.3,521909.734,4175079.369,944.759
ATATURK,ATATURK-T,8,-9.2,521909.834,4175079.377,944.729
ATATURK,ATATURK-T,8,-9.1,521909.934,4175079.385,944.7
ATATURK,ATATURK-T,8,-9.0,521910.033,4175079.393,944.671
ATATURK,ATATURK-T,8,-8.9,521910.133,4175079.402,944.641
ATATURK,ATATURK-T,8,-8.8,521910.232,4175079.41,944.612
ATATURK,ATATURK-T,8,-8.7,521910.332,4175079.418,944.582
ATATURK,ATATURK-T,8,-8.6,521910.432,4175079.426,944.553
ATATURK,ATATURK-T,8,-8.5,521910.531,4175079.435,944.524
ATATURK,ATATURK-T,8,-8.4,521910.631,4175079.443,944.494
ATATURK,ATATURK-T,8,-8.3,521910.731,4175079.451,944.465
ATATURK,ATATURK-T,8,-8.2,521910.83,4175079.46,944.436
ATATURK,ATATURK-T,8,-8.1,521910.93,4175079.468,944.406
ATATURK,ATATURK-T,8,-8.0,521911.03,4175079.476,944.377
ATATURK,ATATURK-T,8,-7.9,521911.129,4175079.484,944.348
ATATURK,ATATURK-T,8,-7.8,521911.229,4175079.493,944.318
ATATURK,ATATURK-T,8,-7.7,521911.329,4175079.501,944.289
ATATURK,ATATURK-T,8,-7.6,521911.428,4175079.509,944.259
ATATURK,ATATURK-T,8,-7.5,521911.528,4175079.517,944.23
ATATURK,ATATURK-T,8,-7.4,521911.628,4175079.526,944.201
ATATURK,ATATURK-T,8,-7.3,521911.727,4175079.534,944.171
ATATURK,ATATURK-T,8,-7.2,521911.827,4175079.542,944.12
ATATURK,ATATURK-T,8,-7.1,521911.927,4175079.552,944.008
ATATURK,ATATURK-T,8,-7.0,521912.026,4175079.561,943.896
ATATURK,ATATURK-T,8,-6.9,521912.126,4175079.57,943.784
ATATURK,ATATURK-T,8,-6.8,521912.225,4175079.579,943.672
ATATURK,ATATURK-T,8,-6.7,521912.325,4175079.588,943.559
ATATURK,ATATURK-T,8,-6.6,521912.424,4175079.597,943.447
ATATURK,ATATURK-T,8,-6.5,521912.524,4175079.606,943.335
ATATURK,ATATURK-T,8,-6.4,521912.624,4175079.616,943.223
ATATURK,ATATURK-T,8,-6.3,521912.723,4175079.625,943.111
ATATURK,ATATURK-T,8,-6.2,521912.823,4175079.634,942.999
ATATURK,ATATURK-T,8,-6.1,521912.922,4175079.643,942.887
ATATURK,ATATURK-T,8,-6.0,521913.022,4175079.652,942.799
ATATURK,ATATURK-T,8,-5.9,521913.122,4175079.66,942.797
ATATURK,ATATURK-T,8,-5.8,521913.221,4175079.669,942.795
ATATURK,ATATURK-T,8,-5.7,521913.321,4175079.678,942.792
ATATURK,ATATURK-T,8,-5.6,521913.421,4175079.686,942.79
ATATURK,ATATURK-T,8,-5.5,521913.52,4175079.695,942.788
ATATURK,ATATURK-T,8,-5.4,521913.62,4175079.703,942.785
ATATURK,ATATURK-T,8,-5.3,521913.719,4175079.712,942.783
ATATURK,ATATURK-T,8,-5.2,521913.819,4175079.72,942.781
ATATURK,ATATURK-T,8,-5.1,521913.919,4175079.729,942.778
ATATURK,ATATURK-T,8,-5.0,521914.018,4175079.738,942.776
ATATURK,ATATURK-T,8,-4.9,521914.118,4175079.746,942.774
ATATURK,ATATURK-T,8,-4.8,521914.218,4175079.755,942.771
ATATURK,ATATURK-T,8,-4.7,521914.317,4175079.763,942.769
ATATURK,ATATURK-T,8,-4.6,521914.417,4175079.772,942.767
ATATURK,ATATURK-T,8,-4.5,521914.516,4175079.78,942.764
ATATURK,ATATURK-T,8,-4.4,521914.616,4175079.789,942.762
ATATURK,ATATURK-T,8,-4.3,521914.716,4175079.797,942.76
ATATURK,ATATURK-T,8,-4.2,521914.815,4175079.806,942.757
ATATURK,ATATURK-T,8,-4.1,521914.915,4175079.815,942.755
ATATURK,ATATURK-T,8,-4.0,521915.015,4175079.823,942.753
ATATURK,ATATURK-T,8,-3.9,521915.114,4175079.832,942.75
ATATURK,ATATURK-T,8,-3.8,521915.214,4175079.84,942.748
ATATURK,ATATURK-T,8,-3.7,521915.314,4175079.849,942.746
ATATURK,ATATURK-T,8,-3.6,521915.413,4175079.857,942.743
ATATURK,ATATURK-T,8,-3.5,521915.513,4175079.866,942.741
ATATURK,ATATURK-T,8,-3.4,521915.612,4175079.874,942.741
ATATURK,ATATURK-T,8,-3.3,521915.712,4175079.883,942.743
ATATURK,ATATURK-T,8,-3.2,521915.812,4175079.891,942.746
ATATURK,ATATURK-T,8,-3.1,521915.911,4175079.899,942.748
ATATURK,ATATURK-T,8,-3.0,521916.011,4175079.907,942.75
ATATURK,ATATURK-T,8,-2.9,521916.111,4175079.916,942.752
ATATURK,ATATURK-T,8,-2.8,521916.21,4175079.924,942.755
ATATURK,ATATURK-T,8,-2.7,521916.31,4175079.932,942.757
ATATURK,ATATURK-T,8,-2.6,521916.41,4175079.94,942.759
ATATURK,ATATURK-T,8,-2.5,521916.509,4175079.949,942.761
ATATURK,ATATURK-T,8,-2.4,521916.609,4175079.957,942.764
ATATURK,ATATURK-T,8,-2.3,521916.709,4175079.965,942.766
ATATURK,ATATURK-T,8,-2.2,521916.808,4175079.973,942.768
ATATURK,ATATURK-T,8,-2.1,521916.908,4175079.982,942.769
ATATURK,ATATURK-T,8,-2.0,521917.008,4175079.99,942.762
ATATURK,ATATURK-T,8,-1.9,521917.107,4175079.999,942.756
ATATURK,ATATURK-T,8,-1.8,521917.207,4175080.008,942.749
ATATURK,ATATURK-T,8,-1.7,521917.307,4175080.016,942.743
ATATURK,ATATURK-T,8,-1.6,521917.406,4175080.025,939.84
ATATURK,ATATURK-T,8,-1.5,521917.506,4175080.034,939.84
ATATURK,ATATURK-T,8,-1.4,521917.605,4175080.043,939.84
ATATURK,ATATURK-T,8,-1.3,521917.705,4175080.052,939.84
ATATURK,ATATURK-T,8,-1.2,521917.805,4175080.061,939.84
ATATURK,ATATURK-T,8,-1.1,521917.904,4175080.07,939.84
ATATURK,ATATURK-T,8,-1.0,521918.004,4175080.079,939.84
ATATURK,ATATURK-T,8,-0.9,521918.103,4175080.088,939.84
ATATURK,ATATURK-T,8,-0.8,521918.203,4175080.097,939.84
ATATURK,ATATURK-T,8,-0.7,521918.303,4175080.106,939.84
ATATURK,ATATURK-T,8,-0.6,521918.402,4175080.115,939.84
ATATURK,ATATURK-T,8,-0.5,521918.502,4175080.124,939.84
ATATURK,ATATURK-T,8,-0.4,521918.601,4175080.132,939.84
ATATURK,ATATURK-T,8,-0.3,521918.701,4175080.141,939.84
ATATURK,ATATURK-T,8,-0.2,521918.801,4175080.149,939.84
ATATURK,ATATURK-T,8,-0.1,521918.9,4175080.158,939.84
ATATURK,ATATURK-T,8,0.0,521919.0,4175080.167,939.84
ATATURK,ATATURK-T,8,0.1,521919.099,4175080.175,939.84
ATATURK,ATATURK-T,8,0.2,521919.199,4175080.184,939.84
ATATURK,ATATURK-T,8,0.3,521919.299,4175080.192,939.84
ATATURK,ATATURK-T,8,0.4,521919.398,4175080.201,939.84
ATATURK,ATATURK-T,8,0.5,521919.498,4175080.21,939.84
ATATURK,ATATURK-T,8,0.6,521919.598,4175080.218,939.84
ATATURK,ATATURK-T,8,0.7,521919.697,4175080.227,939.84
ATATURK,ATATURK-T,8,0.8,521919.797,4175080.235,939.84
ATATURK,ATATURK-T,8,0.9,521919.897,4175080.244,939.84
ATATURK,ATATURK-T,8,1.0,521919.996,4175080.253,939.84
ATATURK,ATATURK-T,8,1.1,521920.096,4175080.261,939.84
ATATURK,ATATURK-T,8,1.2,521920.195,4175080.27,939.84
ATATURK,ATATURK-T,8,1.3,521920.295,4175080.278,939.84
ATATURK,ATATURK-T,8,1.4,521920.395,4175080.287,939.84
ATATURK,ATATURK-T,8,1.5,521920.494,4175080.296,939.84
ATATURK,ATATURK-T,8,1.6,521920.594,4175080.304,939.84
ATATURK,ATATURK-T,8,1.7,521920.694,4175080.313,942.833
ATATURK,ATATURK-T,8,1.8,521920.793,4175080.321,942.841
ATATURK,ATATURK-T,8,1.9,521920.893,4175080.33,942.85
ATATURK,ATATURK-T,8,2.0,521920.992,4175080.338,942.858
ATATURK,ATATURK-T,8,2.1,521921.092,4175080.347,942.837
ATATURK,ATATURK-T,8,2.2,521921.192,4175080.355,942.808
ATATURK,ATATURK-T,8,2.3,521921.291,4175080.364,942.78
ATATURK,ATATURK-T,8,2.4,521921.391,4175080.372,942.752
ATATURK,ATATURK-T,8,2.5,521921.491,4175080.381,942.724
ATATURK,ATATURK-T,8,2.6,521921.59,4175080.389,942.695
ATATURK,ATATURK-T,8,2.7,521921.69,4175080.398,942.667
ATATURK,ATATURK-T,8,2.8,521921.79,4175080.406,942.639
ATATURK,ATATURK-T,8,2.9,521921.889,4175080.415,942.61
ATATURK,ATATURK-T,8,3.0,521921.989,4175080.423,942.582
ATATURK,ATATURK-T,8,3.1,521922.089,4175080.431,942.554
ATATURK,ATATURK-T,8,3.2,521922.188,4175080.44,942.526
ATATURK,ATATURK-T,8,3.3,521922.288,4175080.448,942.497
ATATURK,ATATURK-T,8,3.4,521922.387,4175080.457,942.469
ATATURK,ATATURK-T,8,3.5,521922.487,4175080.465,942.441
ATATURK,ATATURK-T,8,3.6,521922.587,4175080.474,942.412
ATATURK,ATATURK-T,8,3.7,521922.686,4175080.482,942.384
ATATURK,ATATURK-T,8,3.8,521922.786,4175080.491,942.356
ATATURK,ATATURK-T,8,3.9,521922.886,4175080.499,942.328
ATATURK,ATATURK-T,8,4.0,521922.985,4175080.507,942.299
ATATURK,ATATURK-T,8,4.1,521923.085,4175080.516,942.271
ATATURK,ATATURK-T,8,4.2,521923.185,4175080.524,942.243
ATATURK,ATATURK-T,8,4.3,521923.284,4175080.533,942.214
ATATURK,ATATURK-T,8,4.4,521923.384,4175080.541,942.189
ATATURK,ATATURK-T,8,4.5,521923.484,4175080.55,942.183
ATATURK,ATATURK-T,8,4.6,521923.583,4175080.558,942.176
ATATURK,ATATURK-T,8,4.7,521923.683,4175080.567,942.169
ATATURK,ATATURK-T,8,4.8,521923.782,4175080.575,942.163
ATATURK,ATATURK-T,8,4.9,521923.882,4175080.584,942.156
ATATURK,ATATURK-T,8,5.0,521923.982,4175080.592,942.15
ATATURK,ATATURK-T,8,5.1,521924.081,4175080.601,942.143
ATATURK,ATATURK-T,8,5.2,521924.181,4175080.609,942.137
ATATURK,ATATURK-T,8,5.3,521924.281,4175080.618,942.13
ATATURK,ATATURK-T,8,5.4,521924.38,4175080.626,942.124
ATATURK,ATATURK-T,8,5.5,521924.48,4175080.635,942.117
ATATURK,ATATURK-T,8,5.6,521924.58,4175080.644,942.111
ATATURK,ATATURK-T,8,5.7,521924.679,4175080.652,942.104
ATATURK,ATATURK-T,8,5.8,521924.779,4175080.661,942.098
ATATURK,ATATURK-T,8,5.9,521924.878,4175080.669,942.091
ATATURK,ATATURK-T,8,6.0,521924.978,4175080.678,942.085
ATATURK,ATATURK-T,8,6.1,521925.078,4175080.686,942.078
ATATURK,ATATURK-T,8,6.2,521925.177,4175080.695,942.071
ATATURK,ATATURK-T,8,6.3,521925.277,4175080.703,942.065
ATATURK,ATATURK-T,8,6.4,521925.377,4175080.712,942.058
ATATURK,ATATURK-T,8,6.5,521925.476,4175080.72,942.052
ATATURK,ATATURK-T,8,6.6,521925.576,4175080.729,942.045
ATATURK,ATATURK-T,8,6.7,521925.675,4175080.737,942.039
ATATURK,ATATURK-T,8,6.8,521925.775,4175080.746,942.032
ATATURK,ATATURK-T,8,6.9,521925.875,4175080.754,942.026
ATATURK,ATATURK-T,8,7.0,521925.974,4175080.763,942.019
ATATURK,ATATURK-T,8,7.1,521926.074,4175080.771,942.013
ATATURK,ATATURK-T,8,7.2,521926.174,4175080.78,942.006
ATATURK,ATATURK-T,8,7.3,521926.273,4175080.789,942.0
ATATURK,ATATURK-T,8,7.4,521926.373,4175080.797,941.993
ATATURK,ATATURK-T,8,7.5,521926.473,4175080.806,941.987
ATATURK,ATATURK-T,8,7.6,521926.572,4175080.814,941.98
ATATURK,ATATURK-T,8,7.7,521926.672,4175080.823,941.973
ATATURK,ATATURK-T,8,7.8,521926.771,4175080.831,941.967
ATATURK,ATATURK-T,8,7.9,521926.871,4175080.84,941.96
ATATURK,ATATURK-T,8,8.0,521926.971,4175080.848,941.954
ATATURK,ATATURK-T,8,8.1,521927.07,4175080.857,941.947
ATATURK,ATATURK-T,8,8.2,521927.17,4175080.865,941.941
ATATURK,ATATURK-T,8,8.3,521927.27,4175080.874,941.934
ATATURK,ATATURK-T,8,8.4,521927.369,4175080.882,941.928
ATATURK,ATATURK-T,8,8.5,521927.469,4175080.891,941.921
ATATURK,ATATURK-T,8,8.6,521927.569,4175080.899,941.915
ATATURK,ATATURK-T,8,8.7,521927.668,4175080.908,941.908
ATATURK,ATATURK-T,8,8.8,521927.768,4175080.917,941.902
ATATURK,ATATURK-T,8,8.9,521927.867,4175080.925,941.895
ATATURK,ATATURK-T,8,9.0,521927.967,4175080.934,941.889
ATATURK,ATATURK-T,8,9.1,521928.067,4175080.942,941.882
ATATURK,ATATURK-T,8,9.2,521928.166,4175080.951,941.875
ATATURK,ATATURK-T,8,9.3,521928.266,4175080.959,941.869
ATATURK,ATATURK-T,8,9.4,521928.366,4175080.968,941.862
ATATURK,ATATURK-T,8,9.5,521928.465,4175080.976,941.856
ATATURK,ATATURK-T,8,9.6,521928.565,4175080.985,941.849
ATATURK,ATATURK-T,8,9.7,521928.665,4175080.993,941.843
ATATURK,ATATURK-T,8,9.8,521928.764,4175081.002,941.836
ATATURK,ATATURK-T,8,9.9,521928.864,4175081.01,941.83
ATATURK,ATATURK-T,8,10.0,521928.963,4175081.019,941.834
ATATURK,ATATURK-T,8,10.1,521929.063,4175081.028,941.838
ATATURK,ATATURK-T,8,10.2,521929.163,4175081.036,941.842
ATATURK,ATATURK-T,8,10.3,521929.262,4175081.045,941.846
ATATURK,ATATURK-T,8,10.4,521929.362,4175081.053,941.85
ATATURK,ATATURK-T,8,10.5,521929.462,4175081.062,941.855
ATATURK,ATATURK-T,8,10.6,521929.561,4175081.071,941.859
ATATURK,ATATURK-T,8,10.7,521929.661,4175081.079,941.863
ATATURK,ATATURK-T,8,10.8,521929.76,4175081.088,941.867
ATATURK,ATATURK-T,8,10.9,521929.86,4175081.097,941.871
ATATURK,ATATURK-T,8,11.0,521929.96,4175081.105,941.875
ATATURK,ATATURK-T,8,11.1,521930.059,4175081.114,941.879
ATATURK,ATATURK-T,8,11.2,521930.159,4175081.122,941.883
ATATURK,ATATURK-T,8,11.3,521930.259,4175081.131,941.887
ATATURK,ATATURK-T,8,11.4,521930.358,4175081.14,941.891
ATATURK,ATATURK-T,8,11.5,521930.458,4175081.148,941.895
ATATURK,ATATURK-T,8,11.6,521930.557,4175081.157,941.899
ATATURK,ATATURK-T,8,11.7,521930.657,4175081.166,941.903
ATATURK,ATATURK-T,8,11.8,521930.757,4175081.174,941.907
ATATURK,ATATURK-T,8,11.9,521930.856,4175081.183,941.911
ATATURK,ATATURK-T,8,12.0,521930.956,4175081.191,941.915
ATATURK,ATATURK-T,8,12.1,521931.056,4175081.2,941.919
ATATURK,ATATURK-T,8,12.2,521931.155,4175081.209,941.924
ATATURK,ATATURK-T,8,12.3,521931.255,4175081.217,941.928
ATATURK,ATATURK-T,8,12.4,521931.355,4175081.226,941.932
ATATURK,ATATURK-T,8,12.5,521931.454,4175081.235,941.936
ATATURK,ATATURK-T,8,12.6,521931.554,4175081.243,941.94
ATATURK,ATATURK-T,8,12.7,521931.653,4175081.252,941.944
ATATURK,ATATURK-T,8,12.8,521931.753,4175081.26,941.948
ATATURK,ATATURK-T,8,12.9,521931.853,4175081.269,941.952
ATATURK,ATATURK-T,8,13.0,521931.952,4175081.278,941.956
ATATURK,ATATURK-T,8,13.1,521932.052,4175081.286,941.96
ATATURK,ATATURK-T,8,13.2,521932.152,4175081.295,941.964
ATATURK,ATATURK-T,8,13.3,521932.251,4175081.304,941.968
ATATURK,ATATURK-T,8,13.4,521932.351,4175081.312,941.972
ATATURK,ATATURK-T,8,13.5,521932.45,4175081.321,941.976
ATATURK,ATATURK-T,8,13.6,521932.55,4175081.33,941.98
ATATURK,ATATURK-T,8,13.7,521932.65,4175081.338,941.984
ATATURK,ATATURK-T,8,13.8,521932.749,4175081.347,941.988
ATATURK,ATATURK-T,8,13.9,521932.849,4175081.355,941.993
ATATURK,ATATURK-T,8,14.0,521932.949,4175081.364,941.997
ATATURK,ATATURK-T,8,14.1,521933.048,4175081.373,942.001
ATATURK,ATATURK-T,8,14.2,521933.148,4175081.381,942.005
ATATURK,ATATURK-T,8,14.3,521933.247,4175081.39,942.009
ATATURK,ATATURK-T,8,14.4,521933.347,4175081.399,942.013
ATATURK,ATATURK-T,8,14.5,521933.447,4175081.407,942.017
ATATURK,ATATURK-T,8,14.6,521933.546,4175081.416,942.021
ATATURK,ATATURK-T,8,14.7,521933.646,4175081.424,942.025
ATATURK,ATATURK-T,8,14.8,521933.746,4175081.433,942.029
ATATURK,ATATURK-T,8,14.9,521933.845,4175081.442,942.033
ATATURK,ATATURK-T,8,15.0,521933.945,4175081.45,942.037
ATATURK,ATATURK-T,8,15.1,521934.044,4175081.459,942.041
ATATURK,ATATURK-T,8,15.2,521934.144,4175081.468,942.045
ATATURK,ATATURK-T,8,15.3,521934.244,4175081.476,942.049
ATATURK,ATATURK-T,8,15.4,521934.343,4175081.485,942.053
ATATURK,ATATURK-T,8,15.5,521934.443,4175081.493,942.057
ATATURK,ATATURK-T,8,15.6,521934.543,4175081.502,942.062
ATATURK,ATATURK-T,8,15.7,521934.642,4175081.511,942.066
ATATURK,ATATURK-T,8,15.8,521934.742,4175081.519,942.07
ATATURK,ATATURK-T,9,-16.7,521899.031,4175132.654,947.471
ATATURK,ATATURK-T,9,-16.6,521899.131,4175132.658,947.44
ATATURK,ATATURK-T,9,-16.5,521899.231,4175132.662,947.408
ATATURK,ATATURK-T,9,-16.4,521899.331,4175132.666,947.377
ATATURK,ATATURK-T,9,-16.3,521899.431,4175132.67,947.345
ATATURK,ATATURK-T,9,-16.2,521899.531,4175132.674,947.314
ATATURK,ATATURK-T,9,-16.1,521899.631,4175132.678,947.282
ATATURK,ATATURK-T,9,-16.0,521899.731,4175132.682,947.251
ATATURK,ATATURK-T,9,-15.9,521899.831,4175132.686,947.219
ATATURK,ATATURK-T,9,-15.8,521899.93,4175132.69,947.188
ATATURK,ATATURK-T,9,-15.7,521900.03,4175132.694,947.156
ATATURK,ATATURK-T,9,-15.6,521900.13,4175132.698,947.125
ATATURK,ATATURK-T,9,-15.5,521900.23,4175132.702,947.093
ATATURK,ATATURK-T,9,-15.4,521900.33,4175132.706,947.062
ATATURK,ATATURK-T,9,-15.3,521900.43,4175132.71,947.03
ATATURK,ATATURK-T,9,-15.2,521900.53,4175132.714,946.999
ATATURK,ATATURK-T,9,-15.1,521900.63,4175132.718,946.967
ATATURK,ATATURK-T,9,-15.0,521900.73,4175132.722,946.936
ATATURK,ATATURK-T,9,-14.9,521900.83,4175132.726,946.904
ATATURK,ATATURK-T,9,-14.8,521900.93,4175132.73,946.873
ATATURK,ATATURK-T,9,-14.7,521901.03,4175132.734,946.841
ATATURK,ATATURK-T,9,-14.6,521901.13,4175132.739,946.81
ATATURK,ATATURK-T,9,-14.5,521901.229,4175132.743,946.778
ATATURK,ATATURK-T,9,-14.4,521901.329,4175132.747,946.746
ATATURK,ATATURK-T,9,-14.3,521901.429,4175132.751,946.715
ATATURK,ATATURK-T,9,-14.2,521901.529,4175132.755,946.683
ATATURK,ATATURK-T,9,-14.1,521901.629,4175132.759,946.652
ATATURK,ATATURK-T,9,-14.0,521901.729,4175132.763,946.62
ATATURK,ATATURK-T,9,-13.9,521901.829,4175132.767,946.589
ATATURK,ATATURK-T,9,-13.8,521901.929,4175132.771,946.557
ATATURK,ATATURK-T,9,-13.7,521902.029,4175132.775,946.526
ATATURK,ATATURK-T,9,-13.6,521902.129,4175132.779,946.494
ATATURK,ATATURK-T,9,-13.5,521902.229,4175132.783,946.463
ATATURK,ATATURK-T,9,-13.4,521902.329,4175132.787,946.431
ATATURK,ATATURK-T,9,-13.3,521902.428,4175132.791,946.4
ATATURK,ATATURK-T,9,-13.2,521902.528,4175132.795,946.368
ATATURK,ATATURK-T,9,-13.1,521902.628,4175132.799,946.337
ATATURK,ATATURK-T,9,-13.0,521902.728,4175132.803,946.279
ATATURK,ATATURK-T,9,-12.9,521902.828,4175132.807,946.213
ATATURK,ATATURK-T,9,-12.8,521902.928,4175132.811,946.147
ATATURK,ATATURK-T,9,-12.7,521903.028,4175132.815,946.081
ATATURK,ATATURK-T,9,-12.6,521903.128,4175132.819,946.016
ATATURK,ATATURK-T,9,-12.5,521903.228,4175132.824,945.95
ATATURK,ATATURK-T,9,-12.4,521903.328,4175132.828,945.884
ATATURK,ATATURK-T,9,-12.3,521903.428,4175132.832,945.819
ATATURK,ATATURK-T,9,-12.2,521903.528,4175132.836,945.753
ATATURK,ATATURK-T,9,-12.1,521903.627,4175132.84,945.687
ATATURK,ATATURK-T,9,-12.0,521903.727,4175132.844,945.621
ATATURK,ATATURK-T,9,-11.9,521903.827,4175132.848,945.556
ATATURK,ATATURK-T,9,-11.8,521903.927,4175132.852,945.49
ATATURK,ATATURK-T,9,-11.7,521904.027,4175132.856,945.424
ATATURK,ATATURK-T,9,-11.6,521904.127,4175132.86,945.359
ATATURK,ATATURK-T,9,-11.5,521904.227,4175132.864,945.293
ATATURK,ATATURK-T,9,-11.4,521904.327,4175132.868,945.227
ATATURK,ATATURK-T,9,-11.3,521904.427,4175132.872,945.162
ATATURK,ATATURK-T,9,-11.2,521904.527,4175132.876,945.096
ATATURK,ATATURK-T,9,-11.1,521904.627,4175132.88,945.03
ATATURK,ATATURK-T,9,-11.0,521904.727,4175132.884,944.964
ATATURK,ATATURK-T,9,-10.9,521904.826,4175132.889,944.899
ATATURK,ATATURK-T,9,-10.8,521904.926,4175132.893,944.833
ATATURK,ATATURK-T,9,-10.7,521905.026,4175132.897,944.767
ATATURK,ATATURK-T,9,-10.6,521905.126,4175132.901,944.702
ATATURK,ATATURK-T,9,-10.5,521905.226,4175132.905,944.636
ATATURK,ATATURK-T,9,-10.4,521905.326,4175132.909,944.57
ATATURK,ATATURK-T,9,-10.3,521905.426,4175132.913,944.504
ATATURK,ATATURK-T,9,-10.2,521905.526,4175132.917,944.439
ATATURK,ATATURK-T,9,-10.1,521905.626,4175132.921,944.325
ATATURK,ATATURK-T,9,-10.0,521905.726,4175132.926,944.076
ATATURK,ATATURK-T,9,-9.9,521905.826,4175132.93,943.826
ATATURK,ATATURK-T,9,-9.8,521905.925,4175132.935,943.576
ATATURK,ATATURK-T,9,-9.7,521906.025,4175132.94,943.327
ATATURK,ATATURK-T,9,-9.6,521906.125,4175132.944,943.077
ATATURK,ATATURK-T,9,-9.5,521906.225,4175132.949,942.827
ATATURK,ATATURK-T,9,-9.4,521906.325,4175132.954,942.577
ATATURK,ATATURK-T,9,-9.3,521906.425,4175132.958,942.328
ATATURK,ATATURK-T,9,-9.2,521906.525,4175132.963,942.078
ATATURK,ATATURK-T,9,-9.1,521906.625,4175132.967,941.828
ATATURK,ATATURK-T,9,-9.0,521906.725,4175132.972,941.668
ATATURK,ATATURK-T,9,-8.9,521906.825,4175132.976,941.617
ATATURK,ATATURK-T,9,-8.8,521906.924,4175132.98,941.567
ATATURK,ATATURK-T,9,-8.7,521907.024,4175132.984,941.517
ATATURK,ATATURK-T,9,-8.6,521907.124,4175132.988,941.466
ATATURK,ATATURK-T,9,-8.5,521907.224,4175132.992,941.416
ATATURK,ATATURK-T,9,-8.4,521907.324,4175132.996,941.366
ATATURK,ATATURK-T,9,-8.3,521907.424,4175133.0,941.315
ATATURK,ATATURK-T,9,-8.2,521907.524,4175133.004,941.265
ATATURK,ATATURK-T,9,-8.1,521907.624,4175133.008,941.215
ATATURK,ATATURK-T,9,-8.0,521907.724,4175133.013,941.164
ATATURK,ATATURK-T,9,-7.9,521907.824,4175133.017,941.114
ATATURK,ATATURK-T,9,-7.8,521907.924,4175133.021,941.064
ATATURK,ATATURK-T,9,-7.7,521908.024,4175133.025,941.013
ATATURK,ATATURK-T,9,-7.6,521908.123,4175133.029,940.963
ATATURK,ATATURK-T,9,-7.5,521908.223,4175133.033,940.913
ATATURK,ATATURK-T,9,-7.4,521908.323,4175133.037,940.862
ATATURK,ATATURK-T,9,-7.3,521908.423,4175133.041,940.812
ATATURK,ATATURK-T,9,-7.2,521908.523,4175133.045,940.762
ATATURK,ATATURK-T,9,-7.1,521908.623,4175133.049,940.711
ATATURK,ATATURK-T,9,-7.0,521908.723,4175133.053,940.661
ATATURK,ATATURK-T,9,-6.9,521908.823,4175133.057,940.611
ATATURK,ATATURK-T,9,-6.8,521908.923,4175133.061,940.56
ATATURK,ATATURK-T,9,-6.7,521909.023,4175133.065,940.51
ATATURK,ATATURK-T,9,-6.6,521909.123,4175133.07,940.46
ATATURK,ATATURK-T,9,-6.5,521909.223,4175133.074,940.409
ATATURK,ATATURK-T,9,-6.4,521909.322,4175133.078,940.359
ATATURK,ATATURK-T,9,-6.3,521909.422,4175133.082,940.328
ATATURK,ATATURK-T,9,-6.2,521909.522,4175133.086,940.323
ATATURK,ATATURK-T,9,-6.1,521909.622,4175133.09,940.318
ATATURK,ATATURK-T,9,-6.0,521909.722,4175133.094,940.313
ATATURK,ATATURK-T,9,-5.9,521909.822,4175133.098,940.308
ATATURK,ATATURK-T,9,-5.8,521909.922,4175133.102,940.303
ATATURK,ATATURK-T,9,-5.7,521910.022,4175133.106,940.298
ATATURK,ATATURK-T,9,-5.6,521910.122,4175133.11,940.293
ATATURK,ATATURK-T,9,-5.5,521910.222,4175133.114,940.288
ATATURK,ATATURK-T,9,-5.4,521910.322,4175133.118,940.283
ATATURK,ATATURK-T,9,-5.3,521910.422,4175133.122,940.278
ATATURK,ATATURK-T,9,-5.2,521910.521,4175133.126,940.273
ATATURK,ATATURK-T,9,-5.1,521910.621,4175133.13,940.268
ATATURK,ATATURK-T,9,-5.0,521910.721,4175133.134,940.264
ATATURK,ATATURK-T,9,-4.9,521910.821,4175133.138,940.259
ATATURK,ATATURK-T,9,-4.8,521910.921,4175133.142,940.254
ATATURK,ATATURK-T,9,-4.7,521911.021,4175133.147,940.249
ATATURK,ATATURK-T,9,-4.6,521911.121,4175133.151,940.244
ATATURK,ATATURK-T,9,-4.5,521911.221,4175133.155,940.239
ATATURK,ATATURK-T,9,-4.4,521911.321,4175133.159,940.234
ATATURK,ATATURK-T,9,-4.3,521911.421,4175133.163,940.229
ATATURK,ATATURK-T,9,-4.2,521911.521,4175133.167,940.224
ATATURK,ATATURK-T,9,-4.1,521911.621,4175133.171,940.226
ATATURK,ATATURK-T,9,-4.0,521911.72,4175133.175,940.255
ATATURK,ATATURK-T,9,-3.9,521911.82,4175133.18,940.283
ATATURK,ATATURK-T,9,-3.8,521911.92,4175133.184,940.312
ATATURK,ATATURK-T,9,-3.7,521912.02,4175133.188,940.34
ATATURK,ATATURK-T,9,-3.6,521912.12,4175133.192,940.369
ATATURK,ATATURK-T,9,-3.5,521912.22,4175133.197,940.398
ATATURK,ATATURK-T,9,-3.4,521912.32,4175133.201,940.426
ATATURK,ATATURK-T,9,-3.3,521912.42,4175133.205,940.455
ATATURK,ATATURK-T,9,-3.2,521912.52,4175133.21,940.483
ATATURK,ATATURK-T,9,-3.1,521912.62,4175133.214,940.512
ATATURK,ATATURK-T,9,-3.0,521912.72,4175133.218,940.541
ATATURK,ATATURK-T,9,-2.9,521912.819,4175133.223,940.569
ATATURK,ATATURK-T,9,-2.8,521912.919,4175133.227,940.598
ATATURK,ATATURK-T,9,-2.7,521913.019,4175133.231,940.627
ATATURK,ATATURK-T,9,-2.6,521913.119,4175133.236,940.655
ATATURK,ATATURK-T,9,-2.5,521913.219,4175133.24,940.684
ATATURK,ATATURK-T,9,-2.4,521913.319,4175133.244,940.712
ATATURK,ATATURK-T,9,-2.3,521913.419,4175133.249,940.741
ATATURK,ATATURK-T,9,-2.2,521913.519,4175133.253,940.75
ATATURK,ATATURK-T,9,-2.1,521913.619,4175133.257,940.75
ATATURK,ATATURK-T,9,-2.0,521913.719,4175133.261,940.75
ATATURK,ATATURK-T,9,-1.9,521913.819,4175133.265,940.75
ATATURK,ATATURK-T,9,-1.8,521913.918,4175133.27,940.75
ATATURK,ATATURK-T,9,-1.7,521914.018,4175133.274,937.96
ATATURK,ATATURK-T,9,-1.6,521914.118,4175133.278,937.96
ATATURK,ATATURK-T,9,-1.5,521914.218,4175133.282,937.96
ATATURK,ATATURK-T,9,-1.4,521914.318,4175133.286,937.96
ATATURK,ATATURK-T,9,-1.3,521914.418,4175133.29,937.96
ATATURK,ATATURK-T,9,-1.2,521914.518,4175133.295,937.96
ATATURK,ATATURK-T,9,-1.1,521914.618,4175133.299,937.96
ATATURK,ATATURK-T,9,-1.0,521914.718,4175133.303,937.96
ATATURK,ATATURK-T,9,-0.9,521914.818,4175133.307,937.96
ATATURK,ATATURK-T,9,-0.8,521914.918,4175133.311,937.96
ATATURK,ATATURK-T,9,-0.7,521915.018,4175133.316,937.96
ATATURK,ATATURK-T,9,-0.6,521915.117,4175133.32,937.96
ATATURK,ATATURK-T,9,-0.5,521915.217,4175133.324,937.96
ATATURK,ATATURK-T,9,-0.4,521915.317,4175133.328,937.96
ATATURK,ATATURK-T,9,-0.3,521915.417,4175133.332,937.96
ATATURK,ATATURK-T,9,-0.2,521915.517,4175133.337,937.96
ATATURK,ATATURK-T,9,-0.1,521915.617,4175133.341,937.96
ATATURK,ATATURK-T,9,0.0,521915.717,4175133.346,937.96
ATATURK,ATATURK-T,9,0.1,521915.817,4175133.35,937.96
ATATURK,ATATURK-T,9,0.2,521915.917,4175133.354,937.96
ATATURK,ATATURK-T,9,0.3,521916.017,4175133.359,937.96
ATATURK,ATATURK-T,9,0.4,521916.116,4175133.363,937.96
ATATURK,ATATURK-T,9,0.5,521916.216,4175133.367,937.96
ATATURK,ATATURK-T,9,0.6,521916.316,4175133.372,937.96
ATATURK,ATATURK-T,9,0.7,521916.416,4175133.376,937.96
ATATURK,ATATURK-T,9,0.8,521916.516,4175133.381,937.96
ATATURK,ATATURK-T,9,0.9,521916.616,4175133.385,937.96
ATATURK,ATATURK-T,9,1.0,521916.716,4175133.389,937.96
ATATURK,ATATURK-T,9,1.1,521916.816,4175133.394,937.96
ATATURK,ATATURK-T,9,1.2,521916.916,4175133.398,937.96
ATATURK,ATATURK-T,9,1.3,521917.016,4175133.402,937.96
ATATURK,ATATURK-T,9,1.4,521917.116,4175133.407,937.96
ATATURK,ATATURK-T,9,1.5,521917.215,4175133.411,937.96
ATATURK,ATATURK-T,9,1.6,521917.315,4175133.415,937.96
ATATURK,ATATURK-T,9,1.7,521917.415,4175133.42,937.96
ATATURK,ATATURK-T,9,1.8,521917.515,4175133.423,940.75
ATATURK,ATATURK-T,9,1.9,521917.615,4175133.425,940.75
ATATURK,ATATURK-T,9,2.0,521917.715,4175133.428,940.75
ATATURK,ATATURK-T,9,2.1,521917.815,4175133.431,940.746
ATATURK,ATATURK-T,9,2.2,521917.915,4175133.435,940.73
ATATURK,ATATURK-T,9,2.3,521918.015,4175133.439,940.713
ATATURK,ATATURK-T,9,2.4,521918.115,4175133.443,940.697
ATATURK,ATATURK-T,9,2.5,521918.215,4175133.447,940.681
ATATURK,ATATURK-T,9,2.6,521918.315,4175133.451,940.664
ATATURK,ATATURK-T,9,2.7,521918.415,4175133.455,940.648
ATATURK,ATATURK-T,9,2.8,521918.515,4175133.46,940.632
ATATURK,ATATURK-T,9,2.9,521918.614,4175133.464,940.616
ATATURK,ATATURK-T,9,3.0,521918.714,4175133.468,940.599
ATATURK,ATATURK-T,9,3.1,521918.814,4175133.472,940.583
ATATURK,ATATURK-T,9,3.2,521918.914,4175133.476,940.567
ATATURK,ATATURK-T,9,3.3,521919.014,4175133.48,940.551
ATATURK,ATATURK-T,9,3.4,521919.114,4175133.484,940.534
ATATURK,ATATURK-T,9,3.5,521919.214,4175133.488,940.518
ATATURK,ATATURK-T,9,3.6,521919.314,4175133.492,940.502
ATATURK,ATATURK-T,9,3.7,521919.414,4175133.496,940.485
ATATURK,ATATURK-T,9,3.8,521919.514,4175133.5,940.469
ATATURK,ATATURK-T,9,3.9,521919.614,4175133.504,940.453
ATATURK,ATATURK-T,9,4.0,521919.714,4175133.508,940.437
ATATURK,ATATURK-T,9,4.1,521919.813,4175133.512,940.42
ATATURK,ATATURK-T,9,4.2,521919.913,4175133.517,940.404
ATATURK,ATATURK-T,9,4.3,521920.013,4175133.521,940.388
ATATURK,ATATURK-T,9,4.4,521920.113,4175133.525,940.371
ATATURK,ATATURK-T,9,4.5,521920.213,4175133.529,940.355
ATATURK,ATATURK-T,9,4.6,521920.313,4175133.533,940.339
ATATURK,ATATURK-T,9,4.7,521920.413,4175133.537,940.323
ATATURK,ATATURK-T,9,4.8,521920.513,4175133.541,940.31
ATATURK,ATATURK-T,9,4.9,521920.613,4175133.545,940.31
ATATURK,ATATURK-T,9,5.0,521920.713,4175133.549,940.31
ATATURK,ATATURK-T,9,5.1,521920.813,4175133.554,940.31
ATATURK,ATATURK-T,9,5.2,521920.912,4175133.558,940.31
ATATURK,ATATURK-T,9,5.3,521921.012,4175133.562,940.31
ATATURK,ATATURK-T,9,5.4,521921.112,4175133.566,940.31
ATATURK,ATATURK-T,9,5.5,521921.212,4175133.571,940.31
ATATURK,ATATURK-T,9,5.6,521921.312,4175133.575,940.31
ATATURK,ATATURK-T,9,5.7,521921.412,4175133.579,940.31
ATATURK,ATATURK-T,9,5.8,521921.512,4175133.583,940.31
ATATURK,ATATURK-T,9,5.9,521921.612,4175133.588,940.31
ATATURK,ATATURK-T,9,6.0,521921.712,4175133.592,940.31
ATATURK,ATATURK-T,9,6.1,521921.812,4175133.596,940.31
ATATURK,ATATURK-T,9,6.2,521921.912,4175133.6,940.31
ATATURK,ATATURK-T,9,6.3,521922.012,4175133.604,940.31
ATATURK,ATATURK-T,9,6.4,521922.111,4175133.609,940.31
ATATURK,ATATURK-T,9,6.5,521922.211,4175133.613,940.31
ATATURK,ATATURK-T,9,6.6,521922.311,4175133.617,940.31
ATATURK,ATATURK-T,9,6.7,521922.411,4175133.621,940.31
ATATURK,ATATURK-T,9,6.8,521922.511,4175133.626,940.31
ATATURK,ATATURK-T,9,6.9,521922.611,4175133.63,940.31
ATATURK,ATATURK-T,9,7.0,521922.711,4175133.634,940.31
ATATURK,ATATURK-T,9,7.1,521922.811,4175133.638,940.31
ATATURK,ATATURK-T,9,7.2,521922.911,4175133.643,940.31
ATATURK,ATATURK-T,9,7.3,521923.011,4175133.647,940.31
ATATURK,ATATURK-T,9,7.4,521923.111,4175133.651,940.31
ATATURK,ATATURK-T,9,7.5,521923.21,4175133.655,940.31
ATATURK,ATATURK-T,9,7.6,521923.31,4175133.659,940.31
ATATURK,ATATURK-T,9,7.7,521923.41,4175133.664,940.31
ATATURK,ATATURK-T,9,7.8,521923.51,4175133.668,940.31
ATATURK,ATATURK-T,9,7.9,521923.61,4175133.672,940.31
ATATURK,ATATURK-T,9,8.0,521923.71,4175133.676,940.31
ATATURK,ATATURK-T,9,8.1,521923.81,4175133.681,940.31
ATATURK,ATATURK-T,9,8.2,521923.91,4175133.685,940.31
ATATURK,ATATURK-T,9,8.3,521924.01,4175133.689,940.31
ATATURK,ATATURK-T,9,8.4,521924.11,4175133.693,940.31
ATATURK,ATATURK-T,9,8.5,521924.21,4175133.698,940.31
ATATURK,ATATURK-T,9,8.6,521924.309,4175133.702,940.31
ATATURK,ATATURK-T,9,8.7,521924.409,4175133.706,940.31
ATATURK,ATATURK-T,9,8.8,521924.509,4175133.71,940.31
ATATURK,ATATURK-T,9,8.9,521924.609,4175133.714,940.31
ATATURK,ATATURK-T,9,9.0,521924.709,4175133.719,940.31
ATATURK,ATATURK-T,9,9.1,521924.809,4175133.723,940.31
ATATURK,ATATURK-T,9,9.2,521924.909,4175133.727,940.31
ATATURK,ATATURK-T,9,9.3,521925.009,4175133.731,940.31
ATATURK,ATATURK-T,9,9.4,521925.109,4175133.736,940.31
ATATURK,ATATURK-T,9,9.5,521925.209,4175133.74,940.31
ATATURK,ATATURK-T,9,9.6,521925.309,4175133.744,940.31
ATATURK,ATATURK-T,9,9.7,521925.408,4175133.748,940.31
ATATURK,ATATURK-T,9,9.8,521925.508,4175133.753,940.31
ATATURK,ATATURK-T,9,9.9,521925.608,4175133.757,940.31
ATATURK,ATATURK-T,9,10.0,521925.708,4175133.761,940.31
ATATURK,ATATURK-T,9,10.1,521925.808,4175133.765,940.31
ATATURK,ATATURK-T,9,10.2,521925.908,4175133.77,940.31
ATATURK,ATATURK-T,9,10.3,521926.008,4175133.774,940.31
ATATURK,ATATURK-T,9,10.4,521926.108,4175133.778,940.31
ATATURK,ATATURK-T,9,10.5,521926.208,4175133.782,940.31
ATATURK,ATATURK-T,9,10.6,521926.308,4175133.786,940.31
ATATURK,ATATURK-T,9,10.7,521926.408,4175133.791,940.31
ATATURK,ATATURK-T,9,10.8,521926.507,4175133.795,940.31
ATATURK,ATATURK-T,9,10.9,521926.607,4175133.799,940.31
ATATURK,ATATURK-T,9,11.0,521926.707,4175133.803,940.31
ATATURK,ATATURK-T,9,11.1,521926.807,4175133.808,940.31
ATATURK,ATATURK-T,9,11.2,521926.907,4175133.812,940.31
ATATURK,ATATURK-T,9,11.3,521927.007,4175133.816,940.31
ATATURK,ATATURK-T,9,11.4,521927.107,4175133.82,940.309
ATATURK,ATATURK-T,9,11.5,521927.207,4175133.824,940.301
ATATURK,ATATURK-T,9,11.6,521927.307,4175133.828,940.292
ATATURK,ATATURK-T,9,11.7,521927.407,4175133.833,940.283
ATATURK,ATATURK-T,9,11.8,521927.507,4175133.837,940.275
ATATURK,ATATURK-T,9,11.9,521927.607,4175133.841,940.266
ATATURK,ATATURK-T,9,12.0,521927.706,4175133.845,940.257
ATATURK,ATATURK-T,9,12.1,521927.806,4175133.849,940.248
ATATURK,ATATURK-T,9,12.2,521927.906,4175133.853,940.24
ATATURK,ATATURK-T,9,12.3,521928.006,4175133.857,940.231
ATATURK,ATATURK-T,9,12.4,521928.106,4175133.861,940.222
ATATURK,ATATURK-T,9,12.5,521928.206,4175133.865,940.214
ATATURK,ATATURK-T,9,12.6,521928.306,4175133.869,940.205
ATATURK,ATATURK-T,9,12.7,521928.406,4175133.873,940.196
ATATURK,ATATURK-T,9,12.8,521928.506,4175133.877,940.187
ATATURK,ATATURK-T,9,12.9,521928.606,4175133.881,940.179
ATATURK,ATATURK-T,9,13.0,521928.706,4175133.886,940.17
ATATURK,ATATURK-T,9,13.1,521928.806,4175133.89,940.161
ATATURK,ATATURK-T,9,13.2,521928.905,4175133.894,940.153
ATATURK,ATATURK-T,9,13.3,521929.005,4175133.898,940.144
ATATURK,ATATURK-T,9,13.4,521929.105,4175133.902,940.135
ATATURK,ATATURK-T,9,13.5,521929.205,4175133.906,940.126
ATATURK,ATATURK-T,9,13.6,521929.305,4175133.91,940.118
ATATURK,ATATURK-T,9,13.7,521929.405,4175133.914,940.109
ATATURK,ATATURK-T,9,13.8,521929.505,4175133.918,940.1
ATATURK,ATATURK-T,9,13.9,521929.605,4175133.922,940.092
ATATURK,ATATURK-T,9,14.0,521929.705,4175133.926,940.083
ATATURK,ATATURK-T,9,14.1,521929.805,4175133.93,940.074
ATATURK,ATATURK-T,9,14.2,521929.905,4175133.934,940.065
ATATURK,ATATURK-T,9,14.3,521930.005,4175133.939,940.057
ATATURK,ATATURK-T,9,14.4,521930.104,4175133.943,940.048
ATATURK,ATATURK-T,9,14.5,521930.204,4175133.947,940.039
ATATURK,ATATURK-T,9,14.6,521930.304,4175133.951,940.031
ATATURK,ATATURK-T,9,14.7,521930.404,4175133.955,940.022
ATATURK,ATATURK-T,9,14.8,521930.504,4175133.959,940.013
ATATURK,ATATURK-T,9,14.9,521930.604,4175133.963,940.004
ATATURK,ATATURK-T,9,15.0,521930.704,4175133.967,939.996
ATATURK,ATATURK-T,9,15.1,521930.804,4175133.971,939.987
ATATURK,ATATURK-T,9,15.2,521930.904,4175133.975,939.978
ATATURK,ATATURK-T,9,15.3,521931.004,4175133.979,939.97
ATATURK,ATATURK-T,9,15.4,521931.104,4175133.983,939.961
ATATURK,ATATURK-T,9,15.5,521931.204,4175133.987,939.952
ATATURK,ATATURK-T,9,15.6,521931.303,4175133.992,939.943
ATATURK,ATATURK-T,9,15.7,521931.403,4175133.996,939.935
ATATURK,ATATURK-T,9,15.8,521931.503,4175134.0,939.926
ATATURK,ATATURK-T,9,15.9,521931.603,4175134.004,939.917
ATATURK,ATATURK-T,9,16.0,521931.703,4175134.008,939.909
ATATURK,ATATURK-T,9,16.1,521931.803,4175134.012,939.9
ATATURK,ATATURK-T,9,16.2,521931.903,4175134.016,939.891
ATATURK,ATATURK-T,9,16.3,521932.003,4175134.02,939.882
ATATURK,ATATURK-T,9,16.4,521932.103,4175134.024,939.874
ATATURK,ATATURK-T,9,16.5,521932.203,4175134.028,939.865
ATATURK,ATATURK-T,9,16.6,521932.303,4175134.032,939.856
ATATURK,ATATURK-T,9,16.7,521932.403,4175134.036,939.848
ATATURK,ATATURK-T,10,-16.7,521907.251,4175182.561,940.847
ATATURK,ATATURK-T,10,-16.6,521907.35,4175182.547,940.826
ATATURK,ATATURK-T,10,-16.5,521907.449,4175182.533,940.805
ATATURK,ATATURK-T,10,-16.4,521907.548,4175182.519,940.783
ATATURK,ATATURK-T,10,-16.3,521907.647,4175182.505,940.762
ATATURK,ATATURK-T,10,-16.2,521907.746,4175182.491,940.741
ATATURK,ATATURK-T,10,-16.1,521907.845,4175182.477,940.72
ATATURK,ATATURK-T,10,-16.0,521907.944,4175182.462,940.699
ATATURK,ATATURK-T,10,-15.9,521908.043,4175182.448,940.678
ATATURK,ATATURK-T,10,-15.8,521908.142,4175182.434,940.656
ATATURK,ATATURK-T,10,-15.7,521908.241,4175182.42,940.635
ATATURK,ATATURK-T,10,-15.6,521908.34,4175182.406,940.614
ATATURK,ATATURK-T,10,-15.5,521908.439,4175182.392,940.593
ATATURK,ATATURK-T,10,-15.4,521908.538,4175182.378,940.572
ATATURK,ATATURK-T,10,-15.3,521908.637,4175182.364,940.55
ATATURK,ATATURK-T,10,-15.2,521908.736,4175182.35,940.529
ATATURK,ATATURK-T,10,-15.1,521908.835,4175182.335,940.508
ATATURK,ATATURK-T,10,-15.0,521908.934,4175182.321,940.487
ATATURK,ATATURK-T,10,-14.9,521909.033,4175182.307,940.466
ATATURK,ATATURK-T,10,-14.8,521909.132,4175182.293,940.445
ATATURK,ATATURK-T,10,-14.7,521909.231,4175182.279,940.423
ATATURK,ATATURK-T,10,-14.6,521909.33,4175182.265,940.402
ATATURK,ATATURK-T,10,-14.5,521909.429,4175182.251,940.381
ATATURK,ATATURK-T,10,-14.4,521909.528,4175182.237,940.36
ATATURK,ATATURK-T,10,-14.3,521909.627,4175182.223,940.339
ATATURK,ATATURK-T,10,-14.2,521909.726,4175182.208,940.318
ATATURK,ATATURK-T,10,-14.1,521909.825,4175182.194,940.296
ATATURK,ATATURK-T,10,-14.0,521909.924,4175182.18,940.275
ATATURK,ATATURK-T,10,-13.9,521910.023,4175182.166,940.254
ATATURK,ATATURK-T,10,-13.8,521910.122,4175182.152,940.233
ATATURK,ATATURK-T,10,-13.7,521910.221,4175182.138,940.212
ATATURK,ATATURK-T,10,-13.6,521910.32,4175182.124,940.191
ATATURK,ATATURK-T,10,-13.5,521910.419,4175182.11,940.169
ATATURK,ATATURK-T,10,-13.4,521910.518,4175182.096,940.148
ATATURK,ATATURK-T,10,-13.3,521910.617,4175182.081,940.127
ATATURK,ATATURK-T,10,-13.2,521910.716,4175182.067,940.106
ATATURK,ATATURK-T,10,-13.1,521910.815,4175182.053,940.085
ATATURK,ATATURK-T,10,-13.0,521910.914,4175182.039,940.064
ATATURK,ATATURK-T,10,-12.9,521911.013,4175182.025,940.042
ATATURK,ATATURK-T,10,-12.8,521911.112,4175182.011,940.021
ATATURK,ATATURK-T,10,-12.7,521911.211,4175181.997,940.0
ATATURK,ATATURK-T,10,-12.6,521911.31,4175181.983,939.979
ATATURK,ATATURK-T,10,-12.5,521911.409,4175181.968,939.958
ATATURK,ATATURK-T,10,-12.4,521911.508,4175181.954,939.937
ATATURK,ATATURK-T,10,-12.3,521911.607,4175181.94,939.915
ATATURK,ATATURK-T,10,-12.2,521911.706,4175181.926,939.894
ATATURK,ATATURK-T,10,-12.1,521911.805,4175181.912,939.873
ATATURK,ATATURK-T,10,-12.0,521911.904,4175181.898,939.852
ATATURK,ATATURK-T,10,-11.9,521912.003,4175181.884,939.831
ATATURK,ATATURK-T,10,-11.8,521912.102,4175181.87,939.81
ATATURK,ATATURK-T,10,-11.7,521912.201,4175181.856,939.788
ATATURK,ATATURK-T,10,-11.6,521912.3,4175181.842,939.767
ATATURK,ATATURK-T,10,-11.5,521912.399,4175181.827,939.746
ATATURK,ATATURK-T,10,-11.4,521912.498,4175181.813,939.725
ATATURK,ATATURK-T,10,-11.3,521912.597,4175181.799,939.703
ATATURK,ATATURK-T,10,-11.2,521912.696,4175181.785,939.682
ATATURK,ATATURK-T,10,-11.1,521912.795,4175181.771,939.661
ATATURK,ATATURK-T,10,-11.0,521912.894,4175181.757,939.64
ATATURK,ATATURK-T,10,-10.9,521912.993,4175181.743,939.618
ATATURK,ATATURK-T,10,-10.8,521913.092,4175181.729,939.597
ATATURK,ATATURK-T,10,-10.7,521913.191,4175181.715,939.576
ATATURK,ATATURK-T,10,-10.6,521913.29,4175181.701,939.555
ATATURK,ATATURK-T,10,-10.5,521913.389,4175181.687,939.533
ATATURK,ATATURK-T,10,-10.4,521913.488,4175181.673,939.512
ATATURK,ATATURK-T,10,-10.3,521913.587,4175181.659,939.491
ATATURK,ATATURK-T,10,-10.2,521913.686,4175181.645,939.47
ATATURK,ATATURK-T,10,-10.1,521913.785,4175181.631,939.449
ATATURK,ATATURK-T,10,-10.0,521913.884,4175181.617,939.427
ATATURK,ATATURK-T,10,-9.9,521913.983,4175181.602,939.406
ATATURK,ATATURK-T,10,-9.8,521914.082,4175181.588,939.385
ATATURK,ATATURK-T,10,-9.7,521914.181,4175181.574,939.364
ATATURK,ATATURK-T,10,-9.6,521914.28,4175181.56,939.342
ATATURK,ATATURK-T,10,-9.5,521914.379,4175181.546,939.321
ATATURK,ATATURK-T,10,-9.4,521914.478,4175181.532,939.3
ATATURK,ATATURK-T,10,-9.3,521914.577,4175181.518,939.279
ATATURK,ATATURK-T,10,-9.2,521914.676,4175181.504,939.257
ATATURK,ATATURK-T,10,-9.1,521914.775,4175181.49,939.236
ATATURK,ATATURK-T,10,-9.0,521914.874,4175181.476,939.215
ATATURK,ATATURK-T,10,-8.9,521914.973,4175181.462,939.194
ATATURK,ATATURK-T,10,-8.8,521915.072,4175181.448,939.172
ATATURK,ATATURK-T,10,-8.7,521915.171,4175181.434,939.151
ATATURK,ATATURK-T,10,-8.6,521915.27,4175181.42,939.13
ATATURK,ATATURK-T,10,-8.5,521915.369,4175181.406,939.109
ATATURK,ATATURK-T,10,-8.4,521915.468,4175181.391,939.088
ATATURK,ATATURK-T,10,-8.3,521915.567,4175181.377,939.066
ATATURK,ATATURK-T,10,-8.2,521915.666,4175181.363,939.045
ATATURK,ATATURK-T,10,-8.1,521915.765,4175181.349,939.029
ATATURK,ATATURK-T,10,-8.0,521915.864,4175181.335,939.015
ATATURK,ATATURK-T,10,-7.9,521915.963,4175181.321,939.001
ATATURK,ATATURK-T,10,-7.8,521916.062,4175181.306,938.987
ATATURK,ATATURK-T,10,-7.7,521916.161,4175181.292,938.973
ATATURK,ATATURK-T,10,-7.6,521916.26,4175181.278,938.96
ATATURK,ATATURK-T,10,-7.5,521916.359,4175181.264,938.946
ATATURK,ATATURK-T,10,-7.4,521916.458,4175181.249,938.932
ATATURK,ATATURK-T,10,-7.3,521916.557,4175181.235,938.918
ATATURK,ATATURK-T,10,-7.2,521916.656,4175181.221,938.904
ATATURK,ATATURK-T,10,-7.1,521916.755,4175181.206,938.89
ATATURK,ATATURK-T,10,-7.0,521916.854,4175181.192,938.876
ATATURK,ATATURK-T,10,-6.9,521916.953,4175181.178,938.862
ATATURK,ATATURK-T,10,-6.8,521917.052,4175181.164,938.848
ATATURK,ATATURK-T,10,-6.7,521917.151,4175181.149,938.834
ATATURK,ATATURK-T,10,-6.6,521917.25,4175181.135,938.82
ATATURK,ATATURK-T,10,-6.5,521917.349,4175181.121,938.806
ATATURK,ATATURK-T,10,-6.4,521917.448,4175181.107,938.792
ATATURK,ATATURK-T,10,-6.3,521917.547,4175181.092,938.778
ATATURK,ATATURK-T,10,-6.2,521917.646,4175181.078,938.764
ATATURK,ATATURK-T,10,-6.1,521917.745,4175181.064,938.75
ATATURK,ATATURK-T,10,-6.0,521917.844,4175181.05,938.736
ATATURK,ATATURK-T,10,-5.9,521917.943,4175181.035,938.722
ATATURK,ATATURK-T,10,-5.8,521918.042,4175181.021,938.708
ATATURK,ATATURK-T,10,-5.7,521918.141,4175181.007,938.694
ATATURK,ATATURK-T,10,-5.6,521918.24,4175180.992,938.68
ATATURK,ATATURK-T,10,-5.5,521918.339,4175180.978,938.666
ATATURK,ATATURK-T,10,-5.4,521918.438,4175180.964,938.652
ATATURK,ATATURK-T,10,-5.3,521918.537,4175180.95,938.638
ATATURK,ATATURK-T,10,-5.2,521918.636,4175180.935,938.624
ATATURK,ATATURK-T,10,-5.1,521918.735,4175180.921,938.61
ATATURK,ATATURK-T,10,-5.0,521918.834,4175180.907,938.596
ATATURK,ATATURK-T,10,-4.9,521918.933,4175180.893,938.582
ATATURK,ATATURK-T,10,-4.8,521919.032,4175180.878,938.57
ATATURK,ATATURK-T,10,-4.7,521919.131,4175180.864,938.573
ATATURK,ATATURK-T,10,-4.6,521919.23,4175180.85,938.575
ATATURK,ATATURK-T,10,-4.5,521919.329,4175180.836,938.577
ATATURK,ATATURK-T,10,-4.4,521919.428,4175180.822,938.58
ATATURK,ATATURK-T,10,-4.3,521919.527,4175180.808,938.582
ATATURK,ATATURK-T,10,-4.2,521919.626,4175180.794,938.584
ATATURK,ATATURK-T,10,-4.1,521919.725,4175180.78,938.587
ATATURK,ATATURK-T,10,-4.0,521919.824,4175180.767,938.589
ATATURK,ATATURK-T,10,-3.9,521919.923,4175180.753,938.591
ATATURK,ATATURK-T,10,-3.8,521920.022,4175180.739,938.594
ATATURK,ATATURK-T,10,-3.7,521920.121,4175180.725,938.596
ATATURK,ATATURK-T,10,-3.6,521920.22,4175180.711,938.598
ATATURK,ATATURK-T,10,-3.5,521920.319,4175180.697,938.601
ATATURK,ATATURK-T,10,-3.4,521920.418,4175180.683,938.603
ATATURK,ATATURK-T,10,-3.3,521920.517,4175180.669,938.605
ATATURK,ATATURK-T,10,-3.2,521920.616,4175180.655,938.608
ATATURK,ATATURK-T,10,-3.1,521920.715,4175180.641,938.61
ATATURK,ATATURK-T,10,-3.0,521920.814,4175180.627,938.612
ATATURK,ATATURK-T,10,-2.9,521920.913,4175180.613,938.615
ATATURK,ATATURK-T,10,-2.8,521921.012,4175180.599,938.617
ATATURK,ATATURK-T,10,-2.7,521921.111,4175180.585,938.619
ATATURK,ATATURK-T,10,-2.6,521921.21,4175180.571,938.622
ATATURK,ATATURK-T,10,-2.5,521921.309,4175180.557,938.624
ATATURK,ATATURK-T,10,-2.4,521921.408,4175180.543,938.626
ATATURK,ATATURK-T,10,-2.3,521921.507,4175180.529,938.629
ATATURK,ATATURK-T,10,-2.2,521921.606,4175180.515,938.63
ATATURK,ATATURK-T,10,-2.1,521921.705,4175180.499,938.63
ATATURK,ATATURK-T,10,-2.0,521921.804,4175180.484,938.63
ATATURK,ATATURK-T,10,-1.9,521921.903,4175180.469,938.63
ATATURK,ATATURK-T,10,-1.8,521922.002,4175180.454,938.63
ATATURK,ATATURK-T,10,-1.7,521922.101,4175180.44,935.96
ATATURK,ATATURK-T,10,-1.6,521922.2,4175180.426,935.96
ATATURK,ATATURK-T,10,-1.5,521922.298,4175180.412,935.96
ATATURK,ATATURK-T,10,-1.4,521922.397,4175180.398,935.96
ATATURK,ATATURK-T,10,-1.3,521922.496,4175180.383,935.96
ATATURK,ATATURK-T,10,-1.2,521922.595,4175180.369,935.96
ATATURK,ATATURK-T,10,-1.1,521922.694,4175180.355,935.96
ATATURK,ATATURK-T,10,-1.0,521922.793,4175180.341,935.96
ATATURK,ATATURK-T,10,-0.9,521922.892,4175180.327,935.96
ATATURK,ATATURK-T,10,-0.8,521922.991,4175180.313,935.96
ATATURK,ATATURK-T,10,-0.7,521923.09,4175180.299,935.96
ATATURK,ATATURK-T,10,-0.6,521923.189,4175180.284,935.96
ATATURK,ATATURK-T,10,-0.5,521923.288,4175180.27,935.96
ATATURK,ATATURK-T,10,-0.4,521923.387,4175180.256,935.96
ATATURK,ATATURK-T,10,-0.3,521923.486,4175180.242,935.96
ATATURK,ATATURK-T,10,-0.2,521923.585,4175180.228,935.96
ATATURK,ATATURK-T,10,-0.1,521923.684,4175180.214,935.96
ATATURK,ATATURK-T,10,0.0,521923.783,4175180.2,935.96
ATATURK,ATATURK-T,10,0.1,521923.882,4175180.186,935.96
ATATURK,ATATURK-T,10,0.2,521923.982,4175180.172,935.96
ATATURK,ATATURK-T,10,0.3,521924.081,4175180.158,935.96
ATATURK,ATATURK-T,10,0.4,521924.18,4175180.144,935.96
ATATURK,ATATURK-T,10,0.5,521924.279,4175180.13,935.96
ATATURK,ATATURK-T,10,0.6,521924.378,4175180.116,935.96
ATATURK,ATATURK-T,10,0.7,521924.477,4175180.102,935.96
ATATURK,ATATURK-T,10,0.8,521924.576,4175180.088,935.96
ATATURK,ATATURK-T,10,0.9,521924.675,4175180.074,935.96
ATATURK,ATATURK-T,10,1.0,521924.774,4175180.06,935.96
ATATURK,ATATURK-T,10,1.1,521924.873,4175180.046,935.96
ATATURK,ATATURK-T,10,1.2,521924.972,4175180.032,935.96
ATATURK,ATATURK-T,10,1.3,521925.071,4175180.018,935.96
ATATURK,ATATURK-T,10,1.4,521925.17,4175180.004,935.96
ATATURK,ATATURK-T,10,1.5,521925.269,4175179.99,935.96
ATATURK,ATATURK-T,10,1.6,521925.368,4175179.976,935.96
ATATURK,ATATURK-T,10,1.7,521925.467,4175179.962,935.96
ATATURK,ATATURK-T,10,1.8,521925.566,4175179.948,938.63
ATATURK,ATATURK-T,10,1.9,521925.664,4175179.932,938.63
ATATURK,ATATURK-T,10,2.0,521925.763,4175179.916,938.63
ATATURK,ATATURK-T,10,2.1,521925.862,4175179.9,938.63
ATATURK,ATATURK-T,10,2.2,521925.961,4175179.885,938.63
ATATURK,ATATURK-T,10,2.3,521926.06,4175179.87,938.602
ATATURK,ATATURK-T,10,2.4,521926.159,4175179.857,938.562
ATATURK,ATATURK-T,10,2.5,521926.258,4175179.843,938.522
ATATURK,ATATURK-T,10,2.6,521926.357,4175179.829,938.482
ATATURK,ATATURK-T,10,2.7,521926.456,4175179.815,938.442
ATATURK,ATATURK-T,10,2.8,521926.555,4175179.802,938.402
ATATURK,ATATURK-T,10,2.9,521926.654,4175179.788,938.363
ATATURK,ATATURK-T,10,3.0,521926.753,4175179.774,938.34
ATATURK,ATATURK-T,10,3.1,521926.852,4175179.76,938.34
ATATURK,ATATURK-T,10,3.2,521926.951,4175179.746,938.34
ATATURK,ATATURK-T,10,3.3,521927.05,4175179.732,938.34
ATATURK,ATATURK-T,10,3.4,521927.149,4175179.718,938.34
ATATURK,ATATURK-T,10,3.5,521927.248,4175179.704,938.34
ATATURK,ATATURK-T,10,3.6,521927.347,4175179.69,938.34
ATATURK,ATATURK-T,10,3.7,521927.446,4175179.676,938.34
ATATURK,ATATURK-T,10,3.8,521927.545,4175179.662,938.34
ATATURK,ATATURK-T,10,3.9,521927.644,4175179.648,938.34
ATATURK,ATATURK-T,10,4.0,521927.743,4175179.634,938.34
ATATURK,ATATURK-T,10,4.1,521927.842,4175179.62,938.34
ATATURK,ATATURK-T,10,4.2,521927.941,4175179.606,938.34
ATATURK,ATATURK-T,10,4.3,521928.04,4175179.592,938.34
ATATURK,ATATURK-T,10,4.4,521928.139,4175179.578,938.34
ATATURK,ATATURK-T,10,4.5,521928.238,4175179.564,938.34
ATATURK,ATATURK-T,10,4.6,521928.337,4175179.55,938.34
ATATURK,ATATURK-T,10,4.7,521928.436,4175179.536,938.342
ATATURK,ATATURK-T,10,4.8,521928.535,4175179.522,938.344
ATATURK,ATATURK-T,10,4.9,521928.634,4175179.508,938.346
ATATURK,ATATURK-T,10,5.0,521928.733,4175179.493,938.348
ATATURK,ATATURK-T,10,5.1,521928.832,4175179.479,938.35
ATATURK,ATATURK-T,10,5.2,521928.931,4175179.465,938.352
ATATURK,ATATURK-T,10,5.3,521929.03,4175179.451,938.355
ATATURK,ATATURK-T,10,5.4,521929.129,4175179.436,938.357
ATATURK,ATATURK-T,10,5.5,521929.228,4175179.422,938.359
ATATURK,ATATURK-T,10,5.6,521929.327,4175179.408,938.361
ATATURK,ATATURK-T,10,5.7,521929.426,4175179.394,938.363
ATATURK,ATATURK-T,10,5.8,521929.525,4175179.38,938.365
ATATURK,ATATURK-T,10,5.9,521929.624,4175179.365,938.367
ATATURK,ATATURK-T,10,6.0,521929.723,4175179.351,938.369
ATATURK,ATATURK-T,10,6.1,521929.822,4175179.337,938.371
ATATURK,ATATURK-T,10,6.2,521929.921,4175179.323,938.373
ATATURK,ATATURK-T,10,6.3,521930.02,4175179.308,938.375
ATATURK,ATATURK-T,10,6.4,521930.119,4175179.294,938.377
ATATURK,ATATURK-T,10,6.5,521930.218,4175179.28,938.38
ATATURK,ATATURK-T,10,6.6,521930.317,4175179.266,938.382
ATATURK,ATATURK-T,10,6.7,521930.416,4175179.251,938.384
ATATURK,ATATURK-T,10,6.8,521930.515,4175179.237,938.386
ATATURK,ATATURK-T,10,6.9,521930.614,4175179.223,938.388
ATATURK,ATATURK-T,10,7.0,521930.713,4175179.209,938.39
ATATURK,ATATURK-T,10,7.1,521930.812,4175179.194,938.392
ATATURK,ATATURK-T,10,7.2,521930.911,4175179.18,938.394
ATATURK,ATATURK-T,10,7.3,521931.01,4175179.166,938.396
ATATURK,ATATURK-T,10,7.4,521931.109,4175179.152,938.398
