catalog_row,A,B,C,D,E,F,pathname,selected
0,BUR-AFY-BAS-AKKECILI,ACIGOL,DEBI,01May2025,30Minute,Q10,/BUR-AFY-BAS-AKKECILI/ACIGOL/DEBI/01May2025/30Minute/Q10/,False
1,BUR-AFY-BAS-AKKECILI,ACIGOL,DEBI,01May2025,30Minute,Q100,/BUR-AFY-BAS-AKKECILI/ACIGOL/DEBI/01May2025/30Minute/Q100/,False
2,BUR-AFY-BAS-AKKECILI,ACIGOL,DEBI,01May2025,30Minute,Q1000,/BUR-AFY-BAS-AKKECILI/ACIGOL/DEBI/01May2025/30Minute/Q1000/,False
3,BUR-AFY-BAS-AKKECILI,ACIGOL,DEBI,01May2025,30Minute,Q2,/BUR-AFY-BAS-AKKECILI/ACIGOL/DEBI/01May2025/30Minute/Q2/,False
4,BUR-AFY-BAS-AKKECILI,ACIGOL,DEBI,01May2025,30Minute,Q25,/BUR-AFY-BAS-AKKECILI/ACIGOL/DEBI/01May2025/30Minute/Q25/,False
5,BUR-AFY-BAS-AKKECILI,ACIGOL,DEBI,01May2025,30Minute,Q5,/BUR-AFY-BAS-AKKECILI/ACIGOL/DEBI/01May2025/30Minute/Q5/,False
6,BUR-AFY-BAS-AKKECILI,ACIGOL,DEBI,01May2025,30Minute,Q50,/BUR-AFY-BAS-AKKECILI/ACIGOL/DEBI/01May2025/30Minute/Q50/,False
7,BUR-AFY-BAS-AKKECILI,ACIGOL,DEBI,01May2025,30Minute,Q500,/BUR-AFY-BAS-AKKECILI/ACIGOL/DEBI/01May2025/30Minute/Q500/,False
8,BUR-AFY-BAS-AKPINAR,ACIGOL,DEBI,01May2025,30Minute,Q10,/BUR-AFY-BAS-AKPINAR/ACIGOL/DEBI/01May2025/30Minute/Q10/,False
9,BUR-AFY-BAS-AKPINAR,ACIGOL,DEBI,01May2025,30Minute,Q100,/BUR-AFY-BAS-AKPINAR/ACIGOL/DEBI/01May2025/30Minute/Q100/,False
10,BUR-AFY-BAS-AKPINAR,ACIGOL,DEBI,01May2025,30Minute,Q1000,/BUR-AFY-BAS-AKPINAR/ACIGOL/DEBI/01May2025/30Minute/Q1000/,False
11,BUR-AFY-BAS-AKPINAR,ACIGOL,DEBI,01May2025,30Minute,Q2,/BUR-AFY-BAS-AKPINAR/ACIGOL/DEBI/01May2025/30Minute/Q2/,False
12,BUR-AFY-BAS-AKPINAR,ACIGOL,DEBI,01May2025,30Minute,Q25,/BUR-AFY-BAS-AKPINAR/ACIGOL/DEBI/01May2025/30Minute/Q25/,False
13,BUR-AFY-BAS-AKPINAR,ACIGOL,DEBI,01May2025,30Minute,Q5,/BUR-AFY-BAS-AKPINAR/ACIGOL/DEBI/01May2025/30Minute/Q5/,False
14,BUR-AFY-BAS-AKPINAR,ACIGOL,DEBI,01May2025,30Minute,Q50,/BUR-AFY-BAS-AKPINAR/ACIGOL/DEBI/01May2025/30Minute/Q50/,False
15,BUR-AFY-BAS-AKPINAR,ACIGOL,DEBI,01May2025,30Minute,Q500,/BUR-AFY-BAS-AKPINAR/ACIGOL/DEBI/01May2025/30Minute/Q500/,False
16,BUR-AFY-BAS-ASAGIBELTARLA,ACIGOL,DEBI,01May2025,30Minute,Q10,/BUR-AFY-BAS-ASAGIBELTARLA/ACIGOL/DEBI/01May2025/30Minute/Q10/,False
17,BUR-AFY-BAS-ASAGIBELTARLA,ACIGOL,DEBI,01May2025,30Minute,Q100,/BUR-AFY-BAS-ASAGIBELTARLA/ACIGOL/DEBI/01May2025/30Minute/Q100/,False
18,BUR-AFY-BAS-ASAGIBELTARLA,ACIGOL,DEBI,01May2025,30Minute,Q1000,/BUR-AFY-BAS-ASAGIBELTARLA/ACIGOL/DEBI/01May2025/30Minute/Q1000/,False
19,BUR-AFY-BAS-ASAGIBELTARLA,ACIGOL,DEBI,01May2025,30Minute,Q2,/BUR-AFY-BAS-ASAGIBELTARLA/ACIGOL/DEBI/01May2025/30Minute/Q2/,False
20,BUR-AFY-BAS-ASAGIBELTARLA,ACIGOL,DEBI,01May2025,30Minute,Q25,/BUR-AFY-BAS-ASAGIBELTARLA/ACIGOL/DEBI/01May2025/30Minute/Q25/,False
21,BUR-AFY-BAS-ASAGIBELTARLA,ACIGOL,DEBI,01May2025,30Minute,Q5,/BUR-AFY-BAS-ASAGIBELTARLA/ACIGOL/DEBI/01May2025/30Minute/Q5/,False
22,BUR-AFY-BAS-ASAGIBELTARLA,ACIGOL,DEBI,01May2025,30Minute,Q50,/BUR-AFY-BAS-ASAGIBELTARLA/ACIGOL/DEBI/01May2025/30Minute/Q50/,False
23,BUR-AFY-BAS-ASAGIBELTARLA,ACIGOL,DEBI,01May2025,30Minute,Q500,/BUR-AFY-BAS-ASAGIBELTARLA/ACIGOL/DEBI/01May2025/30Minute/Q500/,False
24,BUR-AFY-BAS-BASMAKCI,ACIGOL,DEBI,01May2025,30Minute,Q10,/BUR-AFY-BAS-BASMAKCI/ACIGOL/DEBI/01May2025/30Minute/Q10/,False
25,BUR-AFY-BAS-BASMAKCI,ACIGOL,DEBI,01May2025,30Minute,Q100,/BUR-AFY-BAS-BASMAKCI/ACIGOL/DEBI/01May2025/30Minute/Q100/,False
26,BUR-AFY-BAS-BASMAKCI,ACIGOL,DEBI,01May2025,30Minute,Q1000,/BUR-AFY-BAS-BASMAKCI/ACIGOL/DEBI/01May2025/30Minute/Q1000/,False
27,BUR-AFY-BAS-BASMAKCI,ACIGOL,DEBI,01May2025,30Minute,Q2,/BUR-AFY-BAS-BASMAKCI/ACIGOL/DEBI/01May2025/30Minute/Q2/,False
28,BUR-AFY-BAS-BASMAKCI,ACIGOL,DEBI,01May2025,30Minute,Q25,/BUR-AFY-BAS-BASMAKCI/ACIGOL/DEBI/01May2025/30Minute/Q25/,False
29,BUR-AFY-BAS-BASMAKCI,ACIGOL,DEBI,01May2025,30Minute,Q5,/BUR-AFY-BAS-BASMAKCI/ACIGOL/DEBI/01May2025/30Minute/Q5/,False
30,BUR-AFY-BAS-BASMAKCI,ACIGOL,DEBI,01May2025,30Minute,Q50,/BUR-AFY-BAS-BASMAKCI/ACIGOL/DEBI/01May2025/30Minute/Q50/,False
31,BUR-AFY-BAS-BASMAKCI,ACIGOL,DEBI,01May2025,30Minute,Q500,/BUR-AFY-BAS-BASMAKCI/ACIGOL/DEBI/01May2025/30Minute/Q500/,False
32,BUR-AFY-BAS-BASMAKCI-T1,ACIGOL,DEBI,01May2025,30Minute,Q10,/BUR-AFY-BAS-BASMAKCI-T1/ACIGOL/DEBI/01May2025/30Minute/Q10/,False
33,BUR-AFY-BAS-BASMAKCI-T1,ACIGOL,DEBI,01May2025,30Minute,Q100,/BUR-AFY-BAS-BASMAKCI-T1/ACIGOL/DEBI/01May2025/30Minute/Q100/,False
34,BUR-AFY-BAS-BASMAKCI-T1,ACIGOL,DEBI,01May2025,30Minute,Q1000,/BUR-AFY-BAS-BASMAKCI-T1/ACIGOL/DEBI/01May2025/30Minute/Q1000/,False
35,BUR-AFY-BAS-BASMAKCI-T1,ACIGOL,DEBI,01May2025,30Minute,Q2,/BUR-AFY-BAS-BASMAKCI-T1/ACIGOL/DEBI/01May2025/30Minute/Q2/,False
36,BUR-AFY-BAS-BASMAKCI-T1,ACIGOL,DEBI,01May2025,30Minute,Q25,/BUR-AFY-BAS-BASMAKCI-T1/ACIGOL/DEBI/01May2025/30Minute/Q25/,False
37,BUR-AFY-BAS-BASMAKCI-T1,ACIGOL,DEBI,01May2025,30Minute,Q5,/BUR-AFY-BAS-BASMAKCI-T1/ACIGOL/DEBI/01May2025/30Minute/Q5/,False
38,BUR-AFY-BAS-BASMAKCI-T1,ACIGOL,DEBI,01May2025,30Minute,Q50,/BUR-AFY-BAS-BASMAKCI-T1/ACIGOL/DEBI/01May2025/30Minute/Q50/,False
39,BUR-AFY-BAS-BASMAKCI-T1,ACIGOL,DEBI,01May2025,30Minute,Q500,/BUR-AFY-BAS-BASMAKCI-T1/ACIGOL/DEBI/01May2025/30Minute/Q500/,False
40,BUR-AFY-BAS-BASMAKCI-T2,ACIGOL,DEBI,01May2025,30Minute,Q10,/BUR-AFY-BAS-BASMAKCI-T2/ACIGOL/DEBI/01May2025/30Minute/Q10/,False
41,BUR-AFY-BAS-BASMAKCI-T2,ACIGOL,DEBI,01May2025,30Minute,Q100,/BUR-AFY-BAS-BASMAKCI-T2/ACIGOL/DEBI/01May2025/30Minute/Q100/,False
42,BUR-AFY-BAS-BASMAKCI-T2,ACIGOL,DEBI,01May2025,30Minute,Q1000,/BUR-AFY-BAS-BASMAKCI-T2/ACIGOL/DEBI/01May2025/30Minute/Q1000/,False
43,BUR-AFY-BAS-BASMAKCI-T2,ACIGOL,DEBI,01May2025,30Minute,Q2,/BUR-AFY-BAS-BASMAKCI-T2/ACIGOL/DEBI/01May2025/30Minute/Q2/,False
44,BUR-AFY-BAS-BASMAKCI-T2,ACIGOL,DEBI,01May2025,30Minute,Q25,/BUR-AFY-BAS-BASMAKCI-T2/ACIGOL/DEBI/01May2025/30Minute/Q25/,False
45,BUR-AFY-BAS-BASMAKCI-T2,ACIGOL,DEBI,01May2025,30Minute,Q5,/BUR-AFY-BAS-BASMAKCI-T2/ACIGOL/DEBI/01May2025/30Minute/Q5/,False
46,BUR-AFY-BAS-BASMAKCI-T2,ACIGOL,DEBI,01May2025,30Minute,Q50,/BUR-AFY-BAS-BASMAKCI-T2/ACIGOL/DEBI/01May2025/30Minute/Q50/,False
47,BUR-AFY-BAS-BASMAKCI-T2,ACIGOL,DEBI,01May2025,30Minute,Q500,/BUR-AFY-BAS-BASMAKCI-T2/ACIGOL/DEBI/01May2025/30Minute/Q500/,False
48,BUR-AFY-BAS-BASMAKCI-T3,ACIGOL,DEBI,01May2025,30Minute,Q10,/BUR-AFY-BAS-BASMAKCI-T3/ACIGOL/DEBI/01May2025/30Minute/Q10/,False
49,BUR-AFY-BAS-BASMAKCI-T3,ACIGOL,DEBI,01May2025,30Minute,Q100,/BUR-AFY-BAS-BASMAKCI-T3/ACIGOL/DEBI/01May2025/30Minute/Q100/,False
50,BUR-AFY-BAS-BASMAKCI-T3,ACIGOL,DEBI,01May2025,30Minute,Q1000,/BUR-AFY-BAS-BASMAKCI-T3/ACIGOL/DEBI/01May2025/30Minute/Q1000/,False
51,BUR-AFY-BAS-BASMAKCI-T3,ACIGOL,DEBI,01May2025,30Minute,Q2,/BUR-AFY-BAS-BASMAKCI-T3/ACIGOL/DEBI/01May2025/30Minute/Q2/,False
52,BUR-AFY-BAS-BASMAKCI-T3,ACIGOL,DEBI,01May2025,30Minute,Q25,/BUR-AFY-BAS-BASMAKCI-T3/ACIGOL/DEBI/01May2025/30Minute/Q25/,False
53,BUR-AFY-BAS-BASMAKCI-T3,ACIGOL,DEBI,01May2025,30Minute,Q5,/BUR-AFY-BAS-BASMAKCI-T3/ACIGOL/DEBI/01May2025/30Minute/Q5/,False
54,BUR-AFY-BAS-BASMAKCI-T3,ACIGOL,DEBI,01May2025,30Minute,Q50,/BUR-AFY-BAS-BASMAKCI-T3/ACIGOL/DEBI/01May2025/30Minute/Q50/,False
55,BUR-AFY-BAS-BASMAKCI-T3,ACIGOL,DEBI,01May2025,30Minute,Q500,/BUR-AFY-BAS-BASMAKCI-T3/ACIGOL/DEBI/01May2025/30Minute/Q500/,False
56,BUR-AFY-BAS-BASMAKCI-T4,ACIGOL,DEBI,01May2025,30Minute,Q10,/BUR-AFY-BAS-BASMAKCI-T4/ACIGOL/DEBI/01May2025/30Minute/Q10/,False
57,BUR-AFY-BAS-BASMAKCI-T4,ACIGOL,DEBI,01May2025,30Minute,Q100,/BUR-AFY-BAS-BASMAKCI-T4/ACIGOL/DEBI/01May2025/30Minute/Q100/,False
58,BUR-AFY-BAS-BASMAKCI-T4,ACIGOL,DEBI,01May2025,30Minute,Q1000,/BUR-AFY-BAS-BASMAKCI-T4/ACIGOL/DEBI/01May2025/30Minute/Q1000/,False
59,BUR-AFY-BAS-BASMAKCI-T4,ACIGOL,DEBI,01May2025,30Minute,Q2,/BUR-AFY-BAS-BASMAKCI-T4/ACIGOL/DEBI/01May2025/30Minute/Q2/,False
60,BUR-AFY-BAS-BASMAKCI-T4,ACIGOL,DEBI,01May2025,30Minute,Q25,/BUR-AFY-BAS-BASMAKCI-T4/ACIGOL/DEBI/01May2025/30Minute/Q25/,False
61,BUR-AFY-BAS-BASMAKCI-T4,ACIGOL,DEBI,01May2025,30Minute,Q5,/BUR-AFY-BAS-BASMAKCI-T4/ACIGOL/DEBI/01May2025/30Minute/Q5/,False
62,BUR-AFY-BAS-BASMAKCI-T4,ACIGOL,DEBI,01May2025,30Minute,Q50,/BUR-AFY-BAS-BASMAKCI-T4/ACIGOL/DEBI/01May2025/30Minute/Q50/,False
63,BUR-AFY-BAS-BASMAKCI-T4,ACIGOL,DEBI,01May2025,30Minute,Q500,/BUR-AFY-BAS-BASMAKCI-T4/ACIGOL/DEBI/01May2025/30Minute/Q500/,False
64,BUR-AFY-BAS-CEVLIK1,ACIGOL,DEBI,01May2025,30Minute,Q10,/BUR-AFY-BAS-CEVLIK1/ACIGOL/DEBI/01May2025/30Minute/Q10/,False
65,BUR-AFY-BAS-CEVLIK1,ACIGOL,DEBI,01May2025,30Minute,Q100,/BUR-AFY-BAS-CEVLIK1/ACIGOL/DEBI/01May2025/30Minute/Q100/,False
66,BUR-AFY-BAS-CEVLIK1,ACIGOL,DEBI,01May2025,30Minute,Q1000,/BUR-AFY-BAS-CEVLIK1/ACIGOL/DEBI/01May2025/30Minute/Q1000/,False
67,BUR-AFY-BAS-CEVLIK1,ACIGOL,DEBI,01May2025,30Minute,Q2,/BUR-AFY-BAS-CEVLIK1/ACIGOL/DEBI/01May2025/30Minute/Q2/,False
68,BUR-AFY-BAS-CEVLIK1,ACIGOL,DEBI,01May2025,30Minute,Q25,/BUR-AFY-BAS-CEVLIK1/ACIGOL/DEBI/01May2025/30Minute/Q25/,False
69,BUR-AFY-BAS-CEVLIK1,ACIGOL,DEBI,01May2025,30Minute,Q5,/BUR-AFY-BAS-CEVLIK1/ACIGOL/DEBI/01May2025/30Minute/Q5/,False
70,BUR-AFY-BAS-CEVLIK1,ACIGOL,DEBI,01May2025,30Minute,Q50,/BUR-AFY-BAS-CEVLIK1/ACIGOL/DEBI/01May2025/30Minute/Q50/,False
71,BUR-AFY-BAS-CEVLIK1,ACIGOL,DEBI,01May2025,30Minute,Q500,/BUR-AFY-BAS-CEVLIK1/ACIGOL/DEBI/01May2025/30Minute/Q500/,False
72,BUR-AFY-BAS-CEVLIK2,ACIGOL,DEBI,01May2025,30Minute,Q10,/BUR-AFY-BAS-CEVLIK2/ACIGOL/DEBI/01May2025/30Minute/Q10/,False
73,BUR-AFY-BAS-CEVLIK2,ACIGOL,DEBI,01May2025,30Minute,Q100,/BUR-AFY-BAS-CEVLIK2/ACIGOL/DEBI/01May2025/30Minute/Q100/,False
74,BUR-AFY-BAS-CEVLIK2,ACIGOL,DEBI,01May2025,30Minute,Q1000,/BUR-AFY-BAS-CEVLIK2/ACIGOL/DEBI/01May2025/30Minute/Q1000/,False
75,BUR-AFY-BAS-CEVLIK2,ACIGOL,DEBI,01May2025,30Minute,Q2,/BUR-AFY-BAS-CEVLIK2/ACIGOL/DEBI/01May2025/30Minute/Q2/,False
76,BUR-AFY-BAS-CEVLIK2,ACIGOL,DEBI,01May2025,30Minute,Q25,/BUR-AFY-BAS-CEVLIK2/ACIGOL/DEBI/01May2025/30Minute/Q25/,False
77,BUR-AFY-BAS-CEVLIK2,ACIGOL,DEBI,01May2025,30Minute,Q5,/BUR-AFY-BAS-CEVLIK2/ACIGOL/DEBI/01May2025/30Minute/Q5/,False
78,BUR-AFY-BAS-CEVLIK2,ACIGOL,DEBI,01May2025,30Minute,Q50,/BUR-AFY-BAS-CEVLIK2/ACIGOL/DEBI/01May2025/30Minute/Q50/,False
79,BUR-AFY-BAS-CEVLIK2,ACIGOL,DEBI,01May2025,30Minute,Q500,/BUR-AFY-BAS-CEVLIK2/ACIGOL/DEBI/01May2025/30Minute/Q500/,False
80,BUR-AFY-BAS-CIGRI1,ACIGOL,DEBI,01May2025,30Minute,Q10,/BUR-AFY-BAS-CIGRI1/ACIGOL/DEBI/01May2025/30Minute/Q10/,False
81,BUR-AFY-BAS-CIGRI1,ACIGOL,DEBI,01May2025,30Minute,Q100,/BUR-AFY-BAS-CIGRI1/ACIGOL/DEBI/01May2025/30Minute/Q100/,False
82,BUR-AFY-BAS-CIGRI1,ACIGOL,DEBI,01May2025,30Minute,Q1000,/BUR-AFY-BAS-CIGRI1/ACIGOL/DEBI/01May2025/30Minute/Q1000/,False
83,BUR-AFY-BAS-CIGRI1,ACIGOL,DEBI,01May2025,30Minute,Q2,/BUR-AFY-BAS-CIGRI1/ACIGOL/DEBI/01May2025/30Minute/Q2/,False
84,BUR-AFY-BAS-CIGRI1,ACIGOL,DEBI,01May2025,30Minute,Q25,/BUR-AFY-BAS-CIGRI1/ACIGOL/DEBI/01May2025/30Minute/Q25/,False
85,BUR-AFY-BAS-CIGRI1,ACIGOL,DEBI,01May2025,30Minute,Q5,/BUR-AFY-BAS-CIGRI1/ACIGOL/DEBI/01May2025/30Minute/Q5/,False
86,BUR-AFY-BAS-CIGRI1,ACIGOL,DEBI,01May2025,30Minute,Q50,/BUR-AFY-BAS-CIGRI1/ACIGOL/DEBI/01May2025/30Minute/Q50/,False
87,BUR-AFY-BAS-CIGRI1,ACIGOL,DEBI,01May2025,30Minute,Q500,/BUR-AFY-BAS-CIGRI1/ACIGOL/DEBI/01May2025/30Minute/Q500/,False
88,BUR-AFY-BAS-CIGRI2,ACIGOL,DEBI,01May2025,30Minute,Q10,/BUR-AFY-BAS-CIGRI2/ACIGOL/DEBI/01May2025/30Minute/Q10/,False
89,BUR-AFY-BAS-CIGRI2,ACIGOL,DEBI,01May2025,30Minute,Q100,/BUR-AFY-BAS-CIGRI2/ACIGOL/DEBI/01May2025/30Minute/Q100/,False
90,BUR-AFY-BAS-CIGRI2,ACIGOL,DEBI,01May2025,30Minute,Q1000,/BUR-AFY-BAS-CIGRI2/ACIGOL/DEBI/01May2025/30Minute/Q1000/,False
91,BUR-AFY-BAS-CIGRI2,ACIGOL,DEBI,01May2025,30Minute,Q2,/BUR-AFY-BAS-CIGRI2/ACIGOL/DEBI/01May2025/30Minute/Q2/,False
92,BUR-AFY-BAS-CIGRI2,ACIGOL,DEBI,01May2025,30Minute,Q25,/BUR-AFY-BAS-CIGRI2/ACIGOL/DEBI/01May2025/30Minute/Q25/,False
93,BUR-AFY-BAS-CIGRI2,ACIGOL,DEBI,01May2025,30Minute,Q5,/BUR-AFY-BAS-CIGRI2/ACIGOL/DEBI/01May2025/30Minute/Q5/,False
94,BUR-AFY-BAS-CIGRI2,ACIGOL,DEBI,01May2025,30Minute,Q50,/BUR-AFY-BAS-CIGRI2/ACIGOL/DEBI/01May2025/30Minute/Q50/,False
95,BUR-AFY-BAS-CIGRI2,ACIGOL,DEBI,01May2025,30Minute,Q500,/BUR-AFY-BAS-CIGRI2/ACIGOL/DEBI/01May2025/30Minute/Q500/,False
96,BUR-AFY-BAS-CIGRI3,ACIGOL,DEBI,01May2025,30Minute,Q10,/BUR-AFY-BAS-CIGRI3/ACIGOL/DEBI/01May2025/30Minute/Q10/,False
97,BUR-AFY-BAS-CIGRI3,ACIGOL,DEBI,01May2025,30Minute,Q100,/BUR-AFY-BAS-CIGRI3/ACIGOL/DEBI/01May2025/30Minute/Q100/,False
98,BUR-AFY-BAS-CIGRI3,ACIGOL,DEBI,01May2025,30Minute,Q1000,/BUR-AFY-BAS-CIGRI3/ACIGOL/DEBI/01May2025/30Minute/Q1000/,False
99,BUR-AFY-BAS-CIGRI3,ACIGOL,DEBI,01May2025,30Minute,Q2,/BUR-AFY-BAS-CIGRI3/ACIGOL/DEBI/01May2025/30Minute/Q2/,False
100,BUR-AFY-BAS-CIGRI3,ACIGOL,DEBI,01May2025,30Minute,Q25,/BUR-AFY-BAS-CIGRI3/ACIGOL/DEBI/01May2025/30Minute/Q25/,False
101,BUR-AFY-BAS-CIGRI3,ACIGOL,DEBI,01May2025,30Minute,Q5,/BUR-AFY-BAS-CIGRI3/ACIGOL/DEBI/01May2025/30Minute/Q5/,False
102,BUR-AFY-BAS-CIGRI3,ACIGOL,DEBI,01May2025,30Minute,Q50,/BUR-AFY-BAS-CIGRI3/ACIGOL/DEBI/01May2025/30Minute/Q50/,False
103,BUR-AFY-BAS-CIGRI3,ACIGOL,DEBI,01May2025,30Minute,Q500,/BUR-AFY-BAS-CIGRI3/ACIGOL/DEBI/01May2025/30Minute/Q500/,False
104,BUR-AFY-BAS-CIGRI-T,ACIGOL,DEBI,01May2025,30Minute,Q10,/BUR-AFY-BAS-CIGRI-T/ACIGOL/DEBI/01May2025/30Minute/Q10/,False
105,BUR-AFY-BAS-CIGRI-T,ACIGOL,DEBI,01May2025,30Minute,Q100,/BUR-AFY-BAS-CIGRI-T/ACIGOL/DEBI/01May2025/30Minute/Q100/,False
106,BUR-AFY-BAS-CIGRI-T,ACIGOL,DEBI,01May2025,30Minute,Q1000,/BUR-AFY-BAS-CIGRI-T/ACIGOL/DEBI/01May2025/30Minute/Q1000/,False
107,BUR-AFY-BAS-CIGRI-T,ACIGOL,DEBI,01May2025,30Minute,Q2,/BUR-AFY-BAS-CIGRI-T/ACIGOL/DEBI/01May2025/30Minute/Q2/,False
108,BUR-AFY-BAS-CIGRI-T,ACIGOL,DEBI,01May2025,30Minute,Q25,/BUR-AFY-BAS-CIGRI-T/ACIGOL/DEBI/01May2025/30Minute/Q25/,False
109,BUR-AFY-BAS-CIGRI-T,ACIGOL,DEBI,01May2025,30Minute,Q5,/BUR-AFY-BAS-CIGRI-T/ACIGOL/DEBI/01May2025/30Minute/Q5/,False
110,BUR-AFY-BAS-CIGRI-T,ACIGOL,DEBI,01May2025,30Minute,Q50,/BUR-AFY-BAS-CIGRI-T/ACIGOL/DEBI/01May2025/30Minute/Q50/,False
111,BUR-AFY-BAS-CIGRI-T,ACIGOL,DEBI,01May2025,30Minute,Q500,/BUR-AFY-BAS-CIGRI-T/ACIGOL/DEBI/01May2025/30Minute/Q500/,False
112,BUR-AFY-BAS-HIRKAKOY,ACIGOL,DEBI,01May2025,30Minute,Q10,/BUR-AFY-BAS-HIRKAKOY/ACIGOL/DEBI/01May2025/30Minute/Q10/,False
113,BUR-AFY-BAS-HIRKAKOY,ACIGOL,DEBI,01May2025,30Minute,Q100,/BUR-AFY-BAS-HIRKAKOY/ACIGOL/DEBI/01May2025/30Minute/Q100/,False
114,BUR-AFY-BAS-HIRKAKOY,ACIGOL,DEBI,01May2025,30Minute,Q1000,/BUR-AFY-BAS-HIRKAKOY/ACIGOL/DEBI/01May2025/30Minute/Q1000/,False
115,BUR-AFY-BAS-HIRKAKOY,ACIGOL,DEBI,01May2025,30Minute,Q2,/BUR-AFY-BAS-HIRKAKOY/ACIGOL/DEBI/01May2025/30Minute/Q2/,False
116,BUR-AFY-BAS-HIRKAKOY,ACIGOL,DEBI,01May2025,30Minute,Q25,/BUR-AFY-BAS-HIRKAKOY/ACIGOL/DEBI/01May2025/30Minute/Q25/,False
117,BUR-AFY-BAS-HIRKAKOY,ACIGOL,DEBI,01May2025,30Minute,Q5,/BUR-AFY-BAS-HIRKAKOY/ACIGOL/DEBI/01May2025/30Minute/Q5/,False
118,BUR-AFY-BAS-HIRKAKOY,ACIGOL,DEBI,01May2025,30Minute,Q50,/BUR-AFY-BAS-HIRKAKOY/ACIGOL/DEBI/01May2025/30Minute/Q50/,False
119,BUR-AFY-BAS-HIRKAKOY,ACIGOL,DEBI,01May2025,30Minute,Q500,/BUR-AFY-BAS-HIRKAKOY/ACIGOL/DEBI/01May2025/30Minute/Q500/,False
120,BUR-AFY-BAS-HIRKAKOY-T,ACIGOL,DEBI,01May2025,30Minute,Q10,/BUR-AFY-BAS-HIRKAKOY-T/ACIGOL/DEBI/01May2025/30Minute/Q10/,False
121,BUR-AFY-BAS-HIRKAKOY-T,ACIGOL,DEBI,01May2025,30Minute,Q100,/BUR-AFY-BAS-HIRKAKOY-T/ACIGOL/DEBI/01May2025/30Minute/Q100/,False
122,BUR-AFY-BAS-HIRKAKOY-T,ACIGOL,DEBI,01May2025,30Minute,Q1000,/BUR-AFY-BAS-HIRKAKOY-T/ACIGOL/DEBI/01May2025/30Minute/Q1000/,False
123,BUR-AFY-BAS-HIRKAKOY-T,ACIGOL,DEBI,01May2025,30Minute,Q2,/BUR-AFY-BAS-HIRKAKOY-T/ACIGOL/DEBI/01May2025/30Minute/Q2/,False
124,BUR-AFY-BAS-HIRKAKOY-T,ACIGOL,DEBI,01May2025,30Minute,Q25,/BUR-AFY-BAS-HIRKAKOY-T/ACIGOL/DEBI/01May2025/30Minute/Q25/,False
125,BUR-AFY-BAS-HIRKAKOY-T,ACIGOL,DEBI,01May2025,30Minute,Q5,/BUR-AFY-BAS-HIRKAKOY-T/ACIGOL/DEBI/01May2025/30Minute/Q5/,False
126,BUR-AFY-BAS-HIRKAKOY-T,ACIGOL,DEBI,01May2025,30Minute,Q50,/BUR-AFY-BAS-HIRKAKOY-T/ACIGOL/DEBI/01May2025/30Minute/Q50/,False
127,BUR-AFY-BAS-HIRKAKOY-T,ACIGOL,DEBI,01May2025,30Minute,Q500,/BUR-AFY-BAS-HIRKAKOY-T/ACIGOL/DEBI/01May2025/30Minute/Q500/,False
128,BUR-AFY-BAS-OVACIK,ACIGOL,DEBI,01May2025,30Minute,Q10,/BUR-AFY-BAS-OVACIK/ACIGOL/DEBI/01May2025/30Minute/Q10/,False
129,BUR-AFY-BAS-OVACIK,ACIGOL,DEBI,01May2025,30Minute,Q100,/BUR-AFY-BAS-OVACIK/ACIGOL/DEBI/01May2025/30Minute/Q100/,False
130,BUR-AFY-BAS-OVACIK,ACIGOL,DEBI,01May2025,30Minute,Q1000,/BUR-AFY-BAS-OVACIK/ACIGOL/DEBI/01May2025/30Minute/Q1000/,False
131,BUR-AFY-BAS-OVACIK,ACIGOL,DEBI,01May2025,30Minute,Q2,/BUR-AFY-BAS-OVACIK/ACIGOL/DEBI/01May2025/30Minute/Q2/,False
132,BUR-AFY-BAS-OVACIK,ACIGOL,DEBI,01May2025,30Minute,Q25,/BUR-AFY-BAS-OVACIK/ACIGOL/DEBI/01May2025/30Minute/Q25/,False
133,BUR-AFY-BAS-OVACIK,ACIGOL,DEBI,01May2025,30Minute,Q5,/BUR-AFY-BAS-OVACIK/ACIGOL/DEBI/01May2025/30Minute/Q5/,False
134,BUR-AFY-BAS-OVACIK,ACIGOL,DEBI,01May2025,30Minute,Q50,/BUR-AFY-BAS-OVACIK/ACIGOL/DEBI/01May2025/30Minute/Q50/,False
135,BUR-AFY-BAS-OVACIK,ACIGOL,DEBI,01May2025,30Minute,Q500,/BUR-AFY-BAS-OVACIK/ACIGOL/DEBI/01May2025/30Minute/Q500/,False
136,BUR-AFY-BAS-SARIKOY1,ACIGOL,DEBI,01May2025,30Minute,Q10,/BUR-AFY-BAS-SARIKOY1/ACIGOL/DEBI/01May2025/30Minute/Q10/,False
137,BUR-AFY-BAS-SARIKOY1,ACIGOL,DEBI,01May2025,30Minute,Q100,/BUR-AFY-BAS-SARIKOY1/ACIGOL/DEBI/01May2025/30Minute/Q100/,False
138,BUR-AFY-BAS-SARIKOY1,ACIGOL,DEBI,01May2025,30Minute,Q1000,/BUR-AFY-BAS-SARIKOY1/ACIGOL/DEBI/01May2025/30Minute/Q1000/,False
139,BUR-AFY-BAS-SARIKOY1,ACIGOL,DEBI,01May2025,30Minute,Q2,/BUR-AFY-BAS-SARIKOY1/ACIGOL/DEBI/01May2025/30Minute/Q2/,False
140,BUR-AFY-BAS-SARIKOY1,ACIGOL,DEBI,01May2025,30Minute,Q25,/BUR-AFY-BAS-SARIKOY1/ACIGOL/DEBI/01May2025/30Minute/Q25/,False
141,BUR-AFY-BAS-SARIKOY1,ACIGOL,DEBI,01May2025,30Minute,Q5,/BUR-AFY-BAS-SARIKOY1/ACIGOL/DEBI/01May2025/30Minute/Q5/,False
142,BUR-AFY-BAS-SARIKOY1,ACIGOL,DEBI,01May2025,30Minute,Q50,/BUR-AFY-BAS-SARIKOY1/ACIGOL/DEBI/01May2025/30Minute/Q50/,False
143,BUR-AFY-BAS-SARIKOY1,ACIGOL,DEBI,01May2025,30Minute,Q500,/BUR-AFY-BAS-SARIKOY1/ACIGOL/DEBI/01May2025/30Minute/Q500/,False
144,BUR-AFY-BAS-SARIKOY2,ACIGOL,DEBI,01May2025,30Minute,Q10,/BUR-AFY-BAS-SARIKOY2/ACIGOL/DEBI/01May2025/30Minute/Q10/,False
145,BUR-AFY-BAS-SARIKOY2,ACIGOL,DEBI,01May2025,30Minute,Q100,/BUR-AFY-BAS-SARIKOY2/ACIGOL/DEBI/01May2025/30Minute/Q100/,False
146,BUR-AFY-BAS-SARIKOY2,ACIGOL,DEBI,01May2025,30Minute,Q1000,/BUR-AFY-BAS-SARIKOY2/ACIGOL/DEBI/01May2025/30Minute/Q1000/,False
147,BUR-AFY-BAS-SARIKOY2,ACIGOL,DEBI,01May2025,30Minute,Q2,/BUR-AFY-BAS-SARIKOY2/ACIGOL/DEBI/01May2025/30Minute/Q2/,False
148,BUR-AFY-BAS-SARIKOY2,ACIGOL,DEBI,01May2025,30Minute,Q25,/BUR-AFY-BAS-SARIKOY2/ACIGOL/DEBI/01May2025/30Minute/Q25/,False
149,BUR-AFY-BAS-SARIKOY2,ACIGOL,DEBI,01May2025,30Minute,Q5,/BUR-AFY-BAS-SARIKOY2/ACIGOL/DEBI/01May2025/30Minute/Q5/,False
150,BUR-AFY-BAS-SARIKOY2,ACIGOL,DEBI,01May2025,30Minute,Q50,/BUR-AFY-BAS-SARIKOY2/ACIGOL/DEBI/01May2025/30Minute/Q50/,False
151,BUR-AFY-BAS-SARIKOY2,ACIGOL,DEBI,01May2025,30Minute,Q500,/BUR-AFY-BAS-SARIKOY2/ACIGOL/DEBI/01May2025/30Minute/Q500/,False
152,BUR-AFY-BAS-SARIKOY-T,ACIGOL,DEBI,01May2025,30Minute,Q10,/BUR-AFY-BAS-SARIKOY-T/ACIGOL/DEBI/01May2025/30Minute/Q10/,False
153,BUR-AFY-BAS-SARIKOY-T,ACIGOL,DEBI,01May2025,30Minute,Q100,/BUR-AFY-BAS-SARIKOY-T/ACIGOL/DEBI/01May2025/30Minute/Q100/,False
154,BUR-AFY-BAS-SARIKOY-T,ACIGOL,DEBI,01May2025,30Minute,Q1000,/BUR-AFY-BAS-SARIKOY-T/ACIGOL/DEBI/01May2025/30Minute/Q1000/,False
155,BUR-AFY-BAS-SARIKOY-T,ACIGOL,DEBI,01May2025,30Minute,Q2,/BUR-AFY-BAS-SARIKOY-T/ACIGOL/DEBI/01May2025/30Minute/Q2/,False
156,BUR-AFY-BAS-SARIKOY-T,ACIGOL,DEBI,01May2025,30Minute,Q25,/BUR-AFY-BAS-SARIKOY-T/ACIGOL/DEBI/01May2025/30Minute/Q25/,False
157,BUR-AFY-BAS-SARIKOY-T,ACIGOL,DEBI,01May2025,30Minute,Q5,/BUR-AFY-BAS-SARIKOY-T/ACIGOL/DEBI/01May2025/30Minute/Q5/,False
158,BUR-AFY-BAS-SARIKOY-T,ACIGOL,DEBI,01May2025,30Minute,Q50,/BUR-AFY-BAS-SARIKOY-T/ACIGOL/DEBI/01May2025/30Minute/Q50/,False
159,BUR-AFY-BAS-SARIKOY-T,ACIGOL,DEBI,01May2025,30Minute,Q500,/BUR-AFY-BAS-SARIKOY-T/ACIGOL/DEBI/01May2025/30Minute/Q500/,False
160,BUR-AFY-BAS-YAKA1,ACIGOL,DEBI,01May2025,30Minute,Q10,/BUR-AFY-BAS-YAKA1/ACIGOL/DEBI/01May2025/30Minute/Q10/,False
161,BUR-AFY-BAS-YAKA1,ACIGOL,DEBI,01May2025,30Minute,Q100,/BUR-AFY-BAS-YAKA1/ACIGOL/DEBI/01May2025/30Minute/Q100/,False
162,BUR-AFY-BAS-YAKA1,ACIGOL,DEBI,01May2025,30Minute,Q1000,/BUR-AFY-BAS-YAKA1/ACIGOL/DEBI/01May2025/30Minute/Q1000/,False
163,BUR-AFY-BAS-YAKA1,ACIGOL,DEBI,01May2025,30Minute,Q2,/BUR-AFY-BAS-YAKA1/ACIGOL/DEBI/01May2025/30Minute/Q2/,False
164,BUR-AFY-BAS-YAKA1,ACIGOL,DEBI,01May2025,30Minute,Q25,/BUR-AFY-BAS-YAKA1/ACIGOL/DEBI/01May2025/30Minute/Q25/,False
165,BUR-AFY-BAS-YAKA1,ACIGOL,DEBI,01May2025,30Minute,Q5,/BUR-AFY-BAS-YAKA1/ACIGOL/DEBI/01May2025/30Minute/Q5/,False
166,BUR-AFY-BAS-YAKA1,ACIGOL,DEBI,01May2025,30Minute,Q50,/BUR-AFY-BAS-YAKA1/ACIGOL/DEBI/01May2025/30Minute/Q50/,False
167,BUR-AFY-BAS-YAKA1,ACIGOL,DEBI,01May2025,30Minute,Q500,/BUR-AFY-BAS-YAKA1/ACIGOL/DEBI/01May2025/30Minute/Q500/,False
168,BUR-AFY-BAS-YAKA2,ACIGOL,DEBI,01May2025,30Minute,Q10,/BUR-AFY-BAS-YAKA2/ACIGOL/DEBI/01May2025/30Minute/Q10/,False
169,BUR-AFY-BAS-YAKA2,ACIGOL,DEBI,01May2025,30Minute,Q100,/BUR-AFY-BAS-YAKA2/ACIGOL/DEBI/01May2025/30Minute/Q100/,False
170,BUR-AFY-BAS-YAKA2,ACIGOL,DEBI,01May2025,30Minute,Q1000,/BUR-AFY-BAS-YAKA2/ACIGOL/DEBI/01May2025/30Minute/Q1000/,False
171,BUR-AFY-BAS-YAKA2,ACIGOL,DEBI,01May2025,30Minute,Q2,/BUR-AFY-BAS-YAKA2/ACIGOL/DEBI/01May2025/30Minute/Q2/,False
172,BUR-AFY-BAS-YAKA2,ACIGOL,DEBI,01May2025,30Minute,Q25,/BUR-AFY-BAS-YAKA2/ACIGOL/DEBI/01May2025/30Minute/Q25/,False
173,BUR-AFY-BAS-YAKA2,ACIGOL,DEBI,01May2025,30Minute,Q5,/BUR-AFY-BAS-YAKA2/ACIGOL/DEBI/01May2025/30Minute/Q5/,False
174,BUR-AFY-BAS-YAKA2,ACIGOL,DEBI,01May2025,30Minute,Q50,/BUR-AFY-BAS-YAKA2/ACIGOL/DEBI/01May2025/30Minute/Q50/,False
175,BUR-AFY-BAS-YAKA2,ACIGOL,DEBI,01May2025,30Minute,Q500,/BUR-AFY-BAS-YAKA2/ACIGOL/DEBI/01May2025/30Minute/Q500/,False
176,BUR-AFY-BAS-YASSIOREN,ACIGOL,DEBI,01May2025,30Minute,Q10,/BUR-AFY-BAS-YASSIOREN/ACIGOL/DEBI/01May2025/30Minute/Q10/,False
177,BUR-AFY-BAS-YASSIOREN,ACIGOL,DEBI,01May2025,30Minute,Q100,/BUR-AFY-BAS-YASSIOREN/ACIGOL/DEBI/01May2025/30Minute/Q100/,False
178,BUR-AFY-BAS-YASSIOREN,ACIGOL,DEBI,01May2025,30Minute,Q1000,/BUR-AFY-BAS-YASSIOREN/ACIGOL/DEBI/01May2025/30Minute/Q1000/,False
179,BUR-AFY-BAS-YASSIOREN,ACIGOL,DEBI,01May2025,30Minute,Q2,/BUR-AFY-BAS-YASSIOREN/ACIGOL/DEBI/01May2025/30Minute/Q2/,False
180,BUR-AFY-BAS-YASSIOREN,ACIGOL,DEBI,01May2025,30Minute,Q25,/BUR-AFY-BAS-YASSIOREN/ACIGOL/DEBI/01May2025/30Minute/Q25/,False
181,BUR-AFY-BAS-YASSIOREN,ACIGOL,DEBI,01May2025,30Minute,Q5,/BUR-AFY-BAS-YASSIOREN/ACIGOL/DEBI/01May2025/30Minute/Q5/,False
182,BUR-AFY-BAS-YASSIOREN,ACIGOL,DEBI,01May2025,30Minute,Q50,/BUR-AFY-BAS-YASSIOREN/ACIGOL/DEBI/01May2025/30Minute/Q50/,False
183,BUR-AFY-BAS-YASSIOREN,ACIGOL,DEBI,01May2025,30Minute,Q500,/BUR-AFY-BAS-YASSIOREN/ACIGOL/DEBI/01May2025/30Minute/Q500/,False
184,BUR-AFY-BAS-YASSIOREN-T1,ACIGOL,DEBI,01May2025,30Minute,Q10,/BUR-AFY-BAS-YASSIOREN-T1/ACIGOL/DEBI/01May2025/30Minute/Q10/,False
185,BUR-AFY-BAS-YASSIOREN-T1,ACIGOL,DEBI,01May2025,30Minute,Q100,/BUR-AFY-BAS-YASSIOREN-T1/ACIGOL/DEBI/01May2025/30Minute/Q100/,False
186,BUR-AFY-BAS-YASSIOREN-T1,ACIGOL,DEBI,01May2025,30Minute,Q1000,/BUR-AFY-BAS-YASSIOREN-T1/ACIGOL/DEBI/01May2025/30Minute/Q1000/,False
187,BUR-AFY-BAS-YASSIOREN-T1,ACIGOL,DEBI,01May2025,30Minute,Q2,/BUR-AFY-BAS-YASSIOREN-T1/ACIGOL/DEBI/01May2025/30Minute/Q2/,False
188,BUR-AFY-BAS-YASSIOREN-T1,ACIGOL,DEBI,01May2025,30Minute,Q25,/BUR-AFY-BAS-YASSIOREN-T1/ACIGOL/DEBI/01May2025/30Minute/Q25/,False
189,BUR-AFY-BAS-YASSIOREN-T1,ACIGOL,DEBI,01May2025,30Minute,Q5,/BUR-AFY-BAS-YASSIOREN-T1/ACIGOL/DEBI/01May2025/30Minute/Q5/,False
190,BUR-AFY-BAS-YASSIOREN-T1,ACIGOL,DEBI,01May2025,30Minute,Q50,/BUR-AFY-BAS-YASSIOREN-T1/ACIGOL/DEBI/01May2025/30Minute/Q50/,False
191,BUR-AFY-BAS-YASSIOREN-T1,ACIGOL,DEBI,01May2025,30Minute,Q500,/BUR-AFY-BAS-YASSIOREN-T1/ACIGOL/DEBI/01May2025/30Minute/Q500/,False
192,BUR-AFY-BAS-YASSIOREN-T2,ACIGOL,DEBI,01May2025,30Minute,Q10,/BUR-AFY-BAS-YASSIOREN-T2/ACIGOL/DEBI/01May2025/30Minute/Q10/,False
193,BUR-AFY-BAS-YASSIOREN-T2,ACIGOL,DEBI,01May2025,30Minute,Q100,/BUR-AFY-BAS-YASSIOREN-T2/ACIGOL/DEBI/01May2025/30Minute/Q100/,False
194,BUR-AFY-BAS-YASSIOREN-T2,ACIGOL,DEBI,01May2025,30Minute,Q1000,/BUR-AFY-BAS-YASSIOREN-T2/ACIGOL/DEBI/01May2025/30Minute/Q1000/,False
195,BUR-AFY-BAS-YASSIOREN-T2,ACIGOL,DEBI,01May2025,30Minute,Q2,/BUR-AFY-BAS-YASSIOREN-T2/ACIGOL/DEBI/01May2025/30Minute/Q2/,False
196,BUR-AFY-BAS-YASSIOREN-T2,ACIGOL,DEBI,01May2025,30Minute,Q25,/BUR-AFY-BAS-YASSIOREN-T2/ACIGOL/DEBI/01May2025/30Minute/Q25/,False
197,BUR-AFY-BAS-YASSIOREN-T2,ACIGOL,DEBI,01May2025,30Minute,Q5,/BUR-AFY-BAS-YASSIOREN-T2/ACIGOL/DEBI/01May2025/30Minute/Q5/,False
198,BUR-AFY-BAS-YASSIOREN-T2,ACIGOL,DEBI,01May2025,30Minute,Q50,/BUR-AFY-BAS-YASSIOREN-T2/ACIGOL/DEBI/01May2025/30Minute/Q50/,False
199,BUR-AFY-BAS-YASSIOREN-T2,ACIGOL,DEBI,01May2025,30Minute,Q500,/BUR-AFY-BAS-YASSIOREN-T2/ACIGOL/DEBI/01May2025/30Minute/Q500/,False
200,BUR-AFY-BAS-YUKARIBELTARLA,ACIGOL,DEBI,01May2025,30Minute,Q10,/BUR-AFY-BAS-YUKARIBELTARLA/ACIGOL/DEBI/01May2025/30Minute/Q10/,False
201,BUR-AFY-BAS-YUKARIBELTARLA,ACIGOL,DEBI,01May2025,30Minute,Q100,/BUR-AFY-BAS-YUKARIBELTARLA/ACIGOL/DEBI/01May2025/30Minute/Q100/,False
202,BUR-AFY-BAS-YUKARIBELTARLA,ACIGOL,DEBI,01May2025,30Minute,Q1000,/BUR-AFY-BAS-YUKARIBELTARLA/ACIGOL/DEBI/01May2025/30Minute/Q1000/,False
203,BUR-AFY-BAS-YUKARIBELTARLA,ACIGOL,DEBI,01May2025,30Minute,Q2,/BUR-AFY-BAS-YUKARIBELTARLA/ACIGOL/DEBI/01May2025/30Minute/Q2/,False
204,BUR-AFY-BAS-YUKARIBELTARLA,ACIGOL,DEBI,01May2025,30Minute,Q25,/BUR-AFY-BAS-YUKARIBELTARLA/ACIGOL/DEBI/01May2025/30Minute/Q25/,False
205,BUR-AFY-BAS-YUKARIBELTARLA,ACIGOL,DEBI,01May2025,30Minute,Q5,/BUR-AFY-BAS-YUKARIBELTARLA/ACIGOL/DEBI/01May2025/30Minute/Q5/,False
206,BUR-AFY-BAS-YUKARIBELTARLA,ACIGOL,DEBI,01May2025,30Minute,Q50,/BUR-AFY-BAS-YUKARIBELTARLA/ACIGOL/DEBI/01May2025/30Minute/Q50/,False
207,BUR-AFY-BAS-YUKARIBELTARLA,ACIGOL,DEBI,01May2025,30Minute,Q500,/BUR-AFY-BAS-YUKARIBELTARLA/ACIGOL/DEBI/01May2025/30Minute/Q500/,False
208,BUR-AFY-DAZ-AKARCA1,ACIGOL,DEBI,01May2025,30Minute,Q10,/BUR-AFY-DAZ-AKARCA1/ACIGOL/DEBI/01May2025/30Minute/Q10/,False
209,BUR-AFY-DAZ-AKARCA1,ACIGOL,DEBI,01May2025,30Minute,Q100,/BUR-AFY-DAZ-AKARCA1/ACIGOL/DEBI/01May2025/30Minute/Q100/,False
210,BUR-AFY-DAZ-AKARCA1,ACIGOL,DEBI,01May2025,30Minute,Q1000,/BUR-AFY-DAZ-AKARCA1/ACIGOL/DEBI/01May2025/30Minute/Q1000/,False
211,BUR-AFY-DAZ-AKARCA1,ACIGOL,DEBI,01May2025,30Minute,Q2,/BUR-AFY-DAZ-AKARCA1/ACIGOL/DEBI/01May2025/30Minute/Q2/,False
212,BUR-AFY-DAZ-AKARCA1,ACIGOL,DEBI,01May2025,30Minute,Q25,/BUR-AFY-DAZ-AKARCA1/ACIGOL/DEBI/01May2025/30Minute/Q25/,False
213,BUR-AFY-DAZ-AKARCA1,ACIGOL,DEBI,01May2025,30Minute,Q5,/BUR-AFY-DAZ-AKARCA1/ACIGOL/DEBI/01May2025/30Minute/Q5/,False
214,BUR-AFY-DAZ-AKARCA1,ACIGOL,DEBI,01May2025,30Minute,Q50,/BUR-AFY-DAZ-AKARCA1/ACIGOL/DEBI/01May2025/30Minute/Q50/,False
215,BUR-AFY-DAZ-AKARCA1,ACIGOL,DEBI,01May2025,30Minute,Q500,/BUR-AFY-DAZ-AKARCA1/ACIGOL/DEBI/01May2025/30Minute/Q500/,False
216,BUR-AFY-DAZ-AKARCA2,ACIGOL,DEBI,01May2025,30Minute,Q10,/BUR-AFY-DAZ-AKARCA2/ACIGOL/DEBI/01May2025/30Minute/Q10/,False
217,BUR-AFY-DAZ-AKARCA2,ACIGOL,DEBI,01May2025,30Minute,Q100,/BUR-AFY-DAZ-AKARCA2/ACIGOL/DEBI/01May2025/30Minute/Q100/,False
218,BUR-AFY-DAZ-AKARCA2,ACIGOL,DEBI,01May2025,30Minute,Q1000,/BUR-AFY-DAZ-AKARCA2/ACIGOL/DEBI/01May2025/30Minute/Q1000/,False
219,BUR-AFY-DAZ-AKARCA2,ACIGOL,DEBI,01May2025,30Minute,Q2,/BUR-AFY-DAZ-AKARCA2/ACIGOL/DEBI/01May2025/30Minute/Q2/,False
220,BUR-AFY-DAZ-AKARCA2,ACIGOL,DEBI,01May2025,30Minute,Q25,/BUR-AFY-DAZ-AKARCA2/ACIGOL/DEBI/01May2025/30Minute/Q25/,False
221,BUR-AFY-DAZ-AKARCA2,ACIGOL,DEBI,01May2025,30Minute,Q5,/BUR-AFY-DAZ-AKARCA2/ACIGOL/DEBI/01May2025/30Minute/Q5/,False
222,BUR-AFY-DAZ-AKARCA2,ACIGOL,DEBI,01May2025,30Minute,Q50,/BUR-AFY-DAZ-AKARCA2/ACIGOL/DEBI/01May2025/30Minute/Q50/,False
223,BUR-AFY-DAZ-AKARCA2,ACIGOL,DEBI,01May2025,30Minute,Q500,/BUR-AFY-DAZ-AKARCA2/ACIGOL/DEBI/01May2025/30Minute/Q500/,False
224,BUR-AFY-DAZ-ARIKOY,ACIGOL,DEBI,01May2025,30Minute,Q10,/BUR-AFY-DAZ-ARIKOY/ACIGOL/DEBI/01May2025/30Minute/Q10/,False
225,BUR-AFY-DAZ-ARIKOY,ACIGOL,DEBI,01May2025,30Minute,Q100,/BUR-AFY-DAZ-ARIKOY/ACIGOL/DEBI/01May2025/30Minute/Q100/,False
226,BUR-AFY-DAZ-ARIKOY,ACIGOL,DEBI,01May2025,30Minute,Q1000,/BUR-AFY-DAZ-ARIKOY/ACIGOL/DEBI/01May2025/30Minute/Q1000/,False
227,BUR-AFY-DAZ-ARIKOY,ACIGOL,DEBI,01May2025,30Minute,Q2,/BUR-AFY-DAZ-ARIKOY/ACIGOL/DEBI/01May2025/30Minute/Q2/,False
228,BUR-AFY-DAZ-ARIKOY,ACIGOL,DEBI,01May2025,30Minute,Q25,/BUR-AFY-DAZ-ARIKOY/ACIGOL/DEBI/01May2025/30Minute/Q25/,False
229,BUR-AFY-DAZ-ARIKOY,ACIGOL,DEBI,01May2025,30Minute,Q5,/BUR-AFY-DAZ-ARIKOY/ACIGOL/DEBI/01May2025/30Minute/Q5/,False
230,BUR-AFY-DAZ-ARIKOY,ACIGOL,DEBI,01May2025,30Minute,Q50,/BUR-AFY-DAZ-ARIKOY/ACIGOL/DEBI/01May2025/30Minute/Q50/,False
231,BUR-AFY-DAZ-ARIKOY,ACIGOL,DEBI,01May2025,30Minute,Q500,/BUR-AFY-DAZ-ARIKOY/ACIGOL/DEBI/01May2025/30Minute/Q500/,False
232,BUR-AFY-DAZ-ASAGIYENICE1,ACIGOL,DEBI,02May2025,5Minute,Q10,/BUR-AFY-DAZ-ASAGIYENICE1/ACIGOL/DEBI/02May2025/5Minute/Q10/,False
233,BUR-AFY-DAZ-ASAGIYENICE1,ACIGOL,DEBI,02May2025,5Minute,Q100,/BUR-AFY-DAZ-ASAGIYENICE1/ACIGOL/DEBI/02May2025/5Minute/Q100/,False
234,BUR-AFY-DAZ-ASAGIYENICE1,ACIGOL,DEBI,02May2025,5Minute,Q1000,/BUR-AFY-DAZ-ASAGIYENICE1/ACIGOL/DEBI/02May2025/5Minute/Q1000/,False
235,BUR-AFY-DAZ-ASAGIYENICE1,ACIGOL,DEBI,02May2025,5Minute,Q2,/BUR-AFY-DAZ-ASAGIYENICE1/ACIGOL/DEBI/02May2025/5Minute/Q2/,False
236,BUR-AFY-DAZ-ASAGIYENICE1,ACIGOL,DEBI,02May2025,5Minute,Q25,/BUR-AFY-DAZ-ASAGIYENICE1/ACIGOL/DEBI/02May2025/5Minute/Q25/,False
237,BUR-AFY-DAZ-ASAGIYENICE1,ACIGOL,DEBI,02May2025,5Minute,Q5,/BUR-AFY-DAZ-ASAGIYENICE1/ACIGOL/DEBI/02May2025/5Minute/Q5/,False
238,BUR-AFY-DAZ-ASAGIYENICE1,ACIGOL,DEBI,02May2025,5Minute,Q50,/BUR-AFY-DAZ-ASAGIYENICE1/ACIGOL/DEBI/02May2025/5Minute/Q50/,False
239,BUR-AFY-DAZ-ASAGIYENICE1,ACIGOL,DEBI,02May2025,5Minute,Q500,/BUR-AFY-DAZ-ASAGIYENICE1/ACIGOL/DEBI/02May2025/5Minute/Q500/,False
240,BUR-AFY-DAZ-ASAGIYENICE2,ACIGOL,DEBI,02May2025,5Minute,Q10,/BUR-AFY-DAZ-ASAGIYENICE2/ACIGOL/DEBI/02May2025/5Minute/Q10/,False
241,BUR-AFY-DAZ-ASAGIYENICE2,ACIGOL,DEBI,02May2025,5Minute,Q100,/BUR-AFY-DAZ-ASAGIYENICE2/ACIGOL/DEBI/02May2025/5Minute/Q100/,False
242,BUR-AFY-DAZ-ASAGIYENICE2,ACIGOL,DEBI,02May2025,5Minute,Q1000,/BUR-AFY-DAZ-ASAGIYENICE2/ACIGOL/DEBI/02May2025/5Minute/Q1000/,False
243,BUR-AFY-DAZ-ASAGIYENICE2,ACIGOL,DEBI,02May2025,5Minute,Q2,/BUR-AFY-DAZ-ASAGIYENICE2/ACIGOL/DEBI/02May2025/5Minute/Q2/,False
244,BUR-AFY-DAZ-ASAGIYENICE2,ACIGOL,DEBI,02May2025,5Minute,Q25,/BUR-AFY-DAZ-ASAGIYENICE2/ACIGOL/DEBI/02May2025/5Minute/Q25/,False
245,BUR-AFY-DAZ-ASAGIYENICE2,ACIGOL,DEBI,02May2025,5Minute,Q5,/BUR-AFY-DAZ-ASAGIYENICE2/ACIGOL/DEBI/02May2025/5Minute/Q5/,False
246,BUR-AFY-DAZ-ASAGIYENICE2,ACIGOL,DEBI,02May2025,5Minute,Q50,/BUR-AFY-DAZ-ASAGIYENICE2/ACIGOL/DEBI/02May2025/5Minute/Q50/,False
247,BUR-AFY-DAZ-ASAGIYENICE2,ACIGOL,DEBI,02May2025,5Minute,Q500,/BUR-AFY-DAZ-ASAGIYENICE2/ACIGOL/DEBI/02May2025/5Minute/Q500/,False
248,BUR-AFY-DAZ-BOZAN,ACIGOL,DEBI,01May2025,30Minute,Q10,/BUR-AFY-DAZ-BOZAN/ACIGOL/DEBI/01May2025/30Minute/Q10/,False
249,BUR-AFY-DAZ-BOZAN,ACIGOL,DEBI,01May2025,30Minute,Q100,/BUR-AFY-DAZ-BOZAN/ACIGOL/DEBI/01May2025/30Minute/Q100/,False
250,BUR-AFY-DAZ-BOZAN,ACIGOL,DEBI,01May2025,30Minute,Q1000,/BUR-AFY-DAZ-BOZAN/ACIGOL/DEBI/01May2025/30Minute/Q1000/,False
251,BUR-AFY-DAZ-BOZAN,ACIGOL,DEBI,01May2025,30Minute,Q2,/BUR-AFY-DAZ-BOZAN/ACIGOL/DEBI/01May2025/30Minute/Q2/,False
252,BUR-AFY-DAZ-BOZAN,ACIGOL,DEBI,01May2025,30Minute,Q25,/BUR-AFY-DAZ-BOZAN/ACIGOL/DEBI/01May2025/30Minute/Q25/,False
253,BUR-AFY-DAZ-BOZAN,ACIGOL,DEBI,01May2025,30Minute,Q5,/BUR-AFY-DAZ-BOZAN/ACIGOL/DEBI/01May2025/30Minute/Q5/,False
254,BUR-AFY-DAZ-BOZAN,ACIGOL,DEBI,01May2025,30Minute,Q50,/BUR-AFY-DAZ-BOZAN/ACIGOL/DEBI/01May2025/30Minute/Q50/,False
255,BUR-AFY-DAZ-BOZAN,ACIGOL,DEBI,01May2025,30Minute,Q500,/BUR-AFY-DAZ-BOZAN/ACIGOL/DEBI/01May2025/30Minute/Q500/,False
256,BUR-AFY-DAZ-CIFTLIK,ACIGOL,DEBI,01May2025,30Minute,Q10,/BUR-AFY-DAZ-CIFTLIK/ACIGOL/DEBI/01May2025/30Minute/Q10/,False
257,BUR-AFY-DAZ-CIFTLIK,ACIGOL,DEBI,01May2025,30Minute,Q100,/BUR-AFY-DAZ-CIFTLIK/ACIGOL/DEBI/01May2025/30Minute/Q100/,False
258,BUR-AFY-DAZ-CIFTLIK,ACIGOL,DEBI,01May2025,30Minute,Q1000,/BUR-AFY-DAZ-CIFTLIK/ACIGOL/DEBI/01May2025/30Minute/Q1000/,False
259,BUR-AFY-DAZ-CIFTLIK,ACIGOL,DEBI,01May2025,30Minute,Q2,/BUR-AFY-DAZ-CIFTLIK/ACIGOL/DEBI/01May2025/30Minute/Q2/,False
260,BUR-AFY-DAZ-CIFTLIK,ACIGOL,DEBI,01May2025,30Minute,Q25,/BUR-AFY-DAZ-CIFTLIK/ACIGOL/DEBI/01May2025/30Minute/Q25/,False
261,BUR-AFY-DAZ-CIFTLIK,ACIGOL,DEBI,01May2025,30Minute,Q5,/BUR-AFY-DAZ-CIFTLIK/ACIGOL/DEBI/01May2025/30Minute/Q5/,False
262,BUR-AFY-DAZ-CIFTLIK,ACIGOL,DEBI,01May2025,30Minute,Q50,/BUR-AFY-DAZ-CIFTLIK/ACIGOL/DEBI/01May2025/30Minute/Q50/,False
263,BUR-AFY-DAZ-CIFTLIK,ACIGOL,DEBI,01May2025,30Minute,Q500,/BUR-AFY-DAZ-CIFTLIK/ACIGOL/DEBI/01May2025/30Minute/Q500/,False
264,BUR-AFY-DAZ-CIFTLIK-T,ACIGOL,DEBI,01May2025,30Minute,Q10,/BUR-AFY-DAZ-CIFTLIK-T/ACIGOL/DEBI/01May2025/30Minute/Q10/,False
265,BUR-AFY-DAZ-CIFTLIK-T,ACIGOL,DEBI,01May2025,30Minute,Q100,/BUR-AFY-DAZ-CIFTLIK-T/ACIGOL/DEBI/01May2025/30Minute/Q100/,False
266,BUR-AFY-DAZ-CIFTLIK-T,ACIGOL,DEBI,01May2025,30Minute,Q1000,/BUR-AFY-DAZ-CIFTLIK-T/ACIGOL/DEBI/01May2025/30Minute/Q1000/,False
267,BUR-AFY-DAZ-CIFTLIK-T,ACIGOL,DEBI,01May2025,30Minute,Q2,/BUR-AFY-DAZ-CIFTLIK-T/ACIGOL/DEBI/01May2025/30Minute/Q2/,False
268,BUR-AFY-DAZ-CIFTLIK-T,ACIGOL,DEBI,01May2025,30Minute,Q25,/BUR-AFY-DAZ-CIFTLIK-T/ACIGOL/DEBI/01May2025/30Minute/Q25/,False
269,BUR-AFY-DAZ-CIFTLIK-T,ACIGOL,DEBI,01May2025,30Minute,Q5,/BUR-AFY-DAZ-CIFTLIK-T/ACIGOL/DEBI/01May2025/30Minute/Q5/,False
270,BUR-AFY-DAZ-CIFTLIK-T,ACIGOL,DEBI,01May2025,30Minute,Q50,/BUR-AFY-DAZ-CIFTLIK-T/ACIGOL/DEBI/01May2025/30Minute/Q50/,False
271,BUR-AFY-DAZ-CIFTLIK-T,ACIGOL,DEBI,01May2025,30Minute,Q500,/BUR-AFY-DAZ-CIFTLIK-T/ACIGOL/DEBI/01May2025/30Minute/Q500/,False
272,BUR-AFY-DAZ-DARICILAR,ACIGOL,DEBI,01May2025,30Minute,Q10,/BUR-AFY-DAZ-DARICILAR/ACIGOL/DEBI/01May2025/30Minute/Q10/,False
273,BUR-AFY-DAZ-DARICILAR,ACIGOL,DEBI,01May2025,30Minute,Q100,/BUR-AFY-DAZ-DARICILAR/ACIGOL/DEBI/01May2025/30Minute/Q100/,False
274,BUR-AFY-DAZ-DARICILAR,ACIGOL,DEBI,01May2025,30Minute,Q1000,/BUR-AFY-DAZ-DARICILAR/ACIGOL/DEBI/01May2025/30Minute/Q1000/,False
275,BUR-AFY-DAZ-DARICILAR,ACIGOL,DEBI,01May2025,30Minute,Q2,/BUR-AFY-DAZ-DARICILAR/ACIGOL/DEBI/01May2025/30Minute/Q2/,False
276,BUR-AFY-DAZ-DARICILAR,ACIGOL,DEBI,01May2025,30Minute,Q25,/BUR-AFY-DAZ-DARICILAR/ACIGOL/DEBI/01May2025/30Minute/Q25/,False
277,BUR-AFY-DAZ-DARICILAR,ACIGOL,DEBI,01May2025,30Minute,Q5,/BUR-AFY-DAZ-DARICILAR/ACIGOL/DEBI/01May2025/30Minute/Q5/,False
278,BUR-AFY-DAZ-DARICILAR,ACIGOL,DEBI,01May2025,30Minute,Q50,/BUR-AFY-DAZ-DARICILAR/ACIGOL/DEBI/01May2025/30Minute/Q50/,False
279,BUR-AFY-DAZ-DARICILAR,ACIGOL,DEBI,01May2025,30Minute,Q500,/BUR-AFY-DAZ-DARICILAR/ACIGOL/DEBI/01May2025/30Minute/Q500/,False
280,BUR-AFY-DAZ-DARILICILAR-T,ACIGOL,DEBI,01May2025,30Minute,Q10,/BUR-AFY-DAZ-DARILICILAR-T/ACIGOL/DEBI/01May2025/30Minute/Q10/,False
281,BUR-AFY-DAZ-DARILICILAR-T,ACIGOL,DEBI,01May2025,30Minute,Q100,/BUR-AFY-DAZ-DARILICILAR-T/ACIGOL/DEBI/01May2025/30Minute/Q100/,False
282,BUR-AFY-DAZ-DARILICILAR-T,ACIGOL,DEBI,01May2025,30Minute,Q1000,/BUR-AFY-DAZ-DARILICILAR-T/ACIGOL/DEBI/01May2025/30Minute/Q1000/,False
283,BUR-AFY-DAZ-DARILICILAR-T,ACIGOL,DEBI,01May2025,30Minute,Q2,/BUR-AFY-DAZ-DARILICILAR-T/ACIGOL/DEBI/01May2025/30Minute/Q2/,False
284,BUR-AFY-DAZ-DARILICILAR-T,ACIGOL,DEBI,01May2025,30Minute,Q25,/BUR-AFY-DAZ-DARILICILAR-T/ACIGOL/DEBI/01May2025/30Minute/Q25/,False
285,BUR-AFY-DAZ-DARILICILAR-T,ACIGOL,DEBI,01May2025,30Minute,Q5,/BUR-AFY-DAZ-DARILICILAR-T/ACIGOL/DEBI/01May2025/30Minute/Q5/,False
286,BUR-AFY-DAZ-DARILICILAR-T,ACIGOL,DEBI,01May2025,30Minute,Q50,/BUR-AFY-DAZ-DARILICILAR-T/ACIGOL/DEBI/01May2025/30Minute/Q50/,False
287,BUR-AFY-DAZ-DARILICILAR-T,ACIGOL,DEBI,01May2025,30Minute,Q500,/BUR-AFY-DAZ-DARILICILAR-T/ACIGOL/DEBI/01May2025/30Minute/Q500/,False
288,BUR-AFY-DAZ-DAZKIRI1,ACIGOL,DEBI,01May2025,30Minute,Q10,/BUR-AFY-DAZ-DAZKIRI1/ACIGOL/DEBI/01May2025/30Minute/Q10/,False
289,BUR-AFY-DAZ-DAZKIRI1,ACIGOL,DEBI,01May2025,30Minute,Q100,/BUR-AFY-DAZ-DAZKIRI1/ACIGOL/DEBI/01May2025/30Minute/Q100/,False
290,BUR-AFY-DAZ-DAZKIRI1,ACIGOL,DEBI,01May2025,30Minute,Q1000,/BUR-AFY-DAZ-DAZKIRI1/ACIGOL/DEBI/01May2025/30Minute/Q1000/,False
291,BUR-AFY-DAZ-DAZKIRI1,ACIGOL,DEBI,01May2025,30Minute,Q2,/BUR-AFY-DAZ-DAZKIRI1/ACIGOL/DEBI/01May2025/30Minute/Q2/,False
292,BUR-AFY-DAZ-DAZKIRI1,ACIGOL,DEBI,01May2025,30Minute,Q25,/BUR-AFY-DAZ-DAZKIRI1/ACIGOL/DEBI/01May2025/30Minute/Q25/,False
293,BUR-AFY-DAZ-DAZKIRI1,ACIGOL,DEBI,01May2025,30Minute,Q5,/BUR-AFY-DAZ-DAZKIRI1/ACIGOL/DEBI/01May2025/30Minute/Q5/,False
294,BUR-AFY-DAZ-DAZKIRI1,ACIGOL,DEBI,01May2025,30Minute,Q50,/BUR-AFY-DAZ-DAZKIRI1/ACIGOL/DEBI/01May2025/30Minute/Q50/,False
295,BUR-AFY-DAZ-DAZKIRI1,ACIGOL,DEBI,01May2025,30Minute,Q500,/BUR-AFY-DAZ-DAZKIRI1/ACIGOL/DEBI/01May2025/30Minute/Q500/,False
296,BUR-AFY-DAZ-DAZKIRI2,ACIGOL,DEBI,01May2025,30Minute,Q10,/BUR-AFY-DAZ-DAZKIRI2/ACIGOL/DEBI/01May2025/30Minute/Q10/,False
297,BUR-AFY-DAZ-DAZKIRI2,ACIGOL,DEBI,01May2025,30Minute,Q100,/BUR-AFY-DAZ-DAZKIRI2/ACIGOL/DEBI/01May2025/30Minute/Q100/,False
298,BUR-AFY-DAZ-DAZKIRI2,ACIGOL,DEBI,01May2025,30Minute,Q1000,/BUR-AFY-DAZ-DAZKIRI2/ACIGOL/DEBI/01May2025/30Minute/Q1000/,False
299,BUR-AFY-DAZ-DAZKIRI2,ACIGOL,DEBI,01May2025,30Minute,Q2,/BUR-AFY-DAZ-DAZKIRI2/ACIGOL/DEBI/01May2025/30Minute/Q2/,False
300,BUR-AFY-DAZ-DAZKIRI2,ACIGOL,DEBI,01May2025,30Minute,Q25,/BUR-AFY-DAZ-DAZKIRI2/ACIGOL/DEBI/01May2025/30Minute/Q25/,False
301,BUR-AFY-DAZ-DAZKIRI2,ACIGOL,DEBI,01May2025,30Minute,Q5,/BUR-AFY-DAZ-DAZKIRI2/ACIGOL/DEBI/01May2025/30Minute/Q5/,False
302,BUR-AFY-DAZ-DAZKIRI2,ACIGOL,DEBI,01May2025,30Minute,Q50,/BUR-AFY-DAZ-DAZKIRI2/ACIGOL/DEBI/01May2025/30Minute/Q50/,False
303,BUR-AFY-DAZ-DAZKIRI2,ACIGOL,DEBI,01May2025,30Minute,Q500,/BUR-AFY-DAZ-DAZKIRI2/ACIGOL/DEBI/01May2025/30Minute/Q500/,False
304,BUR-AFY-DAZ-DAZKIRI-T,ACIGOL,DEBI,01May2025,30Minute,Q10,/BUR-AFY-DAZ-DAZKIRI-T/ACIGOL/DEBI/01May2025/30Minute/Q10/,False
305,BUR-AFY-DAZ-DAZKIRI-T,ACIGOL,DEBI,01May2025,30Minute,Q100,/BUR-AFY-DAZ-DAZKIRI-T/ACIGOL/DEBI/01May2025/30Minute/Q100/,False
306,BUR-AFY-DAZ-DAZKIRI-T,ACIGOL,DEBI,01May2025,30Minute,Q1000,/BUR-AFY-DAZ-DAZKIRI-T/ACIGOL/DEBI/01May2025/30Minute/Q1000/,False
307,BUR-AFY-DAZ-DAZKIRI-T,ACIGOL,DEBI,01May2025,30Minute,Q2,/BUR-AFY-DAZ-DAZKIRI-T/ACIGOL/DEBI/01May2025/30Minute/Q2/,False
308,BUR-AFY-DAZ-DAZKIRI-T,ACIGOL,DEBI,01May2025,30Minute,Q25,/BUR-AFY-DAZ-DAZKIRI-T/ACIGOL/DEBI/01May2025/30Minute/Q25/,False
309,BUR-AFY-DAZ-DAZKIRI-T,ACIGOL,DEBI,01May2025,30Minute,Q5,/BUR-AFY-DAZ-DAZKIRI-T/ACIGOL/DEBI/01May2025/30Minute/Q5/,False
310,BUR-AFY-DAZ-DAZKIRI-T,ACIGOL,DEBI,01May2025,30Minute,Q50,/BUR-AFY-DAZ-DAZKIRI-T/ACIGOL/DEBI/01May2025/30Minute/Q50/,False
311,BUR-AFY-DAZ-DAZKIRI-T,ACIGOL,DEBI,01May2025,30Minute,Q500,/BUR-AFY-DAZ-DAZKIRI-T/ACIGOL/DEBI/01May2025/30Minute/Q500/,False
312,BUR-AFY-DAZ-HASANDEDE1,ACIGOL,DEBI,01May2025,30Minute,Q10,/BUR-AFY-DAZ-HASANDEDE1/ACIGOL/DEBI/01May2025/30Minute/Q10/,False
313,BUR-AFY-DAZ-HASANDEDE1,ACIGOL,DEBI,01May2025,30Minute,Q100,/BUR-AFY-DAZ-HASANDEDE1/ACIGOL/DEBI/01May2025/30Minute/Q100/,False
314,BUR-AFY-DAZ-HASANDEDE1,ACIGOL,DEBI,01May2025,30Minute,Q1000,/BUR-AFY-DAZ-HASANDEDE1/ACIGOL/DEBI/01May2025/30Minute/Q1000/,False
315,BUR-AFY-DAZ-HASANDEDE1,ACIGOL,DEBI,01May2025,30Minute,Q2,/BUR-AFY-DAZ-HASANDEDE1/ACIGOL/DEBI/01May2025/30Minute/Q2/,False
316,BUR-AFY-DAZ-HASANDEDE1,ACIGOL,DEBI,01May2025,30Minute,Q25,/BUR-AFY-DAZ-HASANDEDE1/ACIGOL/DEBI/01May2025/30Minute/Q25/,False
317,BUR-AFY-DAZ-HASANDEDE1,ACIGOL,DEBI,01May2025,30Minute,Q5,/BUR-AFY-DAZ-HASANDEDE1/ACIGOL/DEBI/01May2025/30Minute/Q5/,False
318,BUR-AFY-DAZ-HASANDEDE1,ACIGOL,DEBI,01May2025,30Minute,Q50,/BUR-AFY-DAZ-HASANDEDE1/ACIGOL/DEBI/01May2025/30Minute/Q50/,False
319,BUR-AFY-DAZ-HASANDEDE1,ACIGOL,DEBI,01May2025,30Minute,Q500,/BUR-AFY-DAZ-HASANDEDE1/ACIGOL/DEBI/01May2025/30Minute/Q500/,False
320,BUR-AFY-DAZ-HASANDEDE2,ACIGOL,DEBI,01May2025,30Minute,Q10,/BUR-AFY-DAZ-HASANDEDE2/ACIGOL/DEBI/01May2025/30Minute/Q10/,False
321,BUR-AFY-DAZ-HASANDEDE2,ACIGOL,DEBI,01May2025,30Minute,Q100,/BUR-AFY-DAZ-HASANDEDE2/ACIGOL/DEBI/01May2025/30Minute/Q100/,False
322,BUR-AFY-DAZ-HASANDEDE2,ACIGOL,DEBI,01May2025,30Minute,Q1000,/BUR-AFY-DAZ-HASANDEDE2/ACIGOL/DEBI/01May2025/30Minute/Q1000/,False
323,BUR-AFY-DAZ-HASANDEDE2,ACIGOL,DEBI,01May2025,30Minute,Q2,/BUR-AFY-DAZ-HASANDEDE2/ACIGOL/DEBI/01May2025/30Minute/Q2/,False
324,BUR-AFY-DAZ-HASANDEDE2,ACIGOL,DEBI,01May2025,30Minute,Q25,/BUR-AFY-DAZ-HASANDEDE2/ACIGOL/DEBI/01May2025/30Minute/Q25/,False
325,BUR-AFY-DAZ-HASANDEDE2,ACIGOL,DEBI,01May2025,30Minute,Q5,/BUR-AFY-DAZ-HASANDEDE2/ACIGOL/DEBI/01May2025/30Minute/Q5/,False
326,BUR-AFY-DAZ-HASANDEDE2,ACIGOL,DEBI,01May2025,30Minute,Q50,/BUR-AFY-DAZ-HASANDEDE2/ACIGOL/DEBI/01May2025/30Minute/Q50/,False
327,BUR-AFY-DAZ-HASANDEDE2,ACIGOL,DEBI,01May2025,30Minute,Q500,/BUR-AFY-DAZ-HASANDEDE2/ACIGOL/DEBI/01May2025/30Minute/Q500/,False
328,BUR-AFY-DAZ-HISARALANI1,ACIGOL,DEBI,01May2025,30Minute,Q10,/BUR-AFY-DAZ-HISARALANI1/ACIGOL/DEBI/01May2025/30Minute/Q10/,False
329,BUR-AFY-DAZ-HISARALANI1,ACIGOL,DEBI,01May2025,30Minute,Q100,/BUR-AFY-DAZ-HISARALANI1/ACIGOL/DEBI/01May2025/30Minute/Q100/,False
330,BUR-AFY-DAZ-HISARALANI1,ACIGOL,DEBI,01May2025,30Minute,Q1000,/BUR-AFY-DAZ-HISARALANI1/ACIGOL/DEBI/01May2025/30Minute/Q1000/,False
331,BUR-AFY-DAZ-HISARALANI1,ACIGOL,DEBI,01May2025,30Minute,Q2,/BUR-AFY-DAZ-HISARALANI1/ACIGOL/DEBI/01May2025/30Minute/Q2/,False
332,BUR-AFY-DAZ-HISARALANI1,ACIGOL,DEBI,01May2025,30Minute,Q25,/BUR-AFY-DAZ-HISARALANI1/ACIGOL/DEBI/01May2025/30Minute/Q25/,False
333,BUR-AFY-DAZ-HISARALANI1,ACIGOL,DEBI,01May2025,30Minute,Q5,/BUR-AFY-DAZ-HISARALANI1/ACIGOL/DEBI/01May2025/30Minute/Q5/,False
334,BUR-AFY-DAZ-HISARALANI1,ACIGOL,DEBI,01May2025,30Minute,Q50,/BUR-AFY-DAZ-HISARALANI1/ACIGOL/DEBI/01May2025/30Minute/Q50/,False
335,BUR-AFY-DAZ-HISARALANI1,ACIGOL,DEBI,01May2025,30Minute,Q500,/BUR-AFY-DAZ-HISARALANI1/ACIGOL/DEBI/01May2025/30Minute/Q500/,False
336,BUR-AFY-DAZ-HISARALANI2,ACIGOL,DEBI,01May2025,30Minute,Q10,/BUR-AFY-DAZ-HISARALANI2/ACIGOL/DEBI/01May2025/30Minute/Q10/,False
337,BUR-AFY-DAZ-HISARALANI2,ACIGOL,DEBI,01May2025,30Minute,Q100,/BUR-AFY-DAZ-HISARALANI2/ACIGOL/DEBI/01May2025/30Minute/Q100/,False
338,BUR-AFY-DAZ-HISARALANI2,ACIGOL,DEBI,01May2025,30Minute,Q1000,/BUR-AFY-DAZ-HISARALANI2/ACIGOL/DEBI/01May2025/30Minute/Q1000/,False
339,BUR-AFY-DAZ-HISARALANI2,ACIGOL,DEBI,01May2025,30Minute,Q2,/BUR-AFY-DAZ-HISARALANI2/ACIGOL/DEBI/01May2025/30Minute/Q2/,False
340,BUR-AFY-DAZ-HISARALANI2,ACIGOL,DEBI,01May2025,30Minute,Q25,/BUR-AFY-DAZ-HISARALANI2/ACIGOL/DEBI/01May2025/30Minute/Q25/,False
341,BUR-AFY-DAZ-HISARALANI2,ACIGOL,DEBI,01May2025,30Minute,Q5,/BUR-AFY-DAZ-HISARALANI2/ACIGOL/DEBI/01May2025/30Minute/Q5/,False
342,BUR-AFY-DAZ-HISARALANI2,ACIGOL,DEBI,01May2025,30Minute,Q50,/BUR-AFY-DAZ-HISARALANI2/ACIGOL/DEBI/01May2025/30Minute/Q50/,False
343,BUR-AFY-DAZ-HISARALANI2,ACIGOL,DEBI,01May2025,30Minute,Q500,/BUR-AFY-DAZ-HISARALANI2/ACIGOL/DEBI/01May2025/30Minute/Q500/,False
344,BUR-AFY-DAZ-HISARALANI3,ACIGOL,DEBI,01May2025,30Minute,Q10,/BUR-AFY-DAZ-HISARALANI3/ACIGOL/DEBI/01May2025/30Minute/Q10/,False
345,BUR-AFY-DAZ-HISARALANI3,ACIGOL,DEBI,01May2025,30Minute,Q100,/BUR-AFY-DAZ-HISARALANI3/ACIGOL/DEBI/01May2025/30Minute/Q100/,False
346,BUR-AFY-DAZ-HISARALANI3,ACIGOL,DEBI,01May2025,30Minute,Q1000,/BUR-AFY-DAZ-HISARALANI3/ACIGOL/DEBI/01May2025/30Minute/Q1000/,False
347,BUR-AFY-DAZ-HISARALANI3,ACIGOL,DEBI,01May2025,30Minute,Q2,/BUR-AFY-DAZ-HISARALANI3/ACIGOL/DEBI/01May2025/30Minute/Q2/,False
348,BUR-AFY-DAZ-HISARALANI3,ACIGOL,DEBI,01May2025,30Minute,Q25,/BUR-AFY-DAZ-HISARALANI3/ACIGOL/DEBI/01May2025/30Minute/Q25/,False
349,BUR-AFY-DAZ-HISARALANI3,ACIGOL,DEBI,01May2025,30Minute,Q5,/BUR-AFY-DAZ-HISARALANI3/ACIGOL/DEBI/01May2025/30Minute/Q5/,False
350,BUR-AFY-DAZ-HISARALANI3,ACIGOL,DEBI,01May2025,30Minute,Q50,/BUR-AFY-DAZ-HISARALANI3/ACIGOL/DEBI/01May2025/30Minute/Q50/,False
351,BUR-AFY-DAZ-HISARALANI3,ACIGOL,DEBI,01May2025,30Minute,Q500,/BUR-AFY-DAZ-HISARALANI3/ACIGOL/DEBI/01May2025/30Minute/Q500/,False
352,BUR-AFY-DAZ-HISARALANI4,ACIGOL,DEBI,01May2025,30Minute,Q10,/BUR-AFY-DAZ-HISARALANI4/ACIGOL/DEBI/01May2025/30Minute/Q10/,False
353,BUR-AFY-DAZ-HISARALANI4,ACIGOL,DEBI,01May2025,30Minute,Q100,/BUR-AFY-DAZ-HISARALANI4/ACIGOL/DEBI/01May2025/30Minute/Q100/,False
354,BUR-AFY-DAZ-HISARALANI4,ACIGOL,DEBI,01May2025,30Minute,Q1000,/BUR-AFY-DAZ-HISARALANI4/ACIGOL/DEBI/01May2025/30Minute/Q1000/,False
355,BUR-AFY-DAZ-HISARALANI4,ACIGOL,DEBI,01May2025,30Minute,Q2,/BUR-AFY-DAZ-HISARALANI4/ACIGOL/DEBI/01May2025/30Minute/Q2/,False
356,BUR-AFY-DAZ-HISARALANI4,ACIGOL,DEBI,01May2025,30Minute,Q25,/BUR-AFY-DAZ-HISARALANI4/ACIGOL/DEBI/01May2025/30Minute/Q25/,False
357,BUR-AFY-DAZ-HISARALANI4,ACIGOL,DEBI,01May2025,30Minute,Q5,/BUR-AFY-DAZ-HISARALANI4/ACIGOL/DEBI/01May2025/30Minute/Q5/,False
358,BUR-AFY-DAZ-HISARALANI4,ACIGOL,DEBI,01May2025,30Minute,Q50,/BUR-AFY-DAZ-HISARALANI4/ACIGOL/DEBI/01May2025/30Minute/Q50/,False
359,BUR-AFY-DAZ-HISARALANI4,ACIGOL,DEBI,01May2025,30Minute,Q500,/BUR-AFY-DAZ-HISARALANI4/ACIGOL/DEBI/01May2025/30Minute/Q500/,False
360,BUR-AFY-DAZ-IDRIS,ACIGOL,DEBI,02May2025,5Minute,Q10,/BUR-AFY-DAZ-IDRIS/ACIGOL/DEBI/02May2025/5Minute/Q10/,False
361,BUR-AFY-DAZ-IDRIS,ACIGOL,DEBI,02May2025,5Minute,Q100,/BUR-AFY-DAZ-IDRIS/ACIGOL/DEBI/02May2025/5Minute/Q100/,False
362,BUR-AFY-DAZ-IDRIS,ACIGOL,DEBI,02May2025,5Minute,Q1000,/BUR-AFY-DAZ-IDRIS/ACIGOL/DEBI/02May2025/5Minute/Q1000/,False
363,BUR-AFY-DAZ-IDRIS,ACIGOL,DEBI,02May2025,5Minute,Q2,/BUR-AFY-DAZ-IDRIS/ACIGOL/DEBI/02May2025/5Minute/Q2/,False
364,BUR-AFY-DAZ-IDRIS,ACIGOL,DEBI,02May2025,5Minute,Q25,/BUR-AFY-DAZ-IDRIS/ACIGOL/DEBI/02May2025/5Minute/Q25/,False
365,BUR-AFY-DAZ-IDRIS,ACIGOL,DEBI,02May2025,5Minute,Q5,/BUR-AFY-DAZ-IDRIS/ACIGOL/DEBI/02May2025/5Minute/Q5/,False
366,BUR-AFY-DAZ-IDRIS,ACIGOL,DEBI,02May2025,5Minute,Q50,/BUR-AFY-DAZ-IDRIS/ACIGOL/DEBI/02May2025/5Minute/Q50/,False
367,BUR-AFY-DAZ-IDRIS,ACIGOL,DEBI,02May2025,5Minute,Q500,/BUR-AFY-DAZ-IDRIS/ACIGOL/DEBI/02May2025/5Minute/Q500/,False
368,BUR-AFY-DAZ-KARAAGACKUYUSU,ACIGOL,DEBI,01May2025,30Minute,Q10,/BUR-AFY-DAZ-KARAAGACKUYUSU/ACIGOL/DEBI/01May2025/30Minute/Q10/,False
369,BUR-AFY-DAZ-KARAAGACKUYUSU,ACIGOL,DEBI,01May2025,30Minute,Q100,/BUR-AFY-DAZ-KARAAGACKUYUSU/ACIGOL/DEBI/01May2025/30Minute/Q100/,False
370,BUR-AFY-DAZ-KARAAGACKUYUSU,ACIGOL,DEBI,01May2025,30Minute,Q1000,/BUR-AFY-DAZ-KARAAGACKUYUSU/ACIGOL/DEBI/01May2025/30Minute/Q1000/,False
371,BUR-AFY-DAZ-KARAAGACKUYUSU,ACIGOL,DEBI,01May2025,30Minute,Q2,/BUR-AFY-DAZ-KARAAGACKUYUSU/ACIGOL/DEBI/01May2025/30Minute/Q2/,False
372,BUR-AFY-DAZ-KARAAGACKUYUSU,ACIGOL,DEBI,01May2025,30Minute,Q25,/BUR-AFY-DAZ-KARAAGACKUYUSU/ACIGOL/DEBI/01May2025/30Minute/Q25/,False
373,BUR-AFY-DAZ-KARAAGACKUYUSU,ACIGOL,DEBI,01May2025,30Minute,Q5,/BUR-AFY-DAZ-KARAAGACKUYUSU/ACIGOL/DEBI/01May2025/30Minute/Q5/,False
374,BUR-AFY-DAZ-KARAAGACKUYUSU,ACIGOL,DEBI,01May2025,30Minute,Q50,/BUR-AFY-DAZ-KARAAGACKUYUSU/ACIGOL/DEBI/01May2025/30Minute/Q50/,False
375,BUR-AFY-DAZ-KARAAGACKUYUSU,ACIGOL,DEBI,01May2025,30Minute,Q500,/BUR-AFY-DAZ-KARAAGACKUYUSU/ACIGOL/DEBI/01May2025/30Minute/Q500/,False
376,BUR-AFY-DAZ-KIZILOREN,ACIGOL,DEBI,01May2025,30Minute,Q10,/BUR-AFY-DAZ-KIZILOREN/ACIGOL/DEBI/01May2025/30Minute/Q10/,False
377,BUR-AFY-DAZ-KIZILOREN,ACIGOL,DEBI,01May2025,30Minute,Q100,/BUR-AFY-DAZ-KIZILOREN/ACIGOL/DEBI/01May2025/30Minute/Q100/,False
378,BUR-AFY-DAZ-KIZILOREN,ACIGOL,DEBI,01May2025,30Minute,Q1000,/BUR-AFY-DAZ-KIZILOREN/ACIGOL/DEBI/01May2025/30Minute/Q1000/,False
379,BUR-AFY-DAZ-KIZILOREN,ACIGOL,DEBI,01May2025,30Minute,Q2,/BUR-AFY-DAZ-KIZILOREN/ACIGOL/DEBI/01May2025/30Minute/Q2/,False
380,BUR-AFY-DAZ-KIZILOREN,ACIGOL,DEBI,01May2025,30Minute,Q25,/BUR-AFY-DAZ-KIZILOREN/ACIGOL/DEBI/01May2025/30Minute/Q25/,False
381,BUR-AFY-DAZ-KIZILOREN,ACIGOL,DEBI,01May2025,30Minute,Q5,/BUR-AFY-DAZ-KIZILOREN/ACIGOL/DEBI/01May2025/30Minute/Q5/,False
382,BUR-AFY-DAZ-KIZILOREN,ACIGOL,DEBI,01May2025,30Minute,Q50,/BUR-AFY-DAZ-KIZILOREN/ACIGOL/DEBI/01May2025/30Minute/Q50/,False
383,BUR-AFY-DAZ-KIZILOREN,ACIGOL,DEBI,01May2025,30Minute,Q500,/BUR-AFY-DAZ-KIZILOREN/ACIGOL/DEBI/01May2025/30Minute/Q500/,False
384,BUR-AFY-DAZ-KIZILOREN-T1,ACIGOL,DEBI,01May2025,30Minute,Q10,/BUR-AFY-DAZ-KIZILOREN-T1/ACIGOL/DEBI/01May2025/30Minute/Q10/,False
385,BUR-AFY-DAZ-KIZILOREN-T1,ACIGOL,DEBI,01May2025,30Minute,Q100,/BUR-AFY-DAZ-KIZILOREN-T1/ACIGOL/DEBI/01May2025/30Minute/Q100/,False
386,BUR-AFY-DAZ-KIZILOREN-T1,ACIGOL,DEBI,01May2025,30Minute,Q1000,/BUR-AFY-DAZ-KIZILOREN-T1/ACIGOL/DEBI/01May2025/30Minute/Q1000/,False
387,BUR-AFY-DAZ-KIZILOREN-T1,ACIGOL,DEBI,01May2025,30Minute,Q2,/BUR-AFY-DAZ-KIZILOREN-T1/ACIGOL/DEBI/01May2025/30Minute/Q2/,False
388,BUR-AFY-DAZ-KIZILOREN-T1,ACIGOL,DEBI,01May2025,30Minute,Q25,/BUR-AFY-DAZ-KIZILOREN-T1/ACIGOL/DEBI/01May2025/30Minute/Q25/,False
389,BUR-AFY-DAZ-KIZILOREN-T1,ACIGOL,DEBI,01May2025,30Minute,Q5,/BUR-AFY-DAZ-KIZILOREN-T1/ACIGOL/DEBI/01May2025/30Minute/Q5/,False
390,BUR-AFY-DAZ-KIZILOREN-T1,ACIGOL,DEBI,01May2025,30Minute,Q50,/BUR-AFY-DAZ-KIZILOREN-T1/ACIGOL/DEBI/01May2025/30Minute/Q50/,False
391,BUR-AFY-DAZ-KIZILOREN-T1,ACIGOL,DEBI,01May2025,30Minute,Q500,/BUR-AFY-DAZ-KIZILOREN-T1/ACIGOL/DEBI/01May2025/30Minute/Q500/,False
392,BUR-AFY-DAZ-KIZILOREN-T2,ACIGOL,DEBI,01May2025,30Minute,Q10,/BUR-AFY-DAZ-KIZILOREN-T2/ACIGOL/DEBI/01May2025/30Minute/Q10/,False
393,BUR-AFY-DAZ-KIZILOREN-T2,ACIGOL,DEBI,01May2025,30Minute,Q100,/BUR-AFY-DAZ-KIZILOREN-T2/ACIGOL/DEBI/01May2025/30Minute/Q100/,False
394,BUR-AFY-DAZ-KIZILOREN-T2,ACIGOL,DEBI,01May2025,30Minute,Q1000,/BUR-AFY-DAZ-KIZILOREN-T2/ACIGOL/DEBI/01May2025/30Minute/Q1000/,False
395,BUR-AFY-DAZ-KIZILOREN-T2,ACIGOL,DEBI,01May2025,30Minute,Q2,/BUR-AFY-DAZ-KIZILOREN-T2/ACIGOL/DEBI/01May2025/30Minute/Q2/,False
396,BUR-AFY-DAZ-KIZILOREN-T2,ACIGOL,DEBI,01May2025,30Minute,Q25,/BUR-AFY-DAZ-KIZILOREN-T2/ACIGOL/DEBI/01May2025/30Minute/Q25/,False
397,BUR-AFY-DAZ-KIZILOREN-T2,ACIGOL,DEBI,01May2025,30Minute,Q5,/BUR-AFY-DAZ-KIZILOREN-T2/ACIGOL/DEBI/01May2025/30Minute/Q5/,False
398,BUR-AFY-DAZ-KIZILOREN-T2,ACIGOL,DEBI,01May2025,30Minute,Q50,/BUR-AFY-DAZ-KIZILOREN-T2/ACIGOL/DEBI/01May2025/30Minute/Q50/,False
399,BUR-AFY-DAZ-KIZILOREN-T2,ACIGOL,DEBI,01May2025,30Minute,Q500,/BUR-AFY-DAZ-KIZILOREN-T2/ACIGOL/DEBI/01May2025/30Minute/Q500/,False
400,BUR-AFY-DAZ-KIZILOREN-T3,ACIGOL,DEBI,01May2025,30Minute,Q10,/BUR-AFY-DAZ-KIZILOREN-T3/ACIGOL/DEBI/01May2025/30Minute/Q10/,False
401,BUR-AFY-DAZ-KIZILOREN-T3,ACIGOL,DEBI,01May2025,30Minute,Q100,/BUR-AFY-DAZ-KIZILOREN-T3/ACIGOL/DEBI/01May2025/30Minute/Q100/,False
402,BUR-AFY-DAZ-KIZILOREN-T3,ACIGOL,DEBI,01May2025,30Minute,Q1000,/BUR-AFY-DAZ-KIZILOREN-T3/ACIGOL/DEBI/01May2025/30Minute/Q1000/,False
403,BUR-AFY-DAZ-KIZILOREN-T3,ACIGOL,DEBI,01May2025,30Minute,Q2,/BUR-AFY-DAZ-KIZILOREN-T3/ACIGOL/DEBI/01May2025/30Minute/Q2/,False
404,BUR-AFY-DAZ-KIZILOREN-T3,ACIGOL,DEBI,01May2025,30Minute,Q25,/BUR-AFY-DAZ-KIZILOREN-T3/ACIGOL/DEBI/01May2025/30Minute/Q25/,False
405,BUR-AFY-DAZ-KIZILOREN-T3,ACIGOL,DEBI,01May2025,30Minute,Q5,/BUR-AFY-DAZ-KIZILOREN-T3/ACIGOL/DEBI/01May2025/30Minute/Q5/,False
406,BUR-AFY-DAZ-KIZILOREN-T3,ACIGOL,DEBI,01May2025,30Minute,Q50,/BUR-AFY-DAZ-KIZILOREN-T3/ACIGOL/DEBI/01May2025/30Minute/Q50/,False
407,BUR-AFY-DAZ-KIZILOREN-T3,ACIGOL,DEBI,01May2025,30Minute,Q500,/BUR-AFY-DAZ-KIZILOREN-T3/ACIGOL/DEBI/01May2025/30Minute/Q500/,False
408,BUR-AFY-DAZ-SARIKAVAK1,ACIGOL,DEBI,01May2025,30Minute,Q10,/BUR-AFY-DAZ-SARIKAVAK1/ACIGOL/DEBI/01May2025/30Minute/Q10/,False
409,BUR-AFY-DAZ-SARIKAVAK1,ACIGOL,DEBI,01May2025,30Minute,Q100,/BUR-AFY-DAZ-SARIKAVAK1/ACIGOL/DEBI/01May2025/30Minute/Q100/,False
410,BUR-AFY-DAZ-SARIKAVAK1,ACIGOL,DEBI,01May2025,30Minute,Q1000,/BUR-AFY-DAZ-SARIKAVAK1/ACIGOL/DEBI/01May2025/30Minute/Q1000/,False
411,BUR-AFY-DAZ-SARIKAVAK1,ACIGOL,DEBI,01May2025,30Minute,Q2,/BUR-AFY-DAZ-SARIKAVAK1/ACIGOL/DEBI/01May2025/30Minute/Q2/,False
412,BUR-AFY-DAZ-SARIKAVAK1,ACIGOL,DEBI,01May2025,30Minute,Q25,/BUR-AFY-DAZ-SARIKAVAK1/ACIGOL/DEBI/01May2025/30Minute/Q25/,False
413,BUR-AFY-DAZ-SARIKAVAK1,ACIGOL,DEBI,01May2025,30Minute,Q5,/BUR-AFY-DAZ-SARIKAVAK1/ACIGOL/DEBI/01May2025/30Minute/Q5/,False
414,BUR-AFY-DAZ-SARIKAVAK1,ACIGOL,DEBI,01May2025,30Minute,Q50,/BUR-AFY-DAZ-SARIKAVAK1/ACIGOL/DEBI/01May2025/30Minute/Q50/,False
415,BUR-AFY-DAZ-SARIKAVAK1,ACIGOL,DEBI,01May2025,30Minute,Q500,/BUR-AFY-DAZ-SARIKAVAK1/ACIGOL/DEBI/01May2025/30Minute/Q500/,False
416,BUR-AFY-DAZ-SARIKAVAK2,ACIGOL,DEBI,01May2025,30Minute,Q10,/BUR-AFY-DAZ-SARIKAVAK2/ACIGOL/DEBI/01May2025/30Minute/Q10/,False
417,BUR-AFY-DAZ-SARIKAVAK2,ACIGOL,DEBI,01May2025,30Minute,Q100,/BUR-AFY-DAZ-SARIKAVAK2/ACIGOL/DEBI/01May2025/30Minute/Q100/,False
418,BUR-AFY-DAZ-SARIKAVAK2,ACIGOL,DEBI,01May2025,30Minute,Q1000,/BUR-AFY-DAZ-SARIKAVAK2/ACIGOL/DEBI/01May2025/30Minute/Q1000/,False
419,BUR-AFY-DAZ-SARIKAVAK2,ACIGOL,DEBI,01May2025,30Minute,Q2,/BUR-AFY-DAZ-SARIKAVAK2/ACIGOL/DEBI/01May2025/30Minute/Q2/,False
420,BUR-AFY-DAZ-SARIKAVAK2,ACIGOL,DEBI,01May2025,30Minute,Q25,/BUR-AFY-DAZ-SARIKAVAK2/ACIGOL/DEBI/01May2025/30Minute/Q25/,False
421,BUR-AFY-DAZ-SARIKAVAK2,ACIGOL,DEBI,01May2025,30Minute,Q5,/BUR-AFY-DAZ-SARIKAVAK2/ACIGOL/DEBI/01May2025/30Minute/Q5/,False
422,BUR-AFY-DAZ-SARIKAVAK2,ACIGOL,DEBI,01May2025,30Minute,Q50,/BUR-AFY-DAZ-SARIKAVAK2/ACIGOL/DEBI/01May2025/30Minute/Q50/,False
423,BUR-AFY-DAZ-SARIKAVAK2,ACIGOL,DEBI,01May2025,30Minute,Q500,/BUR-AFY-DAZ-SARIKAVAK2/ACIGOL/DEBI/01May2025/30Minute/Q500/,False
424,BUR-AFY-DAZ-SARIKAYACFTLGI,ACIGOL,DEBI,01May2025,30Minute,Q10,/BUR-AFY-DAZ-SARIKAYACFTLGI/ACIGOL/DEBI/01May2025/30Minute/Q10/,False
425,BUR-AFY-DAZ-SARIKAYACFTLGI,ACIGOL,DEBI,01May2025,30Minute,Q100,/BUR-AFY-DAZ-SARIKAYACFTLGI/ACIGOL/DEBI/01May2025/30Minute/Q100/,False
426,BUR-AFY-DAZ-SARIKAYACFTLGI,ACIGOL,DEBI,01May2025,30Minute,Q1000,/BUR-AFY-DAZ-SARIKAYACFTLGI/ACIGOL/DEBI/01May2025/30Minute/Q1000/,False
427,BUR-AFY-DAZ-SARIKAYACFTLGI,ACIGOL,DEBI,01May2025,30Minute,Q2,/BUR-AFY-DAZ-SARIKAYACFTLGI/ACIGOL/DEBI/01May2025/30Minute/Q2/,False
428,BUR-AFY-DAZ-SARIKAYACFTLGI,ACIGOL,DEBI,01May2025,30Minute,Q25,/BUR-AFY-DAZ-SARIKAYACFTLGI/ACIGOL/DEBI/01May2025/30Minute/Q25/,False
429,BUR-AFY-DAZ-SARIKAYACFTLGI,ACIGOL,DEBI,01May2025,30Minute,Q5,/BUR-AFY-DAZ-SARIKAYACFTLGI/ACIGOL/DEBI/01May2025/30Minute/Q5/,False
430,BUR-AFY-DAZ-SARIKAYACFTLGI,ACIGOL,DEBI,01May2025,30Minute,Q50,/BUR-AFY-DAZ-SARIKAYACFTLGI/ACIGOL/DEBI/01May2025/30Minute/Q50/,False
431,BUR-AFY-DAZ-SARIKAYACFTLGI,ACIGOL,DEBI,01May2025,30Minute,Q500,/BUR-AFY-DAZ-SARIKAYACFTLGI/ACIGOL/DEBI/01May2025/30Minute/Q500/,False
432,BUR-AFY-DAZ-YAYLAKOY,ACIGOL,DEBI,01May2025,30Minute,Q10,/BUR-AFY-DAZ-YAYLAKOY/ACIGOL/DEBI/01May2025/30Minute/Q10/,False
433,BUR-AFY-DAZ-YAYLAKOY,ACIGOL,DEBI,01May2025,30Minute,Q100,/BUR-AFY-DAZ-YAYLAKOY/ACIGOL/DEBI/01May2025/30Minute/Q100/,False
434,BUR-AFY-DAZ-YAYLAKOY,ACIGOL,DEBI,01May2025,30Minute,Q1000,/BUR-AFY-DAZ-YAYLAKOY/ACIGOL/DEBI/01May2025/30Minute/Q1000/,False
435,BUR-AFY-DAZ-YAYLAKOY,ACIGOL,DEBI,01May2025,30Minute,Q2,/BUR-AFY-DAZ-YAYLAKOY/ACIGOL/DEBI/01May2025/30Minute/Q2/,False
436,BUR-AFY-DAZ-YAYLAKOY,ACIGOL,DEBI,01May2025,30Minute,Q25,/BUR-AFY-DAZ-YAYLAKOY/ACIGOL/DEBI/01May2025/30Minute/Q25/,False
437,BUR-AFY-DAZ-YAYLAKOY,ACIGOL,DEBI,01May2025,30Minute,Q5,/BUR-AFY-DAZ-YAYLAKOY/ACIGOL/DEBI/01May2025/30Minute/Q5/,False
438,BUR-AFY-DAZ-YAYLAKOY,ACIGOL,DEBI,01May2025,30Minute,Q50,/BUR-AFY-DAZ-YAYLAKOY/ACIGOL/DEBI/01May2025/30Minute/Q50/,False
439,BUR-AFY-DAZ-YAYLAKOY,ACIGOL,DEBI,01May2025,30Minute,Q500,/BUR-AFY-DAZ-YAYLAKOY/ACIGOL/DEBI/01May2025/30Minute/Q500/,False
440,BUR-AFY-DAZ-YUKARIYENICE,ACIGOL,DEBI,02May2025,5Minute,Q10,/BUR-AFY-DAZ-YUKARIYENICE/ACIGOL/DEBI/02May2025/5Minute/Q10/,False
441,BUR-AFY-DAZ-YUKARIYENICE,ACIGOL,DEBI,02May2025,5Minute,Q100,/BUR-AFY-DAZ-YUKARIYENICE/ACIGOL/DEBI/02May2025/5Minute/Q100/,False
442,BUR-AFY-DAZ-YUKARIYENICE,ACIGOL,DEBI,02May2025,5Minute,Q1000,/BUR-AFY-DAZ-YUKARIYENICE/ACIGOL/DEBI/02May2025/5Minute/Q1000/,False
443,BUR-AFY-DAZ-YUKARIYENICE,ACIGOL,DEBI,02May2025,5Minute,Q2,/BUR-AFY-DAZ-YUKARIYENICE/ACIGOL/DEBI/02May2025/5Minute/Q2/,False
444,BUR-AFY-DAZ-YUKARIYENICE,ACIGOL,DEBI,02May2025,5Minute,Q25,/BUR-AFY-DAZ-YUKARIYENICE/ACIGOL/DEBI/02May2025/5Minute/Q25/,False
445,BUR-AFY-DAZ-YUKARIYENICE,ACIGOL,DEBI,02May2025,5Minute,Q5,/BUR-AFY-DAZ-YUKARIYENICE/ACIGOL/DEBI/02May2025/5Minute/Q5/,False
446,BUR-AFY-DAZ-YUKARIYENICE,ACIGOL,DEBI,02May2025,5Minute,Q50,/BUR-AFY-DAZ-YUKARIYENICE/ACIGOL/DEBI/02May2025/5Minute/Q50/,False
447,BUR-AFY-DAZ-YUKARIYENICE,ACIGOL,DEBI,02May2025,5Minute,Q500,/BUR-AFY-DAZ-YUKARIYENICE/ACIGOL/DEBI/02May2025/5Minute/Q500/,False
448,BUR-AFY-DAZ-YUKARIYENICE2,ACIGOL,DEBI,02May2025,5Minute,Q10,/BUR-AFY-DAZ-YUKARIYENICE2/ACIGOL/DEBI/02May2025/5Minute/Q10/,False
449,BUR-AFY-DAZ-YUKARIYENICE2,ACIGOL,DEBI,02May2025,5Minute,Q100,/BUR-AFY-DAZ-YUKARIYENICE2/ACIGOL/DEBI/02May2025/5Minute/Q100/,False
450,BUR-AFY-DAZ-YUKARIYENICE2,ACIGOL,DEBI,02May2025,5Minute,Q1000,/BUR-AFY-DAZ-YUKARIYENICE2/ACIGOL/DEBI/02May2025/5Minute/Q1000/,False
451,BUR-AFY-DAZ-YUKARIYENICE2,ACIGOL,DEBI,02May2025,5Minute,Q2,/BUR-AFY-DAZ-YUKARIYENICE2/ACIGOL/DEBI/02May2025/5Minute/Q2/,False
452,BUR-AFY-DAZ-YUKARIYENICE2,ACIGOL,DEBI,02May2025,5Minute,Q25,/BUR-AFY-DAZ-YUKARIYENICE2/ACIGOL/DEBI/02May2025/5Minute/Q25/,False
453,BUR-AFY-DAZ-YUKARIYENICE2,ACIGOL,DEBI,02May2025,5Minute,Q5,/BUR-AFY-DAZ-YUKARIYENICE2/ACIGOL/DEBI/02May2025/5Minute/Q5/,False
454,BUR-AFY-DAZ-YUKARIYENICE2,ACIGOL,DEBI,02May2025,5Minute,Q50,/BUR-AFY-DAZ-YUKARIYENICE2/ACIGOL/DEBI/02May2025/5Minute/Q50/,False
455,BUR-AFY-DAZ-YUKARIYENICE2,ACIGOL,DEBI,02May2025,5Minute,Q500,/BUR-AFY-DAZ-YUKARIYENICE2/ACIGOL/DEBI/02May2025/5Minute/Q500/,False
456,BUR-AFY-DAZ-YUKARIYENICE3,ACIGOL,DEBI,01May2025,30Minute,Q10,/BUR-AFY-DAZ-YUKARIYENICE3/ACIGOL/DEBI/01May2025/30Minute/Q10/,False
457,BUR-AFY-DAZ-YUKARIYENICE3,ACIGOL,DEBI,01May2025,30Minute,Q100,/BUR-AFY-DAZ-YUKARIYENICE3/ACIGOL/DEBI/01May2025/30Minute/Q100/,False
458,BUR-AFY-DAZ-YUKARIYENICE3,ACIGOL,DEBI,01May2025,30Minute,Q1000,/BUR-AFY-DAZ-YUKARIYENICE3/ACIGOL/DEBI/01May2025/30Minute/Q1000/,False
459,BUR-AFY-DAZ-YUKARIYENICE3,ACIGOL,DEBI,01May2025,30Minute,Q2,/BUR-AFY-DAZ-YUKARIYENICE3/ACIGOL/DEBI/01May2025/30Minute/Q2/,False
460,BUR-AFY-DAZ-YUKARIYENICE3,ACIGOL,DEBI,01May2025,30Minute,Q25,/BUR-AFY-DAZ-YUKARIYENICE3/ACIGOL/DEBI/01May2025/30Minute/Q25/,False
461,BUR-AFY-DAZ-YUKARIYENICE3,ACIGOL,DEBI,01May2025,30Minute,Q5,/BUR-AFY-DAZ-YUKARIYENICE3/ACIGOL/DEBI/01May2025/30Minute/Q5/,False
462,BUR-AFY-DAZ-YUKARIYENICE3,ACIGOL,DEBI,01May2025,30Minute,Q50,/BUR-AFY-DAZ-YUKARIYENICE3/ACIGOL/DEBI/01May2025/30Minute/Q50/,False
463,BUR-AFY-DAZ-YUKARIYENICE3,ACIGOL,DEBI,01May2025,30Minute,Q500,/BUR-AFY-DAZ-YUKARIYENICE3/ACIGOL/DEBI/01May2025/30Minute/Q500/,False
464,BUR-AFY-DAZ-YUREGIL,ACIGOL,DEBI,01May2025,30Minute,Q10,/BUR-AFY-DAZ-YUREGIL/ACIGOL/DEBI/01May2025/30Minute/Q10/,False
465,BUR-AFY-DAZ-YUREGIL,ACIGOL,DEBI,01May2025,30Minute,Q100,/BUR-AFY-DAZ-YUREGIL/ACIGOL/DEBI/01May2025/30Minute/Q100/,False
466,BUR-AFY-DAZ-YUREGIL,ACIGOL,DEBI,01May2025,30Minute,Q1000,/BUR-AFY-DAZ-YUREGIL/ACIGOL/DEBI/01May2025/30Minute/Q1000/,False
467,BUR-AFY-DAZ-YUREGIL,ACIGOL,DEBI,01May2025,30Minute,Q2,/BUR-AFY-DAZ-YUREGIL/ACIGOL/DEBI/01May2025/30Minute/Q2/,False
468,BUR-AFY-DAZ-YUREGIL,ACIGOL,DEBI,01May2025,30Minute,Q25,/BUR-AFY-DAZ-YUREGIL/ACIGOL/DEBI/01May2025/30Minute/Q25/,False
469,BUR-AFY-DAZ-YUREGIL,ACIGOL,DEBI,01May2025,30Minute,Q5,/BUR-AFY-DAZ-YUREGIL/ACIGOL/DEBI/01May2025/30Minute/Q5/,False
470,BUR-AFY-DAZ-YUREGIL,ACIGOL,DEBI,01May2025,30Minute,Q50,/BUR-AFY-DAZ-YUREGIL/ACIGOL/DEBI/01May2025/30Minute/Q50/,False
471,BUR-AFY-DAZ-YUREGIL,ACIGOL,DEBI,01May2025,30Minute,Q500,/BUR-AFY-DAZ-YUREGIL/ACIGOL/DEBI/01May2025/30Minute/Q500/,False
472,BUR-AFY-DIN-BADEMLI,ACIGOL,DEBI,01May2025,30Minute,Q10,/BUR-AFY-DIN-BADEMLI/ACIGOL/DEBI/01May2025/30Minute/Q10/,False
473,BUR-AFY-DIN-BADEMLI,ACIGOL,DEBI,01May2025,30Minute,Q100,/BUR-AFY-DIN-BADEMLI/ACIGOL/DEBI/01May2025/30Minute/Q100/,False
474,BUR-AFY-DIN-BADEMLI,ACIGOL,DEBI,01May2025,30Minute,Q1000,/BUR-AFY-DIN-BADEMLI/ACIGOL/DEBI/01May2025/30Minute/Q1000/,False
475,BUR-AFY-DIN-BADEMLI,ACIGOL,DEBI,01May2025,30Minute,Q2,/BUR-AFY-DIN-BADEMLI/ACIGOL/DEBI/01May2025/30Minute/Q2/,False
476,BUR-AFY-DIN-BADEMLI,ACIGOL,DEBI,01May2025,30Minute,Q25,/BUR-AFY-DIN-BADEMLI/ACIGOL/DEBI/01May2025/30Minute/Q25/,False
477,BUR-AFY-DIN-BADEMLI,ACIGOL,DEBI,01May2025,30Minute,Q5,/BUR-AFY-DIN-BADEMLI/ACIGOL/DEBI/01May2025/30Minute/Q5/,False
478,BUR-AFY-DIN-BADEMLI,ACIGOL,DEBI,01May2025,30Minute,Q50,/BUR-AFY-DIN-BADEMLI/ACIGOL/DEBI/01May2025/30Minute/Q50/,False
479,BUR-AFY-DIN-BADEMLI,ACIGOL,DEBI,01May2025,30Minute,Q500,/BUR-AFY-DIN-BADEMLI/ACIGOL/DEBI/01May2025/30Minute/Q500/,False
480,BUR-AFY-DIN-KARAHACILI,ACIGOL,DEBI,01May2025,30Minute,Q10,/BUR-AFY-DIN-KARAHACILI/ACIGOL/DEBI/01May2025/30Minute/Q10/,False
481,BUR-AFY-DIN-KARAHACILI,ACIGOL,DEBI,01May2025,30Minute,Q100,/BUR-AFY-DIN-KARAHACILI/ACIGOL/DEBI/01May2025/30Minute/Q100/,False
482,BUR-AFY-DIN-KARAHACILI,ACIGOL,DEBI,01May2025,30Minute,Q1000,/BUR-AFY-DIN-KARAHACILI/ACIGOL/DEBI/01May2025/30Minute/Q1000/,False
483,BUR-AFY-DIN-KARAHACILI,ACIGOL,DEBI,01May2025,30Minute,Q2,/BUR-AFY-DIN-KARAHACILI/ACIGOL/DEBI/01May2025/30Minute/Q2/,False
484,BUR-AFY-DIN-KARAHACILI,ACIGOL,DEBI,01May2025,30Minute,Q25,/BUR-AFY-DIN-KARAHACILI/ACIGOL/DEBI/01May2025/30Minute/Q25/,False
485,BUR-AFY-DIN-KARAHACILI,ACIGOL,DEBI,01May2025,30Minute,Q5,/BUR-AFY-DIN-KARAHACILI/ACIGOL/DEBI/01May2025/30Minute/Q5/,False
486,BUR-AFY-DIN-KARAHACILI,ACIGOL,DEBI,01May2025,30Minute,Q50,/BUR-AFY-DIN-KARAHACILI/ACIGOL/DEBI/01May2025/30Minute/Q50/,False
487,BUR-AFY-DIN-KARAHACILI,ACIGOL,DEBI,01May2025,30Minute,Q500,/BUR-AFY-DIN-KARAHACILI/ACIGOL/DEBI/01May2025/30Minute/Q500/,False
488,BUR-AFY-DIN-YELALAN,ACIGOL,DEBI,01May2025,30Minute,Q10,/BUR-AFY-DIN-YELALAN/ACIGOL/DEBI/01May2025/30Minute/Q10/,False
489,BUR-AFY-DIN-YELALAN,ACIGOL,DEBI,01May2025,30Minute,Q100,/BUR-AFY-DIN-YELALAN/ACIGOL/DEBI/01May2025/30Minute/Q100/,False
490,BUR-AFY-DIN-YELALAN,ACIGOL,DEBI,01May2025,30Minute,Q1000,/BUR-AFY-DIN-YELALAN/ACIGOL/DEBI/01May2025/30Minute/Q1000/,False
491,BUR-AFY-DIN-YELALAN,ACIGOL,DEBI,01May2025,30Minute,Q2,/BUR-AFY-DIN-YELALAN/ACIGOL/DEBI/01May2025/30Minute/Q2/,False
492,BUR-AFY-DIN-YELALAN,ACIGOL,DEBI,01May2025,30Minute,Q25,/BUR-AFY-DIN-YELALAN/ACIGOL/DEBI/01May2025/30Minute/Q25/,False
493,BUR-AFY-DIN-YELALAN,ACIGOL,DEBI,01May2025,30Minute,Q5,/BUR-AFY-DIN-YELALAN/ACIGOL/DEBI/01May2025/30Minute/Q5/,False
494,BUR-AFY-DIN-YELALAN,ACIGOL,DEBI,01May2025,30Minute,Q50,/BUR-AFY-DIN-YELALAN/ACIGOL/DEBI/01May2025/30Minute/Q50/,False
495,BUR-AFY-DIN-YELALAN,ACIGOL,DEBI,01May2025,30Minute,Q500,/BUR-AFY-DIN-YELALAN/ACIGOL/DEBI/01May2025/30Minute/Q500/,False
496,BUR-AFY-EVC-AKYARMA,ACIGOL,DEBI,01May2025,30Minute,Q10,/BUR-AFY-EVC-AKYARMA/ACIGOL/DEBI/01May2025/30Minute/Q10/,False
497,BUR-AFY-EVC-AKYARMA,ACIGOL,DEBI,01May2025,30Minute,Q100,/BUR-AFY-EVC-AKYARMA/ACIGOL/DEBI/01May2025/30Minute/Q100/,False
498,BUR-AFY-EVC-AKYARMA,ACIGOL,DEBI,01May2025,30Minute,Q1000,/BUR-AFY-EVC-AKYARMA/ACIGOL/DEBI/01May2025/30Minute/Q1000/,False
499,BUR-AFY-EVC-AKYARMA,ACIGOL,DEBI,01May2025,30Minute,Q2,/BUR-AFY-EVC-AKYARMA/ACIGOL/DEBI/01May2025/30Minute/Q2/,False
500,BUR-AFY-EVC-AKYARMA,ACIGOL,DEBI,01May2025,30Minute,Q25,/BUR-AFY-EVC-AKYARMA/ACIGOL/DEBI/01May2025/30Minute/Q25/,False
501,BUR-AFY-EVC-AKYARMA,ACIGOL,DEBI,01May2025,30Minute,Q5,/BUR-AFY-EVC-AKYARMA/ACIGOL/DEBI/01May2025/30Minute/Q5/,False
502,BUR-AFY-EVC-AKYARMA,ACIGOL,DEBI,01May2025,30Minute,Q50,/BUR-AFY-EVC-AKYARMA/ACIGOL/DEBI/01May2025/30Minute/Q50/,False
503,BUR-AFY-EVC-AKYARMA,ACIGOL,DEBI,01May2025,30Minute,Q500,/BUR-AFY-EVC-AKYARMA/ACIGOL/DEBI/01May2025/30Minute/Q500/,False
504,BUR-AFY-EVC-AKYARMA-T,ACIGOL,DEBI,01May2025,30Minute,Q10,/BUR-AFY-EVC-AKYARMA-T/ACIGOL/DEBI/01May2025/30Minute/Q10/,False
505,BUR-AFY-EVC-AKYARMA-T,ACIGOL,DEBI,01May2025,30Minute,Q100,/BUR-AFY-EVC-AKYARMA-T/ACIGOL/DEBI/01May2025/30Minute/Q100/,False
506,BUR-AFY-EVC-AKYARMA-T,ACIGOL,DEBI,01May2025,30Minute,Q1000,/BUR-AFY-EVC-AKYARMA-T/ACIGOL/DEBI/01May2025/30Minute/Q1000/,False
507,BUR-AFY-EVC-AKYARMA-T,ACIGOL,DEBI,01May2025,30Minute,Q2,/BUR-AFY-EVC-AKYARMA-T/ACIGOL/DEBI/01May2025/30Minute/Q2/,False
508,BUR-AFY-EVC-AKYARMA-T,ACIGOL,DEBI,01May2025,30Minute,Q25,/BUR-AFY-EVC-AKYARMA-T/ACIGOL/DEBI/01May2025/30Minute/Q25/,False
509,BUR-AFY-EVC-AKYARMA-T,ACIGOL,DEBI,01May2025,30Minute,Q5,/BUR-AFY-EVC-AKYARMA-T/ACIGOL/DEBI/01May2025/30Minute/Q5/,False
510,BUR-AFY-EVC-AKYARMA-T,ACIGOL,DEBI,01May2025,30Minute,Q50,/BUR-AFY-EVC-AKYARMA-T/ACIGOL/DEBI/01May2025/30Minute/Q50/,False
511,BUR-AFY-EVC-AKYARMA-T,ACIGOL,DEBI,01May2025,30Minute,Q500,/BUR-AFY-EVC-AKYARMA-T/ACIGOL/DEBI/01May2025/30Minute/Q500/,False
512,BUR-AFY-EVC-EVCILER1,ACIGOL,DEBI,01May2025,30Minute,Q10,/BUR-AFY-EVC-EVCILER1/ACIGOL/DEBI/01May2025/30Minute/Q10/,False
513,BUR-AFY-EVC-EVCILER1,ACIGOL,DEBI,01May2025,30Minute,Q100,/BUR-AFY-EVC-EVCILER1/ACIGOL/DEBI/01May2025/30Minute/Q100/,False
514,BUR-AFY-EVC-EVCILER1,ACIGOL,DEBI,01May2025,30Minute,Q1000,/BUR-AFY-EVC-EVCILER1/ACIGOL/DEBI/01May2025/30Minute/Q1000/,False
515,BUR-AFY-EVC-EVCILER1,ACIGOL,DEBI,01May2025,30Minute,Q2,/BUR-AFY-EVC-EVCILER1/ACIGOL/DEBI/01May2025/30Minute/Q2/,False
516,BUR-AFY-EVC-EVCILER1,ACIGOL,DEBI,01May2025,30Minute,Q25,/BUR-AFY-EVC-EVCILER1/ACIGOL/DEBI/01May2025/30Minute/Q25/,False
517,BUR-AFY-EVC-EVCILER1,ACIGOL,DEBI,01May2025,30Minute,Q5,/BUR-AFY-EVC-EVCILER1/ACIGOL/DEBI/01May2025/30Minute/Q5/,False
518,BUR-AFY-EVC-EVCILER1,ACIGOL,DEBI,01May2025,30Minute,Q50,/BUR-AFY-EVC-EVCILER1/ACIGOL/DEBI/01May2025/30Minute/Q50/,False
519,BUR-AFY-EVC-EVCILER1,ACIGOL,DEBI,01May2025,30Minute,Q500,/BUR-AFY-EVC-EVCILER1/ACIGOL/DEBI/01May2025/30Minute/Q500/,False
520,BUR-AFY-EVC-EVCILER2,ACIGOL,DEBI,01May2025,30Minute,Q10,/BUR-AFY-EVC-EVCILER2/ACIGOL/DEBI/01May2025/30Minute/Q10/,False
521,BUR-AFY-EVC-EVCILER2,ACIGOL,DEBI,01May2025,30Minute,Q100,/BUR-AFY-EVC-EVCILER2/ACIGOL/DEBI/01May2025/30Minute/Q100/,False
522,BUR-AFY-EVC-EVCILER2,ACIGOL,DEBI,01May2025,30Minute,Q1000,/BUR-AFY-EVC-EVCILER2/ACIGOL/DEBI/01May2025/30Minute/Q1000/,False
523,BUR-AFY-EVC-EVCILER2,ACIGOL,DEBI,01May2025,30Minute,Q2,/BUR-AFY-EVC-EVCILER2/ACIGOL/DEBI/01May2025/30Minute/Q2/,False
524,BUR-AFY-EVC-EVCILER2,ACIGOL,DEBI,01May2025,30Minute,Q25,/BUR-AFY-EVC-EVCILER2/ACIGOL/DEBI/01May2025/30Minute/Q25/,False
525,BUR-AFY-EVC-EVCILER2,ACIGOL,DEBI,01May2025,30Minute,Q5,/BUR-AFY-EVC-EVCILER2/ACIGOL/DEBI/01May2025/30Minute/Q5/,False
526,BUR-AFY-EVC-EVCILER2,ACIGOL,DEBI,01May2025,30Minute,Q50,/BUR-AFY-EVC-EVCILER2/ACIGOL/DEBI/01May2025/30Minute/Q50/,False
527,BUR-AFY-EVC-EVCILER2,ACIGOL,DEBI,01May2025,30Minute,Q500,/BUR-AFY-EVC-EVCILER2/ACIGOL/DEBI/01May2025/30Minute/Q500/,False
528,BUR-AFY-EVC-EVCILER3,ACIGOL,DEBI,01May2025,30Minute,Q10,/BUR-AFY-EVC-EVCILER3/ACIGOL/DEBI/01May2025/30Minute/Q10/,False
529,BUR-AFY-EVC-EVCILER3,ACIGOL,DEBI,01May2025,30Minute,Q100,/BUR-AFY-EVC-EVCILER3/ACIGOL/DEBI/01May2025/30Minute/Q100/,False
530,BUR-AFY-EVC-EVCILER3,ACIGOL,DEBI,01May2025,30Minute,Q1000,/BUR-AFY-EVC-EVCILER3/ACIGOL/DEBI/01May2025/30Minute/Q1000/,False
531,BUR-AFY-EVC-EVCILER3,ACIGOL,DEBI,01May2025,30Minute,Q2,/BUR-AFY-EVC-EVCILER3/ACIGOL/DEBI/01May2025/30Minute/Q2/,False
532,BUR-AFY-EVC-EVCILER3,ACIGOL,DEBI,01May2025,30Minute,Q25,/BUR-AFY-EVC-EVCILER3/ACIGOL/DEBI/01May2025/30Minute/Q25/,False
533,BUR-AFY-EVC-EVCILER3,ACIGOL,DEBI,01May2025,30Minute,Q5,/BUR-AFY-EVC-EVCILER3/ACIGOL/DEBI/01May2025/30Minute/Q5/,False
534,BUR-AFY-EVC-EVCILER3,ACIGOL,DEBI,01May2025,30Minute,Q50,/BUR-AFY-EVC-EVCILER3/ACIGOL/DEBI/01May2025/30Minute/Q50/,False
535,BUR-AFY-EVC-EVCILER3,ACIGOL,DEBI,01May2025,30Minute,Q500,/BUR-AFY-EVC-EVCILER3/ACIGOL/DEBI/01May2025/30Minute/Q500/,False
536,BUR-AFY-EVC-GOKCEK1,ACIGOL,DEBI,02May2025,5Minute,Q10,/BUR-AFY-EVC-GOKCEK1/ACIGOL/DEBI/02May2025/5Minute/Q10/,False
537,BUR-AFY-EVC-GOKCEK1,ACIGOL,DEBI,02May2025,5Minute,Q100,/BUR-AFY-EVC-GOKCEK1/ACIGOL/DEBI/02May2025/5Minute/Q100/,False
538,BUR-AFY-EVC-GOKCEK1,ACIGOL,DEBI,02May2025,5Minute,Q1000,/BUR-AFY-EVC-GOKCEK1/ACIGOL/DEBI/02May2025/5Minute/Q1000/,False
539,BUR-AFY-EVC-GOKCEK1,ACIGOL,DEBI,02May2025,5Minute,Q2,/BUR-AFY-EVC-GOKCEK1/ACIGOL/DEBI/02May2025/5Minute/Q2/,False
540,BUR-AFY-EVC-GOKCEK1,ACIGOL,DEBI,02May2025,5Minute,Q25,/BUR-AFY-EVC-GOKCEK1/ACIGOL/DEBI/02May2025/5Minute/Q25/,False
541,BUR-AFY-EVC-GOKCEK1,ACIGOL,DEBI,02May2025,5Minute,Q5,/BUR-AFY-EVC-GOKCEK1/ACIGOL/DEBI/02May2025/5Minute/Q5/,False
542,BUR-AFY-EVC-GOKCEK1,ACIGOL,DEBI,02May2025,5Minute,Q50,/BUR-AFY-EVC-GOKCEK1/ACIGOL/DEBI/02May2025/5Minute/Q50/,False
543,BUR-AFY-EVC-GOKCEK1,ACIGOL,DEBI,02May2025,5Minute,Q500,/BUR-AFY-EVC-GOKCEK1/ACIGOL/DEBI/02May2025/5Minute/Q500/,False
544,BUR-AFY-EVC-GOKCEK2,ACIGOL,DEBI,02May2025,5Minute,Q10,/BUR-AFY-EVC-GOKCEK2/ACIGOL/DEBI/02May2025/5Minute/Q10/,False
545,BUR-AFY-EVC-GOKCEK2,ACIGOL,DEBI,02May2025,5Minute,Q100,/BUR-AFY-EVC-GOKCEK2/ACIGOL/DEBI/02May2025/5Minute/Q100/,False
546,BUR-AFY-EVC-GOKCEK2,ACIGOL,DEBI,02May2025,5Minute,Q1000,/BUR-AFY-EVC-GOKCEK2/ACIGOL/DEBI/02May2025/5Minute/Q1000/,False
547,BUR-AFY-EVC-GOKCEK2,ACIGOL,DEBI,02May2025,5Minute,Q2,/BUR-AFY-EVC-GOKCEK2/ACIGOL/DEBI/02May2025/5Minute/Q2/,False
548,BUR-AFY-EVC-GOKCEK2,ACIGOL,DEBI,02May2025,5Minute,Q25,/BUR-AFY-EVC-GOKCEK2/ACIGOL/DEBI/02May2025/5Minute/Q25/,False
549,BUR-AFY-EVC-GOKCEK2,ACIGOL,DEBI,02May2025,5Minute,Q5,/BUR-AFY-EVC-GOKCEK2/ACIGOL/DEBI/02May2025/5Minute/Q5/,False
550,BUR-AFY-EVC-GOKCEK2,ACIGOL,DEBI,02May2025,5Minute,Q50,/BUR-AFY-EVC-GOKCEK2/ACIGOL/DEBI/02May2025/5Minute/Q50/,False
551,BUR-AFY-EVC-GOKCEK2,ACIGOL,DEBI,02May2025,5Minute,Q500,/BUR-AFY-EVC-GOKCEK2/ACIGOL/DEBI/02May2025/5Minute/Q500/,False
552,BUR-AFY-EVC-KORKUYU,ACIGOL,DEBI,01May2025,30Minute,Q10,/BUR-AFY-EVC-KORKUYU/ACIGOL/DEBI/01May2025/30Minute/Q10/,False
553,BUR-AFY-EVC-KORKUYU,ACIGOL,DEBI,01May2025,30Minute,Q100,/BUR-AFY-EVC-KORKUYU/ACIGOL/DEBI/01May2025/30Minute/Q100/,False
554,BUR-AFY-EVC-KORKUYU,ACIGOL,DEBI,01May2025,30Minute,Q1000,/BUR-AFY-EVC-KORKUYU/ACIGOL/DEBI/01May2025/30Minute/Q1000/,False
555,BUR-AFY-EVC-KORKUYU,ACIGOL,DEBI,01May2025,30Minute,Q2,/BUR-AFY-EVC-KORKUYU/ACIGOL/DEBI/01May2025/30Minute/Q2/,False
556,BUR-AFY-EVC-KORKUYU,ACIGOL,DEBI,01May2025,30Minute,Q25,/BUR-AFY-EVC-KORKUYU/ACIGOL/DEBI/01May2025/30Minute/Q25/,False
557,BUR-AFY-EVC-KORKUYU,ACIGOL,DEBI,01May2025,30Minute,Q5,/BUR-AFY-EVC-KORKUYU/ACIGOL/DEBI/01May2025/30Minute/Q5/,False
558,BUR-AFY-EVC-KORKUYU,ACIGOL,DEBI,01May2025,30Minute,Q50,/BUR-AFY-EVC-KORKUYU/ACIGOL/DEBI/01May2025/30Minute/Q50/,False
559,BUR-AFY-EVC-KORKUYU,ACIGOL,DEBI,01May2025,30Minute,Q500,/BUR-AFY-EVC-KORKUYU/ACIGOL/DEBI/01May2025/30Minute/Q500/,False
560,BUR-AFY-EVC-KORKUYU-T,ACIGOL,DEBI,01May2025,30Minute,Q10,/BUR-AFY-EVC-KORKUYU-T/ACIGOL/DEBI/01May2025/30Minute/Q10/,False
561,BUR-AFY-EVC-KORKUYU-T,ACIGOL,DEBI,01May2025,30Minute,Q100,/BUR-AFY-EVC-KORKUYU-T/ACIGOL/DEBI/01May2025/30Minute/Q100/,False
562,BUR-AFY-EVC-KORKUYU-T,ACIGOL,DEBI,01May2025,30Minute,Q1000,/BUR-AFY-EVC-KORKUYU-T/ACIGOL/DEBI/01May2025/30Minute/Q1000/,False
563,BUR-AFY-EVC-KORKUYU-T,ACIGOL,DEBI,01May2025,30Minute,Q2,/BUR-AFY-EVC-KORKUYU-T/ACIGOL/DEBI/01May2025/30Minute/Q2/,False
564,BUR-AFY-EVC-KORKUYU-T,ACIGOL,DEBI,01May2025,30Minute,Q25,/BUR-AFY-EVC-KORKUYU-T/ACIGOL/DEBI/01May2025/30Minute/Q25/,False
565,BUR-AFY-EVC-KORKUYU-T,ACIGOL,DEBI,01May2025,30Minute,Q5,/BUR-AFY-EVC-KORKUYU-T/ACIGOL/DEBI/01May2025/30Minute/Q5/,False
566,BUR-AFY-EVC-KORKUYU-T,ACIGOL,DEBI,01May2025,30Minute,Q50,/BUR-AFY-EVC-KORKUYU-T/ACIGOL/DEBI/01May2025/30Minute/Q50/,False
567,BUR-AFY-EVC-KORKUYU-T,ACIGOL,DEBI,01May2025,30Minute,Q500,/BUR-AFY-EVC-KORKUYU-T/ACIGOL/DEBI/01May2025/30Minute/Q500/,False
568,BUR-AFY-EVC-MADENLER,ACIGOL,DEBI,01May2025,30Minute,Q10,/BUR-AFY-EVC-MADENLER/ACIGOL/DEBI/01May2025/30Minute/Q10/,False
569,BUR-AFY-EVC-MADENLER,ACIGOL,DEBI,01May2025,30Minute,Q100,/BUR-AFY-EVC-MADENLER/ACIGOL/DEBI/01May2025/30Minute/Q100/,False
570,BUR-AFY-EVC-MADENLER,ACIGOL,DEBI,01May2025,30Minute,Q1000,/BUR-AFY-EVC-MADENLER/ACIGOL/DEBI/01May2025/30Minute/Q1000/,False
571,BUR-AFY-EVC-MADENLER,ACIGOL,DEBI,01May2025,30Minute,Q2,/BUR-AFY-EVC-MADENLER/ACIGOL/DEBI/01May2025/30Minute/Q2/,False
572,BUR-AFY-EVC-MADENLER,ACIGOL,DEBI,01May2025,30Minute,Q25,/BUR-AFY-EVC-MADENLER/ACIGOL/DEBI/01May2025/30Minute/Q25/,False
573,BUR-AFY-EVC-MADENLER,ACIGOL,DEBI,01May2025,30Minute,Q5,/BUR-AFY-EVC-MADENLER/ACIGOL/DEBI/01May2025/30Minute/Q5/,False
574,BUR-AFY-EVC-MADENLER,ACIGOL,DEBI,01May2025,30Minute,Q50,/BUR-AFY-EVC-MADENLER/ACIGOL/DEBI/01May2025/30Minute/Q50/,False
575,BUR-AFY-EVC-MADENLER,ACIGOL,DEBI,01May2025,30Minute,Q500,/BUR-AFY-EVC-MADENLER/ACIGOL/DEBI/01May2025/30Minute/Q500/,False
576,BUR-ANT-KOR-SOBUCE,BURDUR,DEBI,01May2025,30Minute,Q10,/BUR-ANT-KOR-SOBUCE/BURDUR/DEBI/01May2025/30Minute/Q10/,False
577,BUR-ANT-KOR-SOBUCE,BURDUR,DEBI,01May2025,30Minute,Q100,/BUR-ANT-KOR-SOBUCE/BURDUR/DEBI/01May2025/30Minute/Q100/,False
578,BUR-ANT-KOR-SOBUCE,BURDUR,DEBI,01May2025,30Minute,Q1000,/BUR-ANT-KOR-SOBUCE/BURDUR/DEBI/01May2025/30Minute/Q1000/,False
579,BUR-ANT-KOR-SOBUCE,BURDUR,DEBI,01May2025,30Minute,Q2,/BUR-ANT-KOR-SOBUCE/BURDUR/DEBI/01May2025/30Minute/Q2/,False
580,BUR-ANT-KOR-SOBUCE,BURDUR,DEBI,01May2025,30Minute,Q25,/BUR-ANT-KOR-SOBUCE/BURDUR/DEBI/01May2025/30Minute/Q25/,False
581,BUR-ANT-KOR-SOBUCE,BURDUR,DEBI,01May2025,30Minute,Q5,/BUR-ANT-KOR-SOBUCE/BURDUR/DEBI/01May2025/30Minute/Q5/,False
582,BUR-ANT-KOR-SOBUCE,BURDUR,DEBI,01May2025,30Minute,Q50,/BUR-ANT-KOR-SOBUCE/BURDUR/DEBI/01May2025/30Minute/Q50/,False
583,BUR-ANT-KOR-SOBUCE,BURDUR,DEBI,01May2025,30Minute,Q500,/BUR-ANT-KOR-SOBUCE/BURDUR/DEBI/01May2025/30Minute/Q500/,False
584,BUR-BUR-KAR-BADEMLI1,BURDUR,DEBI,01May2025,30Minute,Q10,/BUR-BUR-KAR-BADEMLI1/BURDUR/DEBI/01May2025/30Minute/Q10/,False
585,BUR-BUR-KAR-BADEMLI1,BURDUR,DEBI,01May2025,30Minute,Q100,/BUR-BUR-KAR-BADEMLI1/BURDUR/DEBI/01May2025/30Minute/Q100/,False
586,BUR-BUR-KAR-BADEMLI1,BURDUR,DEBI,01May2025,30Minute,Q1000,/BUR-BUR-KAR-BADEMLI1/BURDUR/DEBI/01May2025/30Minute/Q1000/,False
587,BUR-BUR-KAR-BADEMLI1,BURDUR,DEBI,01May2025,30Minute,Q2,/BUR-BUR-KAR-BADEMLI1/BURDUR/DEBI/01May2025/30Minute/Q2/,False
588,BUR-BUR-KAR-BADEMLI1,BURDUR,DEBI,01May2025,30Minute,Q25,/BUR-BUR-KAR-BADEMLI1/BURDUR/DEBI/01May2025/30Minute/Q25/,False
589,BUR-BUR-KAR-BADEMLI1,BURDUR,DEBI,01May2025,30Minute,Q5,/BUR-BUR-KAR-BADEMLI1/BURDUR/DEBI/01May2025/30Minute/Q5/,False
590,BUR-BUR-KAR-BADEMLI1,BURDUR,DEBI,01May2025,30Minute,Q50,/BUR-BUR-KAR-BADEMLI1/BURDUR/DEBI/01May2025/30Minute/Q50/,False
591,BUR-BUR-KAR-BADEMLI1,BURDUR,DEBI,01May2025,30Minute,Q500,/BUR-BUR-KAR-BADEMLI1/BURDUR/DEBI/01May2025/30Minute/Q500/,False
592,BUR-BUR-KAR-BADEMLI2,BURDUR,DEBI,01May2025,30Minute,Q10,/BUR-BUR-KAR-BADEMLI2/BURDUR/DEBI/01May2025/30Minute/Q10/,False
593,BUR-BUR-KAR-BADEMLI2,BURDUR,DEBI,01May2025,30Minute,Q100,/BUR-BUR-KAR-BADEMLI2/BURDUR/DEBI/01May2025/30Minute/Q100/,False
594,BUR-BUR-KAR-BADEMLI2,BURDUR,DEBI,01May2025,30Minute,Q1000,/BUR-BUR-KAR-BADEMLI2/BURDUR/DEBI/01May2025/30Minute/Q1000/,False
595,BUR-BUR-KAR-BADEMLI2,BURDUR,DEBI,01May2025,30Minute,Q2,/BUR-BUR-KAR-BADEMLI2/BURDUR/DEBI/01May2025/30Minute/Q2/,False
596,BUR-BUR-KAR-BADEMLI2,BURDUR,DEBI,01May2025,30Minute,Q25,/BUR-BUR-KAR-BADEMLI2/BURDUR/DEBI/01May2025/30Minute/Q25/,False
597,BUR-BUR-KAR-BADEMLI2,BURDUR,DEBI,01May2025,30Minute,Q5,/BUR-BUR-KAR-BADEMLI2/BURDUR/DEBI/01May2025/30Minute/Q5/,False
598,BUR-BUR-KAR-BADEMLI2,BURDUR,DEBI,01May2025,30Minute,Q50,/BUR-BUR-KAR-BADEMLI2/BURDUR/DEBI/01May2025/30Minute/Q50/,False
599,BUR-BUR-KAR-BADEMLI2,BURDUR,DEBI,01May2025,30Minute,Q500,/BUR-BUR-KAR-BADEMLI2/BURDUR/DEBI/01May2025/30Minute/Q500/,False
600,BUR-BUR-KAR-DEREKOY1,BURDUR,DEBI,01May2025,30Minute,Q10,/BUR-BUR-KAR-DEREKOY1/BURDUR/DEBI/01May2025/30Minute/Q10/,False
601,BUR-BUR-KAR-DEREKOY1,BURDUR,DEBI,01May2025,30Minute,Q100,/BUR-BUR-KAR-DEREKOY1/BURDUR/DEBI/01May2025/30Minute/Q100/,False
602,BUR-BUR-KAR-DEREKOY1,BURDUR,DEBI,01May2025,30Minute,Q1000,/BUR-BUR-KAR-DEREKOY1/BURDUR/DEBI/01May2025/30Minute/Q1000/,False
603,BUR-BUR-KAR-DEREKOY1,BURDUR,DEBI,01May2025,30Minute,Q2,/BUR-BUR-KAR-DEREKOY1/BURDUR/DEBI/01May2025/30Minute/Q2/,False
604,BUR-BUR-KAR-DEREKOY1,BURDUR,DEBI,01May2025,30Minute,Q25,/BUR-BUR-KAR-DEREKOY1/BURDUR/DEBI/01May2025/30Minute/Q25/,False
605,BUR-BUR-KAR-DEREKOY1,BURDUR,DEBI,01May2025,30Minute,Q5,/BUR-BUR-KAR-DEREKOY1/BURDUR/DEBI/01May2025/30Minute/Q5/,False
606,BUR-BUR-KAR-DEREKOY1,BURDUR,DEBI,01May2025,30Minute,Q50,/BUR-BUR-KAR-DEREKOY1/BURDUR/DEBI/01May2025/30Minute/Q50/,False
607,BUR-BUR-KAR-DEREKOY1,BURDUR,DEBI,01May2025,30Minute,Q500,/BUR-BUR-KAR-DEREKOY1/BURDUR/DEBI/01May2025/30Minute/Q500/,False
608,BUR-BUR-KAR-DEREKOY2,BURDUR,DEBI,01May2025,30Minute,Q10,/BUR-BUR-KAR-DEREKOY2/BURDUR/DEBI/01May2025/30Minute/Q10/,False
609,BUR-BUR-KAR-DEREKOY2,BURDUR,DEBI,01May2025,30Minute,Q100,/BUR-BUR-KAR-DEREKOY2/BURDUR/DEBI/01May2025/30Minute/Q100/,False
610,BUR-BUR-KAR-DEREKOY2,BURDUR,DEBI,01May2025,30Minute,Q1000,/BUR-BUR-KAR-DEREKOY2/BURDUR/DEBI/01May2025/30Minute/Q1000/,False
611,BUR-BUR-KAR-DEREKOY2,BURDUR,DEBI,01May2025,30Minute,Q2,/BUR-BUR-KAR-DEREKOY2/BURDUR/DEBI/01May2025/30Minute/Q2/,False
612,BUR-BUR-KAR-DEREKOY2,BURDUR,DEBI,01May2025,30Minute,Q25,/BUR-BUR-KAR-DEREKOY2/BURDUR/DEBI/01May2025/30Minute/Q25/,False
613,BUR-BUR-KAR-DEREKOY2,BURDUR,DEBI,01May2025,30Minute,Q5,/BUR-BUR-KAR-DEREKOY2/BURDUR/DEBI/01May2025/30Minute/Q5/,False
614,BUR-BUR-KAR-DEREKOY2,BURDUR,DEBI,01May2025,30Minute,Q50,/BUR-BUR-KAR-DEREKOY2/BURDUR/DEBI/01May2025/30Minute/Q50/,False
615,BUR-BUR-KAR-DEREKOY2,BURDUR,DEBI,01May2025,30Minute,Q500,/BUR-BUR-KAR-DEREKOY2/BURDUR/DEBI/01May2025/30Minute/Q500/,False
616,BUR-BUR-KAR-KAGILCIK,BURDUR,DEBI,01May2025,30Minute,Q10,/BUR-BUR-KAR-KAGILCIK/BURDUR/DEBI/01May2025/30Minute/Q10/,False
617,BUR-BUR-KAR-KAGILCIK,BURDUR,DEBI,01May2025,30Minute,Q100,/BUR-BUR-KAR-KAGILCIK/BURDUR/DEBI/01May2025/30Minute/Q100/,False
618,BUR-BUR-KAR-KAGILCIK,BURDUR,DEBI,01May2025,30Minute,Q1000,/BUR-BUR-KAR-KAGILCIK/BURDUR/DEBI/01May2025/30Minute/Q1000/,False
619,BUR-BUR-KAR-KAGILCIK,BURDUR,DEBI,01May2025,30Minute,Q2,/BUR-BUR-KAR-KAGILCIK/BURDUR/DEBI/01May2025/30Minute/Q2/,False
620,BUR-BUR-KAR-KAGILCIK,BURDUR,DEBI,01May2025,30Minute,Q25,/BUR-BUR-KAR-KAGILCIK/BURDUR/DEBI/01May2025/30Minute/Q25/,False
621,BUR-BUR-KAR-KAGILCIK,BURDUR,DEBI,01May2025,30Minute,Q5,/BUR-BUR-KAR-KAGILCIK/BURDUR/DEBI/01May2025/30Minute/Q5/,False
622,BUR-BUR-KAR-KAGILCIK,BURDUR,DEBI,01May2025,30Minute,Q50,/BUR-BUR-KAR-KAGILCIK/BURDUR/DEBI/01May2025/30Minute/Q50/,False
623,BUR-BUR-KAR-KAGILCIK,BURDUR,DEBI,01May2025,30Minute,Q500,/BUR-BUR-KAR-KAGILCIK/BURDUR/DEBI/01May2025/30Minute/Q500/,False
624,BUR-BUR-KAR-KAGILCIK2,BURDUR,DEBI,01May2025,30Minute,Q10,/BUR-BUR-KAR-KAGILCIK2/BURDUR/DEBI/01May2025/30Minute/Q10/,False
625,BUR-BUR-KAR-KAGILCIK2,BURDUR,DEBI,01May2025,30Minute,Q100,/BUR-BUR-KAR-KAGILCIK2/BURDUR/DEBI/01May2025/30Minute/Q100/,False
626,BUR-BUR-KAR-KAGILCIK2,BURDUR,DEBI,01May2025,30Minute,Q1000,/BUR-BUR-KAR-KAGILCIK2/BURDUR/DEBI/01May2025/30Minute/Q1000/,False
627,BUR-BUR-KAR-KAGILCIK2,BURDUR,DEBI,01May2025,30Minute,Q2,/BUR-BUR-KAR-KAGILCIK2/BURDUR/DEBI/01May2025/30Minute/Q2/,False
628,BUR-BUR-KAR-KAGILCIK2,BURDUR,DEBI,01May2025,30Minute,Q25,/BUR-BUR-KAR-KAGILCIK2/BURDUR/DEBI/01May2025/30Minute/Q25/,False
629,BUR-BUR-KAR-KAGILCIK2,BURDUR,DEBI,01May2025,30Minute,Q5,/BUR-BUR-KAR-KAGILCIK2/BURDUR/DEBI/01May2025/30Minute/Q5/,False
630,BUR-BUR-KAR-KAGILCIK2,BURDUR,DEBI,01May2025,30Minute,Q50,/BUR-BUR-KAR-KAGILCIK2/BURDUR/DEBI/01May2025/30Minute/Q50/,False
631,BUR-BUR-KAR-KAGILCIK2,BURDUR,DEBI,01May2025,30Minute,Q500,/BUR-BUR-KAR-KAGILCIK2/BURDUR/DEBI/01May2025/30Minute/Q500/,False
632,BUR-BUR-KAR-KAGILCIK3,BURDUR,DEBI,01May2025,30Minute,Q10,/BUR-BUR-KAR-KAGILCIK3/BURDUR/DEBI/01May2025/30Minute/Q10/,False
633,BUR-BUR-KAR-KAGILCIK3,BURDUR,DEBI,01May2025,30Minute,Q100,/BUR-BUR-KAR-KAGILCIK3/BURDUR/DEBI/01May2025/30Minute/Q100/,False
634,BUR-BUR-KAR-KAGILCIK3,BURDUR,DEBI,01May2025,30Minute,Q1000,/BUR-BUR-KAR-KAGILCIK3/BURDUR/DEBI/01May2025/30Minute/Q1000/,False
635,BUR-BUR-KAR-KAGILCIK3,BURDUR,DEBI,01May2025,30Minute,Q2,/BUR-BUR-KAR-KAGILCIK3/BURDUR/DEBI/01May2025/30Minute/Q2/,False
636,BUR-BUR-KAR-KAGILCIK3,BURDUR,DEBI,01May2025,30Minute,Q25,/BUR-BUR-KAR-KAGILCIK3/BURDUR/DEBI/01May2025/30Minute/Q25/,False
637,BUR-BUR-KAR-KAGILCIK3,BURDUR,DEBI,01May2025,30Minute,Q5,/BUR-BUR-KAR-KAGILCIK3/BURDUR/DEBI/01May2025/30Minute/Q5/,False
638,BUR-BUR-KAR-KAGILCIK3,BURDUR,DEBI,01May2025,30Minute,Q50,/BUR-BUR-KAR-KAGILCIK3/BURDUR/DEBI/01May2025/30Minute/Q50/,False
639,BUR-BUR-KAR-KAGILCIK3,BURDUR,DEBI,01May2025,30Minute,Q500,/BUR-BUR-KAR-KAGILCIK3/BURDUR/DEBI/01May2025/30Minute/Q500/,False
640,BUR-BUR-KAR-KARAMANLI1,BURDUR,DEBI,02May2025,5Minute,Q10,/BUR-BUR-KAR-KARAMANLI1/BURDUR/DEBI/02May2025/5Minute/Q10/,False
641,BUR-BUR-KAR-KARAMANLI1,BURDUR,DEBI,02May2025,5Minute,Q100,/BUR-BUR-KAR-KARAMANLI1/BURDUR/DEBI/02May2025/5Minute/Q100/,False
642,BUR-BUR-KAR-KARAMANLI1,BURDUR,DEBI,02May2025,5Minute,Q1000,/BUR-BUR-KAR-KARAMANLI1/BURDUR/DEBI/02May2025/5Minute/Q1000/,False
643,BUR-BUR-KAR-KARAMANLI1,BURDUR,DEBI,02May2025,5Minute,Q2,/BUR-BUR-KAR-KARAMANLI1/BURDUR/DEBI/02May2025/5Minute/Q2/,False
644,BUR-BUR-KAR-KARAMANLI1,BURDUR,DEBI,02May2025,5Minute,Q25,/BUR-BUR-KAR-KARAMANLI1/BURDUR/DEBI/02May2025/5Minute/Q25/,False
645,BUR-BUR-KAR-KARAMANLI1,BURDUR,DEBI,02May2025,5Minute,Q5,/BUR-BUR-KAR-KARAMANLI1/BURDUR/DEBI/02May2025/5Minute/Q5/,False
646,BUR-BUR-KAR-KARAMANLI1,BURDUR,DEBI,02May2025,5Minute,Q50,/BUR-BUR-KAR-KARAMANLI1/BURDUR/DEBI/02May2025/5Minute/Q50/,False
647,BUR-BUR-KAR-KARAMANLI1,BURDUR,DEBI,02May2025,5Minute,Q500,/BUR-BUR-KAR-KARAMANLI1/BURDUR/DEBI/02May2025/5Minute/Q500/,False
648,BUR-BUR-KAR-KARAMANLI2,BURDUR,DEBI,02May2025,5Minute,Q10,/BUR-BUR-KAR-KARAMANLI2/BURDUR/DEBI/02May2025/5Minute/Q10/,False
649,BUR-BUR-KAR-KARAMANLI2,BURDUR,DEBI,02May2025,5Minute,Q100,/BUR-BUR-KAR-KARAMANLI2/BURDUR/DEBI/02May2025/5Minute/Q100/,False
650,BUR-BUR-KAR-KARAMANLI2,BURDUR,DEBI,02May2025,5Minute,Q1000,/BUR-BUR-KAR-KARAMANLI2/BURDUR/DEBI/02May2025/5Minute/Q1000/,False
651,BUR-BUR-KAR-KARAMANLI2,BURDUR,DEBI,02May2025,5Minute,Q2,/BUR-BUR-KAR-KARAMANLI2/BURDUR/DEBI/02May2025/5Minute/Q2/,False
652,BUR-BUR-KAR-KARAMANLI2,BURDUR,DEBI,02May2025,5Minute,Q25,/BUR-BUR-KAR-KARAMANLI2/BURDUR/DEBI/02May2025/5Minute/Q25/,False
653,BUR-BUR-KAR-KARAMANLI2,BURDUR,DEBI,02May2025,5Minute,Q5,/BUR-BUR-KAR-KARAMANLI2/BURDUR/DEBI/02May2025/5Minute/Q5/,False
654,BUR-BUR-KAR-KARAMANLI2,BURDUR,DEBI,02May2025,5Minute,Q50,/BUR-BUR-KAR-KARAMANLI2/BURDUR/DEBI/02May2025/5Minute/Q50/,False
655,BUR-BUR-KAR-KARAMANLI2,BURDUR,DEBI,02May2025,5Minute,Q500,/BUR-BUR-KAR-KARAMANLI2/BURDUR/DEBI/02May2025/5Minute/Q500/,False
656,BUR-BUR-KAR-KARAMANLI3,BURDUR,DEBI,02May2025,5Minute,Q10,/BUR-BUR-KAR-KARAMANLI3/BURDUR/DEBI/02May2025/5Minute/Q10/,False
657,BUR-BUR-KAR-KARAMANLI3,BURDUR,DEBI,02May2025,5Minute,Q100,/BUR-BUR-KAR-KARAMANLI3/BURDUR/DEBI/02May2025/5Minute/Q100/,False
658,BUR-BUR-KAR-KARAMANLI3,BURDUR,DEBI,02May2025,5Minute,Q1000,/BUR-BUR-KAR-KARAMANLI3/BURDUR/DEBI/02May2025/5Minute/Q1000/,False
659,BUR-BUR-KAR-KARAMANLI3,BURDUR,DEBI,02May2025,5Minute,Q2,/BUR-BUR-KAR-KARAMANLI3/BURDUR/DEBI/02May2025/5Minute/Q2/,False
660,BUR-BUR-KAR-KARAMANLI3,BURDUR,DEBI,02May2025,5Minute,Q25,/BUR-BUR-KAR-KARAMANLI3/BURDUR/DEBI/02May2025/5Minute/Q25/,False
661,BUR-BUR-KAR-KARAMANLI3,BURDUR,DEBI,02May2025,5Minute,Q5,/BUR-BUR-KAR-KARAMANLI3/BURDUR/DEBI/02May2025/5Minute/Q5/,False
662,BUR-BUR-KAR-KARAMANLI3,BURDUR,DEBI,02May2025,5Minute,Q50,/BUR-BUR-KAR-KARAMANLI3/BURDUR/DEBI/02May2025/5Minute/Q50/,False
663,BUR-BUR-KAR-KARAMANLI3,BURDUR,DEBI,02May2025,5Minute,Q500,/BUR-BUR-KAR-KARAMANLI3/BURDUR/DEBI/02May2025/5Minute/Q500/,False
664,BUR-BUR-KAR-KARAMANLI-T1,BURDUR,DEBI,01May2025,30Minute,Q10,/BUR-BUR-KAR-KARAMANLI-T1/BURDUR/DEBI/01May2025/30Minute/Q10/,False
665,BUR-BUR-KAR-KARAMANLI-T1,BURDUR,DEBI,01May2025,30Minute,Q100,/BUR-BUR-KAR-KARAMANLI-T1/BURDUR/DEBI/01May2025/30Minute/Q100/,False
666,BUR-BUR-KAR-KARAMANLI-T1,BURDUR,DEBI,01May2025,30Minute,Q1000,/BUR-BUR-KAR-KARAMANLI-T1/BURDUR/DEBI/01May2025/30Minute/Q1000/,False
667,BUR-BUR-KAR-KARAMANLI-T1,BURDUR,DEBI,01May2025,30Minute,Q2,/BUR-BUR-KAR-KARAMANLI-T1/BURDUR/DEBI/01May2025/30Minute/Q2/,False
668,BUR-BUR-KAR-KARAMANLI-T1,BURDUR,DEBI,01May2025,30Minute,Q25,/BUR-BUR-KAR-KARAMANLI-T1/BURDUR/DEBI/01May2025/30Minute/Q25/,False
669,BUR-BUR-KAR-KARAMANLI-T1,BURDUR,DEBI,01May2025,30Minute,Q5,/BUR-BUR-KAR-KARAMANLI-T1/BURDUR/DEBI/01May2025/30Minute/Q5/,False
670,BUR-BUR-KAR-KARAMANLI-T1,BURDUR,DEBI,01May2025,30Minute,Q50,/BUR-BUR-KAR-KARAMANLI-T1/BURDUR/DEBI/01May2025/30Minute/Q50/,False
671,BUR-BUR-KAR-KARAMANLI-T1,BURDUR,DEBI,01May2025,30Minute,Q500,/BUR-BUR-KAR-KARAMANLI-T1/BURDUR/DEBI/01May2025/30Minute/Q500/,False
672,BUR-BUR-KAR-KARAMANLI-T2,BURDUR,DEBI,01May2025,30Minute,Q10,/BUR-BUR-KAR-KARAMANLI-T2/BURDUR/DEBI/01May2025/30Minute/Q10/,False
673,BUR-BUR-KAR-KARAMANLI-T2,BURDUR,DEBI,01May2025,30Minute,Q100,/BUR-BUR-KAR-KARAMANLI-T2/BURDUR/DEBI/01May2025/30Minute/Q100/,False
674,BUR-BUR-KAR-KARAMANLI-T2,BURDUR,DEBI,01May2025,30Minute,Q1000,/BUR-BUR-KAR-KARAMANLI-T2/BURDUR/DEBI/01May2025/30Minute/Q1000/,False
675,BUR-BUR-KAR-KARAMANLI-T2,BURDUR,DEBI,01May2025,30Minute,Q2,/BUR-BUR-KAR-KARAMANLI-T2/BURDUR/DEBI/01May2025/30Minute/Q2/,False
676,BUR-BUR-KAR-KARAMANLI-T2,BURDUR,DEBI,01May2025,30Minute,Q25,/BUR-BUR-KAR-KARAMANLI-T2/BURDUR/DEBI/01May2025/30Minute/Q25/,False
677,BUR-BUR-KAR-KARAMANLI-T2,BURDUR,DEBI,01May2025,30Minute,Q5,/BUR-BUR-KAR-KARAMANLI-T2/BURDUR/DEBI/01May2025/30Minute/Q5/,False
678,BUR-BUR-KAR-KARAMANLI-T2,BURDUR,DEBI,01May2025,30Minute,Q50,/BUR-BUR-KAR-KARAMANLI-T2/BURDUR/DEBI/01May2025/30Minute/Q50/,False
679,BUR-BUR-KAR-KARAMANLI-T2,BURDUR,DEBI,01May2025,30Minute,Q500,/BUR-BUR-KAR-KARAMANLI-T2/BURDUR/DEBI/01May2025/30Minute/Q500/,False
680,BUR-BUR-KAR-KARAMANLI-T5,BURDUR,DEBI,01May2025,30Minute,Q10,/BUR-BUR-KAR-KARAMANLI-T5/BURDUR/DEBI/01May2025/30Minute/Q10/,False
681,BUR-BUR-KAR-KARAMANLI-T5,BURDUR,DEBI,01May2025,30Minute,Q100,/BUR-BUR-KAR-KARAMANLI-T5/BURDUR/DEBI/01May2025/30Minute/Q100/,False
682,BUR-BUR-KAR-KARAMANLI-T5,BURDUR,DEBI,01May2025,30Minute,Q1000,/BUR-BUR-KAR-KARAMANLI-T5/BURDUR/DEBI/01May2025/30Minute/Q1000/,False
683,BUR-BUR-KAR-KARAMANLI-T5,BURDUR,DEBI,01May2025,30Minute,Q2,/BUR-BUR-KAR-KARAMANLI-T5/BURDUR/DEBI/01May2025/30Minute/Q2/,False
684,BUR-BUR-KAR-KARAMANLI-T5,BURDUR,DEBI,01May2025,30Minute,Q25,/BUR-BUR-KAR-KARAMANLI-T5/BURDUR/DEBI/01May2025/30Minute/Q25/,False
685,BUR-BUR-KAR-KARAMANLI-T5,BURDUR,DEBI,01May2025,30Minute,Q5,/BUR-BUR-KAR-KARAMANLI-T5/BURDUR/DEBI/01May2025/30Minute/Q5/,False
686,BUR-BUR-KAR-KARAMANLI-T5,BURDUR,DEBI,01May2025,30Minute,Q50,/BUR-BUR-KAR-KARAMANLI-T5/BURDUR/DEBI/01May2025/30Minute/Q50/,False
687,BUR-BUR-KAR-KARAMANLI-T5,BURDUR,DEBI,01May2025,30Minute,Q500,/BUR-BUR-KAR-KARAMANLI-T5/BURDUR/DEBI/01May2025/30Minute/Q500/,False
688,BUR-BUR-KAR-KARAMANLI-T6,BURDUR,DEBI,01May2025,30Minute,Q10,/BUR-BUR-KAR-KARAMANLI-T6/BURDUR/DEBI/01May2025/30Minute/Q10/,False
689,BUR-BUR-KAR-KARAMANLI-T6,BURDUR,DEBI,01May2025,30Minute,Q100,/BUR-BUR-KAR-KARAMANLI-T6/BURDUR/DEBI/01May2025/30Minute/Q100/,False
690,BUR-BUR-KAR-KARAMANLI-T6,BURDUR,DEBI,01May2025,30Minute,Q1000,/BUR-BUR-KAR-KARAMANLI-T6/BURDUR/DEBI/01May2025/30Minute/Q1000/,False
691,BUR-BUR-KAR-KARAMANLI-T6,BURDUR,DEBI,01May2025,30Minute,Q2,/BUR-BUR-KAR-KARAMANLI-T6/BURDUR/DEBI/01May2025/30Minute/Q2/,False
692,BUR-BUR-KAR-KARAMANLI-T6,BURDUR,DEBI,01May2025,30Minute,Q25,/BUR-BUR-KAR-KARAMANLI-T6/BURDUR/DEBI/01May2025/30Minute/Q25/,False
693,BUR-BUR-KAR-KARAMANLI-T6,BURDUR,DEBI,01May2025,30Minute,Q5,/BUR-BUR-KAR-KARAMANLI-T6/BURDUR/DEBI/01May2025/30Minute/Q5/,False
694,BUR-BUR-KAR-KARAMANLI-T6,BURDUR,DEBI,01May2025,30Minute,Q50,/BUR-BUR-KAR-KARAMANLI-T6/BURDUR/DEBI/01May2025/30Minute/Q50/,False
695,BUR-BUR-KAR-KARAMANLI-T6,BURDUR,DEBI,01May2025,30Minute,Q500,/BUR-BUR-KAR-KARAMANLI-T6/BURDUR/DEBI/01May2025/30Minute/Q500/,False
696,BUR-BUR-KAR-KARAMNLBARAJI,BURDUR,DEBI,01May2025,30Minute,Q10,/BUR-BUR-KAR-KARAMNLBARAJI/BURDUR/DEBI/01May2025/30Minute/Q10/,False
697,BUR-BUR-KAR-KARAMNLBARAJI,BURDUR,DEBI,01May2025,30Minute,Q100,/BUR-BUR-KAR-KARAMNLBARAJI/BURDUR/DEBI/01May2025/30Minute/Q100/,False
698,BUR-BUR-KAR-KARAMNLBARAJI,BURDUR,DEBI,01May2025,30Minute,Q1000,/BUR-BUR-KAR-KARAMNLBARAJI/BURDUR/DEBI/01May2025/30Minute/Q1000/,False
699,BUR-BUR-KAR-KARAMNLBARAJI,BURDUR,DEBI,01May2025,30Minute,Q2,/BUR-BUR-KAR-KARAMNLBARAJI/BURDUR/DEBI/01May2025/30Minute/Q2/,False
700,BUR-BUR-KAR-KARAMNLBARAJI,BURDUR,DEBI,01May2025,30Minute,Q25,/BUR-BUR-KAR-KARAMNLBARAJI/BURDUR/DEBI/01May2025/30Minute/Q25/,False
701,BUR-BUR-KAR-KARAMNLBARAJI,BURDUR,DEBI,01May2025,30Minute,Q5,/BUR-BUR-KAR-KARAMNLBARAJI/BURDUR/DEBI/01May2025/30Minute/Q5/,False
702,BUR-BUR-KAR-KARAMNLBARAJI,BURDUR,DEBI,01May2025,30Minute,Q50,/BUR-BUR-KAR-KARAMNLBARAJI/BURDUR/DEBI/01May2025/30Minute/Q50/,False
703,BUR-BUR-KAR-KARAMNLBARAJI,BURDUR,DEBI,01May2025,30Minute,Q500,/BUR-BUR-KAR-KARAMNLBARAJI/BURDUR/DEBI/01May2025/30Minute/Q500/,False
704,BUR-BUR-KAR-KAYALI,BURDUR,DEBI,01May2025,30Minute,Q10,/BUR-BUR-KAR-KAYALI/BURDUR/DEBI/01May2025/30Minute/Q10/,False
705,BUR-BUR-KAR-KAYALI,BURDUR,DEBI,01May2025,30Minute,Q100,/BUR-BUR-KAR-KAYALI/BURDUR/DEBI/01May2025/30Minute/Q100/,False
706,BUR-BUR-KAR-KAYALI,BURDUR,DEBI,01May2025,30Minute,Q1000,/BUR-BUR-KAR-KAYALI/BURDUR/DEBI/01May2025/30Minute/Q1000/,False
707,BUR-BUR-KAR-KAYALI,BURDUR,DEBI,01May2025,30Minute,Q2,/BUR-BUR-KAR-KAYALI/BURDUR/DEBI/01May2025/30Minute/Q2/,False
708,BUR-BUR-KAR-KAYALI,BURDUR,DEBI,01May2025,30Minute,Q25,/BUR-BUR-KAR-KAYALI/BURDUR/DEBI/01May2025/30Minute/Q25/,False
709,BUR-BUR-KAR-KAYALI,BURDUR,DEBI,01May2025,30Minute,Q5,/BUR-BUR-KAR-KAYALI/BURDUR/DEBI/01May2025/30Minute/Q5/,False
710,BUR-BUR-KAR-KAYALI,BURDUR,DEBI,01May2025,30Minute,Q50,/BUR-BUR-KAR-KAYALI/BURDUR/DEBI/01May2025/30Minute/Q50/,False
711,BUR-BUR-KAR-KAYALI,BURDUR,DEBI,01May2025,30Minute,Q500,/BUR-BUR-KAR-KAYALI/BURDUR/DEBI/01May2025/30Minute/Q500/,False
712,BUR-BUR-KAR-KAYALI2,BURDUR,DEBI,01May2025,30Minute,Q10,/BUR-BUR-KAR-KAYALI2/BURDUR/DEBI/01May2025/30Minute/Q10/,False
713,BUR-BUR-KAR-KAYALI2,BURDUR,DEBI,01May2025,30Minute,Q100,/BUR-BUR-KAR-KAYALI2/BURDUR/DEBI/01May2025/30Minute/Q100/,False
714,BUR-BUR-KAR-KAYALI2,BURDUR,DEBI,01May2025,30Minute,Q1000,/BUR-BUR-KAR-KAYALI2/BURDUR/DEBI/01May2025/30Minute/Q1000/,False
715,BUR-BUR-KAR-KAYALI2,BURDUR,DEBI,01May2025,30Minute,Q2,/BUR-BUR-KAR-KAYALI2/BURDUR/DEBI/01May2025/30Minute/Q2/,False
716,BUR-BUR-KAR-KAYALI2,BURDUR,DEBI,01May2025,30Minute,Q25,/BUR-BUR-KAR-KAYALI2/BURDUR/DEBI/01May2025/30Minute/Q25/,False
717,BUR-BUR-KAR-KAYALI2,BURDUR,DEBI,01May2025,30Minute,Q5,/BUR-BUR-KAR-KAYALI2/BURDUR/DEBI/01May2025/30Minute/Q5/,False
718,BUR-BUR-KAR-KAYALI2,BURDUR,DEBI,01May2025,30Minute,Q50,/BUR-BUR-KAR-KAYALI2/BURDUR/DEBI/01May2025/30Minute/Q50/,False
719,BUR-BUR-KAR-KAYALI2,BURDUR,DEBI,01May2025,30Minute,Q500,/BUR-BUR-KAR-KAYALI2/BURDUR/DEBI/01May2025/30Minute/Q500/,False
720,BUR-BUR-KAR-KILAVUZLAR,BURDUR,DEBI,02May2025,5Minute,Q10,/BUR-BUR-KAR-KILAVUZLAR/BURDUR/DEBI/02May2025/5Minute/Q10/,False
721,BUR-BUR-KAR-KILAVUZLAR,BURDUR,DEBI,02May2025,5Minute,Q100,/BUR-BUR-KAR-KILAVUZLAR/BURDUR/DEBI/02May2025/5Minute/Q100/,False
722,BUR-BUR-KAR-KILAVUZLAR,BURDUR,DEBI,02May2025,5Minute,Q1000,/BUR-BUR-KAR-KILAVUZLAR/BURDUR/DEBI/02May2025/5Minute/Q1000/,False
723,BUR-BUR-KAR-KILAVUZLAR,BURDUR,DEBI,02May2025,5Minute,Q2,/BUR-BUR-KAR-KILAVUZLAR/BURDUR/DEBI/02May2025/5Minute/Q2/,False
724,BUR-BUR-KAR-KILAVUZLAR,BURDUR,DEBI,02May2025,5Minute,Q25,/BUR-BUR-KAR-KILAVUZLAR/BURDUR/DEBI/02May2025/5Minute/Q25/,False
725,BUR-BUR-KAR-KILAVUZLAR,BURDUR,DEBI,02May2025,5Minute,Q5,/BUR-BUR-KAR-KILAVUZLAR/BURDUR/DEBI/02May2025/5Minute/Q5/,False
726,BUR-BUR-KAR-KILAVUZLAR,BURDUR,DEBI,02May2025,5Minute,Q50,/BUR-BUR-KAR-KILAVUZLAR/BURDUR/DEBI/02May2025/5Minute/Q50/,False
727,BUR-BUR-KAR-KILAVUZLAR,BURDUR,DEBI,02May2025,5Minute,Q500,/BUR-BUR-KAR-KILAVUZLAR/BURDUR/DEBI/02May2025/5Minute/Q500/,False
728,BUR-BUR-KAR-KILAVUZLAR-T,BURDUR,DEBI,01May2025,30Minute,Q10,/BUR-BUR-KAR-KILAVUZLAR-T/BURDUR/DEBI/01May2025/30Minute/Q10/,False
729,BUR-BUR-KAR-KILAVUZLAR-T,BURDUR,DEBI,01May2025,30Minute,Q100,/BUR-BUR-KAR-KILAVUZLAR-T/BURDUR/DEBI/01May2025/30Minute/Q100/,False
730,BUR-BUR-KAR-KILAVUZLAR-T,BURDUR,DEBI,01May2025,30Minute,Q1000,/BUR-BUR-KAR-KILAVUZLAR-T/BURDUR/DEBI/01May2025/30Minute/Q1000/,False
731,BUR-BUR-KAR-KILAVUZLAR-T,BURDUR,DEBI,01May2025,30Minute,Q2,/BUR-BUR-KAR-KILAVUZLAR-T/BURDUR/DEBI/01May2025/30Minute/Q2/,False
732,BUR-BUR-KAR-KILAVUZLAR-T,BURDUR,DEBI,01May2025,30Minute,Q25,/BUR-BUR-KAR-KILAVUZLAR-T/BURDUR/DEBI/01May2025/30Minute/Q25/,False
733,BUR-BUR-KAR-KILAVUZLAR-T,BURDUR,DEBI,01May2025,30Minute,Q5,/BUR-BUR-KAR-KILAVUZLAR-T/BURDUR/DEBI/01May2025/30Minute/Q5/,False
734,BUR-BUR-KAR-KILAVUZLAR-T,BURDUR,DEBI,01May2025,30Minute,Q50,/BUR-BUR-KAR-KILAVUZLAR-T/BURDUR/DEBI/01May2025/30Minute/Q50/,False
735,BUR-BUR-KAR-KILAVUZLAR-T,BURDUR,DEBI,01May2025,30Minute,Q500,/BUR-BUR-KAR-KILAVUZLAR-T/BURDUR/DEBI/01May2025/30Minute/Q500/,False
736,BUR-BUR-KAR-KILCAN1,BURDUR,DEBI,02May2025,5Minute,Q10,/BUR-BUR-KAR-KILCAN1/BURDUR/DEBI/02May2025/5Minute/Q10/,False
737,BUR-BUR-KAR-KILCAN1,BURDUR,DEBI,02May2025,5Minute,Q100,/BUR-BUR-KAR-KILCAN1/BURDUR/DEBI/02May2025/5Minute/Q100/,False
738,BUR-BUR-KAR-KILCAN1,BURDUR,DEBI,02May2025,5Minute,Q1000,/BUR-BUR-KAR-KILCAN1/BURDUR/DEBI/02May2025/5Minute/Q1000/,False
739,BUR-BUR-KAR-KILCAN1,BURDUR,DEBI,02May2025,5Minute,Q2,/BUR-BUR-KAR-KILCAN1/BURDUR/DEBI/02May2025/5Minute/Q2/,False
740,BUR-BUR-KAR-KILCAN1,BURDUR,DEBI,02May2025,5Minute,Q25,/BUR-BUR-KAR-KILCAN1/BURDUR/DEBI/02May2025/5Minute/Q25/,False
741,BUR-BUR-KAR-KILCAN1,BURDUR,DEBI,02May2025,5Minute,Q5,/BUR-BUR-KAR-KILCAN1/BURDUR/DEBI/02May2025/5Minute/Q5/,False
742,BUR-BUR-KAR-KILCAN1,BURDUR,DEBI,02May2025,5Minute,Q50,/BUR-BUR-KAR-KILCAN1/BURDUR/DEBI/02May2025/5Minute/Q50/,False
743,BUR-BUR-KAR-KILCAN1,BURDUR,DEBI,02May2025,5Minute,Q500,/BUR-BUR-KAR-KILCAN1/BURDUR/DEBI/02May2025/5Minute/Q500/,False
744,BUR-BUR-KAR-KILCAN2,BURDUR,DEBI,02May2025,5Minute,Q10,/BUR-BUR-KAR-KILCAN2/BURDUR/DEBI/02May2025/5Minute/Q10/,False
745,BUR-BUR-KAR-KILCAN2,BURDUR,DEBI,02May2025,5Minute,Q100,/BUR-BUR-KAR-KILCAN2/BURDUR/DEBI/02May2025/5Minute/Q100/,False
746,BUR-BUR-KAR-KILCAN2,BURDUR,DEBI,02May2025,5Minute,Q1000,/BUR-BUR-KAR-KILCAN2/BURDUR/DEBI/02May2025/5Minute/Q1000/,False
747,BUR-BUR-KAR-KILCAN2,BURDUR,DEBI,02May2025,5Minute,Q2,/BUR-BUR-KAR-KILCAN2/BURDUR/DEBI/02May2025/5Minute/Q2/,False
748,BUR-BUR-KAR-KILCAN2,BURDUR,DEBI,02May2025,5Minute,Q25,/BUR-BUR-KAR-KILCAN2/BURDUR/DEBI/02May2025/5Minute/Q25/,False
749,BUR-BUR-KAR-KILCAN2,BURDUR,DEBI,02May2025,5Minute,Q5,/BUR-BUR-KAR-KILCAN2/BURDUR/DEBI/02May2025/5Minute/Q5/,False
750,BUR-BUR-KAR-KILCAN2,BURDUR,DEBI,02May2025,5Minute,Q50,/BUR-BUR-KAR-KILCAN2/BURDUR/DEBI/02May2025/5Minute/Q50/,False
751,BUR-BUR-KAR-KILCAN2,BURDUR,DEBI,02May2025,5Minute,Q500,/BUR-BUR-KAR-KILCAN2/BURDUR/DEBI/02May2025/5Minute/Q500/,False
752,BUR-BUR-KAR-MANCA1,BURDUR,DEBI,01May2025,30Minute,Q10,/BUR-BUR-KAR-MANCA1/BURDUR/DEBI/01May2025/30Minute/Q10/,False
753,BUR-BUR-KAR-MANCA1,BURDUR,DEBI,01May2025,30Minute,Q100,/BUR-BUR-KAR-MANCA1/BURDUR/DEBI/01May2025/30Minute/Q100/,False
754,BUR-BUR-KAR-MANCA1,BURDUR,DEBI,01May2025,30Minute,Q1000,/BUR-BUR-KAR-MANCA1/BURDUR/DEBI/01May2025/30Minute/Q1000/,False
755,BUR-BUR-KAR-MANCA1,BURDUR,DEBI,01May2025,30Minute,Q2,/BUR-BUR-KAR-MANCA1/BURDUR/DEBI/01May2025/30Minute/Q2/,False
756,BUR-BUR-KAR-MANCA1,BURDUR,DEBI,01May2025,30Minute,Q25,/BUR-BUR-KAR-MANCA1/BURDUR/DEBI/01May2025/30Minute/Q25/,False
757,BUR-BUR-KAR-MANCA1,BURDUR,DEBI,01May2025,30Minute,Q5,/BUR-BUR-KAR-MANCA1/BURDUR/DEBI/01May2025/30Minute/Q5/,False
758,BUR-BUR-KAR-MANCA1,BURDUR,DEBI,01May2025,30Minute,Q50,/BUR-BUR-KAR-MANCA1/BURDUR/DEBI/01May2025/30Minute/Q50/,False
759,BUR-BUR-KAR-MANCA1,BURDUR,DEBI,01May2025,30Minute,Q500,/BUR-BUR-KAR-MANCA1/BURDUR/DEBI/01May2025/30Minute/Q500/,False
760,BUR-BUR-KAR-MANCA2,BURDUR,DEBI,01May2025,30Minute,Q10,/BUR-BUR-KAR-MANCA2/BURDUR/DEBI/01May2025/30Minute/Q10/,False
761,BUR-BUR-KAR-MANCA2,BURDUR,DEBI,01May2025,30Minute,Q100,/BUR-BUR-KAR-MANCA2/BURDUR/DEBI/01May2025/30Minute/Q100/,False
762,BUR-BUR-KAR-MANCA2,BURDUR,DEBI,01May2025,30Minute,Q1000,/BUR-BUR-KAR-MANCA2/BURDUR/DEBI/01May2025/30Minute/Q1000/,False
763,BUR-BUR-KAR-MANCA2,BURDUR,DEBI,01May2025,30Minute,Q2,/BUR-BUR-KAR-MANCA2/BURDUR/DEBI/01May2025/30Minute/Q2/,False
764,BUR-BUR-KAR-MANCA2,BURDUR,DEBI,01May2025,30Minute,Q25,/BUR-BUR-KAR-MANCA2/BURDUR/DEBI/01May2025/30Minute/Q25/,False
765,BUR-BUR-KAR-MANCA2,BURDUR,DEBI,01May2025,30Minute,Q5,/BUR-BUR-KAR-MANCA2/BURDUR/DEBI/01May2025/30Minute/Q5/,False
766,BUR-BUR-KAR-MANCA2,BURDUR,DEBI,01May2025,30Minute,Q50,/BUR-BUR-KAR-MANCA2/BURDUR/DEBI/01May2025/30Minute/Q50/,False
767,BUR-BUR-KAR-MANCA2,BURDUR,DEBI,01May2025,30Minute,Q500,/BUR-BUR-KAR-MANCA2/BURDUR/DEBI/01May2025/30Minute/Q500/,False
768,BUR-BUR-KAR-MURSELLER1,BURDUR,DEBI,01May2025,30Minute,Q10,/BUR-BUR-KAR-MURSELLER1/BURDUR/DEBI/01May2025/30Minute/Q10/,False
769,BUR-BUR-KAR-MURSELLER1,BURDUR,DEBI,01May2025,30Minute,Q100,/BUR-BUR-KAR-MURSELLER1/BURDUR/DEBI/01May2025/30Minute/Q100/,False
770,BUR-BUR-KAR-MURSELLER1,BURDUR,DEBI,01May2025,30Minute,Q1000,/BUR-BUR-KAR-MURSELLER1/BURDUR/DEBI/01May2025/30Minute/Q1000/,False
771,BUR-BUR-KAR-MURSELLER1,BURDUR,DEBI,01May2025,30Minute,Q2,/BUR-BUR-KAR-MURSELLER1/BURDUR/DEBI/01May2025/30Minute/Q2/,False
772,BUR-BUR-KAR-MURSELLER1,BURDUR,DEBI,01May2025,30Minute,Q25,/BUR-BUR-KAR-MURSELLER1/BURDUR/DEBI/01May2025/30Minute/Q25/,False
773,BUR-BUR-KAR-MURSELLER1,BURDUR,DEBI,01May2025,30Minute,Q5,/BUR-BUR-KAR-MURSELLER1/BURDUR/DEBI/01May2025/30Minute/Q5/,False
774,BUR-BUR-KAR-MURSELLER1,BURDUR,DEBI,01May2025,30Minute,Q50,/BUR-BUR-KAR-MURSELLER1/BURDUR/DEBI/01May2025/30Minute/Q50/,False
775,BUR-BUR-KAR-MURSELLER1,BURDUR,DEBI,01May2025,30Minute,Q500,/BUR-BUR-KAR-MURSELLER1/BURDUR/DEBI/01May2025/30Minute/Q500/,False
776,BUR-BUR-KAR-MURSELLER2,BURDUR,DEBI,01May2025,30Minute,Q10,/BUR-BUR-KAR-MURSELLER2/BURDUR/DEBI/01May2025/30Minute/Q10/,False
777,BUR-BUR-KAR-MURSELLER2,BURDUR,DEBI,01May2025,30Minute,Q100,/BUR-BUR-KAR-MURSELLER2/BURDUR/DEBI/01May2025/30Minute/Q100/,False
778,BUR-BUR-KAR-MURSELLER2,BURDUR,DEBI,01May2025,30Minute,Q1000,/BUR-BUR-KAR-MURSELLER2/BURDUR/DEBI/01May2025/30Minute/Q1000/,False
779,BUR-BUR-KAR-MURSELLER2,BURDUR,DEBI,01May2025,30Minute,Q2,/BUR-BUR-KAR-MURSELLER2/BURDUR/DEBI/01May2025/30Minute/Q2/,False
780,BUR-BUR-KAR-MURSELLER2,BURDUR,DEBI,01May2025,30Minute,Q25,/BUR-BUR-KAR-MURSELLER2/BURDUR/DEBI/01May2025/30Minute/Q25/,False
781,BUR-BUR-KAR-MURSELLER2,BURDUR,DEBI,01May2025,30Minute,Q5,/BUR-BUR-KAR-MURSELLER2/BURDUR/DEBI/01May2025/30Minute/Q5/,False
782,BUR-BUR-KAR-MURSELLER2,BURDUR,DEBI,01May2025,30Minute,Q50,/BUR-BUR-KAR-MURSELLER2/BURDUR/DEBI/01May2025/30Minute/Q50/,False
783,BUR-BUR-KAR-MURSELLER2,BURDUR,DEBI,01May2025,30Minute,Q500,/BUR-BUR-KAR-MURSELLER2/BURDUR/DEBI/01May2025/30Minute/Q500/,False
784,BUR-BUR-KEC-ARDICLI-T,BURDUR,DEBI,01May2025,30Minute,Q10,/BUR-BUR-KEC-ARDICLI-T/BURDUR/DEBI/01May2025/30Minute/Q10/,False
785,BUR-BUR-KEC-ARDICLI-T,BURDUR,DEBI,01May2025,30Minute,Q100,/BUR-BUR-KEC-ARDICLI-T/BURDUR/DEBI/01May2025/30Minute/Q100/,False
786,BUR-BUR-KEC-ARDICLI-T,BURDUR,DEBI,01May2025,30Minute,Q1000,/BUR-BUR-KEC-ARDICLI-T/BURDUR/DEBI/01May2025/30Minute/Q1000/,False
787,BUR-BUR-KEC-ARDICLI-T,BURDUR,DEBI,01May2025,30Minute,Q2,/BUR-BUR-KEC-ARDICLI-T/BURDUR/DEBI/01May2025/30Minute/Q2/,False
788,BUR-BUR-KEC-ARDICLI-T,BURDUR,DEBI,01May2025,30Minute,Q25,/BUR-BUR-KEC-ARDICLI-T/BURDUR/DEBI/01May2025/30Minute/Q25/,False
789,BUR-BUR-KEC-ARDICLI-T,BURDUR,DEBI,01May2025,30Minute,Q5,/BUR-BUR-KEC-ARDICLI-T/BURDUR/DEBI/01May2025/30Minute/Q5/,False
790,BUR-BUR-KEC-ARDICLI-T,BURDUR,DEBI,01May2025,30Minute,Q50,/BUR-BUR-KEC-ARDICLI-T/BURDUR/DEBI/01May2025/30Minute/Q50/,False
791,BUR-BUR-KEC-ARDICLI-T,BURDUR,DEBI,01May2025,30Minute,Q500,/BUR-BUR-KEC-ARDICLI-T/BURDUR/DEBI/01May2025/30Minute/Q500/,False
792,BUR-BUR-KEC-ARDICLI-T,BURDUR2,DEBI,01May2025,30Minute,Q10,/BUR-BUR-KEC-ARDICLI-T/BURDUR2/DEBI/01May2025/30Minute/Q10/,False
793,BUR-BUR-KEC-ARDICLI-T,BURDUR2,DEBI,01May2025,30Minute,Q100,/BUR-BUR-KEC-ARDICLI-T/BURDUR2/DEBI/01May2025/30Minute/Q100/,False
794,BUR-BUR-KEC-ARDICLI-T,BURDUR2,DEBI,01May2025,30Minute,Q1000,/BUR-BUR-KEC-ARDICLI-T/BURDUR2/DEBI/01May2025/30Minute/Q1000/,False
795,BUR-BUR-KEC-ARDICLI-T,BURDUR2,DEBI,01May2025,30Minute,Q2,/BUR-BUR-KEC-ARDICLI-T/BURDUR2/DEBI/01May2025/30Minute/Q2/,False
796,BUR-BUR-KEC-ARDICLI-T,BURDUR2,DEBI,01May2025,30Minute,Q25,/BUR-BUR-KEC-ARDICLI-T/BURDUR2/DEBI/01May2025/30Minute/Q25/,False
797,BUR-BUR-KEC-ARDICLI-T,BURDUR2,DEBI,01May2025,30Minute,Q5,/BUR-BUR-KEC-ARDICLI-T/BURDUR2/DEBI/01May2025/30Minute/Q5/,False
798,BUR-BUR-KEC-ARDICLI-T,BURDUR2,DEBI,01May2025,30Minute,Q50,/BUR-BUR-KEC-ARDICLI-T/BURDUR2/DEBI/01May2025/30Minute/Q50/,False
799,BUR-BUR-KEC-ARDICLI-T,BURDUR2,DEBI,01May2025,30Minute,Q500,/BUR-BUR-KEC-ARDICLI-T/BURDUR2/DEBI/01May2025/30Minute/Q500/,False
800,BUR-BUR-KEM-AKCAOREN1,BURDUR,DEBI,01May2025,30Minute,Q10,/BUR-BUR-KEM-AKCAOREN1/BURDUR/DEBI/01May2025/30Minute/Q10/,False
801,BUR-BUR-KEM-AKCAOREN1,BURDUR,DEBI,01May2025,30Minute,Q100,/BUR-BUR-KEM-AKCAOREN1/BURDUR/DEBI/01May2025/30Minute/Q100/,False
802,BUR-BUR-KEM-AKCAOREN1,BURDUR,DEBI,01May2025,30Minute,Q1000,/BUR-BUR-KEM-AKCAOREN1/BURDUR/DEBI/01May2025/30Minute/Q1000/,False
803,BUR-BUR-KEM-AKCAOREN1,BURDUR,DEBI,01May2025,30Minute,Q2,/BUR-BUR-KEM-AKCAOREN1/BURDUR/DEBI/01May2025/30Minute/Q2/,False
804,BUR-BUR-KEM-AKCAOREN1,BURDUR,DEBI,01May2025,30Minute,Q25,/BUR-BUR-KEM-AKCAOREN1/BURDUR/DEBI/01May2025/30Minute/Q25/,False
805,BUR-BUR-KEM-AKCAOREN1,BURDUR,DEBI,01May2025,30Minute,Q5,/BUR-BUR-KEM-AKCAOREN1/BURDUR/DEBI/01May2025/30Minute/Q5/,False
806,BUR-BUR-KEM-AKCAOREN1,BURDUR,DEBI,01May2025,30Minute,Q50,/BUR-BUR-KEM-AKCAOREN1/BURDUR/DEBI/01May2025/30Minute/Q50/,False
807,BUR-BUR-KEM-AKCAOREN1,BURDUR,DEBI,01May2025,30Minute,Q500,/BUR-BUR-KEM-AKCAOREN1/BURDUR/DEBI/01May2025/30Minute/Q500/,False
808,BUR-BUR-KEM-AKCAOREN2,BURDUR,DEBI,01May2025,30Minute,Q10,/BUR-BUR-KEM-AKCAOREN2/BURDUR/DEBI/01May2025/30Minute/Q10/,False
809,BUR-BUR-KEM-AKCAOREN2,BURDUR,DEBI,01May2025,30Minute,Q100,/BUR-BUR-KEM-AKCAOREN2/BURDUR/DEBI/01May2025/30Minute/Q100/,False
810,BUR-BUR-KEM-AKCAOREN2,BURDUR,DEBI,01May2025,30Minute,Q1000,/BUR-BUR-KEM-AKCAOREN2/BURDUR/DEBI/01May2025/30Minute/Q1000/,False
811,BUR-BUR-KEM-AKCAOREN2,BURDUR,DEBI,01May2025,30Minute,Q2,/BUR-BUR-KEM-AKCAOREN2/BURDUR/DEBI/01May2025/30Minute/Q2/,False
812,BUR-BUR-KEM-AKCAOREN2,BURDUR,DEBI,01May2025,30Minute,Q25,/BUR-BUR-KEM-AKCAOREN2/BURDUR/DEBI/01May2025/30Minute/Q25/,False
813,BUR-BUR-KEM-AKCAOREN2,BURDUR,DEBI,01May2025,30Minute,Q5,/BUR-BUR-KEM-AKCAOREN2/BURDUR/DEBI/01May2025/30Minute/Q5/,False
814,BUR-BUR-KEM-AKCAOREN2,BURDUR,DEBI,01May2025,30Minute,Q50,/BUR-BUR-KEM-AKCAOREN2/BURDUR/DEBI/01May2025/30Minute/Q50/,False
815,BUR-BUR-KEM-AKCAOREN2,BURDUR,DEBI,01May2025,30Minute,Q500,/BUR-BUR-KEM-AKCAOREN2/BURDUR/DEBI/01May2025/30Minute/Q500/,False
816,BUR-BUR-KEM-AKOREN1,BURDUR,DEBI,01May2025,30Minute,Q10,/BUR-BUR-KEM-AKOREN1/BURDUR/DEBI/01May2025/30Minute/Q10/,False
817,BUR-BUR-KEM-AKOREN1,BURDUR,DEBI,01May2025,30Minute,Q100,/BUR-BUR-KEM-AKOREN1/BURDUR/DEBI/01May2025/30Minute/Q100/,False
818,BUR-BUR-KEM-AKOREN1,BURDUR,DEBI,01May2025,30Minute,Q1000,/BUR-BUR-KEM-AKOREN1/BURDUR/DEBI/01May2025/30Minute/Q1000/,False
819,BUR-BUR-KEM-AKOREN1,BURDUR,DEBI,01May2025,30Minute,Q2,/BUR-BUR-KEM-AKOREN1/BURDUR/DEBI/01May2025/30Minute/Q2/,False
820,BUR-BUR-KEM-AKOREN1,BURDUR,DEBI,01May2025,30Minute,Q25,/BUR-BUR-KEM-AKOREN1/BURDUR/DEBI/01May2025/30Minute/Q25/,False
821,BUR-BUR-KEM-AKOREN1,BURDUR,DEBI,01May2025,30Minute,Q5,/BUR-BUR-KEM-AKOREN1/BURDUR/DEBI/01May2025/30Minute/Q5/,False
822,BUR-BUR-KEM-AKOREN1,BURDUR,DEBI,01May2025,30Minute,Q50,/BUR-BUR-KEM-AKOREN1/BURDUR/DEBI/01May2025/30Minute/Q50/,False
823,BUR-BUR-KEM-AKOREN1,BURDUR,DEBI,01May2025,30Minute,Q500,/BUR-BUR-KEM-AKOREN1/BURDUR/DEBI/01May2025/30Minute/Q500/,False
824,BUR-BUR-KEM-AKOREN2,BURDUR,DEBI,02May2025,5Minute,Q10,/BUR-BUR-KEM-AKOREN2/BURDUR/DEBI/02May2025/5Minute/Q10/,False
825,BUR-BUR-KEM-AKOREN2,BURDUR,DEBI,02May2025,5Minute,Q100,/BUR-BUR-KEM-AKOREN2/BURDUR/DEBI/02May2025/5Minute/Q100/,False
826,BUR-BUR-KEM-AKOREN2,BURDUR,DEBI,02May2025,5Minute,Q1000,/BUR-BUR-KEM-AKOREN2/BURDUR/DEBI/02May2025/5Minute/Q1000/,False
827,BUR-BUR-KEM-AKOREN2,BURDUR,DEBI,02May2025,5Minute,Q2,/BUR-BUR-KEM-AKOREN2/BURDUR/DEBI/02May2025/5Minute/Q2/,False
828,BUR-BUR-KEM-AKOREN2,BURDUR,DEBI,02May2025,5Minute,Q25,/BUR-BUR-KEM-AKOREN2/BURDUR/DEBI/02May2025/5Minute/Q25/,False
829,BUR-BUR-KEM-AKOREN2,BURDUR,DEBI,02May2025,5Minute,Q5,/BUR-BUR-KEM-AKOREN2/BURDUR/DEBI/02May2025/5Minute/Q5/,False
830,BUR-BUR-KEM-AKOREN2,BURDUR,DEBI,02May2025,5Minute,Q50,/BUR-BUR-KEM-AKOREN2/BURDUR/DEBI/02May2025/5Minute/Q50/,False
831,BUR-BUR-KEM-AKOREN2,BURDUR,DEBI,02May2025,5Minute,Q500,/BUR-BUR-KEM-AKOREN2/BURDUR/DEBI/02May2025/5Minute/Q500/,False
832,BUR-BUR-KEM-AKOREN3,BURDUR,DEBI,01May2025,30Minute,Q10,/BUR-BUR-KEM-AKOREN3/BURDUR/DEBI/01May2025/30Minute/Q10/,False
833,BUR-BUR-KEM-AKOREN3,BURDUR,DEBI,01May2025,30Minute,Q100,/BUR-BUR-KEM-AKOREN3/BURDUR/DEBI/01May2025/30Minute/Q100/,False
834,BUR-BUR-KEM-AKOREN3,BURDUR,DEBI,01May2025,30Minute,Q1000,/BUR-BUR-KEM-AKOREN3/BURDUR/DEBI/01May2025/30Minute/Q1000/,False
835,BUR-BUR-KEM-AKOREN3,BURDUR,DEBI,01May2025,30Minute,Q2,/BUR-BUR-KEM-AKOREN3/BURDUR/DEBI/01May2025/30Minute/Q2/,False
836,BUR-BUR-KEM-AKOREN3,BURDUR,DEBI,01May2025,30Minute,Q25,/BUR-BUR-KEM-AKOREN3/BURDUR/DEBI/01May2025/30Minute/Q25/,False
837,BUR-BUR-KEM-AKOREN3,BURDUR,DEBI,01May2025,30Minute,Q5,/BUR-BUR-KEM-AKOREN3/BURDUR/DEBI/01May2025/30Minute/Q5/,False
838,BUR-BUR-KEM-AKOREN3,BURDUR,DEBI,01May2025,30Minute,Q50,/BUR-BUR-KEM-AKOREN3/BURDUR/DEBI/01May2025/30Minute/Q50/,False
839,BUR-BUR-KEM-AKOREN3,BURDUR,DEBI,01May2025,30Minute,Q500,/BUR-BUR-KEM-AKOREN3/BURDUR/DEBI/01May2025/30Minute/Q500/,False
840,BUR-BUR-KEM-AKOREN-T1,BURDUR,DEBI,01May2025,30Minute,Q10,/BUR-BUR-KEM-AKOREN-T1/BURDUR/DEBI/01May2025/30Minute/Q10/,False
841,BUR-BUR-KEM-AKOREN-T1,BURDUR,DEBI,01May2025,30Minute,Q100,/BUR-BUR-KEM-AKOREN-T1/BURDUR/DEBI/01May2025/30Minute/Q100/,False
842,BUR-BUR-KEM-AKOREN-T1,BURDUR,DEBI,01May2025,30Minute,Q1000,/BUR-BUR-KEM-AKOREN-T1/BURDUR/DEBI/01May2025/30Minute/Q1000/,False
843,BUR-BUR-KEM-AKOREN-T1,BURDUR,DEBI,01May2025,30Minute,Q2,/BUR-BUR-KEM-AKOREN-T1/BURDUR/DEBI/01May2025/30Minute/Q2/,False
844,BUR-BUR-KEM-AKOREN-T1,BURDUR,DEBI,01May2025,30Minute,Q25,/BUR-BUR-KEM-AKOREN-T1/BURDUR/DEBI/01May2025/30Minute/Q25/,False
845,BUR-BUR-KEM-AKOREN-T1,BURDUR,DEBI,01May2025,30Minute,Q5,/BUR-BUR-KEM-AKOREN-T1/BURDUR/DEBI/01May2025/30Minute/Q5/,False
846,BUR-BUR-KEM-AKOREN-T1,BURDUR,DEBI,01May2025,30Minute,Q50,/BUR-BUR-KEM-AKOREN-T1/BURDUR/DEBI/01May2025/30Minute/Q50/,False
847,BUR-BUR-KEM-AKOREN-T1,BURDUR,DEBI,01May2025,30Minute,Q500,/BUR-BUR-KEM-AKOREN-T1/BURDUR/DEBI/01May2025/30Minute/Q500/,False
848,BUR-BUR-KEM-AKOREN-T2,BURDUR,DEBI,01May2025,30Minute,Q10,/BUR-BUR-KEM-AKOREN-T2/BURDUR/DEBI/01May2025/30Minute/Q10/,False
849,BUR-BUR-KEM-AKOREN-T2,BURDUR,DEBI,01May2025,30Minute,Q100,/BUR-BUR-KEM-AKOREN-T2/BURDUR/DEBI/01May2025/30Minute/Q100/,False
850,BUR-BUR-KEM-AKOREN-T2,BURDUR,DEBI,01May2025,30Minute,Q1000,/BUR-BUR-KEM-AKOREN-T2/BURDUR/DEBI/01May2025/30Minute/Q1000/,False
851,BUR-BUR-KEM-AKOREN-T2,BURDUR,DEBI,01May2025,30Minute,Q2,/BUR-BUR-KEM-AKOREN-T2/BURDUR/DEBI/01May2025/30Minute/Q2/,False
852,BUR-BUR-KEM-AKOREN-T2,BURDUR,DEBI,01May2025,30Minute,Q25,/BUR-BUR-KEM-AKOREN-T2/BURDUR/DEBI/01May2025/30Minute/Q25/,False
853,BUR-BUR-KEM-AKOREN-T2,BURDUR,DEBI,01May2025,30Minute,Q5,/BUR-BUR-KEM-AKOREN-T2/BURDUR/DEBI/01May2025/30Minute/Q5/,False
854,BUR-BUR-KEM-AKOREN-T2,BURDUR,DEBI,01May2025,30Minute,Q50,/BUR-BUR-KEM-AKOREN-T2/BURDUR/DEBI/01May2025/30Minute/Q50/,False
855,BUR-BUR-KEM-AKOREN-T2,BURDUR,DEBI,01May2025,30Minute,Q500,/BUR-BUR-KEM-AKOREN-T2/BURDUR/DEBI/01May2025/30Minute/Q500/,False
856,BUR-BUR-KEM-AKOREN-T5,BURDUR,DEBI,01May2025,30Minute,Q10,/BUR-BUR-KEM-AKOREN-T5/BURDUR/DEBI/01May2025/30Minute/Q10/,False
857,BUR-BUR-KEM-AKOREN-T5,BURDUR,DEBI,01May2025,30Minute,Q100,/BUR-BUR-KEM-AKOREN-T5/BURDUR/DEBI/01May2025/30Minute/Q100/,False
858,BUR-BUR-KEM-AKOREN-T5,BURDUR,DEBI,01May2025,30Minute,Q1000,/BUR-BUR-KEM-AKOREN-T5/BURDUR/DEBI/01May2025/30Minute/Q1000/,False
859,BUR-BUR-KEM-AKOREN-T5,BURDUR,DEBI,01May2025,30Minute,Q2,/BUR-BUR-KEM-AKOREN-T5/BURDUR/DEBI/01May2025/30Minute/Q2/,False
860,BUR-BUR-KEM-AKOREN-T5,BURDUR,DEBI,01May2025,30Minute,Q25,/BUR-BUR-KEM-AKOREN-T5/BURDUR/DEBI/01May2025/30Minute/Q25/,False
861,BUR-BUR-KEM-AKOREN-T5,BURDUR,DEBI,01May2025,30Minute,Q5,/BUR-BUR-KEM-AKOREN-T5/BURDUR/DEBI/01May2025/30Minute/Q5/,False
862,BUR-BUR-KEM-AKOREN-T5,BURDUR,DEBI,01May2025,30Minute,Q50,/BUR-BUR-KEM-AKOREN-T5/BURDUR/DEBI/01May2025/30Minute/Q50/,False
863,BUR-BUR-KEM-AKOREN-T5,BURDUR,DEBI,01May2025,30Minute,Q500,/BUR-BUR-KEM-AKOREN-T5/BURDUR/DEBI/01May2025/30Minute/Q500/,False
864,BUR-BUR-KEM-BELENLI,BURDUR,DEBI,01May2025,30Minute,Q10,/BUR-BUR-KEM-BELENLI/BURDUR/DEBI/01May2025/30Minute/Q10/,False
865,BUR-BUR-KEM-BELENLI,BURDUR,DEBI,01May2025,30Minute,Q100,/BUR-BUR-KEM-BELENLI/BURDUR/DEBI/01May2025/30Minute/Q100/,False
866,BUR-BUR-KEM-BELENLI,BURDUR,DEBI,01May2025,30Minute,Q1000,/BUR-BUR-KEM-BELENLI/BURDUR/DEBI/01May2025/30Minute/Q1000/,False
867,BUR-BUR-KEM-BELENLI,BURDUR,DEBI,01May2025,30Minute,Q2,/BUR-BUR-KEM-BELENLI/BURDUR/DEBI/01May2025/30Minute/Q2/,False
868,BUR-BUR-KEM-BELENLI,BURDUR,DEBI,01May2025,30Minute,Q25,/BUR-BUR-KEM-BELENLI/BURDUR/DEBI/01May2025/30Minute/Q25/,False
869,BUR-BUR-KEM-BELENLI,BURDUR,DEBI,01May2025,30Minute,Q5,/BUR-BUR-KEM-BELENLI/BURDUR/DEBI/01May2025/30Minute/Q5/,False
870,BUR-BUR-KEM-BELENLI,BURDUR,DEBI,01May2025,30Minute,Q50,/BUR-BUR-KEM-BELENLI/BURDUR/DEBI/01May2025/30Minute/Q50/,False
871,BUR-BUR-KEM-BELENLI,BURDUR,DEBI,01May2025,30Minute,Q500,/BUR-BUR-KEM-BELENLI/BURDUR/DEBI/01May2025/30Minute/Q500/,False
872,BUR-BUR-KEM-BELENLI2A,BURDUR,DEBI,01May2025,30Minute,Q10,/BUR-BUR-KEM-BELENLI2A/BURDUR/DEBI/01May2025/30Minute/Q10/,False
873,BUR-BUR-KEM-BELENLI2A,BURDUR,DEBI,01May2025,30Minute,Q100,/BUR-BUR-KEM-BELENLI2A/BURDUR/DEBI/01May2025/30Minute/Q100/,False
874,BUR-BUR-KEM-BELENLI2A,BURDUR,DEBI,01May2025,30Minute,Q1000,/BUR-BUR-KEM-BELENLI2A/BURDUR/DEBI/01May2025/30Minute/Q1000/,False
875,BUR-BUR-KEM-BELENLI2A,BURDUR,DEBI,01May2025,30Minute,Q2,/BUR-BUR-KEM-BELENLI2A/BURDUR/DEBI/01May2025/30Minute/Q2/,False
876,BUR-BUR-KEM-BELENLI2A,BURDUR,DEBI,01May2025,30Minute,Q25,/BUR-BUR-KEM-BELENLI2A/BURDUR/DEBI/01May2025/30Minute/Q25/,False
877,BUR-BUR-KEM-BELENLI2A,BURDUR,DEBI,01May2025,30Minute,Q5,/BUR-BUR-KEM-BELENLI2A/BURDUR/DEBI/01May2025/30Minute/Q5/,False
878,BUR-BUR-KEM-BELENLI2A,BURDUR,DEBI,01May2025,30Minute,Q50,/BUR-BUR-KEM-BELENLI2A/BURDUR/DEBI/01May2025/30Minute/Q50/,False
879,BUR-BUR-KEM-BELENLI2A,BURDUR,DEBI,01May2025,30Minute,Q500,/BUR-BUR-KEM-BELENLI2A/BURDUR/DEBI/01May2025/30Minute/Q500/,False
880,BUR-BUR-KEM-BELENLI2B,BURDUR,DEBI,01May2025,30Minute,Q10,/BUR-BUR-KEM-BELENLI2B/BURDUR/DEBI/01May2025/30Minute/Q10/,False
881,BUR-BUR-KEM-BELENLI2B,BURDUR,DEBI,01May2025,30Minute,Q100,/BUR-BUR-KEM-BELENLI2B/BURDUR/DEBI/01May2025/30Minute/Q100/,False
882,BUR-BUR-KEM-BELENLI2B,BURDUR,DEBI,01May2025,30Minute,Q1000,/BUR-BUR-KEM-BELENLI2B/BURDUR/DEBI/01May2025/30Minute/Q1000/,False
883,BUR-BUR-KEM-BELENLI2B,BURDUR,DEBI,01May2025,30Minute,Q2,/BUR-BUR-KEM-BELENLI2B/BURDUR/DEBI/01May2025/30Minute/Q2/,False
884,BUR-BUR-KEM-BELENLI2B,BURDUR,DEBI,01May2025,30Minute,Q25,/BUR-BUR-KEM-BELENLI2B/BURDUR/DEBI/01May2025/30Minute/Q25/,False
885,BUR-BUR-KEM-BELENLI2B,BURDUR,DEBI,01May2025,30Minute,Q5,/BUR-BUR-KEM-BELENLI2B/BURDUR/DEBI/01May2025/30Minute/Q5/,False
886,BUR-BUR-KEM-BELENLI2B,BURDUR,DEBI,01May2025,30Minute,Q50,/BUR-BUR-KEM-BELENLI2B/BURDUR/DEBI/01May2025/30Minute/Q50/,False
887,BUR-BUR-KEM-BELENLI2B,BURDUR,DEBI,01May2025,30Minute,Q500,/BUR-BUR-KEM-BELENLI2B/BURDUR/DEBI/01May2025/30Minute/Q500/,False
888,BUR-BUR-KEM-ELMACIK1,BURDUR,DEBI,01May2025,30Minute,Q10,/BUR-BUR-KEM-ELMACIK1/BURDUR/DEBI/01May2025/30Minute/Q10/,False
889,BUR-BUR-KEM-ELMACIK1,BURDUR,DEBI,01May2025,30Minute,Q100,/BUR-BUR-KEM-ELMACIK1/BURDUR/DEBI/01May2025/30Minute/Q100/,False
890,BUR-BUR-KEM-ELMACIK1,BURDUR,DEBI,01May2025,30Minute,Q1000,/BUR-BUR-KEM-ELMACIK1/BURDUR/DEBI/01May2025/30Minute/Q1000/,False
891,BUR-BUR-KEM-ELMACIK1,BURDUR,DEBI,01May2025,30Minute,Q2,/BUR-BUR-KEM-ELMACIK1/BURDUR/DEBI/01May2025/30Minute/Q2/,False
892,BUR-BUR-KEM-ELMACIK1,BURDUR,DEBI,01May2025,30Minute,Q25,/BUR-BUR-KEM-ELMACIK1/BURDUR/DEBI/01May2025/30Minute/Q25/,False
893,BUR-BUR-KEM-ELMACIK1,BURDUR,DEBI,01May2025,30Minute,Q5,/BUR-BUR-KEM-ELMACIK1/BURDUR/DEBI/01May2025/30Minute/Q5/,False
894,BUR-BUR-KEM-ELMACIK1,BURDUR,DEBI,01May2025,30Minute,Q50,/BUR-BUR-KEM-ELMACIK1/BURDUR/DEBI/01May2025/30Minute/Q50/,False
895,BUR-BUR-KEM-ELMACIK1,BURDUR,DEBI,01May2025,30Minute,Q500,/BUR-BUR-KEM-ELMACIK1/BURDUR/DEBI/01May2025/30Minute/Q500/,False
896,BUR-BUR-KEM-ELMACIK2,BURDUR,DEBI,01May2025,30Minute,Q10,/BUR-BUR-KEM-ELMACIK2/BURDUR/DEBI/01May2025/30Minute/Q10/,False
897,BUR-BUR-KEM-ELMACIK2,BURDUR,DEBI,01May2025,30Minute,Q100,/BUR-BUR-KEM-ELMACIK2/BURDUR/DEBI/01May2025/30Minute/Q100/,False
898,BUR-BUR-KEM-ELMACIK2,BURDUR,DEBI,01May2025,30Minute,Q1000,/BUR-BUR-KEM-ELMACIK2/BURDUR/DEBI/01May2025/30Minute/Q1000/,False
899,BUR-BUR-KEM-ELMACIK2,BURDUR,DEBI,01May2025,30Minute,Q2,/BUR-BUR-KEM-ELMACIK2/BURDUR/DEBI/01May2025/30Minute/Q2/,False
900,BUR-BUR-KEM-ELMACIK2,BURDUR,DEBI,01May2025,30Minute,Q25,/BUR-BUR-KEM-ELMACIK2/BURDUR/DEBI/01May2025/30Minute/Q25/,False
901,BUR-BUR-KEM-ELMACIK2,BURDUR,DEBI,01May2025,30Minute,Q5,/BUR-BUR-KEM-ELMACIK2/BURDUR/DEBI/01May2025/30Minute/Q5/,False
902,BUR-BUR-KEM-ELMACIK2,BURDUR,DEBI,01May2025,30Minute,Q50,/BUR-BUR-KEM-ELMACIK2/BURDUR/DEBI/01May2025/30Minute/Q50/,False
903,BUR-BUR-KEM-ELMACIK2,BURDUR,DEBI,01May2025,30Minute,Q500,/BUR-BUR-KEM-ELMACIK2/BURDUR/DEBI/01May2025/30Minute/Q500/,False
904,BUR-BUR-KEM-ELMACIK3,BURDUR,DEBI,01May2025,30Minute,Q10,/BUR-BUR-KEM-ELMACIK3/BURDUR/DEBI/01May2025/30Minute/Q10/,False
905,BUR-BUR-KEM-ELMACIK3,BURDUR,DEBI,01May2025,30Minute,Q100,/BUR-BUR-KEM-ELMACIK3/BURDUR/DEBI/01May2025/30Minute/Q100/,False
906,BUR-BUR-KEM-ELMACIK3,BURDUR,DEBI,01May2025,30Minute,Q1000,/BUR-BUR-KEM-ELMACIK3/BURDUR/DEBI/01May2025/30Minute/Q1000/,False
907,BUR-BUR-KEM-ELMACIK3,BURDUR,DEBI,01May2025,30Minute,Q2,/BUR-BUR-KEM-ELMACIK3/BURDUR/DEBI/01May2025/30Minute/Q2/,False
908,BUR-BUR-KEM-ELMACIK3,BURDUR,DEBI,01May2025,30Minute,Q25,/BUR-BUR-KEM-ELMACIK3/BURDUR/DEBI/01May2025/30Minute/Q25/,False
909,BUR-BUR-KEM-ELMACIK3,BURDUR,DEBI,01May2025,30Minute,Q5,/BUR-BUR-KEM-ELMACIK3/BURDUR/DEBI/01May2025/30Minute/Q5/,False
910,BUR-BUR-KEM-ELMACIK3,BURDUR,DEBI,01May2025,30Minute,Q50,/BUR-BUR-KEM-ELMACIK3/BURDUR/DEBI/01May2025/30Minute/Q50/,False
911,BUR-BUR-KEM-ELMACIK3,BURDUR,DEBI,01May2025,30Minute,Q500,/BUR-BUR-KEM-ELMACIK3/BURDUR/DEBI/01May2025/30Minute/Q500/,False
912,BUR-BUR-KEM-ELMACIK-T2,BURDUR,DEBI,01May2025,30Minute,Q10,/BUR-BUR-KEM-ELMACIK-T2/BURDUR/DEBI/01May2025/30Minute/Q10/,False
913,BUR-BUR-KEM-ELMACIK-T2,BURDUR,DEBI,01May2025,30Minute,Q100,/BUR-BUR-KEM-ELMACIK-T2/BURDUR/DEBI/01May2025/30Minute/Q100/,False
914,BUR-BUR-KEM-ELMACIK-T2,BURDUR,DEBI,01May2025,30Minute,Q1000,/BUR-BUR-KEM-ELMACIK-T2/BURDUR/DEBI/01May2025/30Minute/Q1000/,False
915,BUR-BUR-KEM-ELMACIK-T2,BURDUR,DEBI,01May2025,30Minute,Q2,/BUR-BUR-KEM-ELMACIK-T2/BURDUR/DEBI/01May2025/30Minute/Q2/,False
916,BUR-BUR-KEM-ELMACIK-T2,BURDUR,DEBI,01May2025,30Minute,Q25,/BUR-BUR-KEM-ELMACIK-T2/BURDUR/DEBI/01May2025/30Minute/Q25/,False
917,BUR-BUR-KEM-ELMACIK-T2,BURDUR,DEBI,01May2025,30Minute,Q5,/BUR-BUR-KEM-ELMACIK-T2/BURDUR/DEBI/01May2025/30Minute/Q5/,False
918,BUR-BUR-KEM-ELMACIK-T2,BURDUR,DEBI,01May2025,30Minute,Q50,/BUR-BUR-KEM-ELMACIK-T2/BURDUR/DEBI/01May2025/30Minute/Q50/,False
919,BUR-BUR-KEM-ELMACIK-T2,BURDUR,DEBI,01May2025,30Minute,Q500,/BUR-BUR-KEM-ELMACIK-T2/BURDUR/DEBI/01May2025/30Minute/Q500/,False
920,BUR-BUR-KEM-KAYI1,BURDUR,DEBI,01May2025,30Minute,Q10,/BUR-BUR-KEM-KAYI1/BURDUR/DEBI/01May2025/30Minute/Q10/,False
921,BUR-BUR-KEM-KAYI1,BURDUR,DEBI,01May2025,30Minute,Q100,/BUR-BUR-KEM-KAYI1/BURDUR/DEBI/01May2025/30Minute/Q100/,False
922,BUR-BUR-KEM-KAYI1,BURDUR,DEBI,01May2025,30Minute,Q1000,/BUR-BUR-KEM-KAYI1/BURDUR/DEBI/01May2025/30Minute/Q1000/,False
923,BUR-BUR-KEM-KAYI1,BURDUR,DEBI,01May2025,30Minute,Q2,/BUR-BUR-KEM-KAYI1/BURDUR/DEBI/01May2025/30Minute/Q2/,False
924,BUR-BUR-KEM-KAYI1,BURDUR,DEBI,01May2025,30Minute,Q25,/BUR-BUR-KEM-KAYI1/BURDUR/DEBI/01May2025/30Minute/Q25/,False
925,BUR-BUR-KEM-KAYI1,BURDUR,DEBI,01May2025,30Minute,Q5,/BUR-BUR-KEM-KAYI1/BURDUR/DEBI/01May2025/30Minute/Q5/,False
926,BUR-BUR-KEM-KAYI1,BURDUR,DEBI,01May2025,30Minute,Q50,/BUR-BUR-KEM-KAYI1/BURDUR/DEBI/01May2025/30Minute/Q50/,False
927,BUR-BUR-KEM-KAYI1,BURDUR,DEBI,01May2025,30Minute,Q500,/BUR-BUR-KEM-KAYI1/BURDUR/DEBI/01May2025/30Minute/Q500/,False
928,BUR-BUR-KEM-KAYI2,BURDUR,DEBI,01May2025,30Minute,Q10,/BUR-BUR-KEM-KAYI2/BURDUR/DEBI/01May2025/30Minute/Q10/,False
929,BUR-BUR-KEM-KAYI2,BURDUR,DEBI,01May2025,30Minute,Q100,/BUR-BUR-KEM-KAYI2/BURDUR/DEBI/01May2025/30Minute/Q100/,False
930,BUR-BUR-KEM-KAYI2,BURDUR,DEBI,01May2025,30Minute,Q1000,/BUR-BUR-KEM-KAYI2/BURDUR/DEBI/01May2025/30Minute/Q1000/,False
931,BUR-BUR-KEM-KAYI2,BURDUR,DEBI,01May2025,30Minute,Q2,/BUR-BUR-KEM-KAYI2/BURDUR/DEBI/01May2025/30Minute/Q2/,False
932,BUR-BUR-KEM-KAYI2,BURDUR,DEBI,01May2025,30Minute,Q25,/BUR-BUR-KEM-KAYI2/BURDUR/DEBI/01May2025/30Minute/Q25/,False
933,BUR-BUR-KEM-KAYI2,BURDUR,DEBI,01May2025,30Minute,Q5,/BUR-BUR-KEM-KAYI2/BURDUR/DEBI/01May2025/30Minute/Q5/,False
934,BUR-BUR-KEM-KAYI2,BURDUR,DEBI,01May2025,30Minute,Q50,/BUR-BUR-KEM-KAYI2/BURDUR/DEBI/01May2025/30Minute/Q50/,False
935,BUR-BUR-KEM-KAYI2,BURDUR,DEBI,01May2025,30Minute,Q500,/BUR-BUR-KEM-KAYI2/BURDUR/DEBI/01May2025/30Minute/Q500/,False
936,BUR-BUR-KEM-KAYI-T1,BURDUR,DEBI,01May2025,30Minute,Q10,/BUR-BUR-KEM-KAYI-T1/BURDUR/DEBI/01May2025/30Minute/Q10/,False
937,BUR-BUR-KEM-KAYI-T1,BURDUR,DEBI,01May2025,30Minute,Q100,/BUR-BUR-KEM-KAYI-T1/BURDUR/DEBI/01May2025/30Minute/Q100/,False
938,BUR-BUR-KEM-KAYI-T1,BURDUR,DEBI,01May2025,30Minute,Q1000,/BUR-BUR-KEM-KAYI-T1/BURDUR/DEBI/01May2025/30Minute/Q1000/,False
939,BUR-BUR-KEM-KAYI-T1,BURDUR,DEBI,01May2025,30Minute,Q2,/BUR-BUR-KEM-KAYI-T1/BURDUR/DEBI/01May2025/30Minute/Q2/,False
940,BUR-BUR-KEM-KAYI-T1,BURDUR,DEBI,01May2025,30Minute,Q25,/BUR-BUR-KEM-KAYI-T1/BURDUR/DEBI/01May2025/30Minute/Q25/,False
941,BUR-BUR-KEM-KAYI-T1,BURDUR,DEBI,01May2025,30Minute,Q5,/BUR-BUR-KEM-KAYI-T1/BURDUR/DEBI/01May2025/30Minute/Q5/,False
942,BUR-BUR-KEM-KAYI-T1,BURDUR,DEBI,01May2025,30Minute,Q50,/BUR-BUR-KEM-KAYI-T1/BURDUR/DEBI/01May2025/30Minute/Q50/,False
943,BUR-BUR-KEM-KAYI-T1,BURDUR,DEBI,01May2025,30Minute,Q500,/BUR-BUR-KEM-KAYI-T1/BURDUR/DEBI/01May2025/30Minute/Q500/,False
944,BUR-BUR-KEM-KAYI-T2,BURDUR,DEBI,01May2025,30Minute,Q10,/BUR-BUR-KEM-KAYI-T2/BURDUR/DEBI/01May2025/30Minute/Q10/,False
945,BUR-BUR-KEM-KAYI-T2,BURDUR,DEBI,01May2025,30Minute,Q100,/BUR-BUR-KEM-KAYI-T2/BURDUR/DEBI/01May2025/30Minute/Q100/,False
946,BUR-BUR-KEM-KAYI-T2,BURDUR,DEBI,01May2025,30Minute,Q1000,/BUR-BUR-KEM-KAYI-T2/BURDUR/DEBI/01May2025/30Minute/Q1000/,False
947,BUR-BUR-KEM-KAYI-T2,BURDUR,DEBI,01May2025,30Minute,Q2,/BUR-BUR-KEM-KAYI-T2/BURDUR/DEBI/01May2025/30Minute/Q2/,False
948,BUR-BUR-KEM-KAYI-T2,BURDUR,DEBI,01May2025,30Minute,Q25,/BUR-BUR-KEM-KAYI-T2/BURDUR/DEBI/01May2025/30Minute/Q25/,False
949,BUR-BUR-KEM-KAYI-T2,BURDUR,DEBI,01May2025,30Minute,Q5,/BUR-BUR-KEM-KAYI-T2/BURDUR/DEBI/01May2025/30Minute/Q5/,False
950,BUR-BUR-KEM-KAYI-T2,BURDUR,DEBI,01May2025,30Minute,Q50,/BUR-BUR-KEM-KAYI-T2/BURDUR/DEBI/01May2025/30Minute/Q50/,False
951,BUR-BUR-KEM-KAYI-T2,BURDUR,DEBI,01May2025,30Minute,Q500,/BUR-BUR-KEM-KAYI-T2/BURDUR/DEBI/01May2025/30Minute/Q500/,False
952,BUR-BUR-KEM-KEMER1,BURDUR,DEBI,02May2025,5Minute,Q10,/BUR-BUR-KEM-KEMER1/BURDUR/DEBI/02May2025/5Minute/Q10/,False
953,BUR-BUR-KEM-KEMER1,BURDUR,DEBI,02May2025,5Minute,Q100,/BUR-BUR-KEM-KEMER1/BURDUR/DEBI/02May2025/5Minute/Q100/,False
954,BUR-BUR-KEM-KEMER1,BURDUR,DEBI,02May2025,5Minute,Q1000,/BUR-BUR-KEM-KEMER1/BURDUR/DEBI/02May2025/5Minute/Q1000/,False
955,BUR-BUR-KEM-KEMER1,BURDUR,DEBI,02May2025,5Minute,Q2,/BUR-BUR-KEM-KEMER1/BURDUR/DEBI/02May2025/5Minute/Q2/,False
956,BUR-BUR-KEM-KEMER1,BURDUR,DEBI,02May2025,5Minute,Q25,/BUR-BUR-KEM-KEMER1/BURDUR/DEBI/02May2025/5Minute/Q25/,False
957,BUR-BUR-KEM-KEMER1,BURDUR,DEBI,02May2025,5Minute,Q5,/BUR-BUR-KEM-KEMER1/BURDUR/DEBI/02May2025/5Minute/Q5/,False
958,BUR-BUR-KEM-KEMER1,BURDUR,DEBI,02May2025,5Minute,Q50,/BUR-BUR-KEM-KEMER1/BURDUR/DEBI/02May2025/5Minute/Q50/,False
959,BUR-BUR-KEM-KEMER1,BURDUR,DEBI,02May2025,5Minute,Q500,/BUR-BUR-KEM-KEMER1/BURDUR/DEBI/02May2025/5Minute/Q500/,False
960,BUR-BUR-KEM-KEMER2,BURDUR,DEBI,02May2025,5Minute,Q10,/BUR-BUR-KEM-KEMER2/BURDUR/DEBI/02May2025/5Minute/Q10/,False
961,BUR-BUR-KEM-KEMER2,BURDUR,DEBI,02May2025,5Minute,Q100,/BUR-BUR-KEM-KEMER2/BURDUR/DEBI/02May2025/5Minute/Q100/,False
962,BUR-BUR-KEM-KEMER2,BURDUR,DEBI,02May2025,5Minute,Q1000,/BUR-BUR-KEM-KEMER2/BURDUR/DEBI/02May2025/5Minute/Q1000/,False
963,BUR-BUR-KEM-KEMER2,BURDUR,DEBI,02May2025,5Minute,Q2,/BUR-BUR-KEM-KEMER2/BURDUR/DEBI/02May2025/5Minute/Q2/,False
964,BUR-BUR-KEM-KEMER2,BURDUR,DEBI,02May2025,5Minute,Q25,/BUR-BUR-KEM-KEMER2/BURDUR/DEBI/02May2025/5Minute/Q25/,False
965,BUR-BUR-KEM-KEMER2,BURDUR,DEBI,02May2025,5Minute,Q5,/BUR-BUR-KEM-KEMER2/BURDUR/DEBI/02May2025/5Minute/Q5/,False
966,BUR-BUR-KEM-KEMER2,BURDUR,DEBI,02May2025,5Minute,Q50,/BUR-BUR-KEM-KEMER2/BURDUR/DEBI/02May2025/5Minute/Q50/,False
967,BUR-BUR-KEM-KEMER2,BURDUR,DEBI,02May2025,5Minute,Q500,/BUR-BUR-KEM-KEMER2/BURDUR/DEBI/02May2025/5Minute/Q500/,False
968,BUR-BUR-KEM-KEMER3,BURDUR,DEBI,01May2025,30Minute,Q10,/BUR-BUR-KEM-KEMER3/BURDUR/DEBI/01May2025/30Minute/Q10/,False
969,BUR-BUR-KEM-KEMER3,BURDUR,DEBI,01May2025,30Minute,Q100,/BUR-BUR-KEM-KEMER3/BURDUR/DEBI/01May2025/30Minute/Q100/,False
970,BUR-BUR-KEM-KEMER3,BURDUR,DEBI,01May2025,30Minute,Q1000,/BUR-BUR-KEM-KEMER3/BURDUR/DEBI/01May2025/30Minute/Q1000/,False
971,BUR-BUR-KEM-KEMER3,BURDUR,DEBI,01May2025,30Minute,Q2,/BUR-BUR-KEM-KEMER3/BURDUR/DEBI/01May2025/30Minute/Q2/,False
972,BUR-BUR-KEM-KEMER3,BURDUR,DEBI,01May2025,30Minute,Q25,/BUR-BUR-KEM-KEMER3/BURDUR/DEBI/01May2025/30Minute/Q25/,False
973,BUR-BUR-KEM-KEMER3,BURDUR,DEBI,01May2025,30Minute,Q5,/BUR-BUR-KEM-KEMER3/BURDUR/DEBI/01May2025/30Minute/Q5/,False
974,BUR-BUR-KEM-KEMER3,BURDUR,DEBI,01May2025,30Minute,Q50,/BUR-BUR-KEM-KEMER3/BURDUR/DEBI/01May2025/30Minute/Q50/,False
975,BUR-BUR-KEM-KEMER3,BURDUR,DEBI,01May2025,30Minute,Q500,/BUR-BUR-KEM-KEMER3/BURDUR/DEBI/01May2025/30Minute/Q500/,False
976,BUR-BUR-KEM-KEMER-T2,BURDUR,DEBI,01May2025,30Minute,Q10,/BUR-BUR-KEM-KEMER-T2/BURDUR/DEBI/01May2025/30Minute/Q10/,False
977,BUR-BUR-KEM-KEMER-T2,BURDUR,DEBI,01May2025,30Minute,Q100,/BUR-BUR-KEM-KEMER-T2/BURDUR/DEBI/01May2025/30Minute/Q100/,False
978,BUR-BUR-KEM-KEMER-T2,BURDUR,DEBI,01May2025,30Minute,Q1000,/BUR-BUR-KEM-KEMER-T2/BURDUR/DEBI/01May2025/30Minute/Q1000/,False
979,BUR-BUR-KEM-KEMER-T2,BURDUR,DEBI,01May2025,30Minute,Q2,/BUR-BUR-KEM-KEMER-T2/BURDUR/DEBI/01May2025/30Minute/Q2/,False
980,BUR-BUR-KEM-KEMER-T2,BURDUR,DEBI,01May2025,30Minute,Q25,/BUR-BUR-KEM-KEMER-T2/BURDUR/DEBI/01May2025/30Minute/Q25/,False
981,BUR-BUR-KEM-KEMER-T2,BURDUR,DEBI,01May2025,30Minute,Q5,/BUR-BUR-KEM-KEMER-T2/BURDUR/DEBI/01May2025/30Minute/Q5/,False
982,BUR-BUR-KEM-KEMER-T2,BURDUR,DEBI,01May2025,30Minute,Q50,/BUR-BUR-KEM-KEMER-T2/BURDUR/DEBI/01May2025/30Minute/Q50/,False
983,BUR-BUR-KEM-KEMER-T2,BURDUR,DEBI,01May2025,30Minute,Q500,/BUR-BUR-KEM-KEMER-T2/BURDUR/DEBI/01May2025/30Minute/Q500/,False
984,BUR-BUR-KEM-KEMER-T3,BURDUR,DEBI,01May2025,30Minute,Q10,/BUR-BUR-KEM-KEMER-T3/BURDUR/DEBI/01May2025/30Minute/Q10/,False
985,BUR-BUR-KEM-KEMER-T3,BURDUR,DEBI,01May2025,30Minute,Q100,/BUR-BUR-KEM-KEMER-T3/BURDUR/DEBI/01May2025/30Minute/Q100/,False
986,BUR-BUR-KEM-KEMER-T3,BURDUR,DEBI,01May2025,30Minute,Q1000,/BUR-BUR-KEM-KEMER-T3/BURDUR/DEBI/01May2025/30Minute/Q1000/,False
987,BUR-BUR-KEM-KEMER-T3,BURDUR,DEBI,01May2025,30Minute,Q2,/BUR-BUR-KEM-KEMER-T3/BURDUR/DEBI/01May2025/30Minute/Q2/,False
988,BUR-BUR-KEM-KEMER-T3,BURDUR,DEBI,01May2025,30Minute,Q25,/BUR-BUR-KEM-KEMER-T3/BURDUR/DEBI/01May2025/30Minute/Q25/,False
989,BUR-BUR-KEM-KEMER-T3,BURDUR,DEBI,01May2025,30Minute,Q5,/BUR-BUR-KEM-KEMER-T3/BURDUR/DEBI/01May2025/30Minute/Q5/,False
990,BUR-BUR-KEM-KEMER-T3,BURDUR,DEBI,01May2025,30Minute,Q50,/BUR-BUR-KEM-KEMER-T3/BURDUR/DEBI/01May2025/30Minute/Q50/,False
991,BUR-BUR-KEM-KEMER-T3,BURDUR,DEBI,01May2025,30Minute,Q500,/BUR-BUR-KEM-KEMER-T3/BURDUR/DEBI/01May2025/30Minute/Q500/,False
992,BUR-BUR-KEM-YAKALAR2,BURDUR,DEBI,01May2025,30Minute,Q10,/BUR-BUR-KEM-YAKALAR2/BURDUR/DEBI/01May2025/30Minute/Q10/,False
993,BUR-BUR-KEM-YAKALAR2,BURDUR,DEBI,01May2025,30Minute,Q100,/BUR-BUR-KEM-YAKALAR2/BURDUR/DEBI/01May2025/30Minute/Q100/,False
994,BUR-BUR-KEM-YAKALAR2,BURDUR,DEBI,01May2025,30Minute,Q1000,/BUR-BUR-KEM-YAKALAR2/BURDUR/DEBI/01May2025/30Minute/Q1000/,False
995,BUR-BUR-KEM-YAKALAR2,BURDUR,DEBI,01May2025,30Minute,Q2,/BUR-BUR-KEM-YAKALAR2/BURDUR/DEBI/01May2025/30Minute/Q2/,False
996,BUR-BUR-KEM-YAKALAR2,BURDUR,DEBI,01May2025,30Minute,Q25,/BUR-BUR-KEM-YAKALAR2/BURDUR/DEBI/01May2025/30Minute/Q25/,False
997,BUR-BUR-KEM-YAKALAR2,BURDUR,DEBI,01May2025,30Minute,Q5,/BUR-BUR-KEM-YAKALAR2/BURDUR/DEBI/01May2025/30Minute/Q5/,False
998,BUR-BUR-KEM-YAKALAR2,BURDUR,DEBI,01May2025,30Minute,Q50,/BUR-BUR-KEM-YAKALAR2/BURDUR/DEBI/01May2025/30Minute/Q50/,False
999,BUR-BUR-KEM-YAKALAR2,BURDUR,DEBI,01May2025,30Minute,Q500,/BUR-BUR-KEM-YAKALAR2/BURDUR/DEBI/01May2025/30Minute/Q500/,False
1000,BUR-BUR-KEM-YAYLAKOY-T,BURDUR,DEBI,01May2025,30Minute,Q10,/BUR-BUR-KEM-YAYLAKOY-T/BURDUR/DEBI/01May2025/30Minute/Q10/,False
1001,BUR-BUR-KEM-YAYLAKOY-T,BURDUR,DEBI,01May2025,30Minute,Q100,/BUR-BUR-KEM-YAYLAKOY-T/BURDUR/DEBI/01May2025/30Minute/Q100/,False
1002,BUR-BUR-KEM-YAYLAKOY-T,BURDUR,DEBI,01May2025,30Minute,Q1000,/BUR-BUR-KEM-YAYLAKOY-T/BURDUR/DEBI/01May2025/30Minute/Q1000/,False
1003,BUR-BUR-KEM-YAYLAKOY-T,BURDUR,DEBI,01May2025,30Minute,Q2,/BUR-BUR-KEM-YAYLAKOY-T/BURDUR/DEBI/01May2025/30Minute/Q2/,False
1004,BUR-BUR-KEM-YAYLAKOY-T,BURDUR,DEBI,01May2025,30Minute,Q25,/BUR-BUR-KEM-YAYLAKOY-T/BURDUR/DEBI/01May2025/30Minute/Q25/,False
1005,BUR-BUR-KEM-YAYLAKOY-T,BURDUR,DEBI,01May2025,30Minute,Q5,/BUR-BUR-KEM-YAYLAKOY-T/BURDUR/DEBI/01May2025/30Minute/Q5/,False
1006,BUR-BUR-KEM-YAYLAKOY-T,BURDUR,DEBI,01May2025,30Minute,Q50,/BUR-BUR-KEM-YAYLAKOY-T/BURDUR/DEBI/01May2025/30Minute/Q50/,False
1007,BUR-BUR-KEM-YAYLAKOY-T,BURDUR,DEBI,01May2025,30Minute,Q500,/BUR-BUR-KEM-YAYLAKOY-T/BURDUR/DEBI/01May2025/30Minute/Q500/,False
1008,BUR-BUR-MER-ABG,BURDUR,DEBI,01May2025,30Minute,Q10,/BUR-BUR-MER-ABG/BURDUR/DEBI/01May2025/30Minute/Q10/,False
1009,BUR-BUR-MER-ABG,BURDUR,DEBI,01May2025,30Minute,Q100,/BUR-BUR-MER-ABG/BURDUR/DEBI/01May2025/30Minute/Q100/,False
1010,BUR-BUR-MER-ABG,BURDUR,DEBI,01May2025,30Minute,Q1000,/BUR-BUR-MER-ABG/BURDUR/DEBI/01May2025/30Minute/Q1000/,False
1011,BUR-BUR-MER-ABG,BURDUR,DEBI,01May2025,30Minute,Q2,/BUR-BUR-MER-ABG/BURDUR/DEBI/01May2025/30Minute/Q2/,False
1012,BUR-BUR-MER-ABG,BURDUR,DEBI,01May2025,30Minute,Q25,/BUR-BUR-MER-ABG/BURDUR/DEBI/01May2025/30Minute/Q25/,False
1013,BUR-BUR-MER-ABG,BURDUR,DEBI,01May2025,30Minute,Q5,/BUR-BUR-MER-ABG/BURDUR/DEBI/01May2025/30Minute/Q5/,False
1014,BUR-BUR-MER-ABG,BURDUR,DEBI,01May2025,30Minute,Q50,/BUR-BUR-MER-ABG/BURDUR/DEBI/01May2025/30Minute/Q50/,False
1015,BUR-BUR-MER-ABG,BURDUR,DEBI,01May2025,30Minute,Q500,/BUR-BUR-MER-ABG/BURDUR/DEBI/01May2025/30Minute/Q500/,False
1016,BUR-BUR-MER-ABG,BURDUR2,DEBI,01May2025,30Minute,Q10,/BUR-BUR-MER-ABG/BURDUR2/DEBI/01May2025/30Minute/Q10/,False
1017,BUR-BUR-MER-ABG,BURDUR2,DEBI,01May2025,30Minute,Q100,/BUR-BUR-MER-ABG/BURDUR2/DEBI/01May2025/30Minute/Q100/,False
1018,BUR-BUR-MER-ABG,BURDUR2,DEBI,01May2025,30Minute,Q1000,/BUR-BUR-MER-ABG/BURDUR2/DEBI/01May2025/30Minute/Q1000/,False
1019,BUR-BUR-MER-ABG,BURDUR2,DEBI,01May2025,30Minute,Q2,/BUR-BUR-MER-ABG/BURDUR2/DEBI/01May2025/30Minute/Q2/,False
1020,BUR-BUR-MER-ABG,BURDUR2,DEBI,01May2025,30Minute,Q25,/BUR-BUR-MER-ABG/BURDUR2/DEBI/01May2025/30Minute/Q25/,False
1021,BUR-BUR-MER-ABG,BURDUR2,DEBI,01May2025,30Minute,Q5,/BUR-BUR-MER-ABG/BURDUR2/DEBI/01May2025/30Minute/Q5/,False
1022,BUR-BUR-MER-ABG,BURDUR2,DEBI,01May2025,30Minute,Q50,/BUR-BUR-MER-ABG/BURDUR2/DEBI/01May2025/30Minute/Q50/,False
1023,BUR-BUR-MER-ABG,BURDUR2,DEBI,01May2025,30Minute,Q500,/BUR-BUR-MER-ABG/BURDUR2/DEBI/01May2025/30Minute/Q500/,False
1024,BUR-BUR-MER-ABG_A,BURDUR,DEBI,01May2025,30Minute,Q10,/BUR-BUR-MER-ABG_A/BURDUR/DEBI/01May2025/30Minute/Q10/,False
1025,BUR-BUR-MER-ABG_A,BURDUR,DEBI,01May2025,30Minute,Q100,/BUR-BUR-MER-ABG_A/BURDUR/DEBI/01May2025/30Minute/Q100/,False
1026,BUR-BUR-MER-ABG_A,BURDUR,DEBI,01May2025,30Minute,Q1000,/BUR-BUR-MER-ABG_A/BURDUR/DEBI/01May2025/30Minute/Q1000/,False
1027,BUR-BUR-MER-ABG_A,BURDUR,DEBI,01May2025,30Minute,Q2,/BUR-BUR-MER-ABG_A/BURDUR/DEBI/01May2025/30Minute/Q2/,False
1028,BUR-BUR-MER-ABG_A,BURDUR,DEBI,01May2025,30Minute,Q25,/BUR-BUR-MER-ABG_A/BURDUR/DEBI/01May2025/30Minute/Q25/,False
1029,BUR-BUR-MER-ABG_A,BURDUR,DEBI,01May2025,30Minute,Q5,/BUR-BUR-MER-ABG_A/BURDUR/DEBI/01May2025/30Minute/Q5/,False
1030,BUR-BUR-MER-ABG_A,BURDUR,DEBI,01May2025,30Minute,Q50,/BUR-BUR-MER-ABG_A/BURDUR/DEBI/01May2025/30Minute/Q50/,False
1031,BUR-BUR-MER-ABG_A,BURDUR,DEBI,01May2025,30Minute,Q500,/BUR-BUR-MER-ABG_A/BURDUR/DEBI/01May2025/30Minute/Q500/,False
1032,BUR-BUR-MER-ABG_A,BURDUR2,DEBI,01May2025,30Minute,Q10,/BUR-BUR-MER-ABG_A/BURDUR2/DEBI/01May2025/30Minute/Q10/,False
1033,BUR-BUR-MER-ABG_A,BURDUR2,DEBI,01May2025,30Minute,Q100,/BUR-BUR-MER-ABG_A/BURDUR2/DEBI/01May2025/30Minute/Q100/,False
1034,BUR-BUR-MER-ABG_A,BURDUR2,DEBI,01May2025,30Minute,Q1000,/BUR-BUR-MER-ABG_A/BURDUR2/DEBI/01May2025/30Minute/Q1000/,False
1035,BUR-BUR-MER-ABG_A,BURDUR2,DEBI,01May2025,30Minute,Q2,/BUR-BUR-MER-ABG_A/BURDUR2/DEBI/01May2025/30Minute/Q2/,False
1036,BUR-BUR-MER-ABG_A,BURDUR2,DEBI,01May2025,30Minute,Q25,/BUR-BUR-MER-ABG_A/BURDUR2/DEBI/01May2025/30Minute/Q25/,False
1037,BUR-BUR-MER-ABG_A,BURDUR2,DEBI,01May2025,30Minute,Q5,/BUR-BUR-MER-ABG_A/BURDUR2/DEBI/01May2025/30Minute/Q5/,False
1038,BUR-BUR-MER-ABG_A,BURDUR2,DEBI,01May2025,30Minute,Q50,/BUR-BUR-MER-ABG_A/BURDUR2/DEBI/01May2025/30Minute/Q50/,False
1039,BUR-BUR-MER-ABG_A,BURDUR2,DEBI,01May2025,30Minute,Q500,/BUR-BUR-MER-ABG_A/BURDUR2/DEBI/01May2025/30Minute/Q500/,False
1040,BUR-BUR-MER-AKDERE,BURDUR,DEBI,02May2025,5Minute,Q10,/BUR-BUR-MER-AKDERE/BURDUR/DEBI/02May2025/5Minute/Q10/,False
1041,BUR-BUR-MER-AKDERE,BURDUR,DEBI,02May2025,5Minute,Q100,/BUR-BUR-MER-AKDERE/BURDUR/DEBI/02May2025/5Minute/Q100/,False
1042,BUR-BUR-MER-AKDERE,BURDUR,DEBI,02May2025,5Minute,Q1000,/BUR-BUR-MER-AKDERE/BURDUR/DEBI/02May2025/5Minute/Q1000/,False
1043,BUR-BUR-MER-AKDERE,BURDUR,DEBI,02May2025,5Minute,Q2,/BUR-BUR-MER-AKDERE/BURDUR/DEBI/02May2025/5Minute/Q2/,False
1044,BUR-BUR-MER-AKDERE,BURDUR,DEBI,02May2025,5Minute,Q25,/BUR-BUR-MER-AKDERE/BURDUR/DEBI/02May2025/5Minute/Q25/,False
1045,BUR-BUR-MER-AKDERE,BURDUR,DEBI,02May2025,5Minute,Q5,/BUR-BUR-MER-AKDERE/BURDUR/DEBI/02May2025/5Minute/Q5/,False
1046,BUR-BUR-MER-AKDERE,BURDUR,DEBI,02May2025,5Minute,Q50,/BUR-BUR-MER-AKDERE/BURDUR/DEBI/02May2025/5Minute/Q50/,False
1047,BUR-BUR-MER-AKDERE,BURDUR,DEBI,02May2025,5Minute,Q500,/BUR-BUR-MER-AKDERE/BURDUR/DEBI/02May2025/5Minute/Q500/,False
1048,BUR-BUR-MER-AKDERE,BURDUR2,DEBI,02May2025,5Minute,Q10,/BUR-BUR-MER-AKDERE/BURDUR2/DEBI/02May2025/5Minute/Q10/,False
1049,BUR-BUR-MER-AKDERE,BURDUR2,DEBI,02May2025,5Minute,Q100,/BUR-BUR-MER-AKDERE/BURDUR2/DEBI/02May2025/5Minute/Q100/,False
1050,BUR-BUR-MER-AKDERE,BURDUR2,DEBI,02May2025,5Minute,Q1000,/BUR-BUR-MER-AKDERE/BURDUR2/DEBI/02May2025/5Minute/Q1000/,False
1051,BUR-BUR-MER-AKDERE,BURDUR2,DEBI,02May2025,5Minute,Q2,/BUR-BUR-MER-AKDERE/BURDUR2/DEBI/02May2025/5Minute/Q2/,False
1052,BUR-BUR-MER-AKDERE,BURDUR2,DEBI,02May2025,5Minute,Q25,/BUR-BUR-MER-AKDERE/BURDUR2/DEBI/02May2025/5Minute/Q25/,False
1053,BUR-BUR-MER-AKDERE,BURDUR2,DEBI,02May2025,5Minute,Q5,/BUR-BUR-MER-AKDERE/BURDUR2/DEBI/02May2025/5Minute/Q5/,False
1054,BUR-BUR-MER-AKDERE,BURDUR2,DEBI,02May2025,5Minute,Q50,/BUR-BUR-MER-AKDERE/BURDUR2/DEBI/02May2025/5Minute/Q50/,False
1055,BUR-BUR-MER-AKDERE,BURDUR2,DEBI,02May2025,5Minute,Q500,/BUR-BUR-MER-AKDERE/BURDUR2/DEBI/02May2025/5Minute/Q500/,False
1056,BUR-BUR-MER-AKYAKA1,BURDUR,DEBI,01May2025,30Minute,Q10,/BUR-BUR-MER-AKYAKA1/BURDUR/DEBI/01May2025/30Minute/Q10/,False
1057,BUR-BUR-MER-AKYAKA1,BURDUR,DEBI,01May2025,30Minute,Q100,/BUR-BUR-MER-AKYAKA1/BURDUR/DEBI/01May2025/30Minute/Q100/,False
1058,BUR-BUR-MER-AKYAKA1,BURDUR,DEBI,01May2025,30Minute,Q1000,/BUR-BUR-MER-AKYAKA1/BURDUR/DEBI/01May2025/30Minute/Q1000/,False
1059,BUR-BUR-MER-AKYAKA1,BURDUR,DEBI,01May2025,30Minute,Q2,/BUR-BUR-MER-AKYAKA1/BURDUR/DEBI/01May2025/30Minute/Q2/,False
1060,BUR-BUR-MER-AKYAKA1,BURDUR,DEBI,01May2025,30Minute,Q25,/BUR-BUR-MER-AKYAKA1/BURDUR/DEBI/01May2025/30Minute/Q25/,False
1061,BUR-BUR-MER-AKYAKA1,BURDUR,DEBI,01May2025,30Minute,Q5,/BUR-BUR-MER-AKYAKA1/BURDUR/DEBI/01May2025/30Minute/Q5/,False
1062,BUR-BUR-MER-AKYAKA1,BURDUR,DEBI,01May2025,30Minute,Q50,/BUR-BUR-MER-AKYAKA1/BURDUR/DEBI/01May2025/30Minute/Q50/,False
1063,BUR-BUR-MER-AKYAKA1,BURDUR,DEBI,01May2025,30Minute,Q500,/BUR-BUR-MER-AKYAKA1/BURDUR/DEBI/01May2025/30Minute/Q500/,False
1064,BUR-BUR-MER-AKYAKA1,BURDUR2,DEBI,01May2025,30Minute,Q10,/BUR-BUR-MER-AKYAKA1/BURDUR2/DEBI/01May2025/30Minute/Q10/,False
1065,BUR-BUR-MER-AKYAKA1,BURDUR2,DEBI,01May2025,30Minute,Q100,/BUR-BUR-MER-AKYAKA1/BURDUR2/DEBI/01May2025/30Minute/Q100/,False
1066,BUR-BUR-MER-AKYAKA1,BURDUR2,DEBI,01May2025,30Minute,Q1000,/BUR-BUR-MER-AKYAKA1/BURDUR2/DEBI/01May2025/30Minute/Q1000/,False
1067,BUR-BUR-MER-AKYAKA1,BURDUR2,DEBI,01May2025,30Minute,Q2,/BUR-BUR-MER-AKYAKA1/BURDUR2/DEBI/01May2025/30Minute/Q2/,False
1068,BUR-BUR-MER-AKYAKA1,BURDUR2,DEBI,01May2025,30Minute,Q25,/BUR-BUR-MER-AKYAKA1/BURDUR2/DEBI/01May2025/30Minute/Q25/,False
1069,BUR-BUR-MER-AKYAKA1,BURDUR2,DEBI,01May2025,30Minute,Q5,/BUR-BUR-MER-AKYAKA1/BURDUR2/DEBI/01May2025/30Minute/Q5/,False
1070,BUR-BUR-MER-AKYAKA1,BURDUR2,DEBI,01May2025,30Minute,Q50,/BUR-BUR-MER-AKYAKA1/BURDUR2/DEBI/01May2025/30Minute/Q50/,False
1071,BUR-BUR-MER-AKYAKA1,BURDUR2,DEBI,01May2025,30Minute,Q500,/BUR-BUR-MER-AKYAKA1/BURDUR2/DEBI/01May2025/30Minute/Q500/,False
1072,BUR-BUR-MER-AKYAKA2,BURDUR,DEBI,01May2025,30Minute,Q10,/BUR-BUR-MER-AKYAKA2/BURDUR/DEBI/01May2025/30Minute/Q10/,False
1073,BUR-BUR-MER-AKYAKA2,BURDUR,DEBI,01May2025,30Minute,Q100,/BUR-BUR-MER-AKYAKA2/BURDUR/DEBI/01May2025/30Minute/Q100/,False
1074,BUR-BUR-MER-AKYAKA2,BURDUR,DEBI,01May2025,30Minute,Q1000,/BUR-BUR-MER-AKYAKA2/BURDUR/DEBI/01May2025/30Minute/Q1000/,False
1075,BUR-BUR-MER-AKYAKA2,BURDUR,DEBI,01May2025,30Minute,Q2,/BUR-BUR-MER-AKYAKA2/BURDUR/DEBI/01May2025/30Minute/Q2/,False
1076,BUR-BUR-MER-AKYAKA2,BURDUR,DEBI,01May2025,30Minute,Q25,/BUR-BUR-MER-AKYAKA2/BURDUR/DEBI/01May2025/30Minute/Q25/,False
1077,BUR-BUR-MER-AKYAKA2,BURDUR,DEBI,01May2025,30Minute,Q5,/BUR-BUR-MER-AKYAKA2/BURDUR/DEBI/01May2025/30Minute/Q5/,False
1078,BUR-BUR-MER-AKYAKA2,BURDUR,DEBI,01May2025,30Minute,Q50,/BUR-BUR-MER-AKYAKA2/BURDUR/DEBI/01May2025/30Minute/Q50/,False
1079,BUR-BUR-MER-AKYAKA2,BURDUR,DEBI,01May2025,30Minute,Q500,/BUR-BUR-MER-AKYAKA2/BURDUR/DEBI/01May2025/30Minute/Q500/,False
1080,BUR-BUR-MER-AKYAKA2,BURDUR2,DEBI,01May2025,30Minute,Q10,/BUR-BUR-MER-AKYAKA2/BURDUR2/DEBI/01May2025/30Minute/Q10/,False
1081,BUR-BUR-MER-AKYAKA2,BURDUR2,DEBI,01May2025,30Minute,Q100,/BUR-BUR-MER-AKYAKA2/BURDUR2/DEBI/01May2025/30Minute/Q100/,False
1082,BUR-BUR-MER-AKYAKA2,BURDUR2,DEBI,01May2025,30Minute,Q1000,/BUR-BUR-MER-AKYAKA2/BURDUR2/DEBI/01May2025/30Minute/Q1000/,False
1083,BUR-BUR-MER-AKYAKA2,BURDUR2,DEBI,01May2025,30Minute,Q2,/BUR-BUR-MER-AKYAKA2/BURDUR2/DEBI/01May2025/30Minute/Q2/,False
1084,BUR-BUR-MER-AKYAKA2,BURDUR2,DEBI,01May2025,30Minute,Q25,/BUR-BUR-MER-AKYAKA2/BURDUR2/DEBI/01May2025/30Minute/Q25/,False
1085,BUR-BUR-MER-AKYAKA2,BURDUR2,DEBI,01May2025,30Minute,Q5,/BUR-BUR-MER-AKYAKA2/BURDUR2/DEBI/01May2025/30Minute/Q5/,False
1086,BUR-BUR-MER-AKYAKA2,BURDUR2,DEBI,01May2025,30Minute,Q50,/BUR-BUR-MER-AKYAKA2/BURDUR2/DEBI/01May2025/30Minute/Q50/,False
1087,BUR-BUR-MER-AKYAKA2,BURDUR2,DEBI,01May2025,30Minute,Q500,/BUR-BUR-MER-AKYAKA2/BURDUR2/DEBI/01May2025/30Minute/Q500/,False
1088,BUR-BUR-MER-AKYAKA3,BURDUR,DEBI,01May2025,30Minute,Q10,/BUR-BUR-MER-AKYAKA3/BURDUR/DEBI/01May2025/30Minute/Q10/,False
1089,BUR-BUR-MER-AKYAKA3,BURDUR,DEBI,01May2025,30Minute,Q100,/BUR-BUR-MER-AKYAKA3/BURDUR/DEBI/01May2025/30Minute/Q100/,False
1090,BUR-BUR-MER-AKYAKA3,BURDUR,DEBI,01May2025,30Minute,Q1000,/BUR-BUR-MER-AKYAKA3/BURDUR/DEBI/01May2025/30Minute/Q1000/,False
1091,BUR-BUR-MER-AKYAKA3,BURDUR,DEBI,01May2025,30Minute,Q2,/BUR-BUR-MER-AKYAKA3/BURDUR/DEBI/01May2025/30Minute/Q2/,False
1092,BUR-BUR-MER-AKYAKA3,BURDUR,DEBI,01May2025,30Minute,Q25,/BUR-BUR-MER-AKYAKA3/BURDUR/DEBI/01May2025/30Minute/Q25/,False
1093,BUR-BUR-MER-AKYAKA3,BURDUR,DEBI,01May2025,30Minute,Q5,/BUR-BUR-MER-AKYAKA3/BURDUR/DEBI/01May2025/30Minute/Q5/,False
1094,BUR-BUR-MER-AKYAKA3,BURDUR,DEBI,01May2025,30Minute,Q50,/BUR-BUR-MER-AKYAKA3/BURDUR/DEBI/01May2025/30Minute/Q50/,False
1095,BUR-BUR-MER-AKYAKA3,BURDUR,DEBI,01May2025,30Minute,Q500,/BUR-BUR-MER-AKYAKA3/BURDUR/DEBI/01May2025/30Minute/Q500/,False
1096,BUR-BUR-MER-AKYAKA3,BURDUR2,DEBI,01May2025,30Minute,Q10,/BUR-BUR-MER-AKYAKA3/BURDUR2/DEBI/01May2025/30Minute/Q10/,False
1097,BUR-BUR-MER-AKYAKA3,BURDUR2,DEBI,01May2025,30Minute,Q100,/BUR-BUR-MER-AKYAKA3/BURDUR2/DEBI/01May2025/30Minute/Q100/,False
1098,BUR-BUR-MER-AKYAKA3,BURDUR2,DEBI,01May2025,30Minute,Q1000,/BUR-BUR-MER-AKYAKA3/BURDUR2/DEBI/01May2025/30Minute/Q1000/,False
1099,BUR-BUR-MER-AKYAKA3,BURDUR2,DEBI,01May2025,30Minute,Q2,/BUR-BUR-MER-AKYAKA3/BURDUR2/DEBI/01May2025/30Minute/Q2/,False
1100,BUR-BUR-MER-AKYAKA3,BURDUR2,DEBI,01May2025,30Minute,Q25,/BUR-BUR-MER-AKYAKA3/BURDUR2/DEBI/01May2025/30Minute/Q25/,False
1101,BUR-BUR-MER-AKYAKA3,BURDUR2,DEBI,01May2025,30Minute,Q5,/BUR-BUR-MER-AKYAKA3/BURDUR2/DEBI/01May2025/30Minute/Q5/,False
1102,BUR-BUR-MER-AKYAKA3,BURDUR2,DEBI,01May2025,30Minute,Q50,/BUR-BUR-MER-AKYAKA3/BURDUR2/DEBI/01May2025/30Minute/Q50/,False
1103,BUR-BUR-MER-AKYAKA3,BURDUR2,DEBI,01May2025,30Minute,Q500,/BUR-BUR-MER-AKYAKA3/BURDUR2/DEBI/01May2025/30Minute/Q500/,False
1104,BUR-BUR-MER-AKYAKA-T,BURDUR,DEBI,01May2025,30Minute,Q10,/BUR-BUR-MER-AKYAKA-T/BURDUR/DEBI/01May2025/30Minute/Q10/,False
1105,BUR-BUR-MER-AKYAKA-T,BURDUR,DEBI,01May2025,30Minute,Q100,/BUR-BUR-MER-AKYAKA-T/BURDUR/DEBI/01May2025/30Minute/Q100/,False
1106,BUR-BUR-MER-AKYAKA-T,BURDUR,DEBI,01May2025,30Minute,Q1000,/BUR-BUR-MER-AKYAKA-T/BURDUR/DEBI/01May2025/30Minute/Q1000/,False
1107,BUR-BUR-MER-AKYAKA-T,BURDUR,DEBI,01May2025,30Minute,Q2,/BUR-BUR-MER-AKYAKA-T/BURDUR/DEBI/01May2025/30Minute/Q2/,False
1108,BUR-BUR-MER-AKYAKA-T,BURDUR,DEBI,01May2025,30Minute,Q25,/BUR-BUR-MER-AKYAKA-T/BURDUR/DEBI/01May2025/30Minute/Q25/,False
1109,BUR-BUR-MER-AKYAKA-T,BURDUR,DEBI,01May2025,30Minute,Q5,/BUR-BUR-MER-AKYAKA-T/BURDUR/DEBI/01May2025/30Minute/Q5/,False
1110,BUR-BUR-MER-AKYAKA-T,BURDUR,DEBI,01May2025,30Minute,Q50,/BUR-BUR-MER-AKYAKA-T/BURDUR/DEBI/01May2025/30Minute/Q50/,False
1111,BUR-BUR-MER-AKYAKA-T,BURDUR,DEBI,01May2025,30Minute,Q500,/BUR-BUR-MER-AKYAKA-T/BURDUR/DEBI/01May2025/30Minute/Q500/,False
1112,BUR-BUR-MER-AKYAKA-T,BURDUR2,DEBI,01May2025,30Minute,Q10,/BUR-BUR-MER-AKYAKA-T/BURDUR2/DEBI/01May2025/30Minute/Q10/,False
1113,BUR-BUR-MER-AKYAKA-T,BURDUR2,DEBI,01May2025,30Minute,Q100,/BUR-BUR-MER-AKYAKA-T/BURDUR2/DEBI/01May2025/30Minute/Q100/,False
1114,BUR-BUR-MER-AKYAKA-T,BURDUR2,DEBI,01May2025,30Minute,Q1000,/BUR-BUR-MER-AKYAKA-T/BURDUR2/DEBI/01May2025/30Minute/Q1000/,False
1115,BUR-BUR-MER-AKYAKA-T,BURDUR2,DEBI,01May2025,30Minute,Q2,/BUR-BUR-MER-AKYAKA-T/BURDUR2/DEBI/01May2025/30Minute/Q2/,False
1116,BUR-BUR-MER-AKYAKA-T,BURDUR2,DEBI,01May2025,30Minute,Q25,/BUR-BUR-MER-AKYAKA-T/BURDUR2/DEBI/01May2025/30Minute/Q25/,False
1117,BUR-BUR-MER-AKYAKA-T,BURDUR2,DEBI,01May2025,30Minute,Q5,/BUR-BUR-MER-AKYAKA-T/BURDUR2/DEBI/01May2025/30Minute/Q5/,False
1118,BUR-BUR-MER-AKYAKA-T,BURDUR2,DEBI,01May2025,30Minute,Q50,/BUR-BUR-MER-AKYAKA-T/BURDUR2/DEBI/01May2025/30Minute/Q50/,False
1119,BUR-BUR-MER-AKYAKA-T,BURDUR2,DEBI,01May2025,30Minute,Q500,/BUR-BUR-MER-AKYAKA-T/BURDUR2/DEBI/01May2025/30Minute/Q500/,False
1120,BUR-BUR-MER-AMUSLUMLER1,BURDUR,DEBI,02May2025,5Minute,Q10,/BUR-BUR-MER-AMUSLUMLER1/BURDUR/DEBI/02May2025/5Minute/Q10/,False
1121,BUR-BUR-MER-AMUSLUMLER1,BURDUR,DEBI,02May2025,5Minute,Q100,/BUR-BUR-MER-AMUSLUMLER1/BURDUR/DEBI/02May2025/5Minute/Q100/,False
1122,BUR-BUR-MER-AMUSLUMLER1,BURDUR,DEBI,02May2025,5Minute,Q1000,/BUR-BUR-MER-AMUSLUMLER1/BURDUR/DEBI/02May2025/5Minute/Q1000/,False
1123,BUR-BUR-MER-AMUSLUMLER1,BURDUR,DEBI,02May2025,5Minute,Q2,/BUR-BUR-MER-AMUSLUMLER1/BURDUR/DEBI/02May2025/5Minute/Q2/,False
1124,BUR-BUR-MER-AMUSLUMLER1,BURDUR,DEBI,02May2025,5Minute,Q25,/BUR-BUR-MER-AMUSLUMLER1/BURDUR/DEBI/02May2025/5Minute/Q25/,False
1125,BUR-BUR-MER-AMUSLUMLER1,BURDUR,DEBI,02May2025,5Minute,Q5,/BUR-BUR-MER-AMUSLUMLER1/BURDUR/DEBI/02May2025/5Minute/Q5/,False
1126,BUR-BUR-MER-AMUSLUMLER1,BURDUR,DEBI,02May2025,5Minute,Q50,/BUR-BUR-MER-AMUSLUMLER1/BURDUR/DEBI/02May2025/5Minute/Q50/,False
1127,BUR-BUR-MER-AMUSLUMLER1,BURDUR,DEBI,02May2025,5Minute,Q500,/BUR-BUR-MER-AMUSLUMLER1/BURDUR/DEBI/02May2025/5Minute/Q500/,False
1128,BUR-BUR-MER-AMUSLUMLER1,BURDUR2,DEBI,02May2025,5Minute,Q10,/BUR-BUR-MER-AMUSLUMLER1/BURDUR2/DEBI/02May2025/5Minute/Q10/,False
1129,BUR-BUR-MER-AMUSLUMLER1,BURDUR2,DEBI,02May2025,5Minute,Q100,/BUR-BUR-MER-AMUSLUMLER1/BURDUR2/DEBI/02May2025/5Minute/Q100/,False
1130,BUR-BUR-MER-AMUSLUMLER1,BURDUR2,DEBI,02May2025,5Minute,Q1000,/BUR-BUR-MER-AMUSLUMLER1/BURDUR2/DEBI/02May2025/5Minute/Q1000/,False
1131,BUR-BUR-MER-AMUSLUMLER1,BURDUR2,DEBI,02May2025,5Minute,Q2,/BUR-BUR-MER-AMUSLUMLER1/BURDUR2/DEBI/02May2025/5Minute/Q2/,False
1132,BUR-BUR-MER-AMUSLUMLER1,BURDUR2,DEBI,02May2025,5Minute,Q25,/BUR-BUR-MER-AMUSLUMLER1/BURDUR2/DEBI/02May2025/5Minute/Q25/,False
1133,BUR-BUR-MER-AMUSLUMLER1,BURDUR2,DEBI,02May2025,5Minute,Q5,/BUR-BUR-MER-AMUSLUMLER1/BURDUR2/DEBI/02May2025/5Minute/Q5/,False
1134,BUR-BUR-MER-AMUSLUMLER1,BURDUR2,DEBI,02May2025,5Minute,Q50,/BUR-BUR-MER-AMUSLUMLER1/BURDUR2/DEBI/02May2025/5Minute/Q50/,False
1135,BUR-BUR-MER-AMUSLUMLER1,BURDUR2,DEBI,02May2025,5Minute,Q500,/BUR-BUR-MER-AMUSLUMLER1/BURDUR2/DEBI/02May2025/5Minute/Q500/,False
1136,BUR-BUR-MER-AMUSLUMLER2,BURDUR,DEBI,01May2025,30Minute,Q10,/BUR-BUR-MER-AMUSLUMLER2/BURDUR/DEBI/01May2025/30Minute/Q10/,False
1137,BUR-BUR-MER-AMUSLUMLER2,BURDUR,DEBI,01May2025,30Minute,Q100,/BUR-BUR-MER-AMUSLUMLER2/BURDUR/DEBI/01May2025/30Minute/Q100/,False
1138,BUR-BUR-MER-AMUSLUMLER2,BURDUR,DEBI,01May2025,30Minute,Q1000,/BUR-BUR-MER-AMUSLUMLER2/BURDUR/DEBI/01May2025/30Minute/Q1000/,False
1139,BUR-BUR-MER-AMUSLUMLER2,BURDUR,DEBI,01May2025,30Minute,Q2,/BUR-BUR-MER-AMUSLUMLER2/BURDUR/DEBI/01May2025/30Minute/Q2/,False
1140,BUR-BUR-MER-AMUSLUMLER2,BURDUR,DEBI,01May2025,30Minute,Q25,/BUR-BUR-MER-AMUSLUMLER2/BURDUR/DEBI/01May2025/30Minute/Q25/,False
1141,BUR-BUR-MER-AMUSLUMLER2,BURDUR,DEBI,01May2025,30Minute,Q5,/BUR-BUR-MER-AMUSLUMLER2/BURDUR/DEBI/01May2025/30Minute/Q5/,False
1142,BUR-BUR-MER-AMUSLUMLER2,BURDUR,DEBI,01May2025,30Minute,Q50,/BUR-BUR-MER-AMUSLUMLER2/BURDUR/DEBI/01May2025/30Minute/Q50/,False
1143,BUR-BUR-MER-AMUSLUMLER2,BURDUR,DEBI,01May2025,30Minute,Q500,/BUR-BUR-MER-AMUSLUMLER2/BURDUR/DEBI/01May2025/30Minute/Q500/,False
1144,BUR-BUR-MER-AMUSLUMLER2,BURDUR2,DEBI,01May2025,30Minute,Q10,/BUR-BUR-MER-AMUSLUMLER2/BURDUR2/DEBI/01May2025/30Minute/Q10/,False
1145,BUR-BUR-MER-AMUSLUMLER2,BURDUR2,DEBI,01May2025,30Minute,Q100,/BUR-BUR-MER-AMUSLUMLER2/BURDUR2/DEBI/01May2025/30Minute/Q100/,False
1146,BUR-BUR-MER-AMUSLUMLER2,BURDUR2,DEBI,01May2025,30Minute,Q1000,/BUR-BUR-MER-AMUSLUMLER2/BURDUR2/DEBI/01May2025/30Minute/Q1000/,False
1147,BUR-BUR-MER-AMUSLUMLER2,BURDUR2,DEBI,01May2025,30Minute,Q2,/BUR-BUR-MER-AMUSLUMLER2/BURDUR2/DEBI/01May2025/30Minute/Q2/,False
1148,BUR-BUR-MER-AMUSLUMLER2,BURDUR2,DEBI,01May2025,30Minute,Q25,/BUR-BUR-MER-AMUSLUMLER2/BURDUR2/DEBI/01May2025/30Minute/Q25/,False
1149,BUR-BUR-MER-AMUSLUMLER2,BURDUR2,DEBI,01May2025,30Minute,Q5,/BUR-BUR-MER-AMUSLUMLER2/BURDUR2/DEBI/01May2025/30Minute/Q5/,False
1150,BUR-BUR-MER-AMUSLUMLER2,BURDUR2,DEBI,01May2025,30Minute,Q50,/BUR-BUR-MER-AMUSLUMLER2/BURDUR2/DEBI/01May2025/30Minute/Q50/,False
1151,BUR-BUR-MER-AMUSLUMLER2,BURDUR2,DEBI,01May2025,30Minute,Q500,/BUR-BUR-MER-AMUSLUMLER2/BURDUR2/DEBI/01May2025/30Minute/Q500/,False
1152,BUR-BUR-MER-ASKERIYE1,BURDUR,DEBI,01May2025,30Minute,Q10,/BUR-BUR-MER-ASKERIYE1/BURDUR/DEBI/01May2025/30Minute/Q10/,False
1153,BUR-BUR-MER-ASKERIYE1,BURDUR,DEBI,01May2025,30Minute,Q100,/BUR-BUR-MER-ASKERIYE1/BURDUR/DEBI/01May2025/30Minute/Q100/,False
1154,BUR-BUR-MER-ASKERIYE1,BURDUR,DEBI,01May2025,30Minute,Q1000,/BUR-BUR-MER-ASKERIYE1/BURDUR/DEBI/01May2025/30Minute/Q1000/,False
1155,BUR-BUR-MER-ASKERIYE1,BURDUR,DEBI,01May2025,30Minute,Q2,/BUR-BUR-MER-ASKERIYE1/BURDUR/DEBI/01May2025/30Minute/Q2/,False
1156,BUR-BUR-MER-ASKERIYE1,BURDUR,DEBI,01May2025,30Minute,Q25,/BUR-BUR-MER-ASKERIYE1/BURDUR/DEBI/01May2025/30Minute/Q25/,False
1157,BUR-BUR-MER-ASKERIYE1,BURDUR,DEBI,01May2025,30Minute,Q5,/BUR-BUR-MER-ASKERIYE1/BURDUR/DEBI/01May2025/30Minute/Q5/,False
1158,BUR-BUR-MER-ASKERIYE1,BURDUR,DEBI,01May2025,30Minute,Q50,/BUR-BUR-MER-ASKERIYE1/BURDUR/DEBI/01May2025/30Minute/Q50/,False
1159,BUR-BUR-MER-ASKERIYE1,BURDUR,DEBI,01May2025,30Minute,Q500,/BUR-BUR-MER-ASKERIYE1/BURDUR/DEBI/01May2025/30Minute/Q500/,False
1160,BUR-BUR-MER-ASKERIYE1,BURDUR2,DEBI,01May2025,30Minute,Q10,/BUR-BUR-MER-ASKERIYE1/BURDUR2/DEBI/01May2025/30Minute/Q10/,False
1161,BUR-BUR-MER-ASKERIYE1,BURDUR2,DEBI,01May2025,30Minute,Q100,/BUR-BUR-MER-ASKERIYE1/BURDUR2/DEBI/01May2025/30Minute/Q100/,False
1162,BUR-BUR-MER-ASKERIYE1,BURDUR2,DEBI,01May2025,30Minute,Q1000,/BUR-BUR-MER-ASKERIYE1/BURDUR2/DEBI/01May2025/30Minute/Q1000/,False
1163,BUR-BUR-MER-ASKERIYE1,BURDUR2,DEBI,01May2025,30Minute,Q2,/BUR-BUR-MER-ASKERIYE1/BURDUR2/DEBI/01May2025/30Minute/Q2/,False
1164,BUR-BUR-MER-ASKERIYE1,BURDUR2,DEBI,01May2025,30Minute,Q25,/BUR-BUR-MER-ASKERIYE1/BURDUR2/DEBI/01May2025/30Minute/Q25/,False
1165,BUR-BUR-MER-ASKERIYE1,BURDUR2,DEBI,01May2025,30Minute,Q5,/BUR-BUR-MER-ASKERIYE1/BURDUR2/DEBI/01May2025/30Minute/Q5/,False
1166,BUR-BUR-MER-ASKERIYE1,BURDUR2,DEBI,01May2025,30Minute,Q50,/BUR-BUR-MER-ASKERIYE1/BURDUR2/DEBI/01May2025/30Minute/Q50/,False
1167,BUR-BUR-MER-ASKERIYE1,BURDUR2,DEBI,01May2025,30Minute,Q500,/BUR-BUR-MER-ASKERIYE1/BURDUR2/DEBI/01May2025/30Minute/Q500/,False
1168,BUR-BUR-MER-ASKERIYE2,BURDUR,DEBI,01May2025,30Minute,Q10,/BUR-BUR-MER-ASKERIYE2/BURDUR/DEBI/01May2025/30Minute/Q10/,False
1169,BUR-BUR-MER-ASKERIYE2,BURDUR,DEBI,01May2025,30Minute,Q100,/BUR-BUR-MER-ASKERIYE2/BURDUR/DEBI/01May2025/30Minute/Q100/,False
1170,BUR-BUR-MER-ASKERIYE2,BURDUR,DEBI,01May2025,30Minute,Q1000,/BUR-BUR-MER-ASKERIYE2/BURDUR/DEBI/01May2025/30Minute/Q1000/,False
1171,BUR-BUR-MER-ASKERIYE2,BURDUR,DEBI,01May2025,30Minute,Q2,/BUR-BUR-MER-ASKERIYE2/BURDUR/DEBI/01May2025/30Minute/Q2/,False
1172,BUR-BUR-MER-ASKERIYE2,BURDUR,DEBI,01May2025,30Minute,Q25,/BUR-BUR-MER-ASKERIYE2/BURDUR/DEBI/01May2025/30Minute/Q25/,False
1173,BUR-BUR-MER-ASKERIYE2,BURDUR,DEBI,01May2025,30Minute,Q5,/BUR-BUR-MER-ASKERIYE2/BURDUR/DEBI/01May2025/30Minute/Q5/,False
1174,BUR-BUR-MER-ASKERIYE2,BURDUR,DEBI,01May2025,30Minute,Q50,/BUR-BUR-MER-ASKERIYE2/BURDUR/DEBI/01May2025/30Minute/Q50/,False
1175,BUR-BUR-MER-ASKERIYE2,BURDUR,DEBI,01May2025,30Minute,Q500,/BUR-BUR-MER-ASKERIYE2/BURDUR/DEBI/01May2025/30Minute/Q500/,False
1176,BUR-BUR-MER-ASKERIYE2,BURDUR2,DEBI,01May2025,30Minute,Q10,/BUR-BUR-MER-ASKERIYE2/BURDUR2/DEBI/01May2025/30Minute/Q10/,False
1177,BUR-BUR-MER-ASKERIYE2,BURDUR2,DEBI,01May2025,30Minute,Q100,/BUR-BUR-MER-ASKERIYE2/BURDUR2/DEBI/01May2025/30Minute/Q100/,False
1178,BUR-BUR-MER-ASKERIYE2,BURDUR2,DEBI,01May2025,30Minute,Q1000,/BUR-BUR-MER-ASKERIYE2/BURDUR2/DEBI/01May2025/30Minute/Q1000/,False
1179,BUR-BUR-MER-ASKERIYE2,BURDUR2,DEBI,01May2025,30Minute,Q2,/BUR-BUR-MER-ASKERIYE2/BURDUR2/DEBI/01May2025/30Minute/Q2/,False
1180,BUR-BUR-MER-ASKERIYE2,BURDUR2,DEBI,01May2025,30Minute,Q25,/BUR-BUR-MER-ASKERIYE2/BURDUR2/DEBI/01May2025/30Minute/Q25/,False
1181,BUR-BUR-MER-ASKERIYE2,BURDUR2,DEBI,01May2025,30Minute,Q5,/BUR-BUR-MER-ASKERIYE2/BURDUR2/DEBI/01May2025/30Minute/Q5/,False
1182,BUR-BUR-MER-ASKERIYE2,BURDUR2,DEBI,01May2025,30Minute,Q50,/BUR-BUR-MER-ASKERIYE2/BURDUR2/DEBI/01May2025/30Minute/Q50/,False
1183,BUR-BUR-MER-ASKERIYE2,BURDUR2,DEBI,01May2025,30Minute,Q500,/BUR-BUR-MER-ASKERIYE2/BURDUR2/DEBI/01May2025/30Minute/Q500/,False
1184,BUR-BUR-MER-ASKERIYE2A,BURDUR,DEBI,01May2025,30Minute,Q10,/BUR-BUR-MER-ASKERIYE2A/BURDUR/DEBI/01May2025/30Minute/Q10/,False
1185,BUR-BUR-MER-ASKERIYE2A,BURDUR,DEBI,01May2025,30Minute,Q100,/BUR-BUR-MER-ASKERIYE2A/BURDUR/DEBI/01May2025/30Minute/Q100/,False
1186,BUR-BUR-MER-ASKERIYE2A,BURDUR,DEBI,01May2025,30Minute,Q1000,/BUR-BUR-MER-ASKERIYE2A/BURDUR/DEBI/01May2025/30Minute/Q1000/,False
1187,BUR-BUR-MER-ASKERIYE2A,BURDUR,DEBI,01May2025,30Minute,Q2,/BUR-BUR-MER-ASKERIYE2A/BURDUR/DEBI/01May2025/30Minute/Q2/,False
1188,BUR-BUR-MER-ASKERIYE2A,BURDUR,DEBI,01May2025,30Minute,Q25,/BUR-BUR-MER-ASKERIYE2A/BURDUR/DEBI/01May2025/30Minute/Q25/,False
1189,BUR-BUR-MER-ASKERIYE2A,BURDUR,DEBI,01May2025,30Minute,Q5,/BUR-BUR-MER-ASKERIYE2A/BURDUR/DEBI/01May2025/30Minute/Q5/,False
1190,BUR-BUR-MER-ASKERIYE2A,BURDUR,DEBI,01May2025,30Minute,Q50,/BUR-BUR-MER-ASKERIYE2A/BURDUR/DEBI/01May2025/30Minute/Q50/,False
1191,BUR-BUR-MER-ASKERIYE2A,BURDUR,DEBI,01May2025,30Minute,Q500,/BUR-BUR-MER-ASKERIYE2A/BURDUR/DEBI/01May2025/30Minute/Q500/,False
1192,BUR-BUR-MER-ASKERIYE2A,BURDUR2,DEBI,01May2025,30Minute,Q10,/BUR-BUR-MER-ASKERIYE2A/BURDUR2/DEBI/01May2025/30Minute/Q10/,False
1193,BUR-BUR-MER-ASKERIYE2A,BURDUR2,DEBI,01May2025,30Minute,Q100,/BUR-BUR-MER-ASKERIYE2A/BURDUR2/DEBI/01May2025/30Minute/Q100/,False
1194,BUR-BUR-MER-ASKERIYE2A,BURDUR2,DEBI,01May2025,30Minute,Q1000,/BUR-BUR-MER-ASKERIYE2A/BURDUR2/DEBI/01May2025/30Minute/Q1000/,False
1195,BUR-BUR-MER-ASKERIYE2A,BURDUR2,DEBI,01May2025,30Minute,Q2,/BUR-BUR-MER-ASKERIYE2A/BURDUR2/DEBI/01May2025/30Minute/Q2/,False
1196,BUR-BUR-MER-ASKERIYE2A,BURDUR2,DEBI,01May2025,30Minute,Q25,/BUR-BUR-MER-ASKERIYE2A/BURDUR2/DEBI/01May2025/30Minute/Q25/,False
1197,BUR-BUR-MER-ASKERIYE2A,BURDUR2,DEBI,01May2025,30Minute,Q5,/BUR-BUR-MER-ASKERIYE2A/BURDUR2/DEBI/01May2025/30Minute/Q5/,False
1198,BUR-BUR-MER-ASKERIYE2A,BURDUR2,DEBI,01May2025,30Minute,Q50,/BUR-BUR-MER-ASKERIYE2A/BURDUR2/DEBI/01May2025/30Minute/Q50/,False
1199,BUR-BUR-MER-ASKERIYE2A,BURDUR2,DEBI,01May2025,30Minute,Q500,/BUR-BUR-MER-ASKERIYE2A/BURDUR2/DEBI/01May2025/30Minute/Q500/,False
1200,BUR-BUR-MER-ASKERIYE3,BURDUR,DEBI,02May2025,5Minute,Q10,/BUR-BUR-MER-ASKERIYE3/BURDUR/DEBI/02May2025/5Minute/Q10/,False
1201,BUR-BUR-MER-ASKERIYE3,BURDUR,DEBI,02May2025,5Minute,Q100,/BUR-BUR-MER-ASKERIYE3/BURDUR/DEBI/02May2025/5Minute/Q100/,False
1202,BUR-BUR-MER-ASKERIYE3,BURDUR,DEBI,02May2025,5Minute,Q1000,/BUR-BUR-MER-ASKERIYE3/BURDUR/DEBI/02May2025/5Minute/Q1000/,False
1203,BUR-BUR-MER-ASKERIYE3,BURDUR,DEBI,02May2025,5Minute,Q2,/BUR-BUR-MER-ASKERIYE3/BURDUR/DEBI/02May2025/5Minute/Q2/,False
1204,BUR-BUR-MER-ASKERIYE3,BURDUR,DEBI,02May2025,5Minute,Q25,/BUR-BUR-MER-ASKERIYE3/BURDUR/DEBI/02May2025/5Minute/Q25/,False
1205,BUR-BUR-MER-ASKERIYE3,BURDUR,DEBI,02May2025,5Minute,Q5,/BUR-BUR-MER-ASKERIYE3/BURDUR/DEBI/02May2025/5Minute/Q5/,False
1206,BUR-BUR-MER-ASKERIYE3,BURDUR,DEBI,02May2025,5Minute,Q50,/BUR-BUR-MER-ASKERIYE3/BURDUR/DEBI/02May2025/5Minute/Q50/,False
1207,BUR-BUR-MER-ASKERIYE3,BURDUR,DEBI,02May2025,5Minute,Q500,/BUR-BUR-MER-ASKERIYE3/BURDUR/DEBI/02May2025/5Minute/Q500/,False
1208,BUR-BUR-MER-ASKERIYE3,BURDUR2,DEBI,02May2025,5Minute,Q10,/BUR-BUR-MER-ASKERIYE3/BURDUR2/DEBI/02May2025/5Minute/Q10/,False
1209,BUR-BUR-MER-ASKERIYE3,BURDUR2,DEBI,02May2025,5Minute,Q100,/BUR-BUR-MER-ASKERIYE3/BURDUR2/DEBI/02May2025/5Minute/Q100/,False
1210,BUR-BUR-MER-ASKERIYE3,BURDUR2,DEBI,02May2025,5Minute,Q1000,/BUR-BUR-MER-ASKERIYE3/BURDUR2/DEBI/02May2025/5Minute/Q1000/,False
1211,BUR-BUR-MER-ASKERIYE3,BURDUR2,DEBI,02May2025,5Minute,Q2,/BUR-BUR-MER-ASKERIYE3/BURDUR2/DEBI/02May2025/5Minute/Q2/,False
1212,BUR-BUR-MER-ASKERIYE3,BURDUR2,DEBI,02May2025,5Minute,Q25,/BUR-BUR-MER-ASKERIYE3/BURDUR2/DEBI/02May2025/5Minute/Q25/,False
1213,BUR-BUR-MER-ASKERIYE3,BURDUR2,DEBI,02May2025,5Minute,Q5,/BUR-BUR-MER-ASKERIYE3/BURDUR2/DEBI/02May2025/5Minute/Q5/,False
1214,BUR-BUR-MER-ASKERIYE3,BURDUR2,DEBI,02May2025,5Minute,Q50,/BUR-BUR-MER-ASKERIYE3/BURDUR2/DEBI/02May2025/5Minute/Q50/,False
1215,BUR-BUR-MER-ASKERIYE3,BURDUR2,DEBI,02May2025,5Minute,Q500,/BUR-BUR-MER-ASKERIYE3/BURDUR2/DEBI/02May2025/5Minute/Q500/,False
1216,BUR-BUR-MER-ASKERIYE-T,BURDUR,DEBI,01May2025,30Minute,Q10,/BUR-BUR-MER-ASKERIYE-T/BURDUR/DEBI/01May2025/30Minute/Q10/,False
1217,BUR-BUR-MER-ASKERIYE-T,BURDUR,DEBI,01May2025,30Minute,Q100,/BUR-BUR-MER-ASKERIYE-T/BURDUR/DEBI/01May2025/30Minute/Q100/,False
1218,BUR-BUR-MER-ASKERIYE-T,BURDUR,DEBI,01May2025,30Minute,Q1000,/BUR-BUR-MER-ASKERIYE-T/BURDUR/DEBI/01May2025/30Minute/Q1000/,False
1219,BUR-BUR-MER-ASKERIYE-T,BURDUR,DEBI,01May2025,30Minute,Q2,/BUR-BUR-MER-ASKERIYE-T/BURDUR/DEBI/01May2025/30Minute/Q2/,False
1220,BUR-BUR-MER-ASKERIYE-T,BURDUR,DEBI,01May2025,30Minute,Q25,/BUR-BUR-MER-ASKERIYE-T/BURDUR/DEBI/01May2025/30Minute/Q25/,False
1221,BUR-BUR-MER-ASKERIYE-T,BURDUR,DEBI,01May2025,30Minute,Q5,/BUR-BUR-MER-ASKERIYE-T/BURDUR/DEBI/01May2025/30Minute/Q5/,False
1222,BUR-BUR-MER-ASKERIYE-T,BURDUR,DEBI,01May2025,30Minute,Q50,/BUR-BUR-MER-ASKERIYE-T/BURDUR/DEBI/01May2025/30Minute/Q50/,False
1223,BUR-BUR-MER-ASKERIYE-T,BURDUR,DEBI,01May2025,30Minute,Q500,/BUR-BUR-MER-ASKERIYE-T/BURDUR/DEBI/01May2025/30Minute/Q500/,False
1224,BUR-BUR-MER-ASKERIYE-T,BURDUR2,DEBI,01May2025,30Minute,Q10,/BUR-BUR-MER-ASKERIYE-T/BURDUR2/DEBI/01May2025/30Minute/Q10/,False
1225,BUR-BUR-MER-ASKERIYE-T,BURDUR2,DEBI,01May2025,30Minute,Q100,/BUR-BUR-MER-ASKERIYE-T/BURDUR2/DEBI/01May2025/30Minute/Q100/,False
1226,BUR-BUR-MER-ASKERIYE-T,BURDUR2,DEBI,01May2025,30Minute,Q1000,/BUR-BUR-MER-ASKERIYE-T/BURDUR2/DEBI/01May2025/30Minute/Q1000/,False
1227,BUR-BUR-MER-ASKERIYE-T,BURDUR2,DEBI,01May2025,30Minute,Q2,/BUR-BUR-MER-ASKERIYE-T/BURDUR2/DEBI/01May2025/30Minute/Q2/,False
1228,BUR-BUR-MER-ASKERIYE-T,BURDUR2,DEBI,01May2025,30Minute,Q25,/BUR-BUR-MER-ASKERIYE-T/BURDUR2/DEBI/01May2025/30Minute/Q25/,False
1229,BUR-BUR-MER-ASKERIYE-T,BURDUR2,DEBI,01May2025,30Minute,Q5,/BUR-BUR-MER-ASKERIYE-T/BURDUR2/DEBI/01May2025/30Minute/Q5/,False
1230,BUR-BUR-MER-ASKERIYE-T,BURDUR2,DEBI,01May2025,30Minute,Q50,/BUR-BUR-MER-ASKERIYE-T/BURDUR2/DEBI/01May2025/30Minute/Q50/,False
1231,BUR-BUR-MER-ASKERIYE-T,BURDUR2,DEBI,01May2025,30Minute,Q500,/BUR-BUR-MER-ASKERIYE-T/BURDUR2/DEBI/01May2025/30Minute/Q500/,False
1232,BUR-BUR-MER-ATATURK,BURDUR,DEBI,01May2025,30Minute,Q10,/BUR-BUR-MER-ATATURK/BURDUR/DEBI/01May2025/30Minute/Q10/,False
1233,BUR-BUR-MER-ATATURK,BURDUR,DEBI,01May2025,30Minute,Q100,/BUR-BUR-MER-ATATURK/BURDUR/DEBI/01May2025/30Minute/Q100/,False
1234,BUR-BUR-MER-ATATURK,BURDUR,DEBI,01May2025,30Minute,Q1000,/BUR-BUR-MER-ATATURK/BURDUR/DEBI/01May2025/30Minute/Q1000/,False
1235,BUR-BUR-MER-ATATURK,BURDUR,DEBI,01May2025,30Minute,Q2,/BUR-BUR-MER-ATATURK/BURDUR/DEBI/01May2025/30Minute/Q2/,False
1236,BUR-BUR-MER-ATATURK,BURDUR,DEBI,01May2025,30Minute,Q25,/BUR-BUR-MER-ATATURK/BURDUR/DEBI/01May2025/30Minute/Q25/,False
1237,BUR-BUR-MER-ATATURK,BURDUR,DEBI,01May2025,30Minute,Q5,/BUR-BUR-MER-ATATURK/BURDUR/DEBI/01May2025/30Minute/Q5/,False
1238,BUR-BUR-MER-ATATURK,BURDUR,DEBI,01May2025,30Minute,Q50,/BUR-BUR-MER-ATATURK/BURDUR/DEBI/01May2025/30Minute/Q50/,False
1239,BUR-BUR-MER-ATATURK,BURDUR,DEBI,01May2025,30Minute,Q500,/BUR-BUR-MER-ATATURK/BURDUR/DEBI/01May2025/30Minute/Q500/,False
1240,BUR-BUR-MER-ATATURK,BURDUR2,DEBI,01May2025,30Minute,Q10,/BUR-BUR-MER-ATATURK/BURDUR2/DEBI/01May2025/30Minute/Q10/,False
1241,BUR-BUR-MER-ATATURK,BURDUR2,DEBI,01May2025,30Minute,Q100,/BUR-BUR-MER-ATATURK/BURDUR2/DEBI/01May2025/30Minute/Q100/,False
1242,BUR-BUR-MER-ATATURK,BURDUR2,DEBI,01May2025,30Minute,Q1000,/BUR-BUR-MER-ATATURK/BURDUR2/DEBI/01May2025/30Minute/Q1000/,False
1243,BUR-BUR-MER-ATATURK,BURDUR2,DEBI,01May2025,30Minute,Q2,/BUR-BUR-MER-ATATURK/BURDUR2/DEBI/01May2025/30Minute/Q2/,False
1244,BUR-BUR-MER-ATATURK,BURDUR2,DEBI,01May2025,30Minute,Q25,/BUR-BUR-MER-ATATURK/BURDUR2/DEBI/01May2025/30Minute/Q25/,False
1245,BUR-BUR-MER-ATATURK,BURDUR2,DEBI,01May2025,30Minute,Q5,/BUR-BUR-MER-ATATURK/BURDUR2/DEBI/01May2025/30Minute/Q5/,False
1246,BUR-BUR-MER-ATATURK,BURDUR2,DEBI,01May2025,30Minute,Q50,/BUR-BUR-MER-ATATURK/BURDUR2/DEBI/01May2025/30Minute/Q50/,False
1247,BUR-BUR-MER-ATATURK,BURDUR2,DEBI,01May2025,30Minute,Q500,/BUR-BUR-MER-ATATURK/BURDUR2/DEBI/01May2025/30Minute/Q500/,False
1248,BUR-BUR-MER-ATATURK1,BURDUR,DEBI,02May2025,5Minute,Q10,/BUR-BUR-MER-ATATURK1/BURDUR/DEBI/02May2025/5Minute/Q10/,False
1249,BUR-BUR-MER-ATATURK1,BURDUR,DEBI,02May2025,5Minute,Q100,/BUR-BUR-MER-ATATURK1/BURDUR/DEBI/02May2025/5Minute/Q100/,False
1250,BUR-BUR-MER-ATATURK1,BURDUR,DEBI,02May2025,5Minute,Q1000,/BUR-BUR-MER-ATATURK1/BURDUR/DEBI/02May2025/5Minute/Q1000/,False
1251,BUR-BUR-MER-ATATURK1,BURDUR,DEBI,02May2025,5Minute,Q2,/BUR-BUR-MER-ATATURK1/BURDUR/DEBI/02May2025/5Minute/Q2/,False
1252,BUR-BUR-MER-ATATURK1,BURDUR,DEBI,02May2025,5Minute,Q25,/BUR-BUR-MER-ATATURK1/BURDUR/DEBI/02May2025/5Minute/Q25/,False
1253,BUR-BUR-MER-ATATURK1,BURDUR,DEBI,02May2025,5Minute,Q5,/BUR-BUR-MER-ATATURK1/BURDUR/DEBI/02May2025/5Minute/Q5/,False
1254,BUR-BUR-MER-ATATURK1,BURDUR,DEBI,02May2025,5Minute,Q50,/BUR-BUR-MER-ATATURK1/BURDUR/DEBI/02May2025/5Minute/Q50/,False
1255,BUR-BUR-MER-ATATURK1,BURDUR,DEBI,02May2025,5Minute,Q500,/BUR-BUR-MER-ATATURK1/BURDUR/DEBI/02May2025/5Minute/Q500/,False
1256,BUR-BUR-MER-ATATURK1,BURDUR2,DEBI,02May2025,5Minute,Q10,/BUR-BUR-MER-ATATURK1/BURDUR2/DEBI/02May2025/5Minute/Q10/,False
1257,BUR-BUR-MER-ATATURK1,BURDUR2,DEBI,02May2025,5Minute,Q100,/BUR-BUR-MER-ATATURK1/BURDUR2/DEBI/02May2025/5Minute/Q100/,False
1258,BUR-BUR-MER-ATATURK1,BURDUR2,DEBI,02May2025,5Minute,Q1000,/BUR-BUR-MER-ATATURK1/BURDUR2/DEBI/02May2025/5Minute/Q1000/,False
1259,BUR-BUR-MER-ATATURK1,BURDUR2,DEBI,02May2025,5Minute,Q2,/BUR-BUR-MER-ATATURK1/BURDUR2/DEBI/02May2025/5Minute/Q2/,False
1260,BUR-BUR-MER-ATATURK1,BURDUR2,DEBI,02May2025,5Minute,Q25,/BUR-BUR-MER-ATATURK1/BURDUR2/DEBI/02May2025/5Minute/Q25/,False
1261,BUR-BUR-MER-ATATURK1,BURDUR2,DEBI,02May2025,5Minute,Q5,/BUR-BUR-MER-ATATURK1/BURDUR2/DEBI/02May2025/5Minute/Q5/,False
1262,BUR-BUR-MER-ATATURK1,BURDUR2,DEBI,02May2025,5Minute,Q50,/BUR-BUR-MER-ATATURK1/BURDUR2/DEBI/02May2025/5Minute/Q50/,False
1263,BUR-BUR-MER-ATATURK1,BURDUR2,DEBI,02May2025,5Minute,Q500,/BUR-BUR-MER-ATATURK1/BURDUR2/DEBI/02May2025/5Minute/Q500/,False
1264,BUR-BUR-MER-ATATURK2,BURDUR,DEBI,02May2025,5Minute,Q10,/BUR-BUR-MER-ATATURK2/BURDUR/DEBI/02May2025/5Minute/Q10/,False
1265,BUR-BUR-MER-ATATURK2,BURDUR,DEBI,02May2025,5Minute,Q100,/BUR-BUR-MER-ATATURK2/BURDUR/DEBI/02May2025/5Minute/Q100/,False
1266,BUR-BUR-MER-ATATURK2,BURDUR,DEBI,02May2025,5Minute,Q1000,/BUR-BUR-MER-ATATURK2/BURDUR/DEBI/02May2025/5Minute/Q1000/,False
1267,BUR-BUR-MER-ATATURK2,BURDUR,DEBI,02May2025,5Minute,Q2,/BUR-BUR-MER-ATATURK2/BURDUR/DEBI/02May2025/5Minute/Q2/,False
1268,BUR-BUR-MER-ATATURK2,BURDUR,DEBI,02May2025,5Minute,Q25,/BUR-BUR-MER-ATATURK2/BURDUR/DEBI/02May2025/5Minute/Q25/,False
1269,BUR-BUR-MER-ATATURK2,BURDUR,DEBI,02May2025,5Minute,Q5,/BUR-BUR-MER-ATATURK2/BURDUR/DEBI/02May2025/5Minute/Q5/,False
1270,BUR-BUR-MER-ATATURK2,BURDUR,DEBI,02May2025,5Minute,Q50,/BUR-BUR-MER-ATATURK2/BURDUR/DEBI/02May2025/5Minute/Q50/,False
1271,BUR-BUR-MER-ATATURK2,BURDUR,DEBI,02May2025,5Minute,Q500,/BUR-BUR-MER-ATATURK2/BURDUR/DEBI/02May2025/5Minute/Q500/,False
1272,BUR-BUR-MER-ATATURK2,BURDUR2,DEBI,02May2025,5Minute,Q10,/BUR-BUR-MER-ATATURK2/BURDUR2/DEBI/02May2025/5Minute/Q10/,False
1273,BUR-BUR-MER-ATATURK2,BURDUR2,DEBI,02May2025,5Minute,Q100,/BUR-BUR-MER-ATATURK2/BURDUR2/DEBI/02May2025/5Minute/Q100/,False
1274,BUR-BUR-MER-ATATURK2,BURDUR2,DEBI,02May2025,5Minute,Q1000,/BUR-BUR-MER-ATATURK2/BURDUR2/DEBI/02May2025/5Minute/Q1000/,False
1275,BUR-BUR-MER-ATATURK2,BURDUR2,DEBI,02May2025,5Minute,Q2,/BUR-BUR-MER-ATATURK2/BURDUR2/DEBI/02May2025/5Minute/Q2/,False
1276,BUR-BUR-MER-ATATURK2,BURDUR2,DEBI,02May2025,5Minute,Q25,/BUR-BUR-MER-ATATURK2/BURDUR2/DEBI/02May2025/5Minute/Q25/,False
1277,BUR-BUR-MER-ATATURK2,BURDUR2,DEBI,02May2025,5Minute,Q5,/BUR-BUR-MER-ATATURK2/BURDUR2/DEBI/02May2025/5Minute/Q5/,False
1278,BUR-BUR-MER-ATATURK2,BURDUR2,DEBI,02May2025,5Minute,Q50,/BUR-BUR-MER-ATATURK2/BURDUR2/DEBI/02May2025/5Minute/Q50/,False
1279,BUR-BUR-MER-ATATURK2,BURDUR2,DEBI,02May2025,5Minute,Q500,/BUR-BUR-MER-ATATURK2/BURDUR2/DEBI/02May2025/5Minute/Q500/,False
1280,BUR-BUR-MER-ATATURK3,BURDUR,DEBI,02May2025,5Minute,Q10,/BUR-BUR-MER-ATATURK3/BURDUR/DEBI/02May2025/5Minute/Q10/,False
1281,BUR-BUR-MER-ATATURK3,BURDUR,DEBI,02May2025,5Minute,Q100,/BUR-BUR-MER-ATATURK3/BURDUR/DEBI/02May2025/5Minute/Q100/,False
1282,BUR-BUR-MER-ATATURK3,BURDUR,DEBI,02May2025,5Minute,Q1000,/BUR-BUR-MER-ATATURK3/BURDUR/DEBI/02May2025/5Minute/Q1000/,False
1283,BUR-BUR-MER-ATATURK3,BURDUR,DEBI,02May2025,5Minute,Q2,/BUR-BUR-MER-ATATURK3/BURDUR/DEBI/02May2025/5Minute/Q2/,False
1284,BUR-BUR-MER-ATATURK3,BURDUR,DEBI,02May2025,5Minute,Q25,/BUR-BUR-MER-ATATURK3/BURDUR/DEBI/02May2025/5Minute/Q25/,False
1285,BUR-BUR-MER-ATATURK3,BURDUR,DEBI,02May2025,5Minute,Q5,/BUR-BUR-MER-ATATURK3/BURDUR/DEBI/02May2025/5Minute/Q5/,False
1286,BUR-BUR-MER-ATATURK3,BURDUR,DEBI,02May2025,5Minute,Q50,/BUR-BUR-MER-ATATURK3/BURDUR/DEBI/02May2025/5Minute/Q50/,False
1287,BUR-BUR-MER-ATATURK3,BURDUR,DEBI,02May2025,5Minute,Q500,/BUR-BUR-MER-ATATURK3/BURDUR/DEBI/02May2025/5Minute/Q500/,False
1288,BUR-BUR-MER-ATATURK3,BURDUR2,DEBI,02May2025,5Minute,Q10,/BUR-BUR-MER-ATATURK3/BURDUR2/DEBI/02May2025/5Minute/Q10/,False
1289,BUR-BUR-MER-ATATURK3,BURDUR2,DEBI,02May2025,5Minute,Q100,/BUR-BUR-MER-ATATURK3/BURDUR2/DEBI/02May2025/5Minute/Q100/,False
1290,BUR-BUR-MER-ATATURK3,BURDUR2,DEBI,02May2025,5Minute,Q1000,/BUR-BUR-MER-ATATURK3/BURDUR2/DEBI/02May2025/5Minute/Q1000/,False
1291,BUR-BUR-MER-ATATURK3,BURDUR2,DEBI,02May2025,5Minute,Q2,/BUR-BUR-MER-ATATURK3/BURDUR2/DEBI/02May2025/5Minute/Q2/,False
1292,BUR-BUR-MER-ATATURK3,BURDUR2,DEBI,02May2025,5Minute,Q25,/BUR-BUR-MER-ATATURK3/BURDUR2/DEBI/02May2025/5Minute/Q25/,False
1293,BUR-BUR-MER-ATATURK3,BURDUR2,DEBI,02May2025,5Minute,Q5,/BUR-BUR-MER-ATATURK3/BURDUR2/DEBI/02May2025/5Minute/Q5/,False
1294,BUR-BUR-MER-ATATURK3,BURDUR2,DEBI,02May2025,5Minute,Q50,/BUR-BUR-MER-ATATURK3/BURDUR2/DEBI/02May2025/5Minute/Q50/,False
1295,BUR-BUR-MER-ATATURK3,BURDUR2,DEBI,02May2025,5Minute,Q500,/BUR-BUR-MER-ATATURK3/BURDUR2/DEBI/02May2025/5Minute/Q500/,False
1296,BUR-BUR-MER-ATATURK4,BURDUR,DEBI,02May2025,5Minute,Q10,/BUR-BUR-MER-ATATURK4/BURDUR/DEBI/02May2025/5Minute/Q10/,False
1297,BUR-BUR-MER-ATATURK4,BURDUR,DEBI,02May2025,5Minute,Q100,/BUR-BUR-MER-ATATURK4/BURDUR/DEBI/02May2025/5Minute/Q100/,False
1298,BUR-BUR-MER-ATATURK4,BURDUR,DEBI,02May2025,5Minute,Q1000,/BUR-BUR-MER-ATATURK4/BURDUR/DEBI/02May2025/5Minute/Q1000/,False
1299,BUR-BUR-MER-ATATURK4,BURDUR,DEBI,02May2025,5Minute,Q2,/BUR-BUR-MER-ATATURK4/BURDUR/DEBI/02May2025/5Minute/Q2/,False
1300,BUR-BUR-MER-ATATURK4,BURDUR,DEBI,02May2025,5Minute,Q25,/BUR-BUR-MER-ATATURK4/BURDUR/DEBI/02May2025/5Minute/Q25/,False
1301,BUR-BUR-MER-ATATURK4,BURDUR,DEBI,02May2025,5Minute,Q5,/BUR-BUR-MER-ATATURK4/BURDUR/DEBI/02May2025/5Minute/Q5/,False
1302,BUR-BUR-MER-ATATURK4,BURDUR,DEBI,02May2025,5Minute,Q50,/BUR-BUR-MER-ATATURK4/BURDUR/DEBI/02May2025/5Minute/Q50/,False
1303,BUR-BUR-MER-ATATURK4,BURDUR,DEBI,02May2025,5Minute,Q500,/BUR-BUR-MER-ATATURK4/BURDUR/DEBI/02May2025/5Minute/Q500/,False
1304,BUR-BUR-MER-ATATURK4,BURDUR2,DEBI,02May2025,5Minute,Q10,/BUR-BUR-MER-ATATURK4/BURDUR2/DEBI/02May2025/5Minute/Q10/,False
1305,BUR-BUR-MER-ATATURK4,BURDUR2,DEBI,02May2025,5Minute,Q100,/BUR-BUR-MER-ATATURK4/BURDUR2/DEBI/02May2025/5Minute/Q100/,False
1306,BUR-BUR-MER-ATATURK4,BURDUR2,DEBI,02May2025,5Minute,Q1000,/BUR-BUR-MER-ATATURK4/BURDUR2/DEBI/02May2025/5Minute/Q1000/,False
1307,BUR-BUR-MER-ATATURK4,BURDUR2,DEBI,02May2025,5Minute,Q2,/BUR-BUR-MER-ATATURK4/BURDUR2/DEBI/02May2025/5Minute/Q2/,False
1308,BUR-BUR-MER-ATATURK4,BURDUR2,DEBI,02May2025,5Minute,Q25,/BUR-BUR-MER-ATATURK4/BURDUR2/DEBI/02May2025/5Minute/Q25/,False
1309,BUR-BUR-MER-ATATURK4,BURDUR2,DEBI,02May2025,5Minute,Q5,/BUR-BUR-MER-ATATURK4/BURDUR2/DEBI/02May2025/5Minute/Q5/,False
1310,BUR-BUR-MER-ATATURK4,BURDUR2,DEBI,02May2025,5Minute,Q50,/BUR-BUR-MER-ATATURK4/BURDUR2/DEBI/02May2025/5Minute/Q50/,False
1311,BUR-BUR-MER-ATATURK4,BURDUR2,DEBI,02May2025,5Minute,Q500,/BUR-BUR-MER-ATATURK4/BURDUR2/DEBI/02May2025/5Minute/Q500/,False
1312,BUR-BUR-MER-ATATURK5,BURDUR,DEBI,02May2025,5Minute,Q10,/BUR-BUR-MER-ATATURK5/BURDUR/DEBI/02May2025/5Minute/Q10/,False
1313,BUR-BUR-MER-ATATURK5,BURDUR,DEBI,02May2025,5Minute,Q100,/BUR-BUR-MER-ATATURK5/BURDUR/DEBI/02May2025/5Minute/Q100/,False
1314,BUR-BUR-MER-ATATURK5,BURDUR,DEBI,02May2025,5Minute,Q1000,/BUR-BUR-MER-ATATURK5/BURDUR/DEBI/02May2025/5Minute/Q1000/,False
1315,BUR-BUR-MER-ATATURK5,BURDUR,DEBI,02May2025,5Minute,Q2,/BUR-BUR-MER-ATATURK5/BURDUR/DEBI/02May2025/5Minute/Q2/,False
1316,BUR-BUR-MER-ATATURK5,BURDUR,DEBI,02May2025,5Minute,Q25,/BUR-BUR-MER-ATATURK5/BURDUR/DEBI/02May2025/5Minute/Q25/,False
1317,BUR-BUR-MER-ATATURK5,BURDUR,DEBI,02May2025,5Minute,Q5,/BUR-BUR-MER-ATATURK5/BURDUR/DEBI/02May2025/5Minute/Q5/,False
1318,BUR-BUR-MER-ATATURK5,BURDUR,DEBI,02May2025,5Minute,Q50,/BUR-BUR-MER-ATATURK5/BURDUR/DEBI/02May2025/5Minute/Q50/,False
1319,BUR-BUR-MER-ATATURK5,BURDUR,DEBI,02May2025,5Minute,Q500,/BUR-BUR-MER-ATATURK5/BURDUR/DEBI/02May2025/5Minute/Q500/,False
1320,BUR-BUR-MER-ATATURK5,BURDUR2,DEBI,02May2025,5Minute,Q10,/BUR-BUR-MER-ATATURK5/BURDUR2/DEBI/02May2025/5Minute/Q10/,False
1321,BUR-BUR-MER-ATATURK5,BURDUR2,DEBI,02May2025,5Minute,Q100,/BUR-BUR-MER-ATATURK5/BURDUR2/DEBI/02May2025/5Minute/Q100/,False
1322,BUR-BUR-MER-ATATURK5,BURDUR2,DEBI,02May2025,5Minute,Q1000,/BUR-BUR-MER-ATATURK5/BURDUR2/DEBI/02May2025/5Minute/Q1000/,False
1323,BUR-BUR-MER-ATATURK5,BURDUR2,DEBI,02May2025,5Minute,Q2,/BUR-BUR-MER-ATATURK5/BURDUR2/DEBI/02May2025/5Minute/Q2/,False
1324,BUR-BUR-MER-ATATURK5,BURDUR2,DEBI,02May2025,5Minute,Q25,/BUR-BUR-MER-ATATURK5/BURDUR2/DEBI/02May2025/5Minute/Q25/,False
1325,BUR-BUR-MER-ATATURK5,BURDUR2,DEBI,02May2025,5Minute,Q5,/BUR-BUR-MER-ATATURK5/BURDUR2/DEBI/02May2025/5Minute/Q5/,False
1326,BUR-BUR-MER-ATATURK5,BURDUR2,DEBI,02May2025,5Minute,Q50,/BUR-BUR-MER-ATATURK5/BURDUR2/DEBI/02May2025/5Minute/Q50/,False
1327,BUR-BUR-MER-ATATURK5,BURDUR2,DEBI,02May2025,5Minute,Q500,/BUR-BUR-MER-ATATURK5/BURDUR2/DEBI/02May2025/5Minute/Q500/,False
1328,BUR-BUR-MER-ATATURK6,BURDUR,DEBI,02May2025,5Minute,Q10,/BUR-BUR-MER-ATATURK6/BURDUR/DEBI/02May2025/5Minute/Q10/,False
1329,BUR-BUR-MER-ATATURK6,BURDUR,DEBI,02May2025,5Minute,Q100,/BUR-BUR-MER-ATATURK6/BURDUR/DEBI/02May2025/5Minute/Q100/,False
1330,BUR-BUR-MER-ATATURK6,BURDUR,DEBI,02May2025,5Minute,Q1000,/BUR-BUR-MER-ATATURK6/BURDUR/DEBI/02May2025/5Minute/Q1000/,False
1331,BUR-BUR-MER-ATATURK6,BURDUR,DEBI,02May2025,5Minute,Q2,/BUR-BUR-MER-ATATURK6/BURDUR/DEBI/02May2025/5Minute/Q2/,False
1332,BUR-BUR-MER-ATATURK6,BURDUR,DEBI,02May2025,5Minute,Q25,/BUR-BUR-MER-ATATURK6/BURDUR/DEBI/02May2025/5Minute/Q25/,False
1333,BUR-BUR-MER-ATATURK6,BURDUR,DEBI,02May2025,5Minute,Q5,/BUR-BUR-MER-ATATURK6/BURDUR/DEBI/02May2025/5Minute/Q5/,False
1334,BUR-BUR-MER-ATATURK6,BURDUR,DEBI,02May2025,5Minute,Q50,/BUR-BUR-MER-ATATURK6/BURDUR/DEBI/02May2025/5Minute/Q50/,False
1335,BUR-BUR-MER-ATATURK6,BURDUR,DEBI,02May2025,5Minute,Q500,/BUR-BUR-MER-ATATURK6/BURDUR/DEBI/02May2025/5Minute/Q500/,False
1336,BUR-BUR-MER-ATATURK6,BURDUR2,DEBI,02May2025,5Minute,Q10,/BUR-BUR-MER-ATATURK6/BURDUR2/DEBI/02May2025/5Minute/Q10/,False
1337,BUR-BUR-MER-ATATURK6,BURDUR2,DEBI,02May2025,5Minute,Q100,/BUR-BUR-MER-ATATURK6/BURDUR2/DEBI/02May2025/5Minute/Q100/,False
1338,BUR-BUR-MER-ATATURK6,BURDUR2,DEBI,02May2025,5Minute,Q1000,/BUR-BUR-MER-ATATURK6/BURDUR2/DEBI/02May2025/5Minute/Q1000/,False
1339,BUR-BUR-MER-ATATURK6,BURDUR2,DEBI,02May2025,5Minute,Q2,/BUR-BUR-MER-ATATURK6/BURDUR2/DEBI/02May2025/5Minute/Q2/,False
1340,BUR-BUR-MER-ATATURK6,BURDUR2,DEBI,02May2025,5Minute,Q25,/BUR-BUR-MER-ATATURK6/BURDUR2/DEBI/02May2025/5Minute/Q25/,False
1341,BUR-BUR-MER-ATATURK6,BURDUR2,DEBI,02May2025,5Minute,Q5,/BUR-BUR-MER-ATATURK6/BURDUR2/DEBI/02May2025/5Minute/Q5/,False
1342,BUR-BUR-MER-ATATURK6,BURDUR2,DEBI,02May2025,5Minute,Q50,/BUR-BUR-MER-ATATURK6/BURDUR2/DEBI/02May2025/5Minute/Q50/,False
1343,BUR-BUR-MER-ATATURK6,BURDUR2,DEBI,02May2025,5Minute,Q500,/BUR-BUR-MER-ATATURK6/BURDUR2/DEBI/02May2025/5Minute/Q500/,False
1344,BUR-BUR-MER-ATATURK7,BURDUR,DEBI,02May2025,5Minute,Q10,/BUR-BUR-MER-ATATURK7/BURDUR/DEBI/02May2025/5Minute/Q10/,False
1345,BUR-BUR-MER-ATATURK7,BURDUR,DEBI,02May2025,5Minute,Q100,/BUR-BUR-MER-ATATURK7/BURDUR/DEBI/02May2025/5Minute/Q100/,False
1346,BUR-BUR-MER-ATATURK7,BURDUR,DEBI,02May2025,5Minute,Q1000,/BUR-BUR-MER-ATATURK7/BURDUR/DEBI/02May2025/5Minute/Q1000/,False
1347,BUR-BUR-MER-ATATURK7,BURDUR,DEBI,02May2025,5Minute,Q2,/BUR-BUR-MER-ATATURK7/BURDUR/DEBI/02May2025/5Minute/Q2/,False
1348,BUR-BUR-MER-ATATURK7,BURDUR,DEBI,02May2025,5Minute,Q25,/BUR-BUR-MER-ATATURK7/BURDUR/DEBI/02May2025/5Minute/Q25/,False
1349,BUR-BUR-MER-ATATURK7,BURDUR,DEBI,02May2025,5Minute,Q5,/BUR-BUR-MER-ATATURK7/BURDUR/DEBI/02May2025/5Minute/Q5/,False
1350,BUR-BUR-MER-ATATURK7,BURDUR,DEBI,02May2025,5Minute,Q50,/BUR-BUR-MER-ATATURK7/BURDUR/DEBI/02May2025/5Minute/Q50/,False
1351,BUR-BUR-MER-ATATURK7,BURDUR,DEBI,02May2025,5Minute,Q500,/BUR-BUR-MER-ATATURK7/BURDUR/DEBI/02May2025/5Minute/Q500/,False
1352,BUR-BUR-MER-ATATURK7,BURDUR2,DEBI,02May2025,5Minute,Q10,/BUR-BUR-MER-ATATURK7/BURDUR2/DEBI/02May2025/5Minute/Q10/,False
1353,BUR-BUR-MER-ATATURK7,BURDUR2,DEBI,02May2025,5Minute,Q100,/BUR-BUR-MER-ATATURK7/BURDUR2/DEBI/02May2025/5Minute/Q100/,False
1354,BUR-BUR-MER-ATATURK7,BURDUR2,DEBI,02May2025,5Minute,Q1000,/BUR-BUR-MER-ATATURK7/BURDUR2/DEBI/02May2025/5Minute/Q1000/,False
1355,BUR-BUR-MER-ATATURK7,BURDUR2,DEBI,02May2025,5Minute,Q2,/BUR-BUR-MER-ATATURK7/BURDUR2/DEBI/02May2025/5Minute/Q2/,False
1356,BUR-BUR-MER-ATATURK7,BURDUR2,DEBI,02May2025,5Minute,Q25,/BUR-BUR-MER-ATATURK7/BURDUR2/DEBI/02May2025/5Minute/Q25/,False
1357,BUR-BUR-MER-ATATURK7,BURDUR2,DEBI,02May2025,5Minute,Q5,/BUR-BUR-MER-ATATURK7/BURDUR2/DEBI/02May2025/5Minute/Q5/,False
1358,BUR-BUR-MER-ATATURK7,BURDUR2,DEBI,02May2025,5Minute,Q50,/BUR-BUR-MER-ATATURK7/BURDUR2/DEBI/02May2025/5Minute/Q50/,False
1359,BUR-BUR-MER-ATATURK7,BURDUR2,DEBI,02May2025,5Minute,Q500,/BUR-BUR-MER-ATATURK7/BURDUR2/DEBI/02May2025/5Minute/Q500/,False
1360,BUR-BUR-MER-ATATURKA,BURDUR,DEBI,02May2025,5Minute,Q10,/BUR-BUR-MER-ATATURKA/BURDUR/DEBI/02May2025/5Minute/Q10/,False
1361,BUR-BUR-MER-ATATURKA,BURDUR,DEBI,02May2025,5Minute,Q100,/BUR-BUR-MER-ATATURKA/BURDUR/DEBI/02May2025/5Minute/Q100/,False
1362,BUR-BUR-MER-ATATURKA,BURDUR,DEBI,02May2025,5Minute,Q1000,/BUR-BUR-MER-ATATURKA/BURDUR/DEBI/02May2025/5Minute/Q1000/,False
1363,BUR-BUR-MER-ATATURKA,BURDUR,DEBI,02May2025,5Minute,Q2,/BUR-BUR-MER-ATATURKA/BURDUR/DEBI/02May2025/5Minute/Q2/,False
1364,BUR-BUR-MER-ATATURKA,BURDUR,DEBI,02May2025,5Minute,Q25,/BUR-BUR-MER-ATATURKA/BURDUR/DEBI/02May2025/5Minute/Q25/,False
1365,BUR-BUR-MER-ATATURKA,BURDUR,DEBI,02May2025,5Minute,Q5,/BUR-BUR-MER-ATATURKA/BURDUR/DEBI/02May2025/5Minute/Q5/,False
1366,BUR-BUR-MER-ATATURKA,BURDUR,DEBI,02May2025,5Minute,Q50,/BUR-BUR-MER-ATATURKA/BURDUR/DEBI/02May2025/5Minute/Q50/,False
1367,BUR-BUR-MER-ATATURKA,BURDUR,DEBI,02May2025,5Minute,Q500,/BUR-BUR-MER-ATATURKA/BURDUR/DEBI/02May2025/5Minute/Q500/,False
1368,BUR-BUR-MER-ATATURKA,BURDUR2,DEBI,02May2025,5Minute,Q10,/BUR-BUR-MER-ATATURKA/BURDUR2/DEBI/02May2025/5Minute/Q10/,False
1369,BUR-BUR-MER-ATATURKA,BURDUR2,DEBI,02May2025,5Minute,Q100,/BUR-BUR-MER-ATATURKA/BURDUR2/DEBI/02May2025/5Minute/Q100/,False
1370,BUR-BUR-MER-ATATURKA,BURDUR2,DEBI,02May2025,5Minute,Q1000,/BUR-BUR-MER-ATATURKA/BURDUR2/DEBI/02May2025/5Minute/Q1000/,False
1371,BUR-BUR-MER-ATATURKA,BURDUR2,DEBI,02May2025,5Minute,Q2,/BUR-BUR-MER-ATATURKA/BURDUR2/DEBI/02May2025/5Minute/Q2/,False
1372,BUR-BUR-MER-ATATURKA,BURDUR2,DEBI,02May2025,5Minute,Q25,/BUR-BUR-MER-ATATURKA/BURDUR2/DEBI/02May2025/5Minute/Q25/,False
1373,BUR-BUR-MER-ATATURKA,BURDUR2,DEBI,02May2025,5Minute,Q5,/BUR-BUR-MER-ATATURKA/BURDUR2/DEBI/02May2025/5Minute/Q5/,False
1374,BUR-BUR-MER-ATATURKA,BURDUR2,DEBI,02May2025,5Minute,Q50,/BUR-BUR-MER-ATATURKA/BURDUR2/DEBI/02May2025/5Minute/Q50/,False
1375,BUR-BUR-MER-ATATURKA,BURDUR2,DEBI,02May2025,5Minute,Q500,/BUR-BUR-MER-ATATURKA/BURDUR2/DEBI/02May2025/5Minute/Q500/,False
1376,BUR-BUR-MER-ATATURK-T,BURDUR,DEBI,01May2025,30Minute,Q10,/BUR-BUR-MER-ATATURK-T/BURDUR/DEBI/01May2025/30Minute/Q10/,False
1377,BUR-BUR-MER-ATATURK-T,BURDUR,DEBI,01May2025,30Minute,Q100,/BUR-BUR-MER-ATATURK-T/BURDUR/DEBI/01May2025/30Minute/Q100/,False
1378,BUR-BUR-MER-ATATURK-T,BURDUR,DEBI,01May2025,30Minute,Q1000,/BUR-BUR-MER-ATATURK-T/BURDUR/DEBI/01May2025/30Minute/Q1000/,False
1379,BUR-BUR-MER-ATATURK-T,BURDUR,DEBI,01May2025,30Minute,Q2,/BUR-BUR-MER-ATATURK-T/BURDUR/DEBI/01May2025/30Minute/Q2/,False
1380,BUR-BUR-MER-ATATURK-T,BURDUR,DEBI,01May2025,30Minute,Q25,/BUR-BUR-MER-ATATURK-T/BURDUR/DEBI/01May2025/30Minute/Q25/,False
1381,BUR-BUR-MER-ATATURK-T,BURDUR,DEBI,01May2025,30Minute,Q5,/BUR-BUR-MER-ATATURK-T/BURDUR/DEBI/01May2025/30Minute/Q5/,False
1382,BUR-BUR-MER-ATATURK-T,BURDUR,DEBI,01May2025,30Minute,Q50,/BUR-BUR-MER-ATATURK-T/BURDUR/DEBI/01May2025/30Minute/Q50/,False
1383,BUR-BUR-MER-ATATURK-T,BURDUR,DEBI,01May2025,30Minute,Q500,/BUR-BUR-MER-ATATURK-T/BURDUR/DEBI/01May2025/30Minute/Q500/,False
1384,BUR-BUR-MER-ATATURK-T,BURDUR2,DEBI,01May2025,30Minute,Q10,/BUR-BUR-MER-ATATURK-T/BURDUR2/DEBI/01May2025/30Minute/Q10/,False
1385,BUR-BUR-MER-ATATURK-T,BURDUR2,DEBI,01May2025,30Minute,Q100,/BUR-BUR-MER-ATATURK-T/BURDUR2/DEBI/01May2025/30Minute/Q100/,False
1386,BUR-BUR-MER-ATATURK-T,BURDUR2,DEBI,01May2025,30Minute,Q1000,/BUR-BUR-MER-ATATURK-T/BURDUR2/DEBI/01May2025/30Minute/Q1000/,False
1387,BUR-BUR-MER-ATATURK-T,BURDUR2,DEBI,01May2025,30Minute,Q2,/BUR-BUR-MER-ATATURK-T/BURDUR2/DEBI/01May2025/30Minute/Q2/,False
1388,BUR-BUR-MER-ATATURK-T,BURDUR2,DEBI,01May2025,30Minute,Q25,/BUR-BUR-MER-ATATURK-T/BURDUR2/DEBI/01May2025/30Minute/Q25/,False
1389,BUR-BUR-MER-ATATURK-T,BURDUR2,DEBI,01May2025,30Minute,Q5,/BUR-BUR-MER-ATATURK-T/BURDUR2/DEBI/01May2025/30Minute/Q5/,False
1390,BUR-BUR-MER-ATATURK-T,BURDUR2,DEBI,01May2025,30Minute,Q50,/BUR-BUR-MER-ATATURK-T/BURDUR2/DEBI/01May2025/30Minute/Q50/,False
1391,BUR-BUR-MER-ATATURK-T,BURDUR2,DEBI,01May2025,30Minute,Q500,/BUR-BUR-MER-ATATURK-T/BURDUR2/DEBI/01May2025/30Minute/Q500/,False
1392,BUR-BUR-MER-AZIZIYE1,BURDUR,DEBI,01May2025,30Minute,Q10,/BUR-BUR-MER-AZIZIYE1/BURDUR/DEBI/01May2025/30Minute/Q10/,False
1393,BUR-BUR-MER-AZIZIYE1,BURDUR,DEBI,01May2025,30Minute,Q100,/BUR-BUR-MER-AZIZIYE1/BURDUR/DEBI/01May2025/30Minute/Q100/,False
1394,BUR-BUR-MER-AZIZIYE1,BURDUR,DEBI,01May2025,30Minute,Q1000,/BUR-BUR-MER-AZIZIYE1/BURDUR/DEBI/01May2025/30Minute/Q1000/,False
1395,BUR-BUR-MER-AZIZIYE1,BURDUR,DEBI,01May2025,30Minute,Q2,/BUR-BUR-MER-AZIZIYE1/BURDUR/DEBI/01May2025/30Minute/Q2/,False
1396,BUR-BUR-MER-AZIZIYE1,BURDUR,DEBI,01May2025,30Minute,Q25,/BUR-BUR-MER-AZIZIYE1/BURDUR/DEBI/01May2025/30Minute/Q25/,False
1397,BUR-BUR-MER-AZIZIYE1,BURDUR,DEBI,01May2025,30Minute,Q5,/BUR-BUR-MER-AZIZIYE1/BURDUR/DEBI/01May2025/30Minute/Q5/,False
1398,BUR-BUR-MER-AZIZIYE1,BURDUR,DEBI,01May2025,30Minute,Q50,/BUR-BUR-MER-AZIZIYE1/BURDUR/DEBI/01May2025/30Minute/Q50/,False
1399,BUR-BUR-MER-AZIZIYE1,BURDUR,DEBI,01May2025,30Minute,Q500,/BUR-BUR-MER-AZIZIYE1/BURDUR/DEBI/01May2025/30Minute/Q500/,False
1400,BUR-BUR-MER-AZIZIYE2,BURDUR,DEBI,01May2025,30Minute,Q10,/BUR-BUR-MER-AZIZIYE2/BURDUR/DEBI/01May2025/30Minute/Q10/,False
1401,BUR-BUR-MER-AZIZIYE2,BURDUR,DEBI,01May2025,30Minute,Q100,/BUR-BUR-MER-AZIZIYE2/BURDUR/DEBI/01May2025/30Minute/Q100/,False
1402,BUR-BUR-MER-AZIZIYE2,BURDUR,DEBI,01May2025,30Minute,Q1000,/BUR-BUR-MER-AZIZIYE2/BURDUR/DEBI/01May2025/30Minute/Q1000/,False
1403,BUR-BUR-MER-AZIZIYE2,BURDUR,DEBI,01May2025,30Minute,Q2,/BUR-BUR-MER-AZIZIYE2/BURDUR/DEBI/01May2025/30Minute/Q2/,False
1404,BUR-BUR-MER-AZIZIYE2,BURDUR,DEBI,01May2025,30Minute,Q25,/BUR-BUR-MER-AZIZIYE2/BURDUR/DEBI/01May2025/30Minute/Q25/,False
1405,BUR-BUR-MER-AZIZIYE2,BURDUR,DEBI,01May2025,30Minute,Q5,/BUR-BUR-MER-AZIZIYE2/BURDUR/DEBI/01May2025/30Minute/Q5/,False
1406,BUR-BUR-MER-AZIZIYE2,BURDUR,DEBI,01May2025,30Minute,Q50,/BUR-BUR-MER-AZIZIYE2/BURDUR/DEBI/01May2025/30Minute/Q50/,False
1407,BUR-BUR-MER-AZIZIYE2,BURDUR,DEBI,01May2025,30Minute,Q500,/BUR-BUR-MER-AZIZIYE2/BURDUR/DEBI/01May2025/30Minute/Q500/,False
1408,BUR-BUR-MER-AZIZIYE3,BURDUR,DEBI,01May2025,30Minute,Q10,/BUR-BUR-MER-AZIZIYE3/BURDUR/DEBI/01May2025/30Minute/Q10/,False
1409,BUR-BUR-MER-AZIZIYE3,BURDUR,DEBI,01May2025,30Minute,Q100,/BUR-BUR-MER-AZIZIYE3/BURDUR/DEBI/01May2025/30Minute/Q100/,False
1410,BUR-BUR-MER-AZIZIYE3,BURDUR,DEBI,01May2025,30Minute,Q1000,/BUR-BUR-MER-AZIZIYE3/BURDUR/DEBI/01May2025/30Minute/Q1000/,False
1411,BUR-BUR-MER-AZIZIYE3,BURDUR,DEBI,01May2025,30Minute,Q2,/BUR-BUR-MER-AZIZIYE3/BURDUR/DEBI/01May2025/30Minute/Q2/,False
1412,BUR-BUR-MER-AZIZIYE3,BURDUR,DEBI,01May2025,30Minute,Q25,/BUR-BUR-MER-AZIZIYE3/BURDUR/DEBI/01May2025/30Minute/Q25/,False
1413,BUR-BUR-MER-AZIZIYE3,BURDUR,DEBI,01May2025,30Minute,Q5,/BUR-BUR-MER-AZIZIYE3/BURDUR/DEBI/01May2025/30Minute/Q5/,False
1414,BUR-BUR-MER-AZIZIYE3,BURDUR,DEBI,01May2025,30Minute,Q50,/BUR-BUR-MER-AZIZIYE3/BURDUR/DEBI/01May2025/30Minute/Q50/,False
1415,BUR-BUR-MER-AZIZIYE3,BURDUR,DEBI,01May2025,30Minute,Q500,/BUR-BUR-MER-AZIZIYE3/BURDUR/DEBI/01May2025/30Minute/Q500/,False
1416,BUR-BUR-MER-AZIZIYE4,BURDUR,DEBI,01May2025,30Minute,Q10,/BUR-BUR-MER-AZIZIYE4/BURDUR/DEBI/01May2025/30Minute/Q10/,False
1417,BUR-BUR-MER-AZIZIYE4,BURDUR,DEBI,01May2025,30Minute,Q100,/BUR-BUR-MER-AZIZIYE4/BURDUR/DEBI/01May2025/30Minute/Q100/,False
1418,BUR-BUR-MER-AZIZIYE4,BURDUR,DEBI,01May2025,30Minute,Q1000,/BUR-BUR-MER-AZIZIYE4/BURDUR/DEBI/01May2025/30Minute/Q1000/,False
1419,BUR-BUR-MER-AZIZIYE4,BURDUR,DEBI,01May2025,30Minute,Q2,/BUR-BUR-MER-AZIZIYE4/BURDUR/DEBI/01May2025/30Minute/Q2/,False
1420,BUR-BUR-MER-AZIZIYE4,BURDUR,DEBI,01May2025,30Minute,Q25,/BUR-BUR-MER-AZIZIYE4/BURDUR/DEBI/01May2025/30Minute/Q25/,False
1421,BUR-BUR-MER-AZIZIYE4,BURDUR,DEBI,01May2025,30Minute,Q5,/BUR-BUR-MER-AZIZIYE4/BURDUR/DEBI/01May2025/30Minute/Q5/,False
1422,BUR-BUR-MER-AZIZIYE4,BURDUR,DEBI,01May2025,30Minute,Q50,/BUR-BUR-MER-AZIZIYE4/BURDUR/DEBI/01May2025/30Minute/Q50/,False
1423,BUR-BUR-MER-AZIZIYE4,BURDUR,DEBI,01May2025,30Minute,Q500,/BUR-BUR-MER-AZIZIYE4/BURDUR/DEBI/01May2025/30Minute/Q500/,False
1424,BUR-BUR-MER-AZIZIYE-T4,BURDUR,DEBI,01May2025,30Minute,Q10,/BUR-BUR-MER-AZIZIYE-T4/BURDUR/DEBI/01May2025/30Minute/Q10/,False
1425,BUR-BUR-MER-AZIZIYE-T4,BURDUR,DEBI,01May2025,30Minute,Q100,/BUR-BUR-MER-AZIZIYE-T4/BURDUR/DEBI/01May2025/30Minute/Q100/,False
1426,BUR-BUR-MER-AZIZIYE-T4,BURDUR,DEBI,01May2025,30Minute,Q1000,/BUR-BUR-MER-AZIZIYE-T4/BURDUR/DEBI/01May2025/30Minute/Q1000/,False
1427,BUR-BUR-MER-AZIZIYE-T4,BURDUR,DEBI,01May2025,30Minute,Q2,/BUR-BUR-MER-AZIZIYE-T4/BURDUR/DEBI/01May2025/30Minute/Q2/,False
1428,BUR-BUR-MER-AZIZIYE-T4,BURDUR,DEBI,01May2025,30Minute,Q25,/BUR-BUR-MER-AZIZIYE-T4/BURDUR/DEBI/01May2025/30Minute/Q25/,False
1429,BUR-BUR-MER-AZIZIYE-T4,BURDUR,DEBI,01May2025,30Minute,Q5,/BUR-BUR-MER-AZIZIYE-T4/BURDUR/DEBI/01May2025/30Minute/Q5/,False
1430,BUR-BUR-MER-AZIZIYE-T4,BURDUR,DEBI,01May2025,30Minute,Q50,/BUR-BUR-MER-AZIZIYE-T4/BURDUR/DEBI/01May2025/30Minute/Q50/,False
1431,BUR-BUR-MER-AZIZIYE-T4,BURDUR,DEBI,01May2025,30Minute,Q500,/BUR-BUR-MER-AZIZIYE-T4/BURDUR/DEBI/01May2025/30Minute/Q500/,False
1432,BUR-BUR-MER-BAC,BURDUR,DEBI,01May2025,30Minute,Q10,/BUR-BUR-MER-BAC/BURDUR/DEBI/01May2025/30Minute/Q10/,False
1433,BUR-BUR-MER-BAC,BURDUR,DEBI,01May2025,30Minute,Q100,/BUR-BUR-MER-BAC/BURDUR/DEBI/01May2025/30Minute/Q100/,False
1434,BUR-BUR-MER-BAC,BURDUR,DEBI,01May2025,30Minute,Q1000,/BUR-BUR-MER-BAC/BURDUR/DEBI/01May2025/30Minute/Q1000/,False
1435,BUR-BUR-MER-BAC,BURDUR,DEBI,01May2025,30Minute,Q2,/BUR-BUR-MER-BAC/BURDUR/DEBI/01May2025/30Minute/Q2/,False
1436,BUR-BUR-MER-BAC,BURDUR,DEBI,01May2025,30Minute,Q25,/BUR-BUR-MER-BAC/BURDUR/DEBI/01May2025/30Minute/Q25/,False
1437,BUR-BUR-MER-BAC,BURDUR,DEBI,01May2025,30Minute,Q5,/BUR-BUR-MER-BAC/BURDUR/DEBI/01May2025/30Minute/Q5/,False
1438,BUR-BUR-MER-BAC,BURDUR,DEBI,01May2025,30Minute,Q50,/BUR-BUR-MER-BAC/BURDUR/DEBI/01May2025/30Minute/Q50/,False
1439,BUR-BUR-MER-BAC,BURDUR,DEBI,01May2025,30Minute,Q500,/BUR-BUR-MER-BAC/BURDUR/DEBI/01May2025/30Minute/Q500/,False
1440,BUR-BUR-MER-BAC,BURDUR2,DEBI,01May2025,30Minute,Q10,/BUR-BUR-MER-BAC/BURDUR2/DEBI/01May2025/30Minute/Q10/,False
1441,BUR-BUR-MER-BAC,BURDUR2,DEBI,01May2025,30Minute,Q100,/BUR-BUR-MER-BAC/BURDUR2/DEBI/01May2025/30Minute/Q100/,False
1442,BUR-BUR-MER-BAC,BURDUR2,DEBI,01May2025,30Minute,Q1000,/BUR-BUR-MER-BAC/BURDUR2/DEBI/01May2025/30Minute/Q1000/,False
1443,BUR-BUR-MER-BAC,BURDUR2,DEBI,01May2025,30Minute,Q2,/BUR-BUR-MER-BAC/BURDUR2/DEBI/01May2025/30Minute/Q2/,False
1444,BUR-BUR-MER-BAC,BURDUR2,DEBI,01May2025,30Minute,Q25,/BUR-BUR-MER-BAC/BURDUR2/DEBI/01May2025/30Minute/Q25/,False
1445,BUR-BUR-MER-BAC,BURDUR2,DEBI,01May2025,30Minute,Q5,/BUR-BUR-MER-BAC/BURDUR2/DEBI/01May2025/30Minute/Q5/,False
1446,BUR-BUR-MER-BAC,BURDUR2,DEBI,01May2025,30Minute,Q50,/BUR-BUR-MER-BAC/BURDUR2/DEBI/01May2025/30Minute/Q50/,False
1447,BUR-BUR-MER-BAC,BURDUR2,DEBI,01May2025,30Minute,Q500,/BUR-BUR-MER-BAC/BURDUR2/DEBI/01May2025/30Minute/Q500/,False
1448,BUR-BUR-MER-BASMAKCI,ACIGOL,DEBI,01May2025,30Minute,Q10,/BUR-BUR-MER-BASMAKCI/ACIGOL/DEBI/01May2025/30Minute/Q10/,False
1449,BUR-BUR-MER-BASMAKCI,ACIGOL,DEBI,01May2025,30Minute,Q100,/BUR-BUR-MER-BASMAKCI/ACIGOL/DEBI/01May2025/30Minute/Q100/,False
1450,BUR-BUR-MER-BASMAKCI,ACIGOL,DEBI,01May2025,30Minute,Q1000,/BUR-BUR-MER-BASMAKCI/ACIGOL/DEBI/01May2025/30Minute/Q1000/,False
1451,BUR-BUR-MER-BASMAKCI,ACIGOL,DEBI,01May2025,30Minute,Q2,/BUR-BUR-MER-BASMAKCI/ACIGOL/DEBI/01May2025/30Minute/Q2/,False
1452,BUR-BUR-MER-BASMAKCI,ACIGOL,DEBI,01May2025,30Minute,Q25,/BUR-BUR-MER-BASMAKCI/ACIGOL/DEBI/01May2025/30Minute/Q25/,False
1453,BUR-BUR-MER-BASMAKCI,ACIGOL,DEBI,01May2025,30Minute,Q5,/BUR-BUR-MER-BASMAKCI/ACIGOL/DEBI/01May2025/30Minute/Q5/,False
1454,BUR-BUR-MER-BASMAKCI,ACIGOL,DEBI,01May2025,30Minute,Q50,/BUR-BUR-MER-BASMAKCI/ACIGOL/DEBI/01May2025/30Minute/Q50/,False
1455,BUR-BUR-MER-BASMAKCI,ACIGOL,DEBI,01May2025,30Minute,Q500,/BUR-BUR-MER-BASMAKCI/ACIGOL/DEBI/01May2025/30Minute/Q500/,False
1456,BUR-BUR-MER-BAYINDIR1,BURDUR,DEBI,02May2025,5Minute,Q10,/BUR-BUR-MER-BAYINDIR1/BURDUR/DEBI/02May2025/5Minute/Q10/,False
1457,BUR-BUR-MER-BAYINDIR1,BURDUR,DEBI,02May2025,5Minute,Q100,/BUR-BUR-MER-BAYINDIR1/BURDUR/DEBI/02May2025/5Minute/Q100/,False
1458,BUR-BUR-MER-BAYINDIR1,BURDUR,DEBI,02May2025,5Minute,Q1000,/BUR-BUR-MER-BAYINDIR1/BURDUR/DEBI/02May2025/5Minute/Q1000/,False
1459,BUR-BUR-MER-BAYINDIR1,BURDUR,DEBI,02May2025,5Minute,Q2,/BUR-BUR-MER-BAYINDIR1/BURDUR/DEBI/02May2025/5Minute/Q2/,False
1460,BUR-BUR-MER-BAYINDIR1,BURDUR,DEBI,02May2025,5Minute,Q25,/BUR-BUR-MER-BAYINDIR1/BURDUR/DEBI/02May2025/5Minute/Q25/,False
1461,BUR-BUR-MER-BAYINDIR1,BURDUR,DEBI,02May2025,5Minute,Q5,/BUR-BUR-MER-BAYINDIR1/BURDUR/DEBI/02May2025/5Minute/Q5/,False
1462,BUR-BUR-MER-BAYINDIR1,BURDUR,DEBI,02May2025,5Minute,Q50,/BUR-BUR-MER-BAYINDIR1/BURDUR/DEBI/02May2025/5Minute/Q50/,False
1463,BUR-BUR-MER-BAYINDIR1,BURDUR,DEBI,02May2025,5Minute,Q500,/BUR-BUR-MER-BAYINDIR1/BURDUR/DEBI/02May2025/5Minute/Q500/,False
1464,BUR-BUR-MER-BAYINDIR1,BURDUR2,DEBI,02May2025,5Minute,Q10,/BUR-BUR-MER-BAYINDIR1/BURDUR2/DEBI/02May2025/5Minute/Q10/,False
1465,BUR-BUR-MER-BAYINDIR1,BURDUR2,DEBI,02May2025,5Minute,Q100,/BUR-BUR-MER-BAYINDIR1/BURDUR2/DEBI/02May2025/5Minute/Q100/,False
1466,BUR-BUR-MER-BAYINDIR1,BURDUR2,DEBI,02May2025,5Minute,Q1000,/BUR-BUR-MER-BAYINDIR1/BURDUR2/DEBI/02May2025/5Minute/Q1000/,False
1467,BUR-BUR-MER-BAYINDIR1,BURDUR2,DEBI,02May2025,5Minute,Q2,/BUR-BUR-MER-BAYINDIR1/BURDUR2/DEBI/02May2025/5Minute/Q2/,False
1468,BUR-BUR-MER-BAYINDIR1,BURDUR2,DEBI,02May2025,5Minute,Q25,/BUR-BUR-MER-BAYINDIR1/BURDUR2/DEBI/02May2025/5Minute/Q25/,False
1469,BUR-BUR-MER-BAYINDIR1,BURDUR2,DEBI,02May2025,5Minute,Q5,/BUR-BUR-MER-BAYINDIR1/BURDUR2/DEBI/02May2025/5Minute/Q5/,False
1470,BUR-BUR-MER-BAYINDIR1,BURDUR2,DEBI,02May2025,5Minute,Q50,/BUR-BUR-MER-BAYINDIR1/BURDUR2/DEBI/02May2025/5Minute/Q50/,False
1471,BUR-BUR-MER-BAYINDIR1,BURDUR2,DEBI,02May2025,5Minute,Q500,/BUR-BUR-MER-BAYINDIR1/BURDUR2/DEBI/02May2025/5Minute/Q500/,False
1472,BUR-BUR-MER-BAYINDIR2,BURDUR,DEBI,02May2025,5Minute,Q10,/BUR-BUR-MER-BAYINDIR2/BURDUR/DEBI/02May2025/5Minute/Q10/,False
1473,BUR-BUR-MER-BAYINDIR2,BURDUR,DEBI,02May2025,5Minute,Q100,/BUR-BUR-MER-BAYINDIR2/BURDUR/DEBI/02May2025/5Minute/Q100/,False
1474,BUR-BUR-MER-BAYINDIR2,BURDUR,DEBI,02May2025,5Minute,Q1000,/BUR-BUR-MER-BAYINDIR2/BURDUR/DEBI/02May2025/5Minute/Q1000/,False
1475,BUR-BUR-MER-BAYINDIR2,BURDUR,DEBI,02May2025,5Minute,Q2,/BUR-BUR-MER-BAYINDIR2/BURDUR/DEBI/02May2025/5Minute/Q2/,False
1476,BUR-BUR-MER-BAYINDIR2,BURDUR,DEBI,02May2025,5Minute,Q25,/BUR-BUR-MER-BAYINDIR2/BURDUR/DEBI/02May2025/5Minute/Q25/,False
1477,BUR-BUR-MER-BAYINDIR2,BURDUR,DEBI,02May2025,5Minute,Q5,/BUR-BUR-MER-BAYINDIR2/BURDUR/DEBI/02May2025/5Minute/Q5/,False
1478,BUR-BUR-MER-BAYINDIR2,BURDUR,DEBI,02May2025,5Minute,Q50,/BUR-BUR-MER-BAYINDIR2/BURDUR/DEBI/02May2025/5Minute/Q50/,False
1479,BUR-BUR-MER-BAYINDIR2,BURDUR,DEBI,02May2025,5Minute,Q500,/BUR-BUR-MER-BAYINDIR2/BURDUR/DEBI/02May2025/5Minute/Q500/,False
1480,BUR-BUR-MER-BAYINDIR2,BURDUR2,DEBI,02May2025,5Minute,Q10,/BUR-BUR-MER-BAYINDIR2/BURDUR2/DEBI/02May2025/5Minute/Q10/,False
1481,BUR-BUR-MER-BAYINDIR2,BURDUR2,DEBI,02May2025,5Minute,Q100,/BUR-BUR-MER-BAYINDIR2/BURDUR2/DEBI/02May2025/5Minute/Q100/,False
1482,BUR-BUR-MER-BAYINDIR2,BURDUR2,DEBI,02May2025,5Minute,Q1000,/BUR-BUR-MER-BAYINDIR2/BURDUR2/DEBI/02May2025/5Minute/Q1000/,False
1483,BUR-BUR-MER-BAYINDIR2,BURDUR2,DEBI,02May2025,5Minute,Q2,/BUR-BUR-MER-BAYINDIR2/BURDUR2/DEBI/02May2025/5Minute/Q2/,False
1484,BUR-BUR-MER-BAYINDIR2,BURDUR2,DEBI,02May2025,5Minute,Q25,/BUR-BUR-MER-BAYINDIR2/BURDUR2/DEBI/02May2025/5Minute/Q25/,False
1485,BUR-BUR-MER-BAYINDIR2,BURDUR2,DEBI,02May2025,5Minute,Q5,/BUR-BUR-MER-BAYINDIR2/BURDUR2/DEBI/02May2025/5Minute/Q5/,False
1486,BUR-BUR-MER-BAYINDIR2,BURDUR2,DEBI,02May2025,5Minute,Q50,/BUR-BUR-MER-BAYINDIR2/BURDUR2/DEBI/02May2025/5Minute/Q50/,False
1487,BUR-BUR-MER-BAYINDIR2,BURDUR2,DEBI,02May2025,5Minute,Q500,/BUR-BUR-MER-BAYINDIR2/BURDUR2/DEBI/02May2025/5Minute/Q500/,False
1488,BUR-BUR-MER-BAYINDIR3,BURDUR,DEBI,02May2025,5Minute,Q10,/BUR-BUR-MER-BAYINDIR3/BURDUR/DEBI/02May2025/5Minute/Q10/,False
1489,BUR-BUR-MER-BAYINDIR3,BURDUR,DEBI,02May2025,5Minute,Q100,/BUR-BUR-MER-BAYINDIR3/BURDUR/DEBI/02May2025/5Minute/Q100/,False
1490,BUR-BUR-MER-BAYINDIR3,BURDUR,DEBI,02May2025,5Minute,Q1000,/BUR-BUR-MER-BAYINDIR3/BURDUR/DEBI/02May2025/5Minute/Q1000/,False
1491,BUR-BUR-MER-BAYINDIR3,BURDUR,DEBI,02May2025,5Minute,Q2,/BUR-BUR-MER-BAYINDIR3/BURDUR/DEBI/02May2025/5Minute/Q2/,False
1492,BUR-BUR-MER-BAYINDIR3,BURDUR,DEBI,02May2025,5Minute,Q25,/BUR-BUR-MER-BAYINDIR3/BURDUR/DEBI/02May2025/5Minute/Q25/,False
1493,BUR-BUR-MER-BAYINDIR3,BURDUR,DEBI,02May2025,5Minute,Q5,/BUR-BUR-MER-BAYINDIR3/BURDUR/DEBI/02May2025/5Minute/Q5/,False
1494,BUR-BUR-MER-BAYINDIR3,BURDUR,DEBI,02May2025,5Minute,Q50,/BUR-BUR-MER-BAYINDIR3/BURDUR/DEBI/02May2025/5Minute/Q50/,False
1495,BUR-BUR-MER-BAYINDIR3,BURDUR,DEBI,02May2025,5Minute,Q500,/BUR-BUR-MER-BAYINDIR3/BURDUR/DEBI/02May2025/5Minute/Q500/,False
1496,BUR-BUR-MER-BAYINDIR3,BURDUR2,DEBI,02May2025,5Minute,Q10,/BUR-BUR-MER-BAYINDIR3/BURDUR2/DEBI/02May2025/5Minute/Q10/,False
1497,BUR-BUR-MER-BAYINDIR3,BURDUR2,DEBI,02May2025,5Minute,Q100,/BUR-BUR-MER-BAYINDIR3/BURDUR2/DEBI/02May2025/5Minute/Q100/,False
1498,BUR-BUR-MER-BAYINDIR3,BURDUR2,DEBI,02May2025,5Minute,Q1000,/BUR-BUR-MER-BAYINDIR3/BURDUR2/DEBI/02May2025/5Minute/Q1000/,False
1499,BUR-BUR-MER-BAYINDIR3,BURDUR2,DEBI,02May2025,5Minute,Q2,/BUR-BUR-MER-BAYINDIR3/BURDUR2/DEBI/02May2025/5Minute/Q2/,False
1500,BUR-BUR-MER-BAYINDIR3,BURDUR2,DEBI,02May2025,5Minute,Q25,/BUR-BUR-MER-BAYINDIR3/BURDUR2/DEBI/02May2025/5Minute/Q25/,False
1501,BUR-BUR-MER-BAYINDIR3,BURDUR2,DEBI,02May2025,5Minute,Q5,/BUR-BUR-MER-BAYINDIR3/BURDUR2/DEBI/02May2025/5Minute/Q5/,False
1502,BUR-BUR-MER-BAYINDIR3,BURDUR2,DEBI,02May2025,5Minute,Q50,/BUR-BUR-MER-BAYINDIR3/BURDUR2/DEBI/02May2025/5Minute/Q50/,False
1503,BUR-BUR-MER-BAYINDIR3,BURDUR2,DEBI,02May2025,5Minute,Q500,/BUR-BUR-MER-BAYINDIR3/BURDUR2/DEBI/02May2025/5Minute/Q500/,False
1504,BUR-BUR-MER-BAYINDIR-T,BURDUR,DEBI,01May2025,30Minute,Q10,/BUR-BUR-MER-BAYINDIR-T/BURDUR/DEBI/01May2025/30Minute/Q10/,False
1505,BUR-BUR-MER-BAYINDIR-T,BURDUR,DEBI,01May2025,30Minute,Q100,/BUR-BUR-MER-BAYINDIR-T/BURDUR/DEBI/01May2025/30Minute/Q100/,False
1506,BUR-BUR-MER-BAYINDIR-T,BURDUR,DEBI,01May2025,30Minute,Q1000,/BUR-BUR-MER-BAYINDIR-T/BURDUR/DEBI/01May2025/30Minute/Q1000/,False
1507,BUR-BUR-MER-BAYINDIR-T,BURDUR,DEBI,01May2025,30Minute,Q2,/BUR-BUR-MER-BAYINDIR-T/BURDUR/DEBI/01May2025/30Minute/Q2/,False
1508,BUR-BUR-MER-BAYINDIR-T,BURDUR,DEBI,01May2025,30Minute,Q25,/BUR-BUR-MER-BAYINDIR-T/BURDUR/DEBI/01May2025/30Minute/Q25/,False
1509,BUR-BUR-MER-BAYINDIR-T,BURDUR,DEBI,01May2025,30Minute,Q5,/BUR-BUR-MER-BAYINDIR-T/BURDUR/DEBI/01May2025/30Minute/Q5/,False
1510,BUR-BUR-MER-BAYINDIR-T,BURDUR,DEBI,01May2025,30Minute,Q50,/BUR-BUR-MER-BAYINDIR-T/BURDUR/DEBI/01May2025/30Minute/Q50/,False
1511,BUR-BUR-MER-BAYINDIR-T,BURDUR,DEBI,01May2025,30Minute,Q500,/BUR-BUR-MER-BAYINDIR-T/BURDUR/DEBI/01May2025/30Minute/Q500/,False
1512,BUR-BUR-MER-BAYINDIR-T,BURDUR2,DEBI,01May2025,30Minute,Q10,/BUR-BUR-MER-BAYINDIR-T/BURDUR2/DEBI/01May2025/30Minute/Q10/,False
1513,BUR-BUR-MER-BAYINDIR-T,BURDUR2,DEBI,01May2025,30Minute,Q100,/BUR-BUR-MER-BAYINDIR-T/BURDUR2/DEBI/01May2025/30Minute/Q100/,False
1514,BUR-BUR-MER-BAYINDIR-T,BURDUR2,DEBI,01May2025,30Minute,Q1000,/BUR-BUR-MER-BAYINDIR-T/BURDUR2/DEBI/01May2025/30Minute/Q1000/,False
1515,BUR-BUR-MER-BAYINDIR-T,BURDUR2,DEBI,01May2025,30Minute,Q2,/BUR-BUR-MER-BAYINDIR-T/BURDUR2/DEBI/01May2025/30Minute/Q2/,False
1516,BUR-BUR-MER-BAYINDIR-T,BURDUR2,DEBI,01May2025,30Minute,Q25,/BUR-BUR-MER-BAYINDIR-T/BURDUR2/DEBI/01May2025/30Minute/Q25/,False
1517,BUR-BUR-MER-BAYINDIR-T,BURDUR2,DEBI,01May2025,30Minute,Q5,/BUR-BUR-MER-BAYINDIR-T/BURDUR2/DEBI/01May2025/30Minute/Q5/,False
1518,BUR-BUR-MER-BAYINDIR-T,BURDUR2,DEBI,01May2025,30Minute,Q50,/BUR-BUR-MER-BAYINDIR-T/BURDUR2/DEBI/01May2025/30Minute/Q50/,False
1519,BUR-BUR-MER-BAYINDIR-T,BURDUR2,DEBI,01May2025,30Minute,Q500,/BUR-BUR-MER-BAYINDIR-T/BURDUR2/DEBI/01May2025/30Minute/Q500/,False
1520,BUR-BUR-MER-BEREKET1,BURDUR,DEBI,02May2025,5Minute,Q10,/BUR-BUR-MER-BEREKET1/BURDUR/DEBI/02May2025/5Minute/Q10/,False
1521,BUR-BUR-MER-BEREKET1,BURDUR,DEBI,02May2025,5Minute,Q100,/BUR-BUR-MER-BEREKET1/BURDUR/DEBI/02May2025/5Minute/Q100/,False
1522,BUR-BUR-MER-BEREKET1,BURDUR,DEBI,02May2025,5Minute,Q1000,/BUR-BUR-MER-BEREKET1/BURDUR/DEBI/02May2025/5Minute/Q1000/,False
1523,BUR-BUR-MER-BEREKET1,BURDUR,DEBI,02May2025,5Minute,Q2,/BUR-BUR-MER-BEREKET1/BURDUR/DEBI/02May2025/5Minute/Q2/,False
1524,BUR-BUR-MER-BEREKET1,BURDUR,DEBI,02May2025,5Minute,Q25,/BUR-BUR-MER-BEREKET1/BURDUR/DEBI/02May2025/5Minute/Q25/,False
1525,BUR-BUR-MER-BEREKET1,BURDUR,DEBI,02May2025,5Minute,Q5,/BUR-BUR-MER-BEREKET1/BURDUR/DEBI/02May2025/5Minute/Q5/,False
1526,BUR-BUR-MER-BEREKET1,BURDUR,DEBI,02May2025,5Minute,Q50,/BUR-BUR-MER-BEREKET1/BURDUR/DEBI/02May2025/5Minute/Q50/,False
1527,BUR-BUR-MER-BEREKET1,BURDUR,DEBI,02May2025,5Minute,Q500,/BUR-BUR-MER-BEREKET1/BURDUR/DEBI/02May2025/5Minute/Q500/,False
1528,BUR-BUR-MER-BEREKET1,BURDUR2,DEBI,02May2025,5Minute,Q10,/BUR-BUR-MER-BEREKET1/BURDUR2/DEBI/02May2025/5Minute/Q10/,False
1529,BUR-BUR-MER-BEREKET1,BURDUR2,DEBI,02May2025,5Minute,Q100,/BUR-BUR-MER-BEREKET1/BURDUR2/DEBI/02May2025/5Minute/Q100/,False
1530,BUR-BUR-MER-BEREKET1,BURDUR2,DEBI,02May2025,5Minute,Q1000,/BUR-BUR-MER-BEREKET1/BURDUR2/DEBI/02May2025/5Minute/Q1000/,False
1531,BUR-BUR-MER-BEREKET1,BURDUR2,DEBI,02May2025,5Minute,Q2,/BUR-BUR-MER-BEREKET1/BURDUR2/DEBI/02May2025/5Minute/Q2/,False
1532,BUR-BUR-MER-BEREKET1,BURDUR2,DEBI,02May2025,5Minute,Q25,/BUR-BUR-MER-BEREKET1/BURDUR2/DEBI/02May2025/5Minute/Q25/,False
1533,BUR-BUR-MER-BEREKET1,BURDUR2,DEBI,02May2025,5Minute,Q5,/BUR-BUR-MER-BEREKET1/BURDUR2/DEBI/02May2025/5Minute/Q5/,False
1534,BUR-BUR-MER-BEREKET1,BURDUR2,DEBI,02May2025,5Minute,Q50,/BUR-BUR-MER-BEREKET1/BURDUR2/DEBI/02May2025/5Minute/Q50/,False
1535,BUR-BUR-MER-BEREKET1,BURDUR2,DEBI,02May2025,5Minute,Q500,/BUR-BUR-MER-BEREKET1/BURDUR2/DEBI/02May2025/5Minute/Q500/,False
1536,BUR-BUR-MER-BEREKET2,BURDUR,DEBI,01May2025,30Minute,Q10,/BUR-BUR-MER-BEREKET2/BURDUR/DEBI/01May2025/30Minute/Q10/,False
1537,BUR-BUR-MER-BEREKET2,BURDUR,DEBI,01May2025,30Minute,Q100,/BUR-BUR-MER-BEREKET2/BURDUR/DEBI/01May2025/30Minute/Q100/,False
1538,BUR-BUR-MER-BEREKET2,BURDUR,DEBI,01May2025,30Minute,Q1000,/BUR-BUR-MER-BEREKET2/BURDUR/DEBI/01May2025/30Minute/Q1000/,False
1539,BUR-BUR-MER-BEREKET2,BURDUR,DEBI,01May2025,30Minute,Q2,/BUR-BUR-MER-BEREKET2/BURDUR/DEBI/01May2025/30Minute/Q2/,False
1540,BUR-BUR-MER-BEREKET2,BURDUR,DEBI,01May2025,30Minute,Q25,/BUR-BUR-MER-BEREKET2/BURDUR/DEBI/01May2025/30Minute/Q25/,False
1541,BUR-BUR-MER-BEREKET2,BURDUR,DEBI,01May2025,30Minute,Q5,/BUR-BUR-MER-BEREKET2/BURDUR/DEBI/01May2025/30Minute/Q5/,False
1542,BUR-BUR-MER-BEREKET2,BURDUR,DEBI,01May2025,30Minute,Q50,/BUR-BUR-MER-BEREKET2/BURDUR/DEBI/01May2025/30Minute/Q50/,False
1543,BUR-BUR-MER-BEREKET2,BURDUR,DEBI,01May2025,30Minute,Q500,/BUR-BUR-MER-BEREKET2/BURDUR/DEBI/01May2025/30Minute/Q500/,False
1544,BUR-BUR-MER-BEREKET2,BURDUR2,DEBI,01May2025,30Minute,Q10,/BUR-BUR-MER-BEREKET2/BURDUR2/DEBI/01May2025/30Minute/Q10/,False
1545,BUR-BUR-MER-BEREKET2,BURDUR2,DEBI,01May2025,30Minute,Q100,/BUR-BUR-MER-BEREKET2/BURDUR2/DEBI/01May2025/30Minute/Q100/,False
1546,BUR-BUR-MER-BEREKET2,BURDUR2,DEBI,01May2025,30Minute,Q1000,/BUR-BUR-MER-BEREKET2/BURDUR2/DEBI/01May2025/30Minute/Q1000/,False
1547,BUR-BUR-MER-BEREKET2,BURDUR2,DEBI,01May2025,30Minute,Q2,/BUR-BUR-MER-BEREKET2/BURDUR2/DEBI/01May2025/30Minute/Q2/,False
1548,BUR-BUR-MER-BEREKET2,BURDUR2,DEBI,01May2025,30Minute,Q25,/BUR-BUR-MER-BEREKET2/BURDUR2/DEBI/01May2025/30Minute/Q25/,False
1549,BUR-BUR-MER-BEREKET2,BURDUR2,DEBI,01May2025,30Minute,Q5,/BUR-BUR-MER-BEREKET2/BURDUR2/DEBI/01May2025/30Minute/Q5/,False
1550,BUR-BUR-MER-BEREKET2,BURDUR2,DEBI,01May2025,30Minute,Q50,/BUR-BUR-MER-BEREKET2/BURDUR2/DEBI/01May2025/30Minute/Q50/,False
1551,BUR-BUR-MER-BEREKET2,BURDUR2,DEBI,01May2025,30Minute,Q500,/BUR-BUR-MER-BEREKET2/BURDUR2/DEBI/01May2025/30Minute/Q500/,False
1552,BUR-BUR-MER-BEREKET3,BURDUR,DEBI,01May2025,30Minute,Q10,/BUR-BUR-MER-BEREKET3/BURDUR/DEBI/01May2025/30Minute/Q10/,False
1553,BUR-BUR-MER-BEREKET3,BURDUR,DEBI,01May2025,30Minute,Q100,/BUR-BUR-MER-BEREKET3/BURDUR/DEBI/01May2025/30Minute/Q100/,False
1554,BUR-BUR-MER-BEREKET3,BURDUR,DEBI,01May2025,30Minute,Q1000,/BUR-BUR-MER-BEREKET3/BURDUR/DEBI/01May2025/30Minute/Q1000/,False
1555,BUR-BUR-MER-BEREKET3,BURDUR,DEBI,01May2025,30Minute,Q2,/BUR-BUR-MER-BEREKET3/BURDUR/DEBI/01May2025/30Minute/Q2/,False
1556,BUR-BUR-MER-BEREKET3,BURDUR,DEBI,01May2025,30Minute,Q25,/BUR-BUR-MER-BEREKET3/BURDUR/DEBI/01May2025/30Minute/Q25/,False
1557,BUR-BUR-MER-BEREKET3,BURDUR,DEBI,01May2025,30Minute,Q5,/BUR-BUR-MER-BEREKET3/BURDUR/DEBI/01May2025/30Minute/Q5/,False
1558,BUR-BUR-MER-BEREKET3,BURDUR,DEBI,01May2025,30Minute,Q50,/BUR-BUR-MER-BEREKET3/BURDUR/DEBI/01May2025/30Minute/Q50/,False
1559,BUR-BUR-MER-BEREKET3,BURDUR,DEBI,01May2025,30Minute,Q500,/BUR-BUR-MER-BEREKET3/BURDUR/DEBI/01May2025/30Minute/Q500/,False
1560,BUR-BUR-MER-BEREKET3,BURDUR2,DEBI,01May2025,30Minute,Q10,/BUR-BUR-MER-BEREKET3/BURDUR2/DEBI/01May2025/30Minute/Q10/,False
1561,BUR-BUR-MER-BEREKET3,BURDUR2,DEBI,01May2025,30Minute,Q100,/BUR-BUR-MER-BEREKET3/BURDUR2/DEBI/01May2025/30Minute/Q100/,False
1562,BUR-BUR-MER-BEREKET3,BURDUR2,DEBI,01May2025,30Minute,Q1000,/BUR-BUR-MER-BEREKET3/BURDUR2/DEBI/01May2025/30Minute/Q1000/,False
1563,BUR-BUR-MER-BEREKET3,BURDUR2,DEBI,01May2025,30Minute,Q2,/BUR-BUR-MER-BEREKET3/BURDUR2/DEBI/01May2025/30Minute/Q2/,False
1564,BUR-BUR-MER-BEREKET3,BURDUR2,DEBI,01May2025,30Minute,Q25,/BUR-BUR-MER-BEREKET3/BURDUR2/DEBI/01May2025/30Minute/Q25/,False
1565,BUR-BUR-MER-BEREKET3,BURDUR2,DEBI,01May2025,30Minute,Q5,/BUR-BUR-MER-BEREKET3/BURDUR2/DEBI/01May2025/30Minute/Q5/,False
1566,BUR-BUR-MER-BEREKET3,BURDUR2,DEBI,01May2025,30Minute,Q50,/BUR-BUR-MER-BEREKET3/BURDUR2/DEBI/01May2025/30Minute/Q50/,False
1567,BUR-BUR-MER-BEREKET3,BURDUR2,DEBI,01May2025,30Minute,Q500,/BUR-BUR-MER-BEREKET3/BURDUR2/DEBI/01May2025/30Minute/Q500/,False
1568,BUR-BUR-MER-BESKAVAK1,BURDUR,DEBI,01May2025,30Minute,Q10,/BUR-BUR-MER-BESKAVAK1/BURDUR/DEBI/01May2025/30Minute/Q10/,False
1569,BUR-BUR-MER-BESKAVAK1,BURDUR,DEBI,01May2025,30Minute,Q100,/BUR-BUR-MER-BESKAVAK1/BURDUR/DEBI/01May2025/30Minute/Q100/,False
1570,BUR-BUR-MER-BESKAVAK1,BURDUR,DEBI,01May2025,30Minute,Q1000,/BUR-BUR-MER-BESKAVAK1/BURDUR/DEBI/01May2025/30Minute/Q1000/,False
1571,BUR-BUR-MER-BESKAVAK1,BURDUR,DEBI,01May2025,30Minute,Q2,/BUR-BUR-MER-BESKAVAK1/BURDUR/DEBI/01May2025/30Minute/Q2/,False
1572,BUR-BUR-MER-BESKAVAK1,BURDUR,DEBI,01May2025,30Minute,Q25,/BUR-BUR-MER-BESKAVAK1/BURDUR/DEBI/01May2025/30Minute/Q25/,False
1573,BUR-BUR-MER-BESKAVAK1,BURDUR,DEBI,01May2025,30Minute,Q5,/BUR-BUR-MER-BESKAVAK1/BURDUR/DEBI/01May2025/30Minute/Q5/,False
1574,BUR-BUR-MER-BESKAVAK1,BURDUR,DEBI,01May2025,30Minute,Q50,/BUR-BUR-MER-BESKAVAK1/BURDUR/DEBI/01May2025/30Minute/Q50/,False
1575,BUR-BUR-MER-BESKAVAK1,BURDUR,DEBI,01May2025,30Minute,Q500,/BUR-BUR-MER-BESKAVAK1/BURDUR/DEBI/01May2025/30Minute/Q500/,False
1576,BUR-BUR-MER-BESKAVAK1,BURDUR2,DEBI,01May2025,30Minute,Q10,/BUR-BUR-MER-BESKAVAK1/BURDUR2/DEBI/01May2025/30Minute/Q10/,False
1577,BUR-BUR-MER-BESKAVAK1,BURDUR2,DEBI,01May2025,30Minute,Q100,/BUR-BUR-MER-BESKAVAK1/BURDUR2/DEBI/01May2025/30Minute/Q100/,False
1578,BUR-BUR-MER-BESKAVAK1,BURDUR2,DEBI,01May2025,30Minute,Q1000,/BUR-BUR-MER-BESKAVAK1/BURDUR2/DEBI/01May2025/30Minute/Q1000/,False
1579,BUR-BUR-MER-BESKAVAK1,BURDUR2,DEBI,01May2025,30Minute,Q2,/BUR-BUR-MER-BESKAVAK1/BURDUR2/DEBI/01May2025/30Minute/Q2/,False
1580,BUR-BUR-MER-BESKAVAK1,BURDUR2,DEBI,01May2025,30Minute,Q25,/BUR-BUR-MER-BESKAVAK1/BURDUR2/DEBI/01May2025/30Minute/Q25/,False
1581,BUR-BUR-MER-BESKAVAK1,BURDUR2,DEBI,01May2025,30Minute,Q5,/BUR-BUR-MER-BESKAVAK1/BURDUR2/DEBI/01May2025/30Minute/Q5/,False
1582,BUR-BUR-MER-BESKAVAK1,BURDUR2,DEBI,01May2025,30Minute,Q50,/BUR-BUR-MER-BESKAVAK1/BURDUR2/DEBI/01May2025/30Minute/Q50/,False
1583,BUR-BUR-MER-BESKAVAK1,BURDUR2,DEBI,01May2025,30Minute,Q500,/BUR-BUR-MER-BESKAVAK1/BURDUR2/DEBI/01May2025/30Minute/Q500/,False
1584,BUR-BUR-MER-BESKAVAK2,BURDUR,DEBI,01May2025,30Minute,Q10,/BUR-BUR-MER-BESKAVAK2/BURDUR/DEBI/01May2025/30Minute/Q10/,False
1585,BUR-BUR-MER-BESKAVAK2,BURDUR,DEBI,01May2025,30Minute,Q100,/BUR-BUR-MER-BESKAVAK2/BURDUR/DEBI/01May2025/30Minute/Q100/,False
1586,BUR-BUR-MER-BESKAVAK2,BURDUR,DEBI,01May2025,30Minute,Q1000,/BUR-BUR-MER-BESKAVAK2/BURDUR/DEBI/01May2025/30Minute/Q1000/,False
1587,BUR-BUR-MER-BESKAVAK2,BURDUR,DEBI,01May2025,30Minute,Q2,/BUR-BUR-MER-BESKAVAK2/BURDUR/DEBI/01May2025/30Minute/Q2/,False
1588,BUR-BUR-MER-BESKAVAK2,BURDUR,DEBI,01May2025,30Minute,Q25,/BUR-BUR-MER-BESKAVAK2/BURDUR/DEBI/01May2025/30Minute/Q25/,False
1589,BUR-BUR-MER-BESKAVAK2,BURDUR,DEBI,01May2025,30Minute,Q5,/BUR-BUR-MER-BESKAVAK2/BURDUR/DEBI/01May2025/30Minute/Q5/,False
1590,BUR-BUR-MER-BESKAVAK2,BURDUR,DEBI,01May2025,30Minute,Q50,/BUR-BUR-MER-BESKAVAK2/BURDUR/DEBI/01May2025/30Minute/Q50/,False
1591,BUR-BUR-MER-BESKAVAK2,BURDUR,DEBI,01May2025,30Minute,Q500,/BUR-BUR-MER-BESKAVAK2/BURDUR/DEBI/01May2025/30Minute/Q500/,False
1592,BUR-BUR-MER-BESKAVAK2,BURDUR2,DEBI,01May2025,30Minute,Q10,/BUR-BUR-MER-BESKAVAK2/BURDUR2/DEBI/01May2025/30Minute/Q10/,False
1593,BUR-BUR-MER-BESKAVAK2,BURDUR2,DEBI,01May2025,30Minute,Q100,/BUR-BUR-MER-BESKAVAK2/BURDUR2/DEBI/01May2025/30Minute/Q100/,False
1594,BUR-BUR-MER-BESKAVAK2,BURDUR2,DEBI,01May2025,30Minute,Q1000,/BUR-BUR-MER-BESKAVAK2/BURDUR2/DEBI/01May2025/30Minute/Q1000/,False
1595,BUR-BUR-MER-BESKAVAK2,BURDUR2,DEBI,01May2025,30Minute,Q2,/BUR-BUR-MER-BESKAVAK2/BURDUR2/DEBI/01May2025/30Minute/Q2/,False
1596,BUR-BUR-MER-BESKAVAK2,BURDUR2,DEBI,01May2025,30Minute,Q25,/BUR-BUR-MER-BESKAVAK2/BURDUR2/DEBI/01May2025/30Minute/Q25/,False
1597,BUR-BUR-MER-BESKAVAK2,BURDUR2,DEBI,01May2025,30Minute,Q5,/BUR-BUR-MER-BESKAVAK2/BURDUR2/DEBI/01May2025/30Minute/Q5/,False
1598,BUR-BUR-MER-BESKAVAK2,BURDUR2,DEBI,01May2025,30Minute,Q50,/BUR-BUR-MER-BESKAVAK2/BURDUR2/DEBI/01May2025/30Minute/Q50/,False
1599,BUR-BUR-MER-BESKAVAK2,BURDUR2,DEBI,01May2025,30Minute,Q500,/BUR-BUR-MER-BESKAVAK2/BURDUR2/DEBI/01May2025/30Minute/Q500/,False
1600,BUR-BUR-MER-BGP,BURDUR,DEBI,02May2025,5Minute,Q10,/BUR-BUR-MER-BGP/BURDUR/DEBI/02May2025/5Minute/Q10/,False
1601,BUR-BUR-MER-BGP,BURDUR,DEBI,02May2025,5Minute,Q100,/BUR-BUR-MER-BGP/BURDUR/DEBI/02May2025/5Minute/Q100/,False
1602,BUR-BUR-MER-BGP,BURDUR,DEBI,02May2025,5Minute,Q1000,/BUR-BUR-MER-BGP/BURDUR/DEBI/02May2025/5Minute/Q1000/,False
1603,BUR-BUR-MER-BGP,BURDUR,DEBI,02May2025,5Minute,Q2,/BUR-BUR-MER-BGP/BURDUR/DEBI/02May2025/5Minute/Q2/,False
1604,BUR-BUR-MER-BGP,BURDUR,DEBI,02May2025,5Minute,Q25,/BUR-BUR-MER-BGP/BURDUR/DEBI/02May2025/5Minute/Q25/,False
1605,BUR-BUR-MER-BGP,BURDUR,DEBI,02May2025,5Minute,Q5,/BUR-BUR-MER-BGP/BURDUR/DEBI/02May2025/5Minute/Q5/,False
1606,BUR-BUR-MER-BGP,BURDUR,DEBI,02May2025,5Minute,Q50,/BUR-BUR-MER-BGP/BURDUR/DEBI/02May2025/5Minute/Q50/,False
1607,BUR-BUR-MER-BGP,BURDUR,DEBI,02May2025,5Minute,Q500,/BUR-BUR-MER-BGP/BURDUR/DEBI/02May2025/5Minute/Q500/,False
1608,BUR-BUR-MER-BGP,BURDUR2,DEBI,02May2025,5Minute,Q10,/BUR-BUR-MER-BGP/BURDUR2/DEBI/02May2025/5Minute/Q10/,False
1609,BUR-BUR-MER-BGP,BURDUR2,DEBI,02May2025,5Minute,Q100,/BUR-BUR-MER-BGP/BURDUR2/DEBI/02May2025/5Minute/Q100/,False
1610,BUR-BUR-MER-BGP,BURDUR2,DEBI,02May2025,5Minute,Q1000,/BUR-BUR-MER-BGP/BURDUR2/DEBI/02May2025/5Minute/Q1000/,False
1611,BUR-BUR-MER-BGP,BURDUR2,DEBI,02May2025,5Minute,Q2,/BUR-BUR-MER-BGP/BURDUR2/DEBI/02May2025/5Minute/Q2/,False
1612,BUR-BUR-MER-BGP,BURDUR2,DEBI,02May2025,5Minute,Q25,/BUR-BUR-MER-BGP/BURDUR2/DEBI/02May2025/5Minute/Q25/,False
1613,BUR-BUR-MER-BGP,BURDUR2,DEBI,02May2025,5Minute,Q5,/BUR-BUR-MER-BGP/BURDUR2/DEBI/02May2025/5Minute/Q5/,False
1614,BUR-BUR-MER-BGP,BURDUR2,DEBI,02May2025,5Minute,Q50,/BUR-BUR-MER-BGP/BURDUR2/DEBI/02May2025/5Minute/Q50/,False
1615,BUR-BUR-MER-BGP,BURDUR2,DEBI,02May2025,5Minute,Q500,/BUR-BUR-MER-BGP/BURDUR2/DEBI/02May2025/5Minute/Q500/,False
1616,BUR-BUR-MER-BOZCAY1,BURDUR,DEBI,01May2025,30Minute,Q10,/BUR-BUR-MER-BOZCAY1/BURDUR/DEBI/01May2025/30Minute/Q10/,False
1617,BUR-BUR-MER-BOZCAY1,BURDUR,DEBI,01May2025,30Minute,Q100,/BUR-BUR-MER-BOZCAY1/BURDUR/DEBI/01May2025/30Minute/Q100/,False
1618,BUR-BUR-MER-BOZCAY1,BURDUR,DEBI,01May2025,30Minute,Q1000,/BUR-BUR-MER-BOZCAY1/BURDUR/DEBI/01May2025/30Minute/Q1000/,False
1619,BUR-BUR-MER-BOZCAY1,BURDUR,DEBI,01May2025,30Minute,Q2,/BUR-BUR-MER-BOZCAY1/BURDUR/DEBI/01May2025/30Minute/Q2/,False
1620,BUR-BUR-MER-BOZCAY1,BURDUR,DEBI,01May2025,30Minute,Q25,/BUR-BUR-MER-BOZCAY1/BURDUR/DEBI/01May2025/30Minute/Q25/,False
1621,BUR-BUR-MER-BOZCAY1,BURDUR,DEBI,01May2025,30Minute,Q5,/BUR-BUR-MER-BOZCAY1/BURDUR/DEBI/01May2025/30Minute/Q5/,False
1622,BUR-BUR-MER-BOZCAY1,BURDUR,DEBI,01May2025,30Minute,Q50,/BUR-BUR-MER-BOZCAY1/BURDUR/DEBI/01May2025/30Minute/Q50/,False
1623,BUR-BUR-MER-BOZCAY1,BURDUR,DEBI,01May2025,30Minute,Q500,/BUR-BUR-MER-BOZCAY1/BURDUR/DEBI/01May2025/30Minute/Q500/,False
1624,BUR-BUR-MER-BOZCAY2,BURDUR,DEBI,01May2025,30Minute,Q10,/BUR-BUR-MER-BOZCAY2/BURDUR/DEBI/01May2025/30Minute/Q10/,False
1625,BUR-BUR-MER-BOZCAY2,BURDUR,DEBI,01May2025,30Minute,Q100,/BUR-BUR-MER-BOZCAY2/BURDUR/DEBI/01May2025/30Minute/Q100/,False
1626,BUR-BUR-MER-BOZCAY2,BURDUR,DEBI,01May2025,30Minute,Q1000,/BUR-BUR-MER-BOZCAY2/BURDUR/DEBI/01May2025/30Minute/Q1000/,False
1627,BUR-BUR-MER-BOZCAY2,BURDUR,DEBI,01May2025,30Minute,Q2,/BUR-BUR-MER-BOZCAY2/BURDUR/DEBI/01May2025/30Minute/Q2/,False
1628,BUR-BUR-MER-BOZCAY2,BURDUR,DEBI,01May2025,30Minute,Q25,/BUR-BUR-MER-BOZCAY2/BURDUR/DEBI/01May2025/30Minute/Q25/,False
1629,BUR-BUR-MER-BOZCAY2,BURDUR,DEBI,01May2025,30Minute,Q5,/BUR-BUR-MER-BOZCAY2/BURDUR/DEBI/01May2025/30Minute/Q5/,False
1630,BUR-BUR-MER-BOZCAY2,BURDUR,DEBI,01May2025,30Minute,Q50,/BUR-BUR-MER-BOZCAY2/BURDUR/DEBI/01May2025/30Minute/Q50/,False
1631,BUR-BUR-MER-BOZCAY2,BURDUR,DEBI,01May2025,30Minute,Q500,/BUR-BUR-MER-BOZCAY2/BURDUR/DEBI/01May2025/30Minute/Q500/,False
1632,BUR-BUR-MER-BOZCAY-T1,BURDUR,DEBI,01May2025,30Minute,Q10,/BUR-BUR-MER-BOZCAY-T1/BURDUR/DEBI/01May2025/30Minute/Q10/,False
1633,BUR-BUR-MER-BOZCAY-T1,BURDUR,DEBI,01May2025,30Minute,Q100,/BUR-BUR-MER-BOZCAY-T1/BURDUR/DEBI/01May2025/30Minute/Q100/,False
1634,BUR-BUR-MER-BOZCAY-T1,BURDUR,DEBI,01May2025,30Minute,Q1000,/BUR-BUR-MER-BOZCAY-T1/BURDUR/DEBI/01May2025/30Minute/Q1000/,False
1635,BUR-BUR-MER-BOZCAY-T1,BURDUR,DEBI,01May2025,30Minute,Q2,/BUR-BUR-MER-BOZCAY-T1/BURDUR/DEBI/01May2025/30Minute/Q2/,False
1636,BUR-BUR-MER-BOZCAY-T1,BURDUR,DEBI,01May2025,30Minute,Q25,/BUR-BUR-MER-BOZCAY-T1/BURDUR/DEBI/01May2025/30Minute/Q25/,False
1637,BUR-BUR-MER-BOZCAY-T1,BURDUR,DEBI,01May2025,30Minute,Q5,/BUR-BUR-MER-BOZCAY-T1/BURDUR/DEBI/01May2025/30Minute/Q5/,False
1638,BUR-BUR-MER-BOZCAY-T1,BURDUR,DEBI,01May2025,30Minute,Q50,/BUR-BUR-MER-BOZCAY-T1/BURDUR/DEBI/01May2025/30Minute/Q50/,False
1639,BUR-BUR-MER-BOZCAY-T1,BURDUR,DEBI,01May2025,30Minute,Q500,/BUR-BUR-MER-BOZCAY-T1/BURDUR/DEBI/01May2025/30Minute/Q500/,False
1640,BUR-BUR-MER-BOZCAY-T3,BURDUR,DEBI,01May2025,30Minute,Q10,/BUR-BUR-MER-BOZCAY-T3/BURDUR/DEBI/01May2025/30Minute/Q10/,False
1641,BUR-BUR-MER-BOZCAY-T3,BURDUR,DEBI,01May2025,30Minute,Q100,/BUR-BUR-MER-BOZCAY-T3/BURDUR/DEBI/01May2025/30Minute/Q100/,False
1642,BUR-BUR-MER-BOZCAY-T3,BURDUR,DEBI,01May2025,30Minute,Q1000,/BUR-BUR-MER-BOZCAY-T3/BURDUR/DEBI/01May2025/30Minute/Q1000/,False
1643,BUR-BUR-MER-BOZCAY-T3,BURDUR,DEBI,01May2025,30Minute,Q2,/BUR-BUR-MER-BOZCAY-T3/BURDUR/DEBI/01May2025/30Minute/Q2/,False
1644,BUR-BUR-MER-BOZCAY-T3,BURDUR,DEBI,01May2025,30Minute,Q25,/BUR-BUR-MER-BOZCAY-T3/BURDUR/DEBI/01May2025/30Minute/Q25/,False
1645,BUR-BUR-MER-BOZCAY-T3,BURDUR,DEBI,01May2025,30Minute,Q5,/BUR-BUR-MER-BOZCAY-T3/BURDUR/DEBI/01May2025/30Minute/Q5/,False
1646,BUR-BUR-MER-BOZCAY-T3,BURDUR,DEBI,01May2025,30Minute,Q50,/BUR-BUR-MER-BOZCAY-T3/BURDUR/DEBI/01May2025/30Minute/Q50/,False
1647,BUR-BUR-MER-BOZCAY-T3,BURDUR,DEBI,01May2025,30Minute,Q500,/BUR-BUR-MER-BOZCAY-T3/BURDUR/DEBI/01May2025/30Minute/Q500/,False
1648,BUR-BUR-MER-BOZCAY-T4,BURDUR,DEBI,01May2025,30Minute,Q10,/BUR-BUR-MER-BOZCAY-T4/BURDUR/DEBI/01May2025/30Minute/Q10/,False
1649,BUR-BUR-MER-BOZCAY-T4,BURDUR,DEBI,01May2025,30Minute,Q100,/BUR-BUR-MER-BOZCAY-T4/BURDUR/DEBI/01May2025/30Minute/Q100/,False
1650,BUR-BUR-MER-BOZCAY-T4,BURDUR,DEBI,01May2025,30Minute,Q1000,/BUR-BUR-MER-BOZCAY-T4/BURDUR/DEBI/01May2025/30Minute/Q1000/,False
1651,BUR-BUR-MER-BOZCAY-T4,BURDUR,DEBI,01May2025,30Minute,Q2,/BUR-BUR-MER-BOZCAY-T4/BURDUR/DEBI/01May2025/30Minute/Q2/,False
1652,BUR-BUR-MER-BOZCAY-T4,BURDUR,DEBI,01May2025,30Minute,Q25,/BUR-BUR-MER-BOZCAY-T4/BURDUR/DEBI/01May2025/30Minute/Q25/,False
1653,BUR-BUR-MER-BOZCAY-T4,BURDUR,DEBI,01May2025,30Minute,Q5,/BUR-BUR-MER-BOZCAY-T4/BURDUR/DEBI/01May2025/30Minute/Q5/,False
1654,BUR-BUR-MER-BOZCAY-T4,BURDUR,DEBI,01May2025,30Minute,Q50,/BUR-BUR-MER-BOZCAY-T4/BURDUR/DEBI/01May2025/30Minute/Q50/,False
1655,BUR-BUR-MER-BOZCAY-T4,BURDUR,DEBI,01May2025,30Minute,Q500,/BUR-BUR-MER-BOZCAY-T4/BURDUR/DEBI/01May2025/30Minute/Q500/,False
1656,BUR-BUR-MER-BOZLAR,BURDUR,DEBI,01May2025,30Minute,Q10,/BUR-BUR-MER-BOZLAR/BURDUR/DEBI/01May2025/30Minute/Q10/,False
1657,BUR-BUR-MER-BOZLAR,BURDUR,DEBI,01May2025,30Minute,Q100,/BUR-BUR-MER-BOZLAR/BURDUR/DEBI/01May2025/30Minute/Q100/,False
1658,BUR-BUR-MER-BOZLAR,BURDUR,DEBI,01May2025,30Minute,Q1000,/BUR-BUR-MER-BOZLAR/BURDUR/DEBI/01May2025/30Minute/Q1000/,False
1659,BUR-BUR-MER-BOZLAR,BURDUR,DEBI,01May2025,30Minute,Q2,/BUR-BUR-MER-BOZLAR/BURDUR/DEBI/01May2025/30Minute/Q2/,False
1660,BUR-BUR-MER-BOZLAR,BURDUR,DEBI,01May2025,30Minute,Q25,/BUR-BUR-MER-BOZLAR/BURDUR/DEBI/01May2025/30Minute/Q25/,False
1661,BUR-BUR-MER-BOZLAR,BURDUR,DEBI,01May2025,30Minute,Q5,/BUR-BUR-MER-BOZLAR/BURDUR/DEBI/01May2025/30Minute/Q5/,False
1662,BUR-BUR-MER-BOZLAR,BURDUR,DEBI,01May2025,30Minute,Q50,/BUR-BUR-MER-BOZLAR/BURDUR/DEBI/01May2025/30Minute/Q50/,False
1663,BUR-BUR-MER-BOZLAR,BURDUR,DEBI,01May2025,30Minute,Q500,/BUR-BUR-MER-BOZLAR/BURDUR/DEBI/01May2025/30Minute/Q500/,False
1664,BUR-BUR-MER-BUGDUZ1,BURDUR,DEBI,02May2025,5Minute,Q10,/BUR-BUR-MER-BUGDUZ1/BURDUR/DEBI/02May2025/5Minute/Q10/,False
1665,BUR-BUR-MER-BUGDUZ1,BURDUR,DEBI,02May2025,5Minute,Q100,/BUR-BUR-MER-BUGDUZ1/BURDUR/DEBI/02May2025/5Minute/Q100/,False
1666,BUR-BUR-MER-BUGDUZ1,BURDUR,DEBI,02May2025,5Minute,Q1000,/BUR-BUR-MER-BUGDUZ1/BURDUR/DEBI/02May2025/5Minute/Q1000/,False
1667,BUR-BUR-MER-BUGDUZ1,BURDUR,DEBI,02May2025,5Minute,Q2,/BUR-BUR-MER-BUGDUZ1/BURDUR/DEBI/02May2025/5Minute/Q2/,False
1668,BUR-BUR-MER-BUGDUZ1,BURDUR,DEBI,02May2025,5Minute,Q25,/BUR-BUR-MER-BUGDUZ1/BURDUR/DEBI/02May2025/5Minute/Q25/,False
1669,BUR-BUR-MER-BUGDUZ1,BURDUR,DEBI,02May2025,5Minute,Q5,/BUR-BUR-MER-BUGDUZ1/BURDUR/DEBI/02May2025/5Minute/Q5/,False
1670,BUR-BUR-MER-BUGDUZ1,BURDUR,DEBI,02May2025,5Minute,Q50,/BUR-BUR-MER-BUGDUZ1/BURDUR/DEBI/02May2025/5Minute/Q50/,False
1671,BUR-BUR-MER-BUGDUZ1,BURDUR,DEBI,02May2025,5Minute,Q500,/BUR-BUR-MER-BUGDUZ1/BURDUR/DEBI/02May2025/5Minute/Q500/,False
1672,BUR-BUR-MER-BUGDUZ1,BURDUR2,DEBI,02May2025,5Minute,Q10,/BUR-BUR-MER-BUGDUZ1/BURDUR2/DEBI/02May2025/5Minute/Q10/,False
1673,BUR-BUR-MER-BUGDUZ1,BURDUR2,DEBI,02May2025,5Minute,Q100,/BUR-BUR-MER-BUGDUZ1/BURDUR2/DEBI/02May2025/5Minute/Q100/,False
1674,BUR-BUR-MER-BUGDUZ1,BURDUR2,DEBI,02May2025,5Minute,Q1000,/BUR-BUR-MER-BUGDUZ1/BURDUR2/DEBI/02May2025/5Minute/Q1000/,False
1675,BUR-BUR-MER-BUGDUZ1,BURDUR2,DEBI,02May2025,5Minute,Q2,/BUR-BUR-MER-BUGDUZ1/BURDUR2/DEBI/02May2025/5Minute/Q2/,False
1676,BUR-BUR-MER-BUGDUZ1,BURDUR2,DEBI,02May2025,5Minute,Q25,/BUR-BUR-MER-BUGDUZ1/BURDUR2/DEBI/02May2025/5Minute/Q25/,False
1677,BUR-BUR-MER-BUGDUZ1,BURDUR2,DEBI,02May2025,5Minute,Q5,/BUR-BUR-MER-BUGDUZ1/BURDUR2/DEBI/02May2025/5Minute/Q5/,False
1678,BUR-BUR-MER-BUGDUZ1,BURDUR2,DEBI,02May2025,5Minute,Q50,/BUR-BUR-MER-BUGDUZ1/BURDUR2/DEBI/02May2025/5Minute/Q50/,False
1679,BUR-BUR-MER-BUGDUZ1,BURDUR2,DEBI,02May2025,5Minute,Q500,/BUR-BUR-MER-BUGDUZ1/BURDUR2/DEBI/02May2025/5Minute/Q500/,False
1680,BUR-BUR-MER-BUGDUZ2,BURDUR,DEBI,01May2025,30Minute,Q10,/BUR-BUR-MER-BUGDUZ2/BURDUR/DEBI/01May2025/30Minute/Q10/,False
1681,BUR-BUR-MER-BUGDUZ2,BURDUR,DEBI,01May2025,30Minute,Q100,/BUR-BUR-MER-BUGDUZ2/BURDUR/DEBI/01May2025/30Minute/Q100/,False
1682,BUR-BUR-MER-BUGDUZ2,BURDUR,DEBI,01May2025,30Minute,Q1000,/BUR-BUR-MER-BUGDUZ2/BURDUR/DEBI/01May2025/30Minute/Q1000/,False
1683,BUR-BUR-MER-BUGDUZ2,BURDUR,DEBI,01May2025,30Minute,Q2,/BUR-BUR-MER-BUGDUZ2/BURDUR/DEBI/01May2025/30Minute/Q2/,False
1684,BUR-BUR-MER-BUGDUZ2,BURDUR,DEBI,01May2025,30Minute,Q25,/BUR-BUR-MER-BUGDUZ2/BURDUR/DEBI/01May2025/30Minute/Q25/,False
1685,BUR-BUR-MER-BUGDUZ2,BURDUR,DEBI,01May2025,30Minute,Q5,/BUR-BUR-MER-BUGDUZ2/BURDUR/DEBI/01May2025/30Minute/Q5/,False
1686,BUR-BUR-MER-BUGDUZ2,BURDUR,DEBI,01May2025,30Minute,Q50,/BUR-BUR-MER-BUGDUZ2/BURDUR/DEBI/01May2025/30Minute/Q50/,False
1687,BUR-BUR-MER-BUGDUZ2,BURDUR,DEBI,01May2025,30Minute,Q500,/BUR-BUR-MER-BUGDUZ2/BURDUR/DEBI/01May2025/30Minute/Q500/,False
1688,BUR-BUR-MER-BUGDUZ2,BURDUR2,DEBI,01May2025,30Minute,Q10,/BUR-BUR-MER-BUGDUZ2/BURDUR2/DEBI/01May2025/30Minute/Q10/,False
1689,BUR-BUR-MER-BUGDUZ2,BURDUR2,DEBI,01May2025,30Minute,Q100,/BUR-BUR-MER-BUGDUZ2/BURDUR2/DEBI/01May2025/30Minute/Q100/,False
1690,BUR-BUR-MER-BUGDUZ2,BURDUR2,DEBI,01May2025,30Minute,Q1000,/BUR-BUR-MER-BUGDUZ2/BURDUR2/DEBI/01May2025/30Minute/Q1000/,False
1691,BUR-BUR-MER-BUGDUZ2,BURDUR2,DEBI,01May2025,30Minute,Q2,/BUR-BUR-MER-BUGDUZ2/BURDUR2/DEBI/01May2025/30Minute/Q2/,False
1692,BUR-BUR-MER-BUGDUZ2,BURDUR2,DEBI,01May2025,30Minute,Q25,/BUR-BUR-MER-BUGDUZ2/BURDUR2/DEBI/01May2025/30Minute/Q25/,False
1693,BUR-BUR-MER-BUGDUZ2,BURDUR2,DEBI,01May2025,30Minute,Q5,/BUR-BUR-MER-BUGDUZ2/BURDUR2/DEBI/01May2025/30Minute/Q5/,False
1694,BUR-BUR-MER-BUGDUZ2,BURDUR2,DEBI,01May2025,30Minute,Q50,/BUR-BUR-MER-BUGDUZ2/BURDUR2/DEBI/01May2025/30Minute/Q50/,False
1695,BUR-BUR-MER-BUGDUZ2,BURDUR2,DEBI,01May2025,30Minute,Q500,/BUR-BUR-MER-BUGDUZ2/BURDUR2/DEBI/01May2025/30Minute/Q500/,False
1696,BUR-BUR-MER-BUGDUZ3,BURDUR,DEBI,01May2025,30Minute,Q10,/BUR-BUR-MER-BUGDUZ3/BURDUR/DEBI/01May2025/30Minute/Q10/,False
1697,BUR-BUR-MER-BUGDUZ3,BURDUR,DEBI,01May2025,30Minute,Q100,/BUR-BUR-MER-BUGDUZ3/BURDUR/DEBI/01May2025/30Minute/Q100/,False
1698,BUR-BUR-MER-BUGDUZ3,BURDUR,DEBI,01May2025,30Minute,Q1000,/BUR-BUR-MER-BUGDUZ3/BURDUR/DEBI/01May2025/30Minute/Q1000/,False
1699,BUR-BUR-MER-BUGDUZ3,BURDUR,DEBI,01May2025,30Minute,Q2,/BUR-BUR-MER-BUGDUZ3/BURDUR/DEBI/01May2025/30Minute/Q2/,False
1700,BUR-BUR-MER-BUGDUZ3,BURDUR,DEBI,01May2025,30Minute,Q25,/BUR-BUR-MER-BUGDUZ3/BURDUR/DEBI/01May2025/30Minute/Q25/,False
1701,BUR-BUR-MER-BUGDUZ3,BURDUR,DEBI,01May2025,30Minute,Q5,/BUR-BUR-MER-BUGDUZ3/BURDUR/DEBI/01May2025/30Minute/Q5/,False
1702,BUR-BUR-MER-BUGDUZ3,BURDUR,DEBI,01May2025,30Minute,Q50,/BUR-BUR-MER-BUGDUZ3/BURDUR/DEBI/01May2025/30Minute/Q50/,False
1703,BUR-BUR-MER-BUGDUZ3,BURDUR,DEBI,01May2025,30Minute,Q500,/BUR-BUR-MER-BUGDUZ3/BURDUR/DEBI/01May2025/30Minute/Q500/,False
1704,BUR-BUR-MER-BUGDUZ3,BURDUR2,DEBI,01May2025,30Minute,Q10,/BUR-BUR-MER-BUGDUZ3/BURDUR2/DEBI/01May2025/30Minute/Q10/,False
1705,BUR-BUR-MER-BUGDUZ3,BURDUR2,DEBI,01May2025,30Minute,Q100,/BUR-BUR-MER-BUGDUZ3/BURDUR2/DEBI/01May2025/30Minute/Q100/,False
1706,BUR-BUR-MER-BUGDUZ3,BURDUR2,DEBI,01May2025,30Minute,Q1000,/BUR-BUR-MER-BUGDUZ3/BURDUR2/DEBI/01May2025/30Minute/Q1000/,False
1707,BUR-BUR-MER-BUGDUZ3,BURDUR2,DEBI,01May2025,30Minute,Q2,/BUR-BUR-MER-BUGDUZ3/BURDUR2/DEBI/01May2025/30Minute/Q2/,False
1708,BUR-BUR-MER-BUGDUZ3,BURDUR2,DEBI,01May2025,30Minute,Q25,/BUR-BUR-MER-BUGDUZ3/BURDUR2/DEBI/01May2025/30Minute/Q25/,False
1709,BUR-BUR-MER-BUGDUZ3,BURDUR2,DEBI,01May2025,30Minute,Q5,/BUR-BUR-MER-BUGDUZ3/BURDUR2/DEBI/01May2025/30Minute/Q5/,False
1710,BUR-BUR-MER-BUGDUZ3,BURDUR2,DEBI,01May2025,30Minute,Q50,/BUR-BUR-MER-BUGDUZ3/BURDUR2/DEBI/01May2025/30Minute/Q50/,False
1711,BUR-BUR-MER-BUGDUZ3,BURDUR2,DEBI,01May2025,30Minute,Q500,/BUR-BUR-MER-BUGDUZ3/BURDUR2/DEBI/01May2025/30Minute/Q500/,False
1712,BUR-BUR-MER-BUGDUZ3A,BURDUR,DEBI,01May2025,30Minute,Q10,/BUR-BUR-MER-BUGDUZ3A/BURDUR/DEBI/01May2025/30Minute/Q10/,False
1713,BUR-BUR-MER-BUGDUZ3A,BURDUR,DEBI,01May2025,30Minute,Q100,/BUR-BUR-MER-BUGDUZ3A/BURDUR/DEBI/01May2025/30Minute/Q100/,False
1714,BUR-BUR-MER-BUGDUZ3A,BURDUR,DEBI,01May2025,30Minute,Q1000,/BUR-BUR-MER-BUGDUZ3A/BURDUR/DEBI/01May2025/30Minute/Q1000/,False
1715,BUR-BUR-MER-BUGDUZ3A,BURDUR,DEBI,01May2025,30Minute,Q2,/BUR-BUR-MER-BUGDUZ3A/BURDUR/DEBI/01May2025/30Minute/Q2/,False
1716,BUR-BUR-MER-BUGDUZ3A,BURDUR,DEBI,01May2025,30Minute,Q25,/BUR-BUR-MER-BUGDUZ3A/BURDUR/DEBI/01May2025/30Minute/Q25/,False
1717,BUR-BUR-MER-BUGDUZ3A,BURDUR,DEBI,01May2025,30Minute,Q5,/BUR-BUR-MER-BUGDUZ3A/BURDUR/DEBI/01May2025/30Minute/Q5/,False
1718,BUR-BUR-MER-BUGDUZ3A,BURDUR,DEBI,01May2025,30Minute,Q50,/BUR-BUR-MER-BUGDUZ3A/BURDUR/DEBI/01May2025/30Minute/Q50/,False
1719,BUR-BUR-MER-BUGDUZ3A,BURDUR,DEBI,01May2025,30Minute,Q500,/BUR-BUR-MER-BUGDUZ3A/BURDUR/DEBI/01May2025/30Minute/Q500/,False
1720,BUR-BUR-MER-BUGDUZ3A,BURDUR2,DEBI,01May2025,30Minute,Q10,/BUR-BUR-MER-BUGDUZ3A/BURDUR2/DEBI/01May2025/30Minute/Q10/,False
1721,BUR-BUR-MER-BUGDUZ3A,BURDUR2,DEBI,01May2025,30Minute,Q100,/BUR-BUR-MER-BUGDUZ3A/BURDUR2/DEBI/01May2025/30Minute/Q100/,False
1722,BUR-BUR-MER-BUGDUZ3A,BURDUR2,DEBI,01May2025,30Minute,Q1000,/BUR-BUR-MER-BUGDUZ3A/BURDUR2/DEBI/01May2025/30Minute/Q1000/,False
1723,BUR-BUR-MER-BUGDUZ3A,BURDUR2,DEBI,01May2025,30Minute,Q2,/BUR-BUR-MER-BUGDUZ3A/BURDUR2/DEBI/01May2025/30Minute/Q2/,False
1724,BUR-BUR-MER-BUGDUZ3A,BURDUR2,DEBI,01May2025,30Minute,Q25,/BUR-BUR-MER-BUGDUZ3A/BURDUR2/DEBI/01May2025/30Minute/Q25/,False
1725,BUR-BUR-MER-BUGDUZ3A,BURDUR2,DEBI,01May2025,30Minute,Q5,/BUR-BUR-MER-BUGDUZ3A/BURDUR2/DEBI/01May2025/30Minute/Q5/,False
1726,BUR-BUR-MER-BUGDUZ3A,BURDUR2,DEBI,01May2025,30Minute,Q50,/BUR-BUR-MER-BUGDUZ3A/BURDUR2/DEBI/01May2025/30Minute/Q50/,False
1727,BUR-BUR-MER-BUGDUZ3A,BURDUR2,DEBI,01May2025,30Minute,Q500,/BUR-BUR-MER-BUGDUZ3A/BURDUR2/DEBI/01May2025/30Minute/Q500/,False
1728,BUR-BUR-MER-BUGDUZ3B,BURDUR,DEBI,01May2025,30Minute,Q10,/BUR-BUR-MER-BUGDUZ3B/BURDUR/DEBI/01May2025/30Minute/Q10/,False
1729,BUR-BUR-MER-BUGDUZ3B,BURDUR,DEBI,01May2025,30Minute,Q100,/BUR-BUR-MER-BUGDUZ3B/BURDUR/DEBI/01May2025/30Minute/Q100/,False
1730,BUR-BUR-MER-BUGDUZ3B,BURDUR,DEBI,01May2025,30Minute,Q1000,/BUR-BUR-MER-BUGDUZ3B/BURDUR/DEBI/01May2025/30Minute/Q1000/,False
1731,BUR-BUR-MER-BUGDUZ3B,BURDUR,DEBI,01May2025,30Minute,Q2,/BUR-BUR-MER-BUGDUZ3B/BURDUR/DEBI/01May2025/30Minute/Q2/,False
1732,BUR-BUR-MER-BUGDUZ3B,BURDUR,DEBI,01May2025,30Minute,Q25,/BUR-BUR-MER-BUGDUZ3B/BURDUR/DEBI/01May2025/30Minute/Q25/,False
1733,BUR-BUR-MER-BUGDUZ3B,BURDUR,DEBI,01May2025,30Minute,Q5,/BUR-BUR-MER-BUGDUZ3B/BURDUR/DEBI/01May2025/30Minute/Q5/,False
1734,BUR-BUR-MER-BUGDUZ3B,BURDUR,DEBI,01May2025,30Minute,Q50,/BUR-BUR-MER-BUGDUZ3B/BURDUR/DEBI/01May2025/30Minute/Q50/,False
1735,BUR-BUR-MER-BUGDUZ3B,BURDUR,DEBI,01May2025,30Minute,Q500,/BUR-BUR-MER-BUGDUZ3B/BURDUR/DEBI/01May2025/30Minute/Q500/,False
1736,BUR-BUR-MER-BUGDUZ3B,BURDUR2,DEBI,01May2025,30Minute,Q10,/BUR-BUR-MER-BUGDUZ3B/BURDUR2/DEBI/01May2025/30Minute/Q10/,False
1737,BUR-BUR-MER-BUGDUZ3B,BURDUR2,DEBI,01May2025,30Minute,Q100,/BUR-BUR-MER-BUGDUZ3B/BURDUR2/DEBI/01May2025/30Minute/Q100/,False
1738,BUR-BUR-MER-BUGDUZ3B,BURDUR2,DEBI,01May2025,30Minute,Q1000,/BUR-BUR-MER-BUGDUZ3B/BURDUR2/DEBI/01May2025/30Minute/Q1000/,False
1739,BUR-BUR-MER-BUGDUZ3B,BURDUR2,DEBI,01May2025,30Minute,Q2,/BUR-BUR-MER-BUGDUZ3B/BURDUR2/DEBI/01May2025/30Minute/Q2/,False
1740,BUR-BUR-MER-BUGDUZ3B,BURDUR2,DEBI,01May2025,30Minute,Q25,/BUR-BUR-MER-BUGDUZ3B/BURDUR2/DEBI/01May2025/30Minute/Q25/,False
1741,BUR-BUR-MER-BUGDUZ3B,BURDUR2,DEBI,01May2025,30Minute,Q5,/BUR-BUR-MER-BUGDUZ3B/BURDUR2/DEBI/01May2025/30Minute/Q5/,False
1742,BUR-BUR-MER-BUGDUZ3B,BURDUR2,DEBI,01May2025,30Minute,Q50,/BUR-BUR-MER-BUGDUZ3B/BURDUR2/DEBI/01May2025/30Minute/Q50/,False
1743,BUR-BUR-MER-BUGDUZ3B,BURDUR2,DEBI,01May2025,30Minute,Q500,/BUR-BUR-MER-BUGDUZ3B/BURDUR2/DEBI/01May2025/30Minute/Q500/,False
1744,BUR-BUR-MER-BUGDUZ4,BURDUR,DEBI,01May2025,30Minute,Q10,/BUR-BUR-MER-BUGDUZ4/BURDUR/DEBI/01May2025/30Minute/Q10/,False
1745,BUR-BUR-MER-BUGDUZ4,BURDUR,DEBI,01May2025,30Minute,Q100,/BUR-BUR-MER-BUGDUZ4/BURDUR/DEBI/01May2025/30Minute/Q100/,False
1746,BUR-BUR-MER-BUGDUZ4,BURDUR,DEBI,01May2025,30Minute,Q1000,/BUR-BUR-MER-BUGDUZ4/BURDUR/DEBI/01May2025/30Minute/Q1000/,False
1747,BUR-BUR-MER-BUGDUZ4,BURDUR,DEBI,01May2025,30Minute,Q2,/BUR-BUR-MER-BUGDUZ4/BURDUR/DEBI/01May2025/30Minute/Q2/,False
1748,BUR-BUR-MER-BUGDUZ4,BURDUR,DEBI,01May2025,30Minute,Q25,/BUR-BUR-MER-BUGDUZ4/BURDUR/DEBI/01May2025/30Minute/Q25/,False
1749,BUR-BUR-MER-BUGDUZ4,BURDUR,DEBI,01May2025,30Minute,Q5,/BUR-BUR-MER-BUGDUZ4/BURDUR/DEBI/01May2025/30Minute/Q5/,False
1750,BUR-BUR-MER-BUGDUZ4,BURDUR,DEBI,01May2025,30Minute,Q50,/BUR-BUR-MER-BUGDUZ4/BURDUR/DEBI/01May2025/30Minute/Q50/,False
1751,BUR-BUR-MER-BUGDUZ4,BURDUR,DEBI,01May2025,30Minute,Q500,/BUR-BUR-MER-BUGDUZ4/BURDUR/DEBI/01May2025/30Minute/Q500/,False
1752,BUR-BUR-MER-BUGDUZ4,BURDUR2,DEBI,01May2025,30Minute,Q10,/BUR-BUR-MER-BUGDUZ4/BURDUR2/DEBI/01May2025/30Minute/Q10/,False
1753,BUR-BUR-MER-BUGDUZ4,BURDUR2,DEBI,01May2025,30Minute,Q100,/BUR-BUR-MER-BUGDUZ4/BURDUR2/DEBI/01May2025/30Minute/Q100/,False
1754,BUR-BUR-MER-BUGDUZ4,BURDUR2,DEBI,01May2025,30Minute,Q1000,/BUR-BUR-MER-BUGDUZ4/BURDUR2/DEBI/01May2025/30Minute/Q1000/,False
1755,BUR-BUR-MER-BUGDUZ4,BURDUR2,DEBI,01May2025,30Minute,Q2,/BUR-BUR-MER-BUGDUZ4/BURDUR2/DEBI/01May2025/30Minute/Q2/,False
1756,BUR-BUR-MER-BUGDUZ4,BURDUR2,DEBI,01May2025,30Minute,Q25,/BUR-BUR-MER-BUGDUZ4/BURDUR2/DEBI/01May2025/30Minute/Q25/,False
1757,BUR-BUR-MER-BUGDUZ4,BURDUR2,DEBI,01May2025,30Minute,Q5,/BUR-BUR-MER-BUGDUZ4/BURDUR2/DEBI/01May2025/30Minute/Q5/,False
1758,BUR-BUR-MER-BUGDUZ4,BURDUR2,DEBI,01May2025,30Minute,Q50,/BUR-BUR-MER-BUGDUZ4/BURDUR2/DEBI/01May2025/30Minute/Q50/,False
1759,BUR-BUR-MER-BUGDUZ4,BURDUR2,DEBI,01May2025,30Minute,Q500,/BUR-BUR-MER-BUGDUZ4/BURDUR2/DEBI/01May2025/30Minute/Q500/,False
1760,BUR-BUR-MER-BUGDUZ5,BURDUR,DEBI,01May2025,30Minute,Q10,/BUR-BUR-MER-BUGDUZ5/BURDUR/DEBI/01May2025/30Minute/Q10/,False
1761,BUR-BUR-MER-BUGDUZ5,BURDUR,DEBI,01May2025,30Minute,Q100,/BUR-BUR-MER-BUGDUZ5/BURDUR/DEBI/01May2025/30Minute/Q100/,False
1762,BUR-BUR-MER-BUGDUZ5,BURDUR,DEBI,01May2025,30Minute,Q1000,/BUR-BUR-MER-BUGDUZ5/BURDUR/DEBI/01May2025/30Minute/Q1000/,False
1763,BUR-BUR-MER-BUGDUZ5,BURDUR,DEBI,01May2025,30Minute,Q2,/BUR-BUR-MER-BUGDUZ5/BURDUR/DEBI/01May2025/30Minute/Q2/,False
1764,BUR-BUR-MER-BUGDUZ5,BURDUR,DEBI,01May2025,30Minute,Q25,/BUR-BUR-MER-BUGDUZ5/BURDUR/DEBI/01May2025/30Minute/Q25/,False
1765,BUR-BUR-MER-BUGDUZ5,BURDUR,DEBI,01May2025,30Minute,Q5,/BUR-BUR-MER-BUGDUZ5/BURDUR/DEBI/01May2025/30Minute/Q5/,False
1766,BUR-BUR-MER-BUGDUZ5,BURDUR,DEBI,01May2025,30Minute,Q50,/BUR-BUR-MER-BUGDUZ5/BURDUR/DEBI/01May2025/30Minute/Q50/,False
1767,BUR-BUR-MER-BUGDUZ5,BURDUR,DEBI,01May2025,30Minute,Q500,/BUR-BUR-MER-BUGDUZ5/BURDUR/DEBI/01May2025/30Minute/Q500/,False
1768,BUR-BUR-MER-BUGDUZ5,BURDUR2,DEBI,01May2025,30Minute,Q10,/BUR-BUR-MER-BUGDUZ5/BURDUR2/DEBI/01May2025/30Minute/Q10/,False
1769,BUR-BUR-MER-BUGDUZ5,BURDUR2,DEBI,01May2025,30Minute,Q100,/BUR-BUR-MER-BUGDUZ5/BURDUR2/DEBI/01May2025/30Minute/Q100/,False
1770,BUR-BUR-MER-BUGDUZ5,BURDUR2,DEBI,01May2025,30Minute,Q1000,/BUR-BUR-MER-BUGDUZ5/BURDUR2/DEBI/01May2025/30Minute/Q1000/,False
1771,BUR-BUR-MER-BUGDUZ5,BURDUR2,DEBI,01May2025,30Minute,Q2,/BUR-BUR-MER-BUGDUZ5/BURDUR2/DEBI/01May2025/30Minute/Q2/,False
1772,BUR-BUR-MER-BUGDUZ5,BURDUR2,DEBI,01May2025,30Minute,Q25,/BUR-BUR-MER-BUGDUZ5/BURDUR2/DEBI/01May2025/30Minute/Q25/,False
1773,BUR-BUR-MER-BUGDUZ5,BURDUR2,DEBI,01May2025,30Minute,Q5,/BUR-BUR-MER-BUGDUZ5/BURDUR2/DEBI/01May2025/30Minute/Q5/,False
1774,BUR-BUR-MER-BUGDUZ5,BURDUR2,DEBI,01May2025,30Minute,Q50,/BUR-BUR-MER-BUGDUZ5/BURDUR2/DEBI/01May2025/30Minute/Q50/,False
1775,BUR-BUR-MER-BUGDUZ5,BURDUR2,DEBI,01May2025,30Minute,Q500,/BUR-BUR-MER-BUGDUZ5/BURDUR2/DEBI/01May2025/30Minute/Q500/,False
1776,BUR-BUR-MER-BUGDUZ6,BURDUR,DEBI,02May2025,5Minute,Q10,/BUR-BUR-MER-BUGDUZ6/BURDUR/DEBI/02May2025/5Minute/Q10/,False
1777,BUR-BUR-MER-BUGDUZ6,BURDUR,DEBI,02May2025,5Minute,Q100,/BUR-BUR-MER-BUGDUZ6/BURDUR/DEBI/02May2025/5Minute/Q100/,False
1778,BUR-BUR-MER-BUGDUZ6,BURDUR,DEBI,02May2025,5Minute,Q1000,/BUR-BUR-MER-BUGDUZ6/BURDUR/DEBI/02May2025/5Minute/Q1000/,False
1779,BUR-BUR-MER-BUGDUZ6,BURDUR,DEBI,02May2025,5Minute,Q2,/BUR-BUR-MER-BUGDUZ6/BURDUR/DEBI/02May2025/5Minute/Q2/,False
1780,BUR-BUR-MER-BUGDUZ6,BURDUR,DEBI,02May2025,5Minute,Q25,/BUR-BUR-MER-BUGDUZ6/BURDUR/DEBI/02May2025/5Minute/Q25/,False
1781,BUR-BUR-MER-BUGDUZ6,BURDUR,DEBI,02May2025,5Minute,Q5,/BUR-BUR-MER-BUGDUZ6/BURDUR/DEBI/02May2025/5Minute/Q5/,False
1782,BUR-BUR-MER-BUGDUZ6,BURDUR,DEBI,02May2025,5Minute,Q50,/BUR-BUR-MER-BUGDUZ6/BURDUR/DEBI/02May2025/5Minute/Q50/,False
1783,BUR-BUR-MER-BUGDUZ6,BURDUR,DEBI,02May2025,5Minute,Q500,/BUR-BUR-MER-BUGDUZ6/BURDUR/DEBI/02May2025/5Minute/Q500/,False
1784,BUR-BUR-MER-BUGDUZ6,BURDUR2,DEBI,02May2025,5Minute,Q10,/BUR-BUR-MER-BUGDUZ6/BURDUR2/DEBI/02May2025/5Minute/Q10/,False
1785,BUR-BUR-MER-BUGDUZ6,BURDUR2,DEBI,02May2025,5Minute,Q100,/BUR-BUR-MER-BUGDUZ6/BURDUR2/DEBI/02May2025/5Minute/Q100/,False
1786,BUR-BUR-MER-BUGDUZ6,BURDUR2,DEBI,02May2025,5Minute,Q1000,/BUR-BUR-MER-BUGDUZ6/BURDUR2/DEBI/02May2025/5Minute/Q1000/,False
1787,BUR-BUR-MER-BUGDUZ6,BURDUR2,DEBI,02May2025,5Minute,Q2,/BUR-BUR-MER-BUGDUZ6/BURDUR2/DEBI/02May2025/5Minute/Q2/,False
1788,BUR-BUR-MER-BUGDUZ6,BURDUR2,DEBI,02May2025,5Minute,Q25,/BUR-BUR-MER-BUGDUZ6/BURDUR2/DEBI/02May2025/5Minute/Q25/,False
1789,BUR-BUR-MER-BUGDUZ6,BURDUR2,DEBI,02May2025,5Minute,Q5,/BUR-BUR-MER-BUGDUZ6/BURDUR2/DEBI/02May2025/5Minute/Q5/,False
1790,BUR-BUR-MER-BUGDUZ6,BURDUR2,DEBI,02May2025,5Minute,Q50,/BUR-BUR-MER-BUGDUZ6/BURDUR2/DEBI/02May2025/5Minute/Q50/,False
1791,BUR-BUR-MER-BUGDUZ6,BURDUR2,DEBI,02May2025,5Minute,Q500,/BUR-BUR-MER-BUGDUZ6/BURDUR2/DEBI/02May2025/5Minute/Q500/,False
1792,BUR-BUR-MER-BURDUR2,BURDUR,DEBI,02May2025,5Minute,Q10,/BUR-BUR-MER-BURDUR2/BURDUR/DEBI/02May2025/5Minute/Q10/,False
1793,BUR-BUR-MER-BURDUR2,BURDUR,DEBI,02May2025,5Minute,Q100,/BUR-BUR-MER-BURDUR2/BURDUR/DEBI/02May2025/5Minute/Q100/,False
1794,BUR-BUR-MER-BURDUR2,BURDUR,DEBI,02May2025,5Minute,Q1000,/BUR-BUR-MER-BURDUR2/BURDUR/DEBI/02May2025/5Minute/Q1000/,False
1795,BUR-BUR-MER-BURDUR2,BURDUR,DEBI,02May2025,5Minute,Q2,/BUR-BUR-MER-BURDUR2/BURDUR/DEBI/02May2025/5Minute/Q2/,False
1796,BUR-BUR-MER-BURDUR2,BURDUR,DEBI,02May2025,5Minute,Q25,/BUR-BUR-MER-BURDUR2/BURDUR/DEBI/02May2025/5Minute/Q25/,False
1797,BUR-BUR-MER-BURDUR2,BURDUR,DEBI,02May2025,5Minute,Q5,/BUR-BUR-MER-BURDUR2/BURDUR/DEBI/02May2025/5Minute/Q5/,False
1798,BUR-BUR-MER-BURDUR2,BURDUR,DEBI,02May2025,5Minute,Q50,/BUR-BUR-MER-BURDUR2/BURDUR/DEBI/02May2025/5Minute/Q50/,False
1799,BUR-BUR-MER-BURDUR2,BURDUR,DEBI,02May2025,5Minute,Q500,/BUR-BUR-MER-BURDUR2/BURDUR/DEBI/02May2025/5Minute/Q500/,False
1800,BUR-BUR-MER-BURDUR2,BURDUR2,DEBI,02May2025,5Minute,Q10,/BUR-BUR-MER-BURDUR2/BURDUR2/DEBI/02May2025/5Minute/Q10/,False
1801,BUR-BUR-MER-BURDUR2,BURDUR2,DEBI,02May2025,5Minute,Q100,/BUR-BUR-MER-BURDUR2/BURDUR2/DEBI/02May2025/5Minute/Q100/,False
1802,BUR-BUR-MER-BURDUR2,BURDUR2,DEBI,02May2025,5Minute,Q1000,/BUR-BUR-MER-BURDUR2/BURDUR2/DEBI/02May2025/5Minute/Q1000/,False
1803,BUR-BUR-MER-BURDUR2,BURDUR2,DEBI,02May2025,5Minute,Q2,/BUR-BUR-MER-BURDUR2/BURDUR2/DEBI/02May2025/5Minute/Q2/,False
1804,BUR-BUR-MER-BURDUR2,BURDUR2,DEBI,02May2025,5Minute,Q25,/BUR-BUR-MER-BURDUR2/BURDUR2/DEBI/02May2025/5Minute/Q25/,False
1805,BUR-BUR-MER-BURDUR2,BURDUR2,DEBI,02May2025,5Minute,Q5,/BUR-BUR-MER-BURDUR2/BURDUR2/DEBI/02May2025/5Minute/Q5/,False
1806,BUR-BUR-MER-BURDUR2,BURDUR2,DEBI,02May2025,5Minute,Q50,/BUR-BUR-MER-BURDUR2/BURDUR2/DEBI/02May2025/5Minute/Q50/,False
1807,BUR-BUR-MER-BURDUR2,BURDUR2,DEBI,02May2025,5Minute,Q500,/BUR-BUR-MER-BURDUR2/BURDUR2/DEBI/02May2025/5Minute/Q500/,False
1808,BUR-BUR-MER-BURDURA-T,BURDUR,DEBI,01May2025,30Minute,Q10,/BUR-BUR-MER-BURDURA-T/BURDUR/DEBI/01May2025/30Minute/Q10/,False
1809,BUR-BUR-MER-BURDURA-T,BURDUR,DEBI,01May2025,30Minute,Q100,/BUR-BUR-MER-BURDURA-T/BURDUR/DEBI/01May2025/30Minute/Q100/,False
1810,BUR-BUR-MER-BURDURA-T,BURDUR,DEBI,01May2025,30Minute,Q1000,/BUR-BUR-MER-BURDURA-T/BURDUR/DEBI/01May2025/30Minute/Q1000/,False
1811,BUR-BUR-MER-BURDURA-T,BURDUR,DEBI,01May2025,30Minute,Q2,/BUR-BUR-MER-BURDURA-T/BURDUR/DEBI/01May2025/30Minute/Q2/,False
1812,BUR-BUR-MER-BURDURA-T,BURDUR,DEBI,01May2025,30Minute,Q25,/BUR-BUR-MER-BURDURA-T/BURDUR/DEBI/01May2025/30Minute/Q25/,False
1813,BUR-BUR-MER-BURDURA-T,BURDUR,DEBI,01May2025,30Minute,Q5,/BUR-BUR-MER-BURDURA-T/BURDUR/DEBI/01May2025/30Minute/Q5/,False
1814,BUR-BUR-MER-BURDURA-T,BURDUR,DEBI,01May2025,30Minute,Q50,/BUR-BUR-MER-BURDURA-T/BURDUR/DEBI/01May2025/30Minute/Q50/,False
1815,BUR-BUR-MER-BURDURA-T,BURDUR,DEBI,01May2025,30Minute,Q500,/BUR-BUR-MER-BURDURA-T/BURDUR/DEBI/01May2025/30Minute/Q500/,False
1816,BUR-BUR-MER-BURDURA-T,BURDUR2,DEBI,01May2025,30Minute,Q10,/BUR-BUR-MER-BURDURA-T/BURDUR2/DEBI/01May2025/30Minute/Q10/,False
1817,BUR-BUR-MER-BURDURA-T,BURDUR2,DEBI,01May2025,30Minute,Q100,/BUR-BUR-MER-BURDURA-T/BURDUR2/DEBI/01May2025/30Minute/Q100/,False
1818,BUR-BUR-MER-BURDURA-T,BURDUR2,DEBI,01May2025,30Minute,Q1000,/BUR-BUR-MER-BURDURA-T/BURDUR2/DEBI/01May2025/30Minute/Q1000/,False
1819,BUR-BUR-MER-BURDURA-T,BURDUR2,DEBI,01May2025,30Minute,Q2,/BUR-BUR-MER-BURDURA-T/BURDUR2/DEBI/01May2025/30Minute/Q2/,False
1820,BUR-BUR-MER-BURDURA-T,BURDUR2,DEBI,01May2025,30Minute,Q25,/BUR-BUR-MER-BURDURA-T/BURDUR2/DEBI/01May2025/30Minute/Q25/,False
1821,BUR-BUR-MER-BURDURA-T,BURDUR2,DEBI,01May2025,30Minute,Q5,/BUR-BUR-MER-BURDURA-T/BURDUR2/DEBI/01May2025/30Minute/Q5/,False
1822,BUR-BUR-MER-BURDURA-T,BURDUR2,DEBI,01May2025,30Minute,Q50,/BUR-BUR-MER-BURDURA-T/BURDUR2/DEBI/01May2025/30Minute/Q50/,False
1823,BUR-BUR-MER-BURDURA-T,BURDUR2,DEBI,01May2025,30Minute,Q500,/BUR-BUR-MER-BURDURA-T/BURDUR2/DEBI/01May2025/30Minute/Q500/,False
1824,BUR-BUR-MER-BURDURB,BURDUR,DEBI,01May2025,30Minute,Q10,/BUR-BUR-MER-BURDURB/BURDUR/DEBI/01May2025/30Minute/Q10/,False
1825,BUR-BUR-MER-BURDURB,BURDUR,DEBI,01May2025,30Minute,Q100,/BUR-BUR-MER-BURDURB/BURDUR/DEBI/01May2025/30Minute/Q100/,False
1826,BUR-BUR-MER-BURDURB,BURDUR,DEBI,01May2025,30Minute,Q1000,/BUR-BUR-MER-BURDURB/BURDUR/DEBI/01May2025/30Minute/Q1000/,False
1827,BUR-BUR-MER-BURDURB,BURDUR,DEBI,01May2025,30Minute,Q2,/BUR-BUR-MER-BURDURB/BURDUR/DEBI/01May2025/30Minute/Q2/,False
1828,BUR-BUR-MER-BURDURB,BURDUR,DEBI,01May2025,30Minute,Q25,/BUR-BUR-MER-BURDURB/BURDUR/DEBI/01May2025/30Minute/Q25/,False
1829,BUR-BUR-MER-BURDURB,BURDUR,DEBI,01May2025,30Minute,Q5,/BUR-BUR-MER-BURDURB/BURDUR/DEBI/01May2025/30Minute/Q5/,False
1830,BUR-BUR-MER-BURDURB,BURDUR,DEBI,01May2025,30Minute,Q50,/BUR-BUR-MER-BURDURB/BURDUR/DEBI/01May2025/30Minute/Q50/,False
1831,BUR-BUR-MER-BURDURB,BURDUR,DEBI,01May2025,30Minute,Q500,/BUR-BUR-MER-BURDURB/BURDUR/DEBI/01May2025/30Minute/Q500/,False
1832,BUR-BUR-MER-BURDURB,BURDUR2,DEBI,01May2025,30Minute,Q10,/BUR-BUR-MER-BURDURB/BURDUR2/DEBI/01May2025/30Minute/Q10/,False
1833,BUR-BUR-MER-BURDURB,BURDUR2,DEBI,01May2025,30Minute,Q100,/BUR-BUR-MER-BURDURB/BURDUR2/DEBI/01May2025/30Minute/Q100/,False
1834,BUR-BUR-MER-BURDURB,BURDUR2,DEBI,01May2025,30Minute,Q1000,/BUR-BUR-MER-BURDURB/BURDUR2/DEBI/01May2025/30Minute/Q1000/,False
1835,BUR-BUR-MER-BURDURB,BURDUR2,DEBI,01May2025,30Minute,Q2,/BUR-BUR-MER-BURDURB/BURDUR2/DEBI/01May2025/30Minute/Q2/,False
1836,BUR-BUR-MER-BURDURB,BURDUR2,DEBI,01May2025,30Minute,Q25,/BUR-BUR-MER-BURDURB/BURDUR2/DEBI/01May2025/30Minute/Q25/,False
1837,BUR-BUR-MER-BURDURB,BURDUR2,DEBI,01May2025,30Minute,Q5,/BUR-BUR-MER-BURDURB/BURDUR2/DEBI/01May2025/30Minute/Q5/,False
1838,BUR-BUR-MER-BURDURB,BURDUR2,DEBI,01May2025,30Minute,Q50,/BUR-BUR-MER-BURDURB/BURDUR2/DEBI/01May2025/30Minute/Q50/,False
1839,BUR-BUR-MER-BURDURB,BURDUR2,DEBI,01May2025,30Minute,Q500,/BUR-BUR-MER-BURDURB/BURDUR2/DEBI/01May2025/30Minute/Q500/,False
1840,BUR-BUR-MER-BURDURC,BURDUR,DEBI,01May2025,30Minute,Q10,/BUR-BUR-MER-BURDURC/BURDUR/DEBI/01May2025/30Minute/Q10/,False
1841,BUR-BUR-MER-BURDURC,BURDUR,DEBI,01May2025,30Minute,Q100,/BUR-BUR-MER-BURDURC/BURDUR/DEBI/01May2025/30Minute/Q100/,False
1842,BUR-BUR-MER-BURDURC,BURDUR,DEBI,01May2025,30Minute,Q1000,/BUR-BUR-MER-BURDURC/BURDUR/DEBI/01May2025/30Minute/Q1000/,False
1843,BUR-BUR-MER-BURDURC,BURDUR,DEBI,01May2025,30Minute,Q2,/BUR-BUR-MER-BURDURC/BURDUR/DEBI/01May2025/30Minute/Q2/,False
1844,BUR-BUR-MER-BURDURC,BURDUR,DEBI,01May2025,30Minute,Q25,/BUR-BUR-MER-BURDURC/BURDUR/DEBI/01May2025/30Minute/Q25/,False
1845,BUR-BUR-MER-BURDURC,BURDUR,DEBI,01May2025,30Minute,Q5,/BUR-BUR-MER-BURDURC/BURDUR/DEBI/01May2025/30Minute/Q5/,False
1846,BUR-BUR-MER-BURDURC,BURDUR,DEBI,01May2025,30Minute,Q50,/BUR-BUR-MER-BURDURC/BURDUR/DEBI/01May2025/30Minute/Q50/,False
1847,BUR-BUR-MER-BURDURC,BURDUR,DEBI,01May2025,30Minute,Q500,/BUR-BUR-MER-BURDURC/BURDUR/DEBI/01May2025/30Minute/Q500/,False
1848,BUR-BUR-MER-BURDURC,BURDUR2,DEBI,01May2025,30Minute,Q10,/BUR-BUR-MER-BURDURC/BURDUR2/DEBI/01May2025/30Minute/Q10/,False
1849,BUR-BUR-MER-BURDURC,BURDUR2,DEBI,01May2025,30Minute,Q100,/BUR-BUR-MER-BURDURC/BURDUR2/DEBI/01May2025/30Minute/Q100/,False
1850,BUR-BUR-MER-BURDURC,BURDUR2,DEBI,01May2025,30Minute,Q1000,/BUR-BUR-MER-BURDURC/BURDUR2/DEBI/01May2025/30Minute/Q1000/,False
1851,BUR-BUR-MER-BURDURC,BURDUR2,DEBI,01May2025,30Minute,Q2,/BUR-BUR-MER-BURDURC/BURDUR2/DEBI/01May2025/30Minute/Q2/,False
1852,BUR-BUR-MER-BURDURC,BURDUR2,DEBI,01May2025,30Minute,Q25,/BUR-BUR-MER-BURDURC/BURDUR2/DEBI/01May2025/30Minute/Q25/,False
1853,BUR-BUR-MER-BURDURC,BURDUR2,DEBI,01May2025,30Minute,Q5,/BUR-BUR-MER-BURDURC/BURDUR2/DEBI/01May2025/30Minute/Q5/,False
1854,BUR-BUR-MER-BURDURC,BURDUR2,DEBI,01May2025,30Minute,Q50,/BUR-BUR-MER-BURDURC/BURDUR2/DEBI/01May2025/30Minute/Q50/,False
1855,BUR-BUR-MER-BURDURC,BURDUR2,DEBI,01May2025,30Minute,Q500,/BUR-BUR-MER-BURDURC/BURDUR2/DEBI/01May2025/30Minute/Q500/,False
1856,BUR-BUR-MER-BURDURD,BURDUR,DEBI,01May2025,30Minute,Q10,/BUR-BUR-MER-BURDURD/BURDUR/DEBI/01May2025/30Minute/Q10/,False
1857,BUR-BUR-MER-BURDURD,BURDUR,DEBI,01May2025,30Minute,Q100,/BUR-BUR-MER-BURDURD/BURDUR/DEBI/01May2025/30Minute/Q100/,False
1858,BUR-BUR-MER-BURDURD,BURDUR,DEBI,01May2025,30Minute,Q1000,/BUR-BUR-MER-BURDURD/BURDUR/DEBI/01May2025/30Minute/Q1000/,False
1859,BUR-BUR-MER-BURDURD,BURDUR,DEBI,01May2025,30Minute,Q2,/BUR-BUR-MER-BURDURD/BURDUR/DEBI/01May2025/30Minute/Q2/,False
1860,BUR-BUR-MER-BURDURD,BURDUR,DEBI,01May2025,30Minute,Q25,/BUR-BUR-MER-BURDURD/BURDUR/DEBI/01May2025/30Minute/Q25/,False
1861,BUR-BUR-MER-BURDURD,BURDUR,DEBI,01May2025,30Minute,Q5,/BUR-BUR-MER-BURDURD/BURDUR/DEBI/01May2025/30Minute/Q5/,False
1862,BUR-BUR-MER-BURDURD,BURDUR,DEBI,01May2025,30Minute,Q50,/BUR-BUR-MER-BURDURD/BURDUR/DEBI/01May2025/30Minute/Q50/,False
1863,BUR-BUR-MER-BURDURD,BURDUR,DEBI,01May2025,30Minute,Q500,/BUR-BUR-MER-BURDURD/BURDUR/DEBI/01May2025/30Minute/Q500/,False
1864,BUR-BUR-MER-BURDURD,BURDUR2,DEBI,01May2025,30Minute,Q10,/BUR-BUR-MER-BURDURD/BURDUR2/DEBI/01May2025/30Minute/Q10/,False
1865,BUR-BUR-MER-BURDURD,BURDUR2,DEBI,01May2025,30Minute,Q100,/BUR-BUR-MER-BURDURD/BURDUR2/DEBI/01May2025/30Minute/Q100/,False
1866,BUR-BUR-MER-BURDURD,BURDUR2,DEBI,01May2025,30Minute,Q1000,/BUR-BUR-MER-BURDURD/BURDUR2/DEBI/01May2025/30Minute/Q1000/,False
1867,BUR-BUR-MER-BURDURD,BURDUR2,DEBI,01May2025,30Minute,Q2,/BUR-BUR-MER-BURDURD/BURDUR2/DEBI/01May2025/30Minute/Q2/,False
1868,BUR-BUR-MER-BURDURD,BURDUR2,DEBI,01May2025,30Minute,Q25,/BUR-BUR-MER-BURDURD/BURDUR2/DEBI/01May2025/30Minute/Q25/,False
1869,BUR-BUR-MER-BURDURD,BURDUR2,DEBI,01May2025,30Minute,Q5,/BUR-BUR-MER-BURDURD/BURDUR2/DEBI/01May2025/30Minute/Q5/,False
1870,BUR-BUR-MER-BURDURD,BURDUR2,DEBI,01May2025,30Minute,Q50,/BUR-BUR-MER-BURDURD/BURDUR2/DEBI/01May2025/30Minute/Q50/,False
1871,BUR-BUR-MER-BURDURD,BURDUR2,DEBI,01May2025,30Minute,Q500,/BUR-BUR-MER-BURDURD/BURDUR2/DEBI/01May2025/30Minute/Q500/,False
1872,BUR-BUR-MER-CALLICA1,BURDUR,DEBI,01May2025,30Minute,Q10,/BUR-BUR-MER-CALLICA1/BURDUR/DEBI/01May2025/30Minute/Q10/,False
1873,BUR-BUR-MER-CALLICA1,BURDUR,DEBI,01May2025,30Minute,Q100,/BUR-BUR-MER-CALLICA1/BURDUR/DEBI/01May2025/30Minute/Q100/,False
1874,BUR-BUR-MER-CALLICA1,BURDUR,DEBI,01May2025,30Minute,Q1000,/BUR-BUR-MER-CALLICA1/BURDUR/DEBI/01May2025/30Minute/Q1000/,False
1875,BUR-BUR-MER-CALLICA1,BURDUR,DEBI,01May2025,30Minute,Q2,/BUR-BUR-MER-CALLICA1/BURDUR/DEBI/01May2025/30Minute/Q2/,False
1876,BUR-BUR-MER-CALLICA1,BURDUR,DEBI,01May2025,30Minute,Q25,/BUR-BUR-MER-CALLICA1/BURDUR/DEBI/01May2025/30Minute/Q25/,False
1877,BUR-BUR-MER-CALLICA1,BURDUR,DEBI,01May2025,30Minute,Q5,/BUR-BUR-MER-CALLICA1/BURDUR/DEBI/01May2025/30Minute/Q5/,False
1878,BUR-BUR-MER-CALLICA1,BURDUR,DEBI,01May2025,30Minute,Q50,/BUR-BUR-MER-CALLICA1/BURDUR/DEBI/01May2025/30Minute/Q50/,False
1879,BUR-BUR-MER-CALLICA1,BURDUR,DEBI,01May2025,30Minute,Q500,/BUR-BUR-MER-CALLICA1/BURDUR/DEBI/01May2025/30Minute/Q500/,False
1880,BUR-BUR-MER-CALLICA2,BURDUR,DEBI,01May2025,30Minute,Q10,/BUR-BUR-MER-CALLICA2/BURDUR/DEBI/01May2025/30Minute/Q10/,False
1881,BUR-BUR-MER-CALLICA2,BURDUR,DEBI,01May2025,30Minute,Q100,/BUR-BUR-MER-CALLICA2/BURDUR/DEBI/01May2025/30Minute/Q100/,False
1882,BUR-BUR-MER-CALLICA2,BURDUR,DEBI,01May2025,30Minute,Q1000,/BUR-BUR-MER-CALLICA2/BURDUR/DEBI/01May2025/30Minute/Q1000/,False
1883,BUR-BUR-MER-CALLICA2,BURDUR,DEBI,01May2025,30Minute,Q2,/BUR-BUR-MER-CALLICA2/BURDUR/DEBI/01May2025/30Minute/Q2/,False
1884,BUR-BUR-MER-CALLICA2,BURDUR,DEBI,01May2025,30Minute,Q25,/BUR-BUR-MER-CALLICA2/BURDUR/DEBI/01May2025/30Minute/Q25/,False
1885,BUR-BUR-MER-CALLICA2,BURDUR,DEBI,01May2025,30Minute,Q5,/BUR-BUR-MER-CALLICA2/BURDUR/DEBI/01May2025/30Minute/Q5/,False
1886,BUR-BUR-MER-CALLICA2,BURDUR,DEBI,01May2025,30Minute,Q50,/BUR-BUR-MER-CALLICA2/BURDUR/DEBI/01May2025/30Minute/Q50/,False
1887,BUR-BUR-MER-CALLICA2,BURDUR,DEBI,01May2025,30Minute,Q500,/BUR-BUR-MER-CALLICA2/BURDUR/DEBI/01May2025/30Minute/Q500/,False
1888,BUR-BUR-MER-CARSAK_DERESI1,BURDUR,DEBI,02May2025,5Minute,Q10,/BUR-BUR-MER-CARSAK_DERESI1/BURDUR/DEBI/02May2025/5Minute/Q10/,False
1889,BUR-BUR-MER-CARSAK_DERESI1,BURDUR,DEBI,02May2025,5Minute,Q100,/BUR-BUR-MER-CARSAK_DERESI1/BURDUR/DEBI/02May2025/5Minute/Q100/,False
1890,BUR-BUR-MER-CARSAK_DERESI1,BURDUR,DEBI,02May2025,5Minute,Q1000,/BUR-BUR-MER-CARSAK_DERESI1/BURDUR/DEBI/02May2025/5Minute/Q1000/,False
1891,BUR-BUR-MER-CARSAK_DERESI1,BURDUR,DEBI,02May2025,5Minute,Q2,/BUR-BUR-MER-CARSAK_DERESI1/BURDUR/DEBI/02May2025/5Minute/Q2/,False
1892,BUR-BUR-MER-CARSAK_DERESI1,BURDUR,DEBI,02May2025,5Minute,Q25,/BUR-BUR-MER-CARSAK_DERESI1/BURDUR/DEBI/02May2025/5Minute/Q25/,False
1893,BUR-BUR-MER-CARSAK_DERESI1,BURDUR,DEBI,02May2025,5Minute,Q5,/BUR-BUR-MER-CARSAK_DERESI1/BURDUR/DEBI/02May2025/5Minute/Q5/,False
1894,BUR-BUR-MER-CARSAK_DERESI1,BURDUR,DEBI,02May2025,5Minute,Q50,/BUR-BUR-MER-CARSAK_DERESI1/BURDUR/DEBI/02May2025/5Minute/Q50/,False
1895,BUR-BUR-MER-CARSAK_DERESI1,BURDUR,DEBI,02May2025,5Minute,Q500,/BUR-BUR-MER-CARSAK_DERESI1/BURDUR/DEBI/02May2025/5Minute/Q500/,False
1896,BUR-BUR-MER-CARSAK_DERESI1,BURDUR2,DEBI,02May2025,5Minute,Q10,/BUR-BUR-MER-CARSAK_DERESI1/BURDUR2/DEBI/02May2025/5Minute/Q10/,False
1897,BUR-BUR-MER-CARSAK_DERESI1,BURDUR2,DEBI,02May2025,5Minute,Q100,/BUR-BUR-MER-CARSAK_DERESI1/BURDUR2/DEBI/02May2025/5Minute/Q100/,False
1898,BUR-BUR-MER-CARSAK_DERESI1,BURDUR2,DEBI,02May2025,5Minute,Q1000,/BUR-BUR-MER-CARSAK_DERESI1/BURDUR2/DEBI/02May2025/5Minute/Q1000/,False
1899,BUR-BUR-MER-CARSAK_DERESI1,BURDUR2,DEBI,02May2025,5Minute,Q2,/BUR-BUR-MER-CARSAK_DERESI1/BURDUR2/DEBI/02May2025/5Minute/Q2/,False
1900,BUR-BUR-MER-CARSAK_DERESI1,BURDUR2,DEBI,02May2025,5Minute,Q25,/BUR-BUR-MER-CARSAK_DERESI1/BURDUR2/DEBI/02May2025/5Minute/Q25/,False
1901,BUR-BUR-MER-CARSAK_DERESI1,BURDUR2,DEBI,02May2025,5Minute,Q5,/BUR-BUR-MER-CARSAK_DERESI1/BURDUR2/DEBI/02May2025/5Minute/Q5/,False
1902,BUR-BUR-MER-CARSAK_DERESI1,BURDUR2,DEBI,02May2025,5Minute,Q50,/BUR-BUR-MER-CARSAK_DERESI1/BURDUR2/DEBI/02May2025/5Minute/Q50/,False
1903,BUR-BUR-MER-CARSAK_DERESI1,BURDUR2,DEBI,02May2025,5Minute,Q500,/BUR-BUR-MER-CARSAK_DERESI1/BURDUR2/DEBI/02May2025/5Minute/Q500/,False
1904,BUR-BUR-MER-CARSAK_DERESI2,BURDUR,DEBI,01May2025,30Minute,Q10,/BUR-BUR-MER-CARSAK_DERESI2/BURDUR/DEBI/01May2025/30Minute/Q10/,False
1905,BUR-BUR-MER-CARSAK_DERESI2,BURDUR,DEBI,01May2025,30Minute,Q100,/BUR-BUR-MER-CARSAK_DERESI2/BURDUR/DEBI/01May2025/30Minute/Q100/,False
1906,BUR-BUR-MER-CARSAK_DERESI2,BURDUR,DEBI,01May2025,30Minute,Q1000,/BUR-BUR-MER-CARSAK_DERESI2/BURDUR/DEBI/01May2025/30Minute/Q1000/,False
1907,BUR-BUR-MER-CARSAK_DERESI2,BURDUR,DEBI,01May2025,30Minute,Q2,/BUR-BUR-MER-CARSAK_DERESI2/BURDUR/DEBI/01May2025/30Minute/Q2/,False
1908,BUR-BUR-MER-CARSAK_DERESI2,BURDUR,DEBI,01May2025,30Minute,Q25,/BUR-BUR-MER-CARSAK_DERESI2/BURDUR/DEBI/01May2025/30Minute/Q25/,False
1909,BUR-BUR-MER-CARSAK_DERESI2,BURDUR,DEBI,01May2025,30Minute,Q5,/BUR-BUR-MER-CARSAK_DERESI2/BURDUR/DEBI/01May2025/30Minute/Q5/,False
1910,BUR-BUR-MER-CARSAK_DERESI2,BURDUR,DEBI,01May2025,30Minute,Q50,/BUR-BUR-MER-CARSAK_DERESI2/BURDUR/DEBI/01May2025/30Minute/Q50/,False
1911,BUR-BUR-MER-CARSAK_DERESI2,BURDUR,DEBI,01May2025,30Minute,Q500,/BUR-BUR-MER-CARSAK_DERESI2/BURDUR/DEBI/01May2025/30Minute/Q500/,False
1912,BUR-BUR-MER-CARSAK_DERESI2,BURDUR2,DEBI,01May2025,30Minute,Q10,/BUR-BUR-MER-CARSAK_DERESI2/BURDUR2/DEBI/01May2025/30Minute/Q10/,False
1913,BUR-BUR-MER-CARSAK_DERESI2,BURDUR2,DEBI,01May2025,30Minute,Q100,/BUR-BUR-MER-CARSAK_DERESI2/BURDUR2/DEBI/01May2025/30Minute/Q100/,False
1914,BUR-BUR-MER-CARSAK_DERESI2,BURDUR2,DEBI,01May2025,30Minute,Q1000,/BUR-BUR-MER-CARSAK_DERESI2/BURDUR2/DEBI/01May2025/30Minute/Q1000/,False
1915,BUR-BUR-MER-CARSAK_DERESI2,BURDUR2,DEBI,01May2025,30Minute,Q2,/BUR-BUR-MER-CARSAK_DERESI2/BURDUR2/DEBI/01May2025/30Minute/Q2/,False
1916,BUR-BUR-MER-CARSAK_DERESI2,BURDUR2,DEBI,01May2025,30Minute,Q25,/BUR-BUR-MER-CARSAK_DERESI2/BURDUR2/DEBI/01May2025/30Minute/Q25/,False
1917,BUR-BUR-MER-CARSAK_DERESI2,BURDUR2,DEBI,01May2025,30Minute,Q5,/BUR-BUR-MER-CARSAK_DERESI2/BURDUR2/DEBI/01May2025/30Minute/Q5/,False
1918,BUR-BUR-MER-CARSAK_DERESI2,BURDUR2,DEBI,01May2025,30Minute,Q50,/BUR-BUR-MER-CARSAK_DERESI2/BURDUR2/DEBI/01May2025/30Minute/Q50/,False
1919,BUR-BUR-MER-CARSAK_DERESI2,BURDUR2,DEBI,01May2025,30Minute,Q500,/BUR-BUR-MER-CARSAK_DERESI2/BURDUR2/DEBI/01May2025/30Minute/Q500/,False
1920,BUR-BUR-MER-CATAGIL,BURDUR,DEBI,01May2025,30Minute,Q10,/BUR-BUR-MER-CATAGIL/BURDUR/DEBI/01May2025/30Minute/Q10/,False
1921,BUR-BUR-MER-CATAGIL,BURDUR,DEBI,01May2025,30Minute,Q100,/BUR-BUR-MER-CATAGIL/BURDUR/DEBI/01May2025/30Minute/Q100/,False
1922,BUR-BUR-MER-CATAGIL,BURDUR,DEBI,01May2025,30Minute,Q1000,/BUR-BUR-MER-CATAGIL/BURDUR/DEBI/01May2025/30Minute/Q1000/,False
1923,BUR-BUR-MER-CATAGIL,BURDUR,DEBI,01May2025,30Minute,Q2,/BUR-BUR-MER-CATAGIL/BURDUR/DEBI/01May2025/30Minute/Q2/,False
1924,BUR-BUR-MER-CATAGIL,BURDUR,DEBI,01May2025,30Minute,Q25,/BUR-BUR-MER-CATAGIL/BURDUR/DEBI/01May2025/30Minute/Q25/,False
1925,BUR-BUR-MER-CATAGIL,BURDUR,DEBI,01May2025,30Minute,Q5,/BUR-BUR-MER-CATAGIL/BURDUR/DEBI/01May2025/30Minute/Q5/,False
1926,BUR-BUR-MER-CATAGIL,BURDUR,DEBI,01May2025,30Minute,Q50,/BUR-BUR-MER-CATAGIL/BURDUR/DEBI/01May2025/30Minute/Q50/,False
1927,BUR-BUR-MER-CATAGIL,BURDUR,DEBI,01May2025,30Minute,Q500,/BUR-BUR-MER-CATAGIL/BURDUR/DEBI/01May2025/30Minute/Q500/,False
1928,BUR-BUR-MER-CATAGIL,BURDUR2,DEBI,01May2025,30Minute,Q10,/BUR-BUR-MER-CATAGIL/BURDUR2/DEBI/01May2025/30Minute/Q10/,False
1929,BUR-BUR-MER-CATAGIL,BURDUR2,DEBI,01May2025,30Minute,Q100,/BUR-BUR-MER-CATAGIL/BURDUR2/DEBI/01May2025/30Minute/Q100/,False
1930,BUR-BUR-MER-CATAGIL,BURDUR2,DEBI,01May2025,30Minute,Q1000,/BUR-BUR-MER-CATAGIL/BURDUR2/DEBI/01May2025/30Minute/Q1000/,False
1931,BUR-BUR-MER-CATAGIL,BURDUR2,DEBI,01May2025,30Minute,Q2,/BUR-BUR-MER-CATAGIL/BURDUR2/DEBI/01May2025/30Minute/Q2/,False
1932,BUR-BUR-MER-CATAGIL,BURDUR2,DEBI,01May2025,30Minute,Q25,/BUR-BUR-MER-CATAGIL/BURDUR2/DEBI/01May2025/30Minute/Q25/,False
1933,BUR-BUR-MER-CATAGIL,BURDUR2,DEBI,01May2025,30Minute,Q5,/BUR-BUR-MER-CATAGIL/BURDUR2/DEBI/01May2025/30Minute/Q5/,False
1934,BUR-BUR-MER-CATAGIL,BURDUR2,DEBI,01May2025,30Minute,Q50,/BUR-BUR-MER-CATAGIL/BURDUR2/DEBI/01May2025/30Minute/Q50/,False
1935,BUR-BUR-MER-CATAGIL,BURDUR2,DEBI,01May2025,30Minute,Q500,/BUR-BUR-MER-CATAGIL/BURDUR2/DEBI/01May2025/30Minute/Q500/,False
1936,BUR-BUR-MER-CENDIK1,BURDUR,DEBI,02May2025,5Minute,Q10,/BUR-BUR-MER-CENDIK1/BURDUR/DEBI/02May2025/5Minute/Q10/,False
1937,BUR-BUR-MER-CENDIK1,BURDUR,DEBI,02May2025,5Minute,Q100,/BUR-BUR-MER-CENDIK1/BURDUR/DEBI/02May2025/5Minute/Q100/,False
1938,BUR-BUR-MER-CENDIK1,BURDUR,DEBI,02May2025,5Minute,Q1000,/BUR-BUR-MER-CENDIK1/BURDUR/DEBI/02May2025/5Minute/Q1000/,False
1939,BUR-BUR-MER-CENDIK1,BURDUR,DEBI,02May2025,5Minute,Q2,/BUR-BUR-MER-CENDIK1/BURDUR/DEBI/02May2025/5Minute/Q2/,False
1940,BUR-BUR-MER-CENDIK1,BURDUR,DEBI,02May2025,5Minute,Q25,/BUR-BUR-MER-CENDIK1/BURDUR/DEBI/02May2025/5Minute/Q25/,False
1941,BUR-BUR-MER-CENDIK1,BURDUR,DEBI,02May2025,5Minute,Q5,/BUR-BUR-MER-CENDIK1/BURDUR/DEBI/02May2025/5Minute/Q5/,False
1942,BUR-BUR-MER-CENDIK1,BURDUR,DEBI,02May2025,5Minute,Q50,/BUR-BUR-MER-CENDIK1/BURDUR/DEBI/02May2025/5Minute/Q50/,False
1943,BUR-BUR-MER-CENDIK1,BURDUR,DEBI,02May2025,5Minute,Q500,/BUR-BUR-MER-CENDIK1/BURDUR/DEBI/02May2025/5Minute/Q500/,False
1944,BUR-BUR-MER-CENDIK1,BURDUR2,DEBI,02May2025,5Minute,Q10,/BUR-BUR-MER-CENDIK1/BURDUR2/DEBI/02May2025/5Minute/Q10/,False
1945,BUR-BUR-MER-CENDIK1,BURDUR2,DEBI,02May2025,5Minute,Q100,/BUR-BUR-MER-CENDIK1/BURDUR2/DEBI/02May2025/5Minute/Q100/,False
1946,BUR-BUR-MER-CENDIK1,BURDUR2,DEBI,02May2025,5Minute,Q1000,/BUR-BUR-MER-CENDIK1/BURDUR2/DEBI/02May2025/5Minute/Q1000/,False
1947,BUR-BUR-MER-CENDIK1,BURDUR2,DEBI,02May2025,5Minute,Q2,/BUR-BUR-MER-CENDIK1/BURDUR2/DEBI/02May2025/5Minute/Q2/,False
1948,BUR-BUR-MER-CENDIK1,BURDUR2,DEBI,02May2025,5Minute,Q25,/BUR-BUR-MER-CENDIK1/BURDUR2/DEBI/02May2025/5Minute/Q25/,False
1949,BUR-BUR-MER-CENDIK1,BURDUR2,DEBI,02May2025,5Minute,Q5,/BUR-BUR-MER-CENDIK1/BURDUR2/DEBI/02May2025/5Minute/Q5/,False
1950,BUR-BUR-MER-CENDIK1,BURDUR2,DEBI,02May2025,5Minute,Q50,/BUR-BUR-MER-CENDIK1/BURDUR2/DEBI/02May2025/5Minute/Q50/,False
1951,BUR-BUR-MER-CENDIK1,BURDUR2,DEBI,02May2025,5Minute,Q500,/BUR-BUR-MER-CENDIK1/BURDUR2/DEBI/02May2025/5Minute/Q500/,False
1952,BUR-BUR-MER-CENDIK2,BURDUR,DEBI,02May2025,5Minute,Q10,/BUR-BUR-MER-CENDIK2/BURDUR/DEBI/02May2025/5Minute/Q10/,False
1953,BUR-BUR-MER-CENDIK2,BURDUR,DEBI,02May2025,5Minute,Q100,/BUR-BUR-MER-CENDIK2/BURDUR/DEBI/02May2025/5Minute/Q100/,False
1954,BUR-BUR-MER-CENDIK2,BURDUR,DEBI,02May2025,5Minute,Q1000,/BUR-BUR-MER-CENDIK2/BURDUR/DEBI/02May2025/5Minute/Q1000/,False
1955,BUR-BUR-MER-CENDIK2,BURDUR,DEBI,02May2025,5Minute,Q2,/BUR-BUR-MER-CENDIK2/BURDUR/DEBI/02May2025/5Minute/Q2/,False
1956,BUR-BUR-MER-CENDIK2,BURDUR,DEBI,02May2025,5Minute,Q25,/BUR-BUR-MER-CENDIK2/BURDUR/DEBI/02May2025/5Minute/Q25/,False
1957,BUR-BUR-MER-CENDIK2,BURDUR,DEBI,02May2025,5Minute,Q5,/BUR-BUR-MER-CENDIK2/BURDUR/DEBI/02May2025/5Minute/Q5/,False
1958,BUR-BUR-MER-CENDIK2,BURDUR,DEBI,02May2025,5Minute,Q50,/BUR-BUR-MER-CENDIK2/BURDUR/DEBI/02May2025/5Minute/Q50/,False
1959,BUR-BUR-MER-CENDIK2,BURDUR,DEBI,02May2025,5Minute,Q500,/BUR-BUR-MER-CENDIK2/BURDUR/DEBI/02May2025/5Minute/Q500/,False
1960,BUR-BUR-MER-CENDIK2,BURDUR2,DEBI,02May2025,5Minute,Q10,/BUR-BUR-MER-CENDIK2/BURDUR2/DEBI/02May2025/5Minute/Q10/,False
1961,BUR-BUR-MER-CENDIK2,BURDUR2,DEBI,02May2025,5Minute,Q100,/BUR-BUR-MER-CENDIK2/BURDUR2/DEBI/02May2025/5Minute/Q100/,False
1962,BUR-BUR-MER-CENDIK2,BURDUR2,DEBI,02May2025,5Minute,Q1000,/BUR-BUR-MER-CENDIK2/BURDUR2/DEBI/02May2025/5Minute/Q1000/,False
1963,BUR-BUR-MER-CENDIK2,BURDUR2,DEBI,02May2025,5Minute,Q2,/BUR-BUR-MER-CENDIK2/BURDUR2/DEBI/02May2025/5Minute/Q2/,False
1964,BUR-BUR-MER-CENDIK2,BURDUR2,DEBI,02May2025,5Minute,Q25,/BUR-BUR-MER-CENDIK2/BURDUR2/DEBI/02May2025/5Minute/Q25/,False
1965,BUR-BUR-MER-CENDIK2,BURDUR2,DEBI,02May2025,5Minute,Q5,/BUR-BUR-MER-CENDIK2/BURDUR2/DEBI/02May2025/5Minute/Q5/,False
1966,BUR-BUR-MER-CENDIK2,BURDUR2,DEBI,02May2025,5Minute,Q50,/BUR-BUR-MER-CENDIK2/BURDUR2/DEBI/02May2025/5Minute/Q50/,False
1967,BUR-BUR-MER-CENDIK2,BURDUR2,DEBI,02May2025,5Minute,Q500,/BUR-BUR-MER-CENDIK2/BURDUR2/DEBI/02May2025/5Minute/Q500/,False
1968,BUR-BUR-MER-CIMBILLI,BURDUR,DEBI,02May2025,5Minute,Q10,/BUR-BUR-MER-CIMBILLI/BURDUR/DEBI/02May2025/5Minute/Q10/,False
1969,BUR-BUR-MER-CIMBILLI,BURDUR,DEBI,02May2025,5Minute,Q100,/BUR-BUR-MER-CIMBILLI/BURDUR/DEBI/02May2025/5Minute/Q100/,False
1970,BUR-BUR-MER-CIMBILLI,BURDUR,DEBI,02May2025,5Minute,Q1000,/BUR-BUR-MER-CIMBILLI/BURDUR/DEBI/02May2025/5Minute/Q1000/,False
1971,BUR-BUR-MER-CIMBILLI,BURDUR,DEBI,02May2025,5Minute,Q2,/BUR-BUR-MER-CIMBILLI/BURDUR/DEBI/02May2025/5Minute/Q2/,False
1972,BUR-BUR-MER-CIMBILLI,BURDUR,DEBI,02May2025,5Minute,Q25,/BUR-BUR-MER-CIMBILLI/BURDUR/DEBI/02May2025/5Minute/Q25/,False
1973,BUR-BUR-MER-CIMBILLI,BURDUR,DEBI,02May2025,5Minute,Q5,/BUR-BUR-MER-CIMBILLI/BURDUR/DEBI/02May2025/5Minute/Q5/,False
1974,BUR-BUR-MER-CIMBILLI,BURDUR,DEBI,02May2025,5Minute,Q50,/BUR-BUR-MER-CIMBILLI/BURDUR/DEBI/02May2025/5Minute/Q50/,False
1975,BUR-BUR-MER-CIMBILLI,BURDUR,DEBI,02May2025,5Minute,Q500,/BUR-BUR-MER-CIMBILLI/BURDUR/DEBI/02May2025/5Minute/Q500/,False
1976,BUR-BUR-MER-CIMBILLI,BURDUR2,DEBI,02May2025,5Minute,Q10,/BUR-BUR-MER-CIMBILLI/BURDUR2/DEBI/02May2025/5Minute/Q10/,False
1977,BUR-BUR-MER-CIMBILLI,BURDUR2,DEBI,02May2025,5Minute,Q100,/BUR-BUR-MER-CIMBILLI/BURDUR2/DEBI/02May2025/5Minute/Q100/,False
1978,BUR-BUR-MER-CIMBILLI,BURDUR2,DEBI,02May2025,5Minute,Q1000,/BUR-BUR-MER-CIMBILLI/BURDUR2/DEBI/02May2025/5Minute/Q1000/,False
1979,BUR-BUR-MER-CIMBILLI,BURDUR2,DEBI,02May2025,5Minute,Q2,/BUR-BUR-MER-CIMBILLI/BURDUR2/DEBI/02May2025/5Minute/Q2/,False
1980,BUR-BUR-MER-CIMBILLI,BURDUR2,DEBI,02May2025,5Minute,Q25,/BUR-BUR-MER-CIMBILLI/BURDUR2/DEBI/02May2025/5Minute/Q25/,False
1981,BUR-BUR-MER-CIMBILLI,BURDUR2,DEBI,02May2025,5Minute,Q5,/BUR-BUR-MER-CIMBILLI/BURDUR2/DEBI/02May2025/5Minute/Q5/,False
1982,BUR-BUR-MER-CIMBILLI,BURDUR2,DEBI,02May2025,5Minute,Q50,/BUR-BUR-MER-CIMBILLI/BURDUR2/DEBI/02May2025/5Minute/Q50/,False
1983,BUR-BUR-MER-CIMBILLI,BURDUR2,DEBI,02May2025,5Minute,Q500,/BUR-BUR-MER-CIMBILLI/BURDUR2/DEBI/02May2025/5Minute/Q500/,False
1984,BUR-BUR-MER-CINE,BURDUR,DEBI,01May2025,30Minute,Q10,/BUR-BUR-MER-CINE/BURDUR/DEBI/01May2025/30Minute/Q10/,False
1985,BUR-BUR-MER-CINE,BURDUR,DEBI,01May2025,30Minute,Q100,/BUR-BUR-MER-CINE/BURDUR/DEBI/01May2025/30Minute/Q100/,False
1986,BUR-BUR-MER-CINE,BURDUR,DEBI,01May2025,30Minute,Q1000,/BUR-BUR-MER-CINE/BURDUR/DEBI/01May2025/30Minute/Q1000/,False
1987,BUR-BUR-MER-CINE,BURDUR,DEBI,01May2025,30Minute,Q2,/BUR-BUR-MER-CINE/BURDUR/DEBI/01May2025/30Minute/Q2/,False
1988,BUR-BUR-MER-CINE,BURDUR,DEBI,01May2025,30Minute,Q25,/BUR-BUR-MER-CINE/BURDUR/DEBI/01May2025/30Minute/Q25/,False
1989,BUR-BUR-MER-CINE,BURDUR,DEBI,01May2025,30Minute,Q5,/BUR-BUR-MER-CINE/BURDUR/DEBI/01May2025/30Minute/Q5/,False
1990,BUR-BUR-MER-CINE,BURDUR,DEBI,01May2025,30Minute,Q50,/BUR-BUR-MER-CINE/BURDUR/DEBI/01May2025/30Minute/Q50/,False
1991,BUR-BUR-MER-CINE,BURDUR,DEBI,01May2025,30Minute,Q500,/BUR-BUR-MER-CINE/BURDUR/DEBI/01May2025/30Minute/Q500/,False
1992,BUR-BUR-MER-CINE,BURDUR2,DEBI,01May2025,30Minute,Q10,/BUR-BUR-MER-CINE/BURDUR2/DEBI/01May2025/30Minute/Q10/,False
1993,BUR-BUR-MER-CINE,BURDUR2,DEBI,01May2025,30Minute,Q100,/BUR-BUR-MER-CINE/BURDUR2/DEBI/01May2025/30Minute/Q100/,False
1994,BUR-BUR-MER-CINE,BURDUR2,DEBI,01May2025,30Minute,Q1000,/BUR-BUR-MER-CINE/BURDUR2/DEBI/01May2025/30Minute/Q1000/,False
1995,BUR-BUR-MER-CINE,BURDUR2,DEBI,01May2025,30Minute,Q2,/BUR-BUR-MER-CINE/BURDUR2/DEBI/01May2025/30Minute/Q2/,False
1996,BUR-BUR-MER-CINE,BURDUR2,DEBI,01May2025,30Minute,Q25,/BUR-BUR-MER-CINE/BURDUR2/DEBI/01May2025/30Minute/Q25/,False
1997,BUR-BUR-MER-CINE,BURDUR2,DEBI,01May2025,30Minute,Q5,/BUR-BUR-MER-CINE/BURDUR2/DEBI/01May2025/30Minute/Q5/,False
1998,BUR-BUR-MER-CINE,BURDUR2,DEBI,01May2025,30Minute,Q50,/BUR-BUR-MER-CINE/BURDUR2/DEBI/01May2025/30Minute/Q50/,False
1999,BUR-BUR-MER-CINE,BURDUR2,DEBI,01May2025,30Minute,Q500,/BUR-BUR-MER-CINE/BURDUR2/DEBI/01May2025/30Minute/Q500/,False
2000,BUR-BUR-MER-DEGIRMENLER,BURDUR,DEBI,01May2025,30Minute,Q10,/BUR-BUR-MER-DEGIRMENLER/BURDUR/DEBI/01May2025/30Minute/Q10/,False
2001,BUR-BUR-MER-DEGIRMENLER,BURDUR,DEBI,01May2025,30Minute,Q100,/BUR-BUR-MER-DEGIRMENLER/BURDUR/DEBI/01May2025/30Minute/Q100/,False
2002,BUR-BUR-MER-DEGIRMENLER,BURDUR,DEBI,01May2025,30Minute,Q1000,/BUR-BUR-MER-DEGIRMENLER/BURDUR/DEBI/01May2025/30Minute/Q1000/,False
2003,BUR-BUR-MER-DEGIRMENLER,BURDUR,DEBI,01May2025,30Minute,Q2,/BUR-BUR-MER-DEGIRMENLER/BURDUR/DEBI/01May2025/30Minute/Q2/,False
2004,BUR-BUR-MER-DEGIRMENLER,BURDUR,DEBI,01May2025,30Minute,Q25,/BUR-BUR-MER-DEGIRMENLER/BURDUR/DEBI/01May2025/30Minute/Q25/,False
2005,BUR-BUR-MER-DEGIRMENLER,BURDUR,DEBI,01May2025,30Minute,Q5,/BUR-BUR-MER-DEGIRMENLER/BURDUR/DEBI/01May2025/30Minute/Q5/,False
2006,BUR-BUR-MER-DEGIRMENLER,BURDUR,DEBI,01May2025,30Minute,Q50,/BUR-BUR-MER-DEGIRMENLER/BURDUR/DEBI/01May2025/30Minute/Q50/,False
2007,BUR-BUR-MER-DEGIRMENLER,BURDUR,DEBI,01May2025,30Minute,Q500,/BUR-BUR-MER-DEGIRMENLER/BURDUR/DEBI/01May2025/30Minute/Q500/,False
2008,BUR-BUR-MER-DEGIRMENLER,BURDUR2,DEBI,01May2025,30Minute,Q10,/BUR-BUR-MER-DEGIRMENLER/BURDUR2/DEBI/01May2025/30Minute/Q10/,False
2009,BUR-BUR-MER-DEGIRMENLER,BURDUR2,DEBI,01May2025,30Minute,Q100,/BUR-BUR-MER-DEGIRMENLER/BURDUR2/DEBI/01May2025/30Minute/Q100/,False
2010,BUR-BUR-MER-DEGIRMENLER,BURDUR2,DEBI,01May2025,30Minute,Q1000,/BUR-BUR-MER-DEGIRMENLER/BURDUR2/DEBI/01May2025/30Minute/Q1000/,False
2011,BUR-BUR-MER-DEGIRMENLER,BURDUR2,DEBI,01May2025,30Minute,Q2,/BUR-BUR-MER-DEGIRMENLER/BURDUR2/DEBI/01May2025/30Minute/Q2/,False
2012,BUR-BUR-MER-DEGIRMENLER,BURDUR2,DEBI,01May2025,30Minute,Q25,/BUR-BUR-MER-DEGIRMENLER/BURDUR2/DEBI/01May2025/30Minute/Q25/,False
2013,BUR-BUR-MER-DEGIRMENLER,BURDUR2,DEBI,01May2025,30Minute,Q5,/BUR-BUR-MER-DEGIRMENLER/BURDUR2/DEBI/01May2025/30Minute/Q5/,False
2014,BUR-BUR-MER-DEGIRMENLER,BURDUR2,DEBI,01May2025,30Minute,Q50,/BUR-BUR-MER-DEGIRMENLER/BURDUR2/DEBI/01May2025/30Minute/Q50/,False
2015,BUR-BUR-MER-DEGIRMENLER,BURDUR2,DEBI,01May2025,30Minute,Q500,/BUR-BUR-MER-DEGIRMENLER/BURDUR2/DEBI/01May2025/30Minute/Q500/,False
2016,BUR-BUR-MER-DEGIRMENLERA-T,BURDUR,DEBI,01May2025,30Minute,Q10,/BUR-BUR-MER-DEGIRMENLERA-T/BURDUR/DEBI/01May2025/30Minute/Q10/,False
2017,BUR-BUR-MER-DEGIRMENLERA-T,BURDUR,DEBI,01May2025,30Minute,Q100,/BUR-BUR-MER-DEGIRMENLERA-T/BURDUR/DEBI/01May2025/30Minute/Q100/,False
2018,BUR-BUR-MER-DEGIRMENLERA-T,BURDUR,DEBI,01May2025,30Minute,Q1000,/BUR-BUR-MER-DEGIRMENLERA-T/BURDUR/DEBI/01May2025/30Minute/Q1000/,False
2019,BUR-BUR-MER-DEGIRMENLERA-T,BURDUR,DEBI,01May2025,30Minute,Q2,/BUR-BUR-MER-DEGIRMENLERA-T/BURDUR/DEBI/01May2025/30Minute/Q2/,False
2020,BUR-BUR-MER-DEGIRMENLERA-T,BURDUR,DEBI,01May2025,30Minute,Q25,/BUR-BUR-MER-DEGIRMENLERA-T/BURDUR/DEBI/01May2025/30Minute/Q25/,False
2021,BUR-BUR-MER-DEGIRMENLERA-T,BURDUR,DEBI,01May2025,30Minute,Q5,/BUR-BUR-MER-DEGIRMENLERA-T/BURDUR/DEBI/01May2025/30Minute/Q5/,False
2022,BUR-BUR-MER-DEGIRMENLERA-T,BURDUR,DEBI,01May2025,30Minute,Q50,/BUR-BUR-MER-DEGIRMENLERA-T/BURDUR/DEBI/01May2025/30Minute/Q50/,False
2023,BUR-BUR-MER-DEGIRMENLERA-T,BURDUR,DEBI,01May2025,30Minute,Q500,/BUR-BUR-MER-DEGIRMENLERA-T/BURDUR/DEBI/01May2025/30Minute/Q500/,False
2024,BUR-BUR-MER-DEGIRMENLERA-T,BURDUR2,DEBI,01May2025,30Minute,Q10,/BUR-BUR-MER-DEGIRMENLERA-T/BURDUR2/DEBI/01May2025/30Minute/Q10/,False
2025,BUR-BUR-MER-DEGIRMENLERA-T,BURDUR2,DEBI,01May2025,30Minute,Q100,/BUR-BUR-MER-DEGIRMENLERA-T/BURDUR2/DEBI/01May2025/30Minute/Q100/,False
2026,BUR-BUR-MER-DEGIRMENLERA-T,BURDUR2,DEBI,01May2025,30Minute,Q1000,/BUR-BUR-MER-DEGIRMENLERA-T/BURDUR2/DEBI/01May2025/30Minute/Q1000/,False
2027,BUR-BUR-MER-DEGIRMENLERA-T,BURDUR2,DEBI,01May2025,30Minute,Q2,/BUR-BUR-MER-DEGIRMENLERA-T/BURDUR2/DEBI/01May2025/30Minute/Q2/,False
2028,BUR-BUR-MER-DEGIRMENLERA-T,BURDUR2,DEBI,01May2025,30Minute,Q25,/BUR-BUR-MER-DEGIRMENLERA-T/BURDUR2/DEBI/01May2025/30Minute/Q25/,False
2029,BUR-BUR-MER-DEGIRMENLERA-T,BURDUR2,DEBI,01May2025,30Minute,Q5,/BUR-BUR-MER-DEGIRMENLERA-T/BURDUR2/DEBI/01May2025/30Minute/Q5/,False
2030,BUR-BUR-MER-DEGIRMENLERA-T,BURDUR2,DEBI,01May2025,30Minute,Q50,/BUR-BUR-MER-DEGIRMENLERA-T/BURDUR2/DEBI/01May2025/30Minute/Q50/,False
2031,BUR-BUR-MER-DEGIRMENLERA-T,BURDUR2,DEBI,01May2025,30Minute,Q500,/BUR-BUR-MER-DEGIRMENLERA-T/BURDUR2/DEBI/01May2025/30Minute/Q500/,False
2032,BUR-BUR-MER-DEGIRMENLERB-T,BURDUR,DEBI,01May2025,30Minute,Q10,/BUR-BUR-MER-DEGIRMENLERB-T/BURDUR/DEBI/01May2025/30Minute/Q10/,False
2033,BUR-BUR-MER-DEGIRMENLERB-T,BURDUR,DEBI,01May2025,30Minute,Q100,/BUR-BUR-MER-DEGIRMENLERB-T/BURDUR/DEBI/01May2025/30Minute/Q100/,False
2034,BUR-BUR-MER-DEGIRMENLERB-T,BURDUR,DEBI,01May2025,30Minute,Q1000,/BUR-BUR-MER-DEGIRMENLERB-T/BURDUR/DEBI/01May2025/30Minute/Q1000/,False
2035,BUR-BUR-MER-DEGIRMENLERB-T,BURDUR,DEBI,01May2025,30Minute,Q2,/BUR-BUR-MER-DEGIRMENLERB-T/BURDUR/DEBI/01May2025/30Minute/Q2/,False
2036,BUR-BUR-MER-DEGIRMENLERB-T,BURDUR,DEBI,01May2025,30Minute,Q25,/BUR-BUR-MER-DEGIRMENLERB-T/BURDUR/DEBI/01May2025/30Minute/Q25/,False
2037,BUR-BUR-MER-DEGIRMENLERB-T,BURDUR,DEBI,01May2025,30Minute,Q5,/BUR-BUR-MER-DEGIRMENLERB-T/BURDUR/DEBI/01May2025/30Minute/Q5/,False
2038,BUR-BUR-MER-DEGIRMENLERB-T,BURDUR,DEBI,01May2025,30Minute,Q50,/BUR-BUR-MER-DEGIRMENLERB-T/BURDUR/DEBI/01May2025/30Minute/Q50/,False
2039,BUR-BUR-MER-DEGIRMENLERB-T,BURDUR,DEBI,01May2025,30Minute,Q500,/BUR-BUR-MER-DEGIRMENLERB-T/BURDUR/DEBI/01May2025/30Minute/Q500/,False
2040,BUR-BUR-MER-DEGIRMENLERB-T,BURDUR2,DEBI,01May2025,30Minute,Q10,/BUR-BUR-MER-DEGIRMENLERB-T/BURDUR2/DEBI/01May2025/30Minute/Q10/,False
2041,BUR-BUR-MER-DEGIRMENLERB-T,BURDUR2,DEBI,01May2025,30Minute,Q100,/BUR-BUR-MER-DEGIRMENLERB-T/BURDUR2/DEBI/01May2025/30Minute/Q100/,False
2042,BUR-BUR-MER-DEGIRMENLERB-T,BURDUR2,DEBI,01May2025,30Minute,Q1000,/BUR-BUR-MER-DEGIRMENLERB-T/BURDUR2/DEBI/01May2025/30Minute/Q1000/,False
2043,BUR-BUR-MER-DEGIRMENLERB-T,BURDUR2,DEBI,01May2025,30Minute,Q2,/BUR-BUR-MER-DEGIRMENLERB-T/BURDUR2/DEBI/01May2025/30Minute/Q2/,False
2044,BUR-BUR-MER-DEGIRMENLERB-T,BURDUR2,DEBI,01May2025,30Minute,Q25,/BUR-BUR-MER-DEGIRMENLERB-T/BURDUR2/DEBI/01May2025/30Minute/Q25/,False
2045,BUR-BUR-MER-DEGIRMENLERB-T,BURDUR2,DEBI,01May2025,30Minute,Q5,/BUR-BUR-MER-DEGIRMENLERB-T/BURDUR2/DEBI/01May2025/30Minute/Q5/,False
2046,BUR-BUR-MER-DEGIRMENLERB-T,BURDUR2,DEBI,01May2025,30Minute,Q50,/BUR-BUR-MER-DEGIRMENLERB-T/BURDUR2/DEBI/01May2025/30Minute/Q50/,False
2047,BUR-BUR-MER-DEGIRMENLERB-T,BURDUR2,DEBI,01May2025,30Minute,Q500,/BUR-BUR-MER-DEGIRMENLERB-T/BURDUR2/DEBI/01May2025/30Minute/Q500/,False
2048,BUR-BUR-MER-DUGER,BURDUR,DEBI,01May2025,30Minute,Q10,/BUR-BUR-MER-DUGER/BURDUR/DEBI/01May2025/30Minute/Q10/,False
2049,BUR-BUR-MER-DUGER,BURDUR,DEBI,01May2025,30Minute,Q100,/BUR-BUR-MER-DUGER/BURDUR/DEBI/01May2025/30Minute/Q100/,False
2050,BUR-BUR-MER-DUGER,BURDUR,DEBI,01May2025,30Minute,Q1000,/BUR-BUR-MER-DUGER/BURDUR/DEBI/01May2025/30Minute/Q1000/,False
2051,BUR-BUR-MER-DUGER,BURDUR,DEBI,01May2025,30Minute,Q2,/BUR-BUR-MER-DUGER/BURDUR/DEBI/01May2025/30Minute/Q2/,False
2052,BUR-BUR-MER-DUGER,BURDUR,DEBI,01May2025,30Minute,Q25,/BUR-BUR-MER-DUGER/BURDUR/DEBI/01May2025/30Minute/Q25/,False
2053,BUR-BUR-MER-DUGER,BURDUR,DEBI,01May2025,30Minute,Q5,/BUR-BUR-MER-DUGER/BURDUR/DEBI/01May2025/30Minute/Q5/,False
2054,BUR-BUR-MER-DUGER,BURDUR,DEBI,01May2025,30Minute,Q50,/BUR-BUR-MER-DUGER/BURDUR/DEBI/01May2025/30Minute/Q50/,False
2055,BUR-BUR-MER-DUGER,BURDUR,DEBI,01May2025,30Minute,Q500,/BUR-BUR-MER-DUGER/BURDUR/DEBI/01May2025/30Minute/Q500/,False
2056,BUR-BUR-MER-DUGER,BURDUR2,DEBI,01May2025,30Minute,Q10,/BUR-BUR-MER-DUGER/BURDUR2/DEBI/01May2025/30Minute/Q10/,False
2057,BUR-BUR-MER-DUGER,BURDUR2,DEBI,01May2025,30Minute,Q100,/BUR-BUR-MER-DUGER/BURDUR2/DEBI/01May2025/30Minute/Q100/,False
2058,BUR-BUR-MER-DUGER,BURDUR2,DEBI,01May2025,30Minute,Q1000,/BUR-BUR-MER-DUGER/BURDUR2/DEBI/01May2025/30Minute/Q1000/,False
2059,BUR-BUR-MER-DUGER,BURDUR2,DEBI,01May2025,30Minute,Q2,/BUR-BUR-MER-DUGER/BURDUR2/DEBI/01May2025/30Minute/Q2/,False
2060,BUR-BUR-MER-DUGER,BURDUR2,DEBI,01May2025,30Minute,Q25,/BUR-BUR-MER-DUGER/BURDUR2/DEBI/01May2025/30Minute/Q25/,False
2061,BUR-BUR-MER-DUGER,BURDUR2,DEBI,01May2025,30Minute,Q5,/BUR-BUR-MER-DUGER/BURDUR2/DEBI/01May2025/30Minute/Q5/,False
2062,BUR-BUR-MER-DUGER,BURDUR2,DEBI,01May2025,30Minute,Q50,/BUR-BUR-MER-DUGER/BURDUR2/DEBI/01May2025/30Minute/Q50/,False
2063,BUR-BUR-MER-DUGER,BURDUR2,DEBI,01May2025,30Minute,Q500,/BUR-BUR-MER-DUGER/BURDUR2/DEBI/01May2025/30Minute/Q500/,False
2064,BUR-BUR-MER-GOKCEBAG1,BURDUR,DEBI,01May2025,30Minute,Q10,/BUR-BUR-MER-GOKCEBAG1/BURDUR/DEBI/01May2025/30Minute/Q10/,False
2065,BUR-BUR-MER-GOKCEBAG1,BURDUR,DEBI,01May2025,30Minute,Q100,/BUR-BUR-MER-GOKCEBAG1/BURDUR/DEBI/01May2025/30Minute/Q100/,False
2066,BUR-BUR-MER-GOKCEBAG1,BURDUR,DEBI,01May2025,30Minute,Q1000,/BUR-BUR-MER-GOKCEBAG1/BURDUR/DEBI/01May2025/30Minute/Q1000/,False
2067,BUR-BUR-MER-GOKCEBAG1,BURDUR,DEBI,01May2025,30Minute,Q2,/BUR-BUR-MER-GOKCEBAG1/BURDUR/DEBI/01May2025/30Minute/Q2/,False
2068,BUR-BUR-MER-GOKCEBAG1,BURDUR,DEBI,01May2025,30Minute,Q25,/BUR-BUR-MER-GOKCEBAG1/BURDUR/DEBI/01May2025/30Minute/Q25/,False
2069,BUR-BUR-MER-GOKCEBAG1,BURDUR,DEBI,01May2025,30Minute,Q5,/BUR-BUR-MER-GOKCEBAG1/BURDUR/DEBI/01May2025/30Minute/Q5/,False
2070,BUR-BUR-MER-GOKCEBAG1,BURDUR,DEBI,01May2025,30Minute,Q50,/BUR-BUR-MER-GOKCEBAG1/BURDUR/DEBI/01May2025/30Minute/Q50/,False
2071,BUR-BUR-MER-GOKCEBAG1,BURDUR,DEBI,01May2025,30Minute,Q500,/BUR-BUR-MER-GOKCEBAG1/BURDUR/DEBI/01May2025/30Minute/Q500/,False
2072,BUR-BUR-MER-GOKCEBAG1,BURDUR2,DEBI,01May2025,30Minute,Q10,/BUR-BUR-MER-GOKCEBAG1/BURDUR2/DEBI/01May2025/30Minute/Q10/,False
2073,BUR-BUR-MER-GOKCEBAG1,BURDUR2,DEBI,01May2025,30Minute,Q100,/BUR-BUR-MER-GOKCEBAG1/BURDUR2/DEBI/01May2025/30Minute/Q100/,False
2074,BUR-BUR-MER-GOKCEBAG1,BURDUR2,DEBI,01May2025,30Minute,Q1000,/BUR-BUR-MER-GOKCEBAG1/BURDUR2/DEBI/01May2025/30Minute/Q1000/,False
2075,BUR-BUR-MER-GOKCEBAG1,BURDUR2,DEBI,01May2025,30Minute,Q2,/BUR-BUR-MER-GOKCEBAG1/BURDUR2/DEBI/01May2025/30Minute/Q2/,False
2076,BUR-BUR-MER-GOKCEBAG1,BURDUR2,DEBI,01May2025,30Minute,Q25,/BUR-BUR-MER-GOKCEBAG1/BURDUR2/DEBI/01May2025/30Minute/Q25/,False
2077,BUR-BUR-MER-GOKCEBAG1,BURDUR2,DEBI,01May2025,30Minute,Q5,/BUR-BUR-MER-GOKCEBAG1/BURDUR2/DEBI/01May2025/30Minute/Q5/,False
2078,BUR-BUR-MER-GOKCEBAG1,BURDUR2,DEBI,01May2025,30Minute,Q50,/BUR-BUR-MER-GOKCEBAG1/BURDUR2/DEBI/01May2025/30Minute/Q50/,False
2079,BUR-BUR-MER-GOKCEBAG1,BURDUR2,DEBI,01May2025,30Minute,Q500,/BUR-BUR-MER-GOKCEBAG1/BURDUR2/DEBI/01May2025/30Minute/Q500/,False
2080,BUR-BUR-MER-GOKCEBAG2,BURDUR,DEBI,02May2025,5Minute,Q10,/BUR-BUR-MER-GOKCEBAG2/BURDUR/DEBI/02May2025/5Minute/Q10/,False
2081,BUR-BUR-MER-GOKCEBAG2,BURDUR,DEBI,02May2025,5Minute,Q100,/BUR-BUR-MER-GOKCEBAG2/BURDUR/DEBI/02May2025/5Minute/Q100/,False
2082,BUR-BUR-MER-GOKCEBAG2,BURDUR,DEBI,02May2025,5Minute,Q1000,/BUR-BUR-MER-GOKCEBAG2/BURDUR/DEBI/02May2025/5Minute/Q1000/,False
2083,BUR-BUR-MER-GOKCEBAG2,BURDUR,DEBI,02May2025,5Minute,Q2,/BUR-BUR-MER-GOKCEBAG2/BURDUR/DEBI/02May2025/5Minute/Q2/,False
2084,BUR-BUR-MER-GOKCEBAG2,BURDUR,DEBI,02May2025,5Minute,Q25,/BUR-BUR-MER-GOKCEBAG2/BURDUR/DEBI/02May2025/5Minute/Q25/,False
2085,BUR-BUR-MER-GOKCEBAG2,BURDUR,DEBI,02May2025,5Minute,Q5,/BUR-BUR-MER-GOKCEBAG2/BURDUR/DEBI/02May2025/5Minute/Q5/,False
2086,BUR-BUR-MER-GOKCEBAG2,BURDUR,DEBI,02May2025,5Minute,Q50,/BUR-BUR-MER-GOKCEBAG2/BURDUR/DEBI/02May2025/5Minute/Q50/,False
2087,BUR-BUR-MER-GOKCEBAG2,BURDUR,DEBI,02May2025,5Minute,Q500,/BUR-BUR-MER-GOKCEBAG2/BURDUR/DEBI/02May2025/5Minute/Q500/,False
2088,BUR-BUR-MER-GOKCEBAG2,BURDUR2,DEBI,02May2025,5Minute,Q10,/BUR-BUR-MER-GOKCEBAG2/BURDUR2/DEBI/02May2025/5Minute/Q10/,False
2089,BUR-BUR-MER-GOKCEBAG2,BURDUR2,DEBI,02May2025,5Minute,Q100,/BUR-BUR-MER-GOKCEBAG2/BURDUR2/DEBI/02May2025/5Minute/Q100/,False
2090,BUR-BUR-MER-GOKCEBAG2,BURDUR2,DEBI,02May2025,5Minute,Q1000,/BUR-BUR-MER-GOKCEBAG2/BURDUR2/DEBI/02May2025/5Minute/Q1000/,False
2091,BUR-BUR-MER-GOKCEBAG2,BURDUR2,DEBI,02May2025,5Minute,Q2,/BUR-BUR-MER-GOKCEBAG2/BURDUR2/DEBI/02May2025/5Minute/Q2/,False
2092,BUR-BUR-MER-GOKCEBAG2,BURDUR2,DEBI,02May2025,5Minute,Q25,/BUR-BUR-MER-GOKCEBAG2/BURDUR2/DEBI/02May2025/5Minute/Q25/,False
2093,BUR-BUR-MER-GOKCEBAG2,BURDUR2,DEBI,02May2025,5Minute,Q5,/BUR-BUR-MER-GOKCEBAG2/BURDUR2/DEBI/02May2025/5Minute/Q5/,False
2094,BUR-BUR-MER-GOKCEBAG2,BURDUR2,DEBI,02May2025,5Minute,Q50,/BUR-BUR-MER-GOKCEBAG2/BURDUR2/DEBI/02May2025/5Minute/Q50/,False
2095,BUR-BUR-MER-GOKCEBAG2,BURDUR2,DEBI,02May2025,5Minute,Q500,/BUR-BUR-MER-GOKCEBAG2/BURDUR2/DEBI/02May2025/5Minute/Q500/,False
2096,BUR-BUR-MER-GOKCEBAG3,BURDUR,DEBI,02May2025,5Minute,Q10,/BUR-BUR-MER-GOKCEBAG3/BURDUR/DEBI/02May2025/5Minute/Q10/,False
2097,BUR-BUR-MER-GOKCEBAG3,BURDUR,DEBI,02May2025,5Minute,Q100,/BUR-BUR-MER-GOKCEBAG3/BURDUR/DEBI/02May2025/5Minute/Q100/,False
2098,BUR-BUR-MER-GOKCEBAG3,BURDUR,DEBI,02May2025,5Minute,Q1000,/BUR-BUR-MER-GOKCEBAG3/BURDUR/DEBI/02May2025/5Minute/Q1000/,False
2099,BUR-BUR-MER-GOKCEBAG3,BURDUR,DEBI,02May2025,5Minute,Q2,/BUR-BUR-MER-GOKCEBAG3/BURDUR/DEBI/02May2025/5Minute/Q2/,False
2100,BUR-BUR-MER-GOKCEBAG3,BURDUR,DEBI,02May2025,5Minute,Q25,/BUR-BUR-MER-GOKCEBAG3/BURDUR/DEBI/02May2025/5Minute/Q25/,False
2101,BUR-BUR-MER-GOKCEBAG3,BURDUR,DEBI,02May2025,5Minute,Q5,/BUR-BUR-MER-GOKCEBAG3/BURDUR/DEBI/02May2025/5Minute/Q5/,False
2102,BUR-BUR-MER-GOKCEBAG3,BURDUR,DEBI,02May2025,5Minute,Q50,/BUR-BUR-MER-GOKCEBAG3/BURDUR/DEBI/02May2025/5Minute/Q50/,False
2103,BUR-BUR-MER-GOKCEBAG3,BURDUR,DEBI,02May2025,5Minute,Q500,/BUR-BUR-MER-GOKCEBAG3/BURDUR/DEBI/02May2025/5Minute/Q500/,False
2104,BUR-BUR-MER-GOKCEBAG3,BURDUR2,DEBI,02May2025,5Minute,Q10,/BUR-BUR-MER-GOKCEBAG3/BURDUR2/DEBI/02May2025/5Minute/Q10/,False
2105,BUR-BUR-MER-GOKCEBAG3,BURDUR2,DEBI,02May2025,5Minute,Q100,/BUR-BUR-MER-GOKCEBAG3/BURDUR2/DEBI/02May2025/5Minute/Q100/,False
2106,BUR-BUR-MER-GOKCEBAG3,BURDUR2,DEBI,02May2025,5Minute,Q1000,/BUR-BUR-MER-GOKCEBAG3/BURDUR2/DEBI/02May2025/5Minute/Q1000/,False
2107,BUR-BUR-MER-GOKCEBAG3,BURDUR2,DEBI,02May2025,5Minute,Q2,/BUR-BUR-MER-GOKCEBAG3/BURDUR2/DEBI/02May2025/5Minute/Q2/,False
2108,BUR-BUR-MER-GOKCEBAG3,BURDUR2,DEBI,02May2025,5Minute,Q25,/BUR-BUR-MER-GOKCEBAG3/BURDUR2/DEBI/02May2025/5Minute/Q25/,False
2109,BUR-BUR-MER-GOKCEBAG3,BURDUR2,DEBI,02May2025,5Minute,Q5,/BUR-BUR-MER-GOKCEBAG3/BURDUR2/DEBI/02May2025/5Minute/Q5/,False
2110,BUR-BUR-MER-GOKCEBAG3,BURDUR2,DEBI,02May2025,5Minute,Q50,/BUR-BUR-MER-GOKCEBAG3/BURDUR2/DEBI/02May2025/5Minute/Q50/,False
2111,BUR-BUR-MER-GOKCEBAG3,BURDUR2,DEBI,02May2025,5Minute,Q500,/BUR-BUR-MER-GOKCEBAG3/BURDUR2/DEBI/02May2025/5Minute/Q500/,False
2112,BUR-BUR-MER-GOKCEBAG3A,BURDUR,DEBI,02May2025,5Minute,Q10,/BUR-BUR-MER-GOKCEBAG3A/BURDUR/DEBI/02May2025/5Minute/Q10/,False
2113,BUR-BUR-MER-GOKCEBAG3A,BURDUR,DEBI,02May2025,5Minute,Q100,/BUR-BUR-MER-GOKCEBAG3A/BURDUR/DEBI/02May2025/5Minute/Q100/,False
2114,BUR-BUR-MER-GOKCEBAG3A,BURDUR,DEBI,02May2025,5Minute,Q1000,/BUR-BUR-MER-GOKCEBAG3A/BURDUR/DEBI/02May2025/5Minute/Q1000/,False
2115,BUR-BUR-MER-GOKCEBAG3A,BURDUR,DEBI,02May2025,5Minute,Q2,/BUR-BUR-MER-GOKCEBAG3A/BURDUR/DEBI/02May2025/5Minute/Q2/,False
2116,BUR-BUR-MER-GOKCEBAG3A,BURDUR,DEBI,02May2025,5Minute,Q25,/BUR-BUR-MER-GOKCEBAG3A/BURDUR/DEBI/02May2025/5Minute/Q25/,False
2117,BUR-BUR-MER-GOKCEBAG3A,BURDUR,DEBI,02May2025,5Minute,Q5,/BUR-BUR-MER-GOKCEBAG3A/BURDUR/DEBI/02May2025/5Minute/Q5/,False
2118,BUR-BUR-MER-GOKCEBAG3A,BURDUR,DEBI,02May2025,5Minute,Q50,/BUR-BUR-MER-GOKCEBAG3A/BURDUR/DEBI/02May2025/5Minute/Q50/,False
2119,BUR-BUR-MER-GOKCEBAG3A,BURDUR,DEBI,02May2025,5Minute,Q500,/BUR-BUR-MER-GOKCEBAG3A/BURDUR/DEBI/02May2025/5Minute/Q500/,False
2120,BUR-BUR-MER-GOKCEBAG3A,BURDUR2,DEBI,02May2025,5Minute,Q10,/BUR-BUR-MER-GOKCEBAG3A/BURDUR2/DEBI/02May2025/5Minute/Q10/,False
2121,BUR-BUR-MER-GOKCEBAG3A,BURDUR2,DEBI,02May2025,5Minute,Q100,/BUR-BUR-MER-GOKCEBAG3A/BURDUR2/DEBI/02May2025/5Minute/Q100/,False
2122,BUR-BUR-MER-GOKCEBAG3A,BURDUR2,DEBI,02May2025,5Minute,Q1000,/BUR-BUR-MER-GOKCEBAG3A/BURDUR2/DEBI/02May2025/5Minute/Q1000/,False
2123,BUR-BUR-MER-GOKCEBAG3A,BURDUR2,DEBI,02May2025,5Minute,Q2,/BUR-BUR-MER-GOKCEBAG3A/BURDUR2/DEBI/02May2025/5Minute/Q2/,False
2124,BUR-BUR-MER-GOKCEBAG3A,BURDUR2,DEBI,02May2025,5Minute,Q25,/BUR-BUR-MER-GOKCEBAG3A/BURDUR2/DEBI/02May2025/5Minute/Q25/,False
2125,BUR-BUR-MER-GOKCEBAG3A,BURDUR2,DEBI,02May2025,5Minute,Q5,/BUR-BUR-MER-GOKCEBAG3A/BURDUR2/DEBI/02May2025/5Minute/Q5/,False
2126,BUR-BUR-MER-GOKCEBAG3A,BURDUR2,DEBI,02May2025,5Minute,Q50,/BUR-BUR-MER-GOKCEBAG3A/BURDUR2/DEBI/02May2025/5Minute/Q50/,False
2127,BUR-BUR-MER-GOKCEBAG3A,BURDUR2,DEBI,02May2025,5Minute,Q500,/BUR-BUR-MER-GOKCEBAG3A/BURDUR2/DEBI/02May2025/5Minute/Q500/,False
2128,BUR-BUR-MER-GOKCEBAG3B,BURDUR,DEBI,02May2025,5Minute,Q10,/BUR-BUR-MER-GOKCEBAG3B/BURDUR/DEBI/02May2025/5Minute/Q10/,False
2129,BUR-BUR-MER-GOKCEBAG3B,BURDUR,DEBI,02May2025,5Minute,Q100,/BUR-BUR-MER-GOKCEBAG3B/BURDUR/DEBI/02May2025/5Minute/Q100/,False
2130,BUR-BUR-MER-GOKCEBAG3B,BURDUR,DEBI,02May2025,5Minute,Q1000,/BUR-BUR-MER-GOKCEBAG3B/BURDUR/DEBI/02May2025/5Minute/Q1000/,False
2131,BUR-BUR-MER-GOKCEBAG3B,BURDUR,DEBI,02May2025,5Minute,Q2,/BUR-BUR-MER-GOKCEBAG3B/BURDUR/DEBI/02May2025/5Minute/Q2/,False
2132,BUR-BUR-MER-GOKCEBAG3B,BURDUR,DEBI,02May2025,5Minute,Q25,/BUR-BUR-MER-GOKCEBAG3B/BURDUR/DEBI/02May2025/5Minute/Q25/,False
2133,BUR-BUR-MER-GOKCEBAG3B,BURDUR,DEBI,02May2025,5Minute,Q5,/BUR-BUR-MER-GOKCEBAG3B/BURDUR/DEBI/02May2025/5Minute/Q5/,False
2134,BUR-BUR-MER-GOKCEBAG3B,BURDUR,DEBI,02May2025,5Minute,Q50,/BUR-BUR-MER-GOKCEBAG3B/BURDUR/DEBI/02May2025/5Minute/Q50/,False
2135,BUR-BUR-MER-GOKCEBAG3B,BURDUR,DEBI,02May2025,5Minute,Q500,/BUR-BUR-MER-GOKCEBAG3B/BURDUR/DEBI/02May2025/5Minute/Q500/,False
2136,BUR-BUR-MER-GOKCEBAG3B,BURDUR2,DEBI,02May2025,5Minute,Q10,/BUR-BUR-MER-GOKCEBAG3B/BURDUR2/DEBI/02May2025/5Minute/Q10/,False
2137,BUR-BUR-MER-GOKCEBAG3B,BURDUR2,DEBI,02May2025,5Minute,Q100,/BUR-BUR-MER-GOKCEBAG3B/BURDUR2/DEBI/02May2025/5Minute/Q100/,False
2138,BUR-BUR-MER-GOKCEBAG3B,BURDUR2,DEBI,02May2025,5Minute,Q1000,/BUR-BUR-MER-GOKCEBAG3B/BURDUR2/DEBI/02May2025/5Minute/Q1000/,False
2139,BUR-BUR-MER-GOKCEBAG3B,BURDUR2,DEBI,02May2025,5Minute,Q2,/BUR-BUR-MER-GOKCEBAG3B/BURDUR2/DEBI/02May2025/5Minute/Q2/,False
2140,BUR-BUR-MER-GOKCEBAG3B,BURDUR2,DEBI,02May2025,5Minute,Q25,/BUR-BUR-MER-GOKCEBAG3B/BURDUR2/DEBI/02May2025/5Minute/Q25/,False
2141,BUR-BUR-MER-GOKCEBAG3B,BURDUR2,DEBI,02May2025,5Minute,Q5,/BUR-BUR-MER-GOKCEBAG3B/BURDUR2/DEBI/02May2025/5Minute/Q5/,False
2142,BUR-BUR-MER-GOKCEBAG3B,BURDUR2,DEBI,02May2025,5Minute,Q50,/BUR-BUR-MER-GOKCEBAG3B/BURDUR2/DEBI/02May2025/5Minute/Q50/,False
2143,BUR-BUR-MER-GOKCEBAG3B,BURDUR2,DEBI,02May2025,5Minute,Q500,/BUR-BUR-MER-GOKCEBAG3B/BURDUR2/DEBI/02May2025/5Minute/Q500/,False
2144,BUR-BUR-MER-GOKCEBAG4,BURDUR,DEBI,01May2025,30Minute,Q10,/BUR-BUR-MER-GOKCEBAG4/BURDUR/DEBI/01May2025/30Minute/Q10/,False
2145,BUR-BUR-MER-GOKCEBAG4,BURDUR,DEBI,01May2025,30Minute,Q100,/BUR-BUR-MER-GOKCEBAG4/BURDUR/DEBI/01May2025/30Minute/Q100/,False
2146,BUR-BUR-MER-GOKCEBAG4,BURDUR,DEBI,01May2025,30Minute,Q1000,/BUR-BUR-MER-GOKCEBAG4/BURDUR/DEBI/01May2025/30Minute/Q1000/,False
2147,BUR-BUR-MER-GOKCEBAG4,BURDUR,DEBI,01May2025,30Minute,Q2,/BUR-BUR-MER-GOKCEBAG4/BURDUR/DEBI/01May2025/30Minute/Q2/,False
2148,BUR-BUR-MER-GOKCEBAG4,BURDUR,DEBI,01May2025,30Minute,Q25,/BUR-BUR-MER-GOKCEBAG4/BURDUR/DEBI/01May2025/30Minute/Q25/,False
2149,BUR-BUR-MER-GOKCEBAG4,BURDUR,DEBI,01May2025,30Minute,Q5,/BUR-BUR-MER-GOKCEBAG4/BURDUR/DEBI/01May2025/30Minute/Q5/,False
2150,BUR-BUR-MER-GOKCEBAG4,BURDUR,DEBI,01May2025,30Minute,Q50,/BUR-BUR-MER-GOKCEBAG4/BURDUR/DEBI/01May2025/30Minute/Q50/,False
2151,BUR-BUR-MER-GOKCEBAG4,BURDUR,DEBI,01May2025,30Minute,Q500,/BUR-BUR-MER-GOKCEBAG4/BURDUR/DEBI/01May2025/30Minute/Q500/,False
2152,BUR-BUR-MER-GOKCEBAG4,BURDUR2,DEBI,01May2025,30Minute,Q10,/BUR-BUR-MER-GOKCEBAG4/BURDUR2/DEBI/01May2025/30Minute/Q10/,False
2153,BUR-BUR-MER-GOKCEBAG4,BURDUR2,DEBI,01May2025,30Minute,Q100,/BUR-BUR-MER-GOKCEBAG4/BURDUR2/DEBI/01May2025/30Minute/Q100/,False
2154,BUR-BUR-MER-GOKCEBAG4,BURDUR2,DEBI,01May2025,30Minute,Q1000,/BUR-BUR-MER-GOKCEBAG4/BURDUR2/DEBI/01May2025/30Minute/Q1000/,False
2155,BUR-BUR-MER-GOKCEBAG4,BURDUR2,DEBI,01May2025,30Minute,Q2,/BUR-BUR-MER-GOKCEBAG4/BURDUR2/DEBI/01May2025/30Minute/Q2/,False
2156,BUR-BUR-MER-GOKCEBAG4,BURDUR2,DEBI,01May2025,30Minute,Q25,/BUR-BUR-MER-GOKCEBAG4/BURDUR2/DEBI/01May2025/30Minute/Q25/,False
2157,BUR-BUR-MER-GOKCEBAG4,BURDUR2,DEBI,01May2025,30Minute,Q5,/BUR-BUR-MER-GOKCEBAG4/BURDUR2/DEBI/01May2025/30Minute/Q5/,False
2158,BUR-BUR-MER-GOKCEBAG4,BURDUR2,DEBI,01May2025,30Minute,Q50,/BUR-BUR-MER-GOKCEBAG4/BURDUR2/DEBI/01May2025/30Minute/Q50/,False
2159,BUR-BUR-MER-GOKCEBAG4,BURDUR2,DEBI,01May2025,30Minute,Q500,/BUR-BUR-MER-GOKCEBAG4/BURDUR2/DEBI/01May2025/30Minute/Q500/,False
2160,BUR-BUR-MER-GOKCEBAG4A,BURDUR,DEBI,01May2025,30Minute,Q10,/BUR-BUR-MER-GOKCEBAG4A/BURDUR/DEBI/01May2025/30Minute/Q10/,False
2161,BUR-BUR-MER-GOKCEBAG4A,BURDUR,DEBI,01May2025,30Minute,Q100,/BUR-BUR-MER-GOKCEBAG4A/BURDUR/DEBI/01May2025/30Minute/Q100/,False
2162,BUR-BUR-MER-GOKCEBAG4A,BURDUR,DEBI,01May2025,30Minute,Q1000,/BUR-BUR-MER-GOKCEBAG4A/BURDUR/DEBI/01May2025/30Minute/Q1000/,False
2163,BUR-BUR-MER-GOKCEBAG4A,BURDUR,DEBI,01May2025,30Minute,Q2,/BUR-BUR-MER-GOKCEBAG4A/BURDUR/DEBI/01May2025/30Minute/Q2/,False
2164,BUR-BUR-MER-GOKCEBAG4A,BURDUR,DEBI,01May2025,30Minute,Q25,/BUR-BUR-MER-GOKCEBAG4A/BURDUR/DEBI/01May2025/30Minute/Q25/,False
2165,BUR-BUR-MER-GOKCEBAG4A,BURDUR,DEBI,01May2025,30Minute,Q5,/BUR-BUR-MER-GOKCEBAG4A/BURDUR/DEBI/01May2025/30Minute/Q5/,False
2166,BUR-BUR-MER-GOKCEBAG4A,BURDUR,DEBI,01May2025,30Minute,Q50,/BUR-BUR-MER-GOKCEBAG4A/BURDUR/DEBI/01May2025/30Minute/Q50/,False
2167,BUR-BUR-MER-GOKCEBAG4A,BURDUR,DEBI,01May2025,30Minute,Q500,/BUR-BUR-MER-GOKCEBAG4A/BURDUR/DEBI/01May2025/30Minute/Q500/,False
2168,BUR-BUR-MER-GOKCEBAG4A,BURDUR2,DEBI,01May2025,30Minute,Q10,/BUR-BUR-MER-GOKCEBAG4A/BURDUR2/DEBI/01May2025/30Minute/Q10/,False
2169,BUR-BUR-MER-GOKCEBAG4A,BURDUR2,DEBI,01May2025,30Minute,Q100,/BUR-BUR-MER-GOKCEBAG4A/BURDUR2/DEBI/01May2025/30Minute/Q100/,False
2170,BUR-BUR-MER-GOKCEBAG4A,BURDUR2,DEBI,01May2025,30Minute,Q1000,/BUR-BUR-MER-GOKCEBAG4A/BURDUR2/DEBI/01May2025/30Minute/Q1000/,False
2171,BUR-BUR-MER-GOKCEBAG4A,BURDUR2,DEBI,01May2025,30Minute,Q2,/BUR-BUR-MER-GOKCEBAG4A/BURDUR2/DEBI/01May2025/30Minute/Q2/,False
2172,BUR-BUR-MER-GOKCEBAG4A,BURDUR2,DEBI,01May2025,30Minute,Q25,/BUR-BUR-MER-GOKCEBAG4A/BURDUR2/DEBI/01May2025/30Minute/Q25/,False
2173,BUR-BUR-MER-GOKCEBAG4A,BURDUR2,DEBI,01May2025,30Minute,Q5,/BUR-BUR-MER-GOKCEBAG4A/BURDUR2/DEBI/01May2025/30Minute/Q5/,False
2174,BUR-BUR-MER-GOKCEBAG4A,BURDUR2,DEBI,01May2025,30Minute,Q50,/BUR-BUR-MER-GOKCEBAG4A/BURDUR2/DEBI/01May2025/30Minute/Q50/,False
2175,BUR-BUR-MER-GOKCEBAG4A,BURDUR2,DEBI,01May2025,30Minute,Q500,/BUR-BUR-MER-GOKCEBAG4A/BURDUR2/DEBI/01May2025/30Minute/Q500/,False
2176,BUR-BUR-MER-GOKCEBAG5,BURDUR,DEBI,02May2025,5Minute,Q10,/BUR-BUR-MER-GOKCEBAG5/BURDUR/DEBI/02May2025/5Minute/Q10/,False
2177,BUR-BUR-MER-GOKCEBAG5,BURDUR,DEBI,02May2025,5Minute,Q100,/BUR-BUR-MER-GOKCEBAG5/BURDUR/DEBI/02May2025/5Minute/Q100/,False
2178,BUR-BUR-MER-GOKCEBAG5,BURDUR,DEBI,02May2025,5Minute,Q1000,/BUR-BUR-MER-GOKCEBAG5/BURDUR/DEBI/02May2025/5Minute/Q1000/,False
2179,BUR-BUR-MER-GOKCEBAG5,BURDUR,DEBI,02May2025,5Minute,Q2,/BUR-BUR-MER-GOKCEBAG5/BURDUR/DEBI/02May2025/5Minute/Q2/,False
2180,BUR-BUR-MER-GOKCEBAG5,BURDUR,DEBI,02May2025,5Minute,Q25,/BUR-BUR-MER-GOKCEBAG5/BURDUR/DEBI/02May2025/5Minute/Q25/,False
2181,BUR-BUR-MER-GOKCEBAG5,BURDUR,DEBI,02May2025,5Minute,Q5,/BUR-BUR-MER-GOKCEBAG5/BURDUR/DEBI/02May2025/5Minute/Q5/,False
2182,BUR-BUR-MER-GOKCEBAG5,BURDUR,DEBI,02May2025,5Minute,Q50,/BUR-BUR-MER-GOKCEBAG5/BURDUR/DEBI/02May2025/5Minute/Q50/,False
2183,BUR-BUR-MER-GOKCEBAG5,BURDUR,DEBI,02May2025,5Minute,Q500,/BUR-BUR-MER-GOKCEBAG5/BURDUR/DEBI/02May2025/5Minute/Q500/,False
2184,BUR-BUR-MER-GOKCEBAG5,BURDUR2,DEBI,02May2025,5Minute,Q10,/BUR-BUR-MER-GOKCEBAG5/BURDUR2/DEBI/02May2025/5Minute/Q10/,False
2185,BUR-BUR-MER-GOKCEBAG5,BURDUR2,DEBI,02May2025,5Minute,Q100,/BUR-BUR-MER-GOKCEBAG5/BURDUR2/DEBI/02May2025/5Minute/Q100/,False
2186,BUR-BUR-MER-GOKCEBAG5,BURDUR2,DEBI,02May2025,5Minute,Q1000,/BUR-BUR-MER-GOKCEBAG5/BURDUR2/DEBI/02May2025/5Minute/Q1000/,False
2187,BUR-BUR-MER-GOKCEBAG5,BURDUR2,DEBI,02May2025,5Minute,Q2,/BUR-BUR-MER-GOKCEBAG5/BURDUR2/DEBI/02May2025/5Minute/Q2/,False
2188,BUR-BUR-MER-GOKCEBAG5,BURDUR2,DEBI,02May2025,5Minute,Q25,/BUR-BUR-MER-GOKCEBAG5/BURDUR2/DEBI/02May2025/5Minute/Q25/,False
2189,BUR-BUR-MER-GOKCEBAG5,BURDUR2,DEBI,02May2025,5Minute,Q5,/BUR-BUR-MER-GOKCEBAG5/BURDUR2/DEBI/02May2025/5Minute/Q5/,False
2190,BUR-BUR-MER-GOKCEBAG5,BURDUR2,DEBI,02May2025,5Minute,Q50,/BUR-BUR-MER-GOKCEBAG5/BURDUR2/DEBI/02May2025/5Minute/Q50/,False
2191,BUR-BUR-MER-GOKCEBAG5,BURDUR2,DEBI,02May2025,5Minute,Q500,/BUR-BUR-MER-GOKCEBAG5/BURDUR2/DEBI/02May2025/5Minute/Q500/,False
2192,BUR-BUR-MER-GOKCEBAG6,BURDUR,DEBI,01May2025,30Minute,Q10,/BUR-BUR-MER-GOKCEBAG6/BURDUR/DEBI/01May2025/30Minute/Q10/,False
2193,BUR-BUR-MER-GOKCEBAG6,BURDUR,DEBI,01May2025,30Minute,Q100,/BUR-BUR-MER-GOKCEBAG6/BURDUR/DEBI/01May2025/30Minute/Q100/,False
2194,BUR-BUR-MER-GOKCEBAG6,BURDUR,DEBI,01May2025,30Minute,Q1000,/BUR-BUR-MER-GOKCEBAG6/BURDUR/DEBI/01May2025/30Minute/Q1000/,False
2195,BUR-BUR-MER-GOKCEBAG6,BURDUR,DEBI,01May2025,30Minute,Q2,/BUR-BUR-MER-GOKCEBAG6/BURDUR/DEBI/01May2025/30Minute/Q2/,False
2196,BUR-BUR-MER-GOKCEBAG6,BURDUR,DEBI,01May2025,30Minute,Q25,/BUR-BUR-MER-GOKCEBAG6/BURDUR/DEBI/01May2025/30Minute/Q25/,False
2197,BUR-BUR-MER-GOKCEBAG6,BURDUR,DEBI,01May2025,30Minute,Q5,/BUR-BUR-MER-GOKCEBAG6/BURDUR/DEBI/01May2025/30Minute/Q5/,False
2198,BUR-BUR-MER-GOKCEBAG6,BURDUR,DEBI,01May2025,30Minute,Q50,/BUR-BUR-MER-GOKCEBAG6/BURDUR/DEBI/01May2025/30Minute/Q50/,False
2199,BUR-BUR-MER-GOKCEBAG6,BURDUR,DEBI,01May2025,30Minute,Q500,/BUR-BUR-MER-GOKCEBAG6/BURDUR/DEBI/01May2025/30Minute/Q500/,False
2200,BUR-BUR-MER-GOKCEBAG6,BURDUR2,DEBI,01May2025,30Minute,Q10,/BUR-BUR-MER-GOKCEBAG6/BURDUR2/DEBI/01May2025/30Minute/Q10/,False
2201,BUR-BUR-MER-GOKCEBAG6,BURDUR2,DEBI,01May2025,30Minute,Q100,/BUR-BUR-MER-GOKCEBAG6/BURDUR2/DEBI/01May2025/30Minute/Q100/,False
2202,BUR-BUR-MER-GOKCEBAG6,BURDUR2,DEBI,01May2025,30Minute,Q1000,/BUR-BUR-MER-GOKCEBAG6/BURDUR2/DEBI/01May2025/30Minute/Q1000/,False
2203,BUR-BUR-MER-GOKCEBAG6,BURDUR2,DEBI,01May2025,30Minute,Q2,/BUR-BUR-MER-GOKCEBAG6/BURDUR2/DEBI/01May2025/30Minute/Q2/,False
2204,BUR-BUR-MER-GOKCEBAG6,BURDUR2,DEBI,01May2025,30Minute,Q25,/BUR-BUR-MER-GOKCEBAG6/BURDUR2/DEBI/01May2025/30Minute/Q25/,False
2205,BUR-BUR-MER-GOKCEBAG6,BURDUR2,DEBI,01May2025,30Minute,Q5,/BUR-BUR-MER-GOKCEBAG6/BURDUR2/DEBI/01May2025/30Minute/Q5/,False
2206,BUR-BUR-MER-GOKCEBAG6,BURDUR2,DEBI,01May2025,30Minute,Q50,/BUR-BUR-MER-GOKCEBAG6/BURDUR2/DEBI/01May2025/30Minute/Q50/,False
2207,BUR-BUR-MER-GOKCEBAG6,BURDUR2,DEBI,01May2025,30Minute,Q500,/BUR-BUR-MER-GOKCEBAG6/BURDUR2/DEBI/01May2025/30Minute/Q500/,False
2208,BUR-BUR-MER-GOKCEBAG7,BURDUR,DEBI,02May2025,5Minute,Q10,/BUR-BUR-MER-GOKCEBAG7/BURDUR/DEBI/02May2025/5Minute/Q10/,False
2209,BUR-BUR-MER-GOKCEBAG7,BURDUR,DEBI,02May2025,5Minute,Q100,/BUR-BUR-MER-GOKCEBAG7/BURDUR/DEBI/02May2025/5Minute/Q100/,False
2210,BUR-BUR-MER-GOKCEBAG7,BURDUR,DEBI,02May2025,5Minute,Q1000,/BUR-BUR-MER-GOKCEBAG7/BURDUR/DEBI/02May2025/5Minute/Q1000/,False
2211,BUR-BUR-MER-GOKCEBAG7,BURDUR,DEBI,02May2025,5Minute,Q2,/BUR-BUR-MER-GOKCEBAG7/BURDUR/DEBI/02May2025/5Minute/Q2/,False
2212,BUR-BUR-MER-GOKCEBAG7,BURDUR,DEBI,02May2025,5Minute,Q25,/BUR-BUR-MER-GOKCEBAG7/BURDUR/DEBI/02May2025/5Minute/Q25/,False
2213,BUR-BUR-MER-GOKCEBAG7,BURDUR,DEBI,02May2025,5Minute,Q5,/BUR-BUR-MER-GOKCEBAG7/BURDUR/DEBI/02May2025/5Minute/Q5/,False
2214,BUR-BUR-MER-GOKCEBAG7,BURDUR,DEBI,02May2025,5Minute,Q50,/BUR-BUR-MER-GOKCEBAG7/BURDUR/DEBI/02May2025/5Minute/Q50/,False
2215,BUR-BUR-MER-GOKCEBAG7,BURDUR,DEBI,02May2025,5Minute,Q500,/BUR-BUR-MER-GOKCEBAG7/BURDUR/DEBI/02May2025/5Minute/Q500/,False
2216,BUR-BUR-MER-GOKCEBAG7,BURDUR2,DEBI,02May2025,5Minute,Q10,/BUR-BUR-MER-GOKCEBAG7/BURDUR2/DEBI/02May2025/5Minute/Q10/,False
2217,BUR-BUR-MER-GOKCEBAG7,BURDUR2,DEBI,02May2025,5Minute,Q100,/BUR-BUR-MER-GOKCEBAG7/BURDUR2/DEBI/02May2025/5Minute/Q100/,False
2218,BUR-BUR-MER-GOKCEBAG7,BURDUR2,DEBI,02May2025,5Minute,Q1000,/BUR-BUR-MER-GOKCEBAG7/BURDUR2/DEBI/02May2025/5Minute/Q1000/,False
2219,BUR-BUR-MER-GOKCEBAG7,BURDUR2,DEBI,02May2025,5Minute,Q2,/BUR-BUR-MER-GOKCEBAG7/BURDUR2/DEBI/02May2025/5Minute/Q2/,False
2220,BUR-BUR-MER-GOKCEBAG7,BURDUR2,DEBI,02May2025,5Minute,Q25,/BUR-BUR-MER-GOKCEBAG7/BURDUR2/DEBI/02May2025/5Minute/Q25/,False
2221,BUR-BUR-MER-GOKCEBAG7,BURDUR2,DEBI,02May2025,5Minute,Q5,/BUR-BUR-MER-GOKCEBAG7/BURDUR2/DEBI/02May2025/5Minute/Q5/,False
2222,BUR-BUR-MER-GOKCEBAG7,BURDUR2,DEBI,02May2025,5Minute,Q50,/BUR-BUR-MER-GOKCEBAG7/BURDUR2/DEBI/02May2025/5Minute/Q50/,False
2223,BUR-BUR-MER-GOKCEBAG7,BURDUR2,DEBI,02May2025,5Minute,Q500,/BUR-BUR-MER-GOKCEBAG7/BURDUR2/DEBI/02May2025/5Minute/Q500/,False
2224,BUR-BUR-MER-GOKCEBAG8,BURDUR,DEBI,02May2025,5Minute,Q10,/BUR-BUR-MER-GOKCEBAG8/BURDUR/DEBI/02May2025/5Minute/Q10/,False
2225,BUR-BUR-MER-GOKCEBAG8,BURDUR,DEBI,02May2025,5Minute,Q100,/BUR-BUR-MER-GOKCEBAG8/BURDUR/DEBI/02May2025/5Minute/Q100/,False
2226,BUR-BUR-MER-GOKCEBAG8,BURDUR,DEBI,02May2025,5Minute,Q1000,/BUR-BUR-MER-GOKCEBAG8/BURDUR/DEBI/02May2025/5Minute/Q1000/,False
2227,BUR-BUR-MER-GOKCEBAG8,BURDUR,DEBI,02May2025,5Minute,Q2,/BUR-BUR-MER-GOKCEBAG8/BURDUR/DEBI/02May2025/5Minute/Q2/,False
2228,BUR-BUR-MER-GOKCEBAG8,BURDUR,DEBI,02May2025,5Minute,Q25,/BUR-BUR-MER-GOKCEBAG8/BURDUR/DEBI/02May2025/5Minute/Q25/,False
2229,BUR-BUR-MER-GOKCEBAG8,BURDUR,DEBI,02May2025,5Minute,Q5,/BUR-BUR-MER-GOKCEBAG8/BURDUR/DEBI/02May2025/5Minute/Q5/,False
2230,BUR-BUR-MER-GOKCEBAG8,BURDUR,DEBI,02May2025,5Minute,Q50,/BUR-BUR-MER-GOKCEBAG8/BURDUR/DEBI/02May2025/5Minute/Q50/,False
2231,BUR-BUR-MER-GOKCEBAG8,BURDUR,DEBI,02May2025,5Minute,Q500,/BUR-BUR-MER-GOKCEBAG8/BURDUR/DEBI/02May2025/5Minute/Q500/,False
2232,BUR-BUR-MER-GOKCEBAG8,BURDUR2,DEBI,02May2025,5Minute,Q10,/BUR-BUR-MER-GOKCEBAG8/BURDUR2/DEBI/02May2025/5Minute/Q10/,False
2233,BUR-BUR-MER-GOKCEBAG8,BURDUR2,DEBI,02May2025,5Minute,Q100,/BUR-BUR-MER-GOKCEBAG8/BURDUR2/DEBI/02May2025/5Minute/Q100/,False
2234,BUR-BUR-MER-GOKCEBAG8,BURDUR2,DEBI,02May2025,5Minute,Q1000,/BUR-BUR-MER-GOKCEBAG8/BURDUR2/DEBI/02May2025/5Minute/Q1000/,False
2235,BUR-BUR-MER-GOKCEBAG8,BURDUR2,DEBI,02May2025,5Minute,Q2,/BUR-BUR-MER-GOKCEBAG8/BURDUR2/DEBI/02May2025/5Minute/Q2/,False
2236,BUR-BUR-MER-GOKCEBAG8,BURDUR2,DEBI,02May2025,5Minute,Q25,/BUR-BUR-MER-GOKCEBAG8/BURDUR2/DEBI/02May2025/5Minute/Q25/,False
2237,BUR-BUR-MER-GOKCEBAG8,BURDUR2,DEBI,02May2025,5Minute,Q5,/BUR-BUR-MER-GOKCEBAG8/BURDUR2/DEBI/02May2025/5Minute/Q5/,False
2238,BUR-BUR-MER-GOKCEBAG8,BURDUR2,DEBI,02May2025,5Minute,Q50,/BUR-BUR-MER-GOKCEBAG8/BURDUR2/DEBI/02May2025/5Minute/Q50/,False
2239,BUR-BUR-MER-GOKCEBAG8,BURDUR2,DEBI,02May2025,5Minute,Q500,/BUR-BUR-MER-GOKCEBAG8/BURDUR2/DEBI/02May2025/5Minute/Q500/,False
2240,BUR-BUR-MER-GOKCEBAG-T,BURDUR,DEBI,01May2025,30Minute,Q10,/BUR-BUR-MER-GOKCEBAG-T/BURDUR/DEBI/01May2025/30Minute/Q10/,False
2241,BUR-BUR-MER-GOKCEBAG-T,BURDUR,DEBI,01May2025,30Minute,Q100,/BUR-BUR-MER-GOKCEBAG-T/BURDUR/DEBI/01May2025/30Minute/Q100/,False
2242,BUR-BUR-MER-GOKCEBAG-T,BURDUR,DEBI,01May2025,30Minute,Q1000,/BUR-BUR-MER-GOKCEBAG-T/BURDUR/DEBI/01May2025/30Minute/Q1000/,False
2243,BUR-BUR-MER-GOKCEBAG-T,BURDUR,DEBI,01May2025,30Minute,Q2,/BUR-BUR-MER-GOKCEBAG-T/BURDUR/DEBI/01May2025/30Minute/Q2/,False
2244,BUR-BUR-MER-GOKCEBAG-T,BURDUR,DEBI,01May2025,30Minute,Q25,/BUR-BUR-MER-GOKCEBAG-T/BURDUR/DEBI/01May2025/30Minute/Q25/,False
2245,BUR-BUR-MER-GOKCEBAG-T,BURDUR,DEBI,01May2025,30Minute,Q5,/BUR-BUR-MER-GOKCEBAG-T/BURDUR/DEBI/01May2025/30Minute/Q5/,False
2246,BUR-BUR-MER-GOKCEBAG-T,BURDUR,DEBI,01May2025,30Minute,Q50,/BUR-BUR-MER-GOKCEBAG-T/BURDUR/DEBI/01May2025/30Minute/Q50/,False
2247,BUR-BUR-MER-GOKCEBAG-T,BURDUR,DEBI,01May2025,30Minute,Q500,/BUR-BUR-MER-GOKCEBAG-T/BURDUR/DEBI/01May2025/30Minute/Q500/,False
2248,BUR-BUR-MER-GOKCEBAG-T,BURDUR2,DEBI,01May2025,30Minute,Q10,/BUR-BUR-MER-GOKCEBAG-T/BURDUR2/DEBI/01May2025/30Minute/Q10/,False
2249,BUR-BUR-MER-GOKCEBAG-T,BURDUR2,DEBI,01May2025,30Minute,Q100,/BUR-BUR-MER-GOKCEBAG-T/BURDUR2/DEBI/01May2025/30Minute/Q100/,False
2250,BUR-BUR-MER-GOKCEBAG-T,BURDUR2,DEBI,01May2025,30Minute,Q1000,/BUR-BUR-MER-GOKCEBAG-T/BURDUR2/DEBI/01May2025/30Minute/Q1000/,False
2251,BUR-BUR-MER-GOKCEBAG-T,BURDUR2,DEBI,01May2025,30Minute,Q2,/BUR-BUR-MER-GOKCEBAG-T/BURDUR2/DEBI/01May2025/30Minute/Q2/,False
2252,BUR-BUR-MER-GOKCEBAG-T,BURDUR2,DEBI,01May2025,30Minute,Q25,/BUR-BUR-MER-GOKCEBAG-T/BURDUR2/DEBI/01May2025/30Minute/Q25/,False
2253,BUR-BUR-MER-GOKCEBAG-T,BURDUR2,DEBI,01May2025,30Minute,Q5,/BUR-BUR-MER-GOKCEBAG-T/BURDUR2/DEBI/01May2025/30Minute/Q5/,False
2254,BUR-BUR-MER-GOKCEBAG-T,BURDUR2,DEBI,01May2025,30Minute,Q50,/BUR-BUR-MER-GOKCEBAG-T/BURDUR2/DEBI/01May2025/30Minute/Q50/,False
2255,BUR-BUR-MER-GOKCEBAG-T,BURDUR2,DEBI,01May2025,30Minute,Q500,/BUR-BUR-MER-GOKCEBAG-T/BURDUR2/DEBI/01May2025/30Minute/Q500/,False
2256,BUR-BUR-MER-GUNALAN,BURDUR,DEBI,01May2025,30Minute,Q10,/BUR-BUR-MER-GUNALAN/BURDUR/DEBI/01May2025/30Minute/Q10/,False
2257,BUR-BUR-MER-GUNALAN,BURDUR,DEBI,01May2025,30Minute,Q100,/BUR-BUR-MER-GUNALAN/BURDUR/DEBI/01May2025/30Minute/Q100/,False
2258,BUR-BUR-MER-GUNALAN,BURDUR,DEBI,01May2025,30Minute,Q1000,/BUR-BUR-MER-GUNALAN/BURDUR/DEBI/01May2025/30Minute/Q1000/,False
2259,BUR-BUR-MER-GUNALAN,BURDUR,DEBI,01May2025,30Minute,Q2,/BUR-BUR-MER-GUNALAN/BURDUR/DEBI/01May2025/30Minute/Q2/,False
2260,BUR-BUR-MER-GUNALAN,BURDUR,DEBI,01May2025,30Minute,Q25,/BUR-BUR-MER-GUNALAN/BURDUR/DEBI/01May2025/30Minute/Q25/,False
2261,BUR-BUR-MER-GUNALAN,BURDUR,DEBI,01May2025,30Minute,Q5,/BUR-BUR-MER-GUNALAN/BURDUR/DEBI/01May2025/30Minute/Q5/,False
2262,BUR-BUR-MER-GUNALAN,BURDUR,DEBI,01May2025,30Minute,Q50,/BUR-BUR-MER-GUNALAN/BURDUR/DEBI/01May2025/30Minute/Q50/,False
2263,BUR-BUR-MER-GUNALAN,BURDUR,DEBI,01May2025,30Minute,Q500,/BUR-BUR-MER-GUNALAN/BURDUR/DEBI/01May2025/30Minute/Q500/,False
2264,BUR-BUR-MER-GUNALAN,BURDUR2,DEBI,01May2025,30Minute,Q10,/BUR-BUR-MER-GUNALAN/BURDUR2/DEBI/01May2025/30Minute/Q10/,False
2265,BUR-BUR-MER-GUNALAN,BURDUR2,DEBI,01May2025,30Minute,Q100,/BUR-BUR-MER-GUNALAN/BURDUR2/DEBI/01May2025/30Minute/Q100/,False
2266,BUR-BUR-MER-GUNALAN,BURDUR2,DEBI,01May2025,30Minute,Q1000,/BUR-BUR-MER-GUNALAN/BURDUR2/DEBI/01May2025/30Minute/Q1000/,False
2267,BUR-BUR-MER-GUNALAN,BURDUR2,DEBI,01May2025,30Minute,Q2,/BUR-BUR-MER-GUNALAN/BURDUR2/DEBI/01May2025/30Minute/Q2/,False
2268,BUR-BUR-MER-GUNALAN,BURDUR2,DEBI,01May2025,30Minute,Q25,/BUR-BUR-MER-GUNALAN/BURDUR2/DEBI/01May2025/30Minute/Q25/,False
2269,BUR-BUR-MER-GUNALAN,BURDUR2,DEBI,01May2025,30Minute,Q5,/BUR-BUR-MER-GUNALAN/BURDUR2/DEBI/01May2025/30Minute/Q5/,False
2270,BUR-BUR-MER-GUNALAN,BURDUR2,DEBI,01May2025,30Minute,Q50,/BUR-BUR-MER-GUNALAN/BURDUR2/DEBI/01May2025/30Minute/Q50/,False
2271,BUR-BUR-MER-GUNALAN,BURDUR2,DEBI,01May2025,30Minute,Q500,/BUR-BUR-MER-GUNALAN/BURDUR2/DEBI/01May2025/30Minute/Q500/,False
2272,BUR-BUR-MER-GUNEYYAYLA1,BURDUR,DEBI,02May2025,5Minute,Q10,/BUR-BUR-MER-GUNEYYAYLA1/BURDUR/DEBI/02May2025/5Minute/Q10/,False
2273,BUR-BUR-MER-GUNEYYAYLA1,BURDUR,DEBI,02May2025,5Minute,Q100,/BUR-BUR-MER-GUNEYYAYLA1/BURDUR/DEBI/02May2025/5Minute/Q100/,False
2274,BUR-BUR-MER-GUNEYYAYLA1,BURDUR,DEBI,02May2025,5Minute,Q1000,/BUR-BUR-MER-GUNEYYAYLA1/BURDUR/DEBI/02May2025/5Minute/Q1000/,False
2275,BUR-BUR-MER-GUNEYYAYLA1,BURDUR,DEBI,02May2025,5Minute,Q2,/BUR-BUR-MER-GUNEYYAYLA1/BURDUR/DEBI/02May2025/5Minute/Q2/,False
2276,BUR-BUR-MER-GUNEYYAYLA1,BURDUR,DEBI,02May2025,5Minute,Q25,/BUR-BUR-MER-GUNEYYAYLA1/BURDUR/DEBI/02May2025/5Minute/Q25/,False
2277,BUR-BUR-MER-GUNEYYAYLA1,BURDUR,DEBI,02May2025,5Minute,Q5,/BUR-BUR-MER-GUNEYYAYLA1/BURDUR/DEBI/02May2025/5Minute/Q5/,False
2278,BUR-BUR-MER-GUNEYYAYLA1,BURDUR,DEBI,02May2025,5Minute,Q50,/BUR-BUR-MER-GUNEYYAYLA1/BURDUR/DEBI/02May2025/5Minute/Q50/,False
2279,BUR-BUR-MER-GUNEYYAYLA1,BURDUR,DEBI,02May2025,5Minute,Q500,/BUR-BUR-MER-GUNEYYAYLA1/BURDUR/DEBI/02May2025/5Minute/Q500/,False
2280,BUR-BUR-MER-GUNEYYAYLA1,BURDUR2,DEBI,02May2025,5Minute,Q10,/BUR-BUR-MER-GUNEYYAYLA1/BURDUR2/DEBI/02May2025/5Minute/Q10/,False
2281,BUR-BUR-MER-GUNEYYAYLA1,BURDUR2,DEBI,02May2025,5Minute,Q100,/BUR-BUR-MER-GUNEYYAYLA1/BURDUR2/DEBI/02May2025/5Minute/Q100/,False
2282,BUR-BUR-MER-GUNEYYAYLA1,BURDUR2,DEBI,02May2025,5Minute,Q1000,/BUR-BUR-MER-GUNEYYAYLA1/BURDUR2/DEBI/02May2025/5Minute/Q1000/,False
2283,BUR-BUR-MER-GUNEYYAYLA1,BURDUR2,DEBI,02May2025,5Minute,Q2,/BUR-BUR-MER-GUNEYYAYLA1/BURDUR2/DEBI/02May2025/5Minute/Q2/,False
2284,BUR-BUR-MER-GUNEYYAYLA1,BURDUR2,DEBI,02May2025,5Minute,Q25,/BUR-BUR-MER-GUNEYYAYLA1/BURDUR2/DEBI/02May2025/5Minute/Q25/,False
2285,BUR-BUR-MER-GUNEYYAYLA1,BURDUR2,DEBI,02May2025,5Minute,Q5,/BUR-BUR-MER-GUNEYYAYLA1/BURDUR2/DEBI/02May2025/5Minute/Q5/,False
2286,BUR-BUR-MER-GUNEYYAYLA1,BURDUR2,DEBI,02May2025,5Minute,Q50,/BUR-BUR-MER-GUNEYYAYLA1/BURDUR2/DEBI/02May2025/5Minute/Q50/,False
2287,BUR-BUR-MER-GUNEYYAYLA1,BURDUR2,DEBI,02May2025,5Minute,Q500,/BUR-BUR-MER-GUNEYYAYLA1/BURDUR2/DEBI/02May2025/5Minute/Q500/,False
2288,BUR-BUR-MER-GUNEYYAYLA2,BURDUR,DEBI,02May2025,5Minute,Q10,/BUR-BUR-MER-GUNEYYAYLA2/BURDUR/DEBI/02May2025/5Minute/Q10/,False
2289,BUR-BUR-MER-GUNEYYAYLA2,BURDUR,DEBI,02May2025,5Minute,Q100,/BUR-BUR-MER-GUNEYYAYLA2/BURDUR/DEBI/02May2025/5Minute/Q100/,False
2290,BUR-BUR-MER-GUNEYYAYLA2,BURDUR,DEBI,02May2025,5Minute,Q1000,/BUR-BUR-MER-GUNEYYAYLA2/BURDUR/DEBI/02May2025/5Minute/Q1000/,False
2291,BUR-BUR-MER-GUNEYYAYLA2,BURDUR,DEBI,02May2025,5Minute,Q2,/BUR-BUR-MER-GUNEYYAYLA2/BURDUR/DEBI/02May2025/5Minute/Q2/,False
2292,BUR-BUR-MER-GUNEYYAYLA2,BURDUR,DEBI,02May2025,5Minute,Q25,/BUR-BUR-MER-GUNEYYAYLA2/BURDUR/DEBI/02May2025/5Minute/Q25/,False
2293,BUR-BUR-MER-GUNEYYAYLA2,BURDUR,DEBI,02May2025,5Minute,Q5,/BUR-BUR-MER-GUNEYYAYLA2/BURDUR/DEBI/02May2025/5Minute/Q5/,False
2294,BUR-BUR-MER-GUNEYYAYLA2,BURDUR,DEBI,02May2025,5Minute,Q50,/BUR-BUR-MER-GUNEYYAYLA2/BURDUR/DEBI/02May2025/5Minute/Q50/,False
2295,BUR-BUR-MER-GUNEYYAYLA2,BURDUR,DEBI,02May2025,5Minute,Q500,/BUR-BUR-MER-GUNEYYAYLA2/BURDUR/DEBI/02May2025/5Minute/Q500/,False
2296,BUR-BUR-MER-GUNEYYAYLA2,BURDUR2,DEBI,02May2025,5Minute,Q10,/BUR-BUR-MER-GUNEYYAYLA2/BURDUR2/DEBI/02May2025/5Minute/Q10/,False
2297,BUR-BUR-MER-GUNEYYAYLA2,BURDUR2,DEBI,02May2025,5Minute,Q100,/BUR-BUR-MER-GUNEYYAYLA2/BURDUR2/DEBI/02May2025/5Minute/Q100/,False
2298,BUR-BUR-MER-GUNEYYAYLA2,BURDUR2,DEBI,02May2025,5Minute,Q1000,/BUR-BUR-MER-GUNEYYAYLA2/BURDUR2/DEBI/02May2025/5Minute/Q1000/,False
2299,BUR-BUR-MER-GUNEYYAYLA2,BURDUR2,DEBI,02May2025,5Minute,Q2,/BUR-BUR-MER-GUNEYYAYLA2/BURDUR2/DEBI/02May2025/5Minute/Q2/,False
2300,BUR-BUR-MER-GUNEYYAYLA2,BURDUR2,DEBI,02May2025,5Minute,Q25,/BUR-BUR-MER-GUNEYYAYLA2/BURDUR2/DEBI/02May2025/5Minute/Q25/,False
2301,BUR-BUR-MER-GUNEYYAYLA2,BURDUR2,DEBI,02May2025,5Minute,Q5,/BUR-BUR-MER-GUNEYYAYLA2/BURDUR2/DEBI/02May2025/5Minute/Q5/,False
2302,BUR-BUR-MER-GUNEYYAYLA2,BURDUR2,DEBI,02May2025,5Minute,Q50,/BUR-BUR-MER-GUNEYYAYLA2/BURDUR2/DEBI/02May2025/5Minute/Q50/,False
2303,BUR-BUR-MER-GUNEYYAYLA2,BURDUR2,DEBI,02May2025,5Minute,Q500,/BUR-BUR-MER-GUNEYYAYLA2/BURDUR2/DEBI/02May2025/5Minute/Q500/,False
2304,BUR-BUR-MER-GUNEYYAYLA3,BURDUR,DEBI,02May2025,5Minute,Q10,/BUR-BUR-MER-GUNEYYAYLA3/BURDUR/DEBI/02May2025/5Minute/Q10/,False
2305,BUR-BUR-MER-GUNEYYAYLA3,BURDUR,DEBI,02May2025,5Minute,Q100,/BUR-BUR-MER-GUNEYYAYLA3/BURDUR/DEBI/02May2025/5Minute/Q100/,False
2306,BUR-BUR-MER-GUNEYYAYLA3,BURDUR,DEBI,02May2025,5Minute,Q1000,/BUR-BUR-MER-GUNEYYAYLA3/BURDUR/DEBI/02May2025/5Minute/Q1000/,False
2307,BUR-BUR-MER-GUNEYYAYLA3,BURDUR,DEBI,02May2025,5Minute,Q2,/BUR-BUR-MER-GUNEYYAYLA3/BURDUR/DEBI/02May2025/5Minute/Q2/,False
2308,BUR-BUR-MER-GUNEYYAYLA3,BURDUR,DEBI,02May2025,5Minute,Q25,/BUR-BUR-MER-GUNEYYAYLA3/BURDUR/DEBI/02May2025/5Minute/Q25/,False
2309,BUR-BUR-MER-GUNEYYAYLA3,BURDUR,DEBI,02May2025,5Minute,Q5,/BUR-BUR-MER-GUNEYYAYLA3/BURDUR/DEBI/02May2025/5Minute/Q5/,False
2310,BUR-BUR-MER-GUNEYYAYLA3,BURDUR,DEBI,02May2025,5Minute,Q50,/BUR-BUR-MER-GUNEYYAYLA3/BURDUR/DEBI/02May2025/5Minute/Q50/,False
2311,BUR-BUR-MER-GUNEYYAYLA3,BURDUR,DEBI,02May2025,5Minute,Q500,/BUR-BUR-MER-GUNEYYAYLA3/BURDUR/DEBI/02May2025/5Minute/Q500/,False
2312,BUR-BUR-MER-GUNEYYAYLA3,BURDUR2,DEBI,02May2025,5Minute,Q10,/BUR-BUR-MER-GUNEYYAYLA3/BURDUR2/DEBI/02May2025/5Minute/Q10/,False
2313,BUR-BUR-MER-GUNEYYAYLA3,BURDUR2,DEBI,02May2025,5Minute,Q100,/BUR-BUR-MER-GUNEYYAYLA3/BURDUR2/DEBI/02May2025/5Minute/Q100/,False
2314,BUR-BUR-MER-GUNEYYAYLA3,BURDUR2,DEBI,02May2025,5Minute,Q1000,/BUR-BUR-MER-GUNEYYAYLA3/BURDUR2/DEBI/02May2025/5Minute/Q1000/,False
2315,BUR-BUR-MER-GUNEYYAYLA3,BURDUR2,DEBI,02May2025,5Minute,Q2,/BUR-BUR-MER-GUNEYYAYLA3/BURDUR2/DEBI/02May2025/5Minute/Q2/,False
2316,BUR-BUR-MER-GUNEYYAYLA3,BURDUR2,DEBI,02May2025,5Minute,Q25,/BUR-BUR-MER-GUNEYYAYLA3/BURDUR2/DEBI/02May2025/5Minute/Q25/,False
2317,BUR-BUR-MER-GUNEYYAYLA3,BURDUR2,DEBI,02May2025,5Minute,Q5,/BUR-BUR-MER-GUNEYYAYLA3/BURDUR2/DEBI/02May2025/5Minute/Q5/,False
2318,BUR-BUR-MER-GUNEYYAYLA3,BURDUR2,DEBI,02May2025,5Minute,Q50,/BUR-BUR-MER-GUNEYYAYLA3/BURDUR2/DEBI/02May2025/5Minute/Q50/,False
2319,BUR-BUR-MER-GUNEYYAYLA3,BURDUR2,DEBI,02May2025,5Minute,Q500,/BUR-BUR-MER-GUNEYYAYLA3/BURDUR2/DEBI/02May2025/5Minute/Q500/,False
2320,BUR-BUR-MER-HALICILAR,BURDUR,DEBI,01May2025,30Minute,Q10,/BUR-BUR-MER-HALICILAR/BURDUR/DEBI/01May2025/30Minute/Q10/,False
2321,BUR-BUR-MER-HALICILAR,BURDUR,DEBI,01May2025,30Minute,Q100,/BUR-BUR-MER-HALICILAR/BURDUR/DEBI/01May2025/30Minute/Q100/,False
2322,BUR-BUR-MER-HALICILAR,BURDUR,DEBI,01May2025,30Minute,Q1000,/BUR-BUR-MER-HALICILAR/BURDUR/DEBI/01May2025/30Minute/Q1000/,False
2323,BUR-BUR-MER-HALICILAR,BURDUR,DEBI,01May2025,30Minute,Q2,/BUR-BUR-MER-HALICILAR/BURDUR/DEBI/01May2025/30Minute/Q2/,False
2324,BUR-BUR-MER-HALICILAR,BURDUR,DEBI,01May2025,30Minute,Q25,/BUR-BUR-MER-HALICILAR/BURDUR/DEBI/01May2025/30Minute/Q25/,False
2325,BUR-BUR-MER-HALICILAR,BURDUR,DEBI,01May2025,30Minute,Q5,/BUR-BUR-MER-HALICILAR/BURDUR/DEBI/01May2025/30Minute/Q5/,False
2326,BUR-BUR-MER-HALICILAR,BURDUR,DEBI,01May2025,30Minute,Q50,/BUR-BUR-MER-HALICILAR/BURDUR/DEBI/01May2025/30Minute/Q50/,False
2327,BUR-BUR-MER-HALICILAR,BURDUR,DEBI,01May2025,30Minute,Q500,/BUR-BUR-MER-HALICILAR/BURDUR/DEBI/01May2025/30Minute/Q500/,False
2328,BUR-BUR-MER-HALICILAR,BURDUR2,DEBI,01May2025,30Minute,Q10,/BUR-BUR-MER-HALICILAR/BURDUR2/DEBI/01May2025/30Minute/Q10/,False
2329,BUR-BUR-MER-HALICILAR,BURDUR2,DEBI,01May2025,30Minute,Q100,/BUR-BUR-MER-HALICILAR/BURDUR2/DEBI/01May2025/30Minute/Q100/,False
2330,BUR-BUR-MER-HALICILAR,BURDUR2,DEBI,01May2025,30Minute,Q1000,/BUR-BUR-MER-HALICILAR/BURDUR2/DEBI/01May2025/30Minute/Q1000/,False
2331,BUR-BUR-MER-HALICILAR,BURDUR2,DEBI,01May2025,30Minute,Q2,/BUR-BUR-MER-HALICILAR/BURDUR2/DEBI/01May2025/30Minute/Q2/,False
2332,BUR-BUR-MER-HALICILAR,BURDUR2,DEBI,01May2025,30Minute,Q25,/BUR-BUR-MER-HALICILAR/BURDUR2/DEBI/01May2025/30Minute/Q25/,False
2333,BUR-BUR-MER-HALICILAR,BURDUR2,DEBI,01May2025,30Minute,Q5,/BUR-BUR-MER-HALICILAR/BURDUR2/DEBI/01May2025/30Minute/Q5/,False
2334,BUR-BUR-MER-HALICILAR,BURDUR2,DEBI,01May2025,30Minute,Q50,/BUR-BUR-MER-HALICILAR/BURDUR2/DEBI/01May2025/30Minute/Q50/,False
2335,BUR-BUR-MER-HALICILAR,BURDUR2,DEBI,01May2025,30Minute,Q500,/BUR-BUR-MER-HALICILAR/BURDUR2/DEBI/01May2025/30Minute/Q500/,False
2336,BUR-BUR-MER-HASANPASA5,BURDUR,DEBI,01May2025,30Minute,Q10,/BUR-BUR-MER-HASANPASA5/BURDUR/DEBI/01May2025/30Minute/Q10/,False
2337,BUR-BUR-MER-HASANPASA5,BURDUR,DEBI,01May2025,30Minute,Q100,/BUR-BUR-MER-HASANPASA5/BURDUR/DEBI/01May2025/30Minute/Q100/,False
2338,BUR-BUR-MER-HASANPASA5,BURDUR,DEBI,01May2025,30Minute,Q1000,/BUR-BUR-MER-HASANPASA5/BURDUR/DEBI/01May2025/30Minute/Q1000/,False
2339,BUR-BUR-MER-HASANPASA5,BURDUR,DEBI,01May2025,30Minute,Q2,/BUR-BUR-MER-HASANPASA5/BURDUR/DEBI/01May2025/30Minute/Q2/,False
2340,BUR-BUR-MER-HASANPASA5,BURDUR,DEBI,01May2025,30Minute,Q25,/BUR-BUR-MER-HASANPASA5/BURDUR/DEBI/01May2025/30Minute/Q25/,False
2341,BUR-BUR-MER-HASANPASA5,BURDUR,DEBI,01May2025,30Minute,Q5,/BUR-BUR-MER-HASANPASA5/BURDUR/DEBI/01May2025/30Minute/Q5/,False
2342,BUR-BUR-MER-HASANPASA5,BURDUR,DEBI,01May2025,30Minute,Q50,/BUR-BUR-MER-HASANPASA5/BURDUR/DEBI/01May2025/30Minute/Q50/,False
2343,BUR-BUR-MER-HASANPASA5,BURDUR,DEBI,01May2025,30Minute,Q500,/BUR-BUR-MER-HASANPASA5/BURDUR/DEBI/01May2025/30Minute/Q500/,False
2344,BUR-BUR-MER-IBILYAS_DERESI,BURDUR,DEBI,01May2025,30Minute,Q10,/BUR-BUR-MER-IBILYAS_DERESI/BURDUR/DEBI/01May2025/30Minute/Q10/,False
2345,BUR-BUR-MER-IBILYAS_DERESI,BURDUR,DEBI,01May2025,30Minute,Q100,/BUR-BUR-MER-IBILYAS_DERESI/BURDUR/DEBI/01May2025/30Minute/Q100/,False
2346,BUR-BUR-MER-IBILYAS_DERESI,BURDUR,DEBI,01May2025,30Minute,Q1000,/BUR-BUR-MER-IBILYAS_DERESI/BURDUR/DEBI/01May2025/30Minute/Q1000/,False
2347,BUR-BUR-MER-IBILYAS_DERESI,BURDUR,DEBI,01May2025,30Minute,Q2,/BUR-BUR-MER-IBILYAS_DERESI/BURDUR/DEBI/01May2025/30Minute/Q2/,False
2348,BUR-BUR-MER-IBILYAS_DERESI,BURDUR,DEBI,01May2025,30Minute,Q25,/BUR-BUR-MER-IBILYAS_DERESI/BURDUR/DEBI/01May2025/30Minute/Q25/,False
2349,BUR-BUR-MER-IBILYAS_DERESI,BURDUR,DEBI,01May2025,30Minute,Q5,/BUR-BUR-MER-IBILYAS_DERESI/BURDUR/DEBI/01May2025/30Minute/Q5/,False
2350,BUR-BUR-MER-IBILYAS_DERESI,BURDUR,DEBI,01May2025,30Minute,Q50,/BUR-BUR-MER-IBILYAS_DERESI/BURDUR/DEBI/01May2025/30Minute/Q50/,False
2351,BUR-BUR-MER-IBILYAS_DERESI,BURDUR,DEBI,01May2025,30Minute,Q500,/BUR-BUR-MER-IBILYAS_DERESI/BURDUR/DEBI/01May2025/30Minute/Q500/,False
2352,BUR-BUR-MER-IBILYAS_DERESI,BURDUR2,DEBI,01May2025,30Minute,Q10,/BUR-BUR-MER-IBILYAS_DERESI/BURDUR2/DEBI/01May2025/30Minute/Q10/,False
2353,BUR-BUR-MER-IBILYAS_DERESI,BURDUR2,DEBI,01May2025,30Minute,Q100,/BUR-BUR-MER-IBILYAS_DERESI/BURDUR2/DEBI/01May2025/30Minute/Q100/,False
2354,BUR-BUR-MER-IBILYAS_DERESI,BURDUR2,DEBI,01May2025,30Minute,Q1000,/BUR-BUR-MER-IBILYAS_DERESI/BURDUR2/DEBI/01May2025/30Minute/Q1000/,False
2355,BUR-BUR-MER-IBILYAS_DERESI,BURDUR2,DEBI,01May2025,30Minute,Q2,/BUR-BUR-MER-IBILYAS_DERESI/BURDUR2/DEBI/01May2025/30Minute/Q2/,False
2356,BUR-BUR-MER-IBILYAS_DERESI,BURDUR2,DEBI,01May2025,30Minute,Q25,/BUR-BUR-MER-IBILYAS_DERESI/BURDUR2/DEBI/01May2025/30Minute/Q25/,False
2357,BUR-BUR-MER-IBILYAS_DERESI,BURDUR2,DEBI,01May2025,30Minute,Q5,/BUR-BUR-MER-IBILYAS_DERESI/BURDUR2/DEBI/01May2025/30Minute/Q5/,False
2358,BUR-BUR-MER-IBILYAS_DERESI,BURDUR2,DEBI,01May2025,30Minute,Q50,/BUR-BUR-MER-IBILYAS_DERESI/BURDUR2/DEBI/01May2025/30Minute/Q50/,False
2359,BUR-BUR-MER-IBILYAS_DERESI,BURDUR2,DEBI,01May2025,30Minute,Q500,/BUR-BUR-MER-IBILYAS_DERESI/BURDUR2/DEBI/01May2025/30Minute/Q500/,False
2360,BUR-BUR-MER-IGDELI1,BURDUR,DEBI,01May2025,30Minute,Q10,/BUR-BUR-MER-IGDELI1/BURDUR/DEBI/01May2025/30Minute/Q10/,False
2361,BUR-BUR-MER-IGDELI1,BURDUR,DEBI,01May2025,30Minute,Q100,/BUR-BUR-MER-IGDELI1/BURDUR/DEBI/01May2025/30Minute/Q100/,False
2362,BUR-BUR-MER-IGDELI1,BURDUR,DEBI,01May2025,30Minute,Q1000,/BUR-BUR-MER-IGDELI1/BURDUR/DEBI/01May2025/30Minute/Q1000/,False
2363,BUR-BUR-MER-IGDELI1,BURDUR,DEBI,01May2025,30Minute,Q2,/BUR-BUR-MER-IGDELI1/BURDUR/DEBI/01May2025/30Minute/Q2/,False
2364,BUR-BUR-MER-IGDELI1,BURDUR,DEBI,01May2025,30Minute,Q25,/BUR-BUR-MER-IGDELI1/BURDUR/DEBI/01May2025/30Minute/Q25/,False
2365,BUR-BUR-MER-IGDELI1,BURDUR,DEBI,01May2025,30Minute,Q5,/BUR-BUR-MER-IGDELI1/BURDUR/DEBI/01May2025/30Minute/Q5/,False
2366,BUR-BUR-MER-IGDELI1,BURDUR,DEBI,01May2025,30Minute,Q50,/BUR-BUR-MER-IGDELI1/BURDUR/DEBI/01May2025/30Minute/Q50/,False
2367,BUR-BUR-MER-IGDELI1,BURDUR,DEBI,01May2025,30Minute,Q500,/BUR-BUR-MER-IGDELI1/BURDUR/DEBI/01May2025/30Minute/Q500/,False
2368,BUR-BUR-MER-IGDELI2,BURDUR,DEBI,01May2025,30Minute,Q10,/BUR-BUR-MER-IGDELI2/BURDUR/DEBI/01May2025/30Minute/Q10/,False
2369,BUR-BUR-MER-IGDELI2,BURDUR,DEBI,01May2025,30Minute,Q100,/BUR-BUR-MER-IGDELI2/BURDUR/DEBI/01May2025/30Minute/Q100/,False
2370,BUR-BUR-MER-IGDELI2,BURDUR,DEBI,01May2025,30Minute,Q1000,/BUR-BUR-MER-IGDELI2/BURDUR/DEBI/01May2025/30Minute/Q1000/,False
2371,BUR-BUR-MER-IGDELI2,BURDUR,DEBI,01May2025,30Minute,Q2,/BUR-BUR-MER-IGDELI2/BURDUR/DEBI/01May2025/30Minute/Q2/,False
2372,BUR-BUR-MER-IGDELI2,BURDUR,DEBI,01May2025,30Minute,Q25,/BUR-BUR-MER-IGDELI2/BURDUR/DEBI/01May2025/30Minute/Q25/,False
2373,BUR-BUR-MER-IGDELI2,BURDUR,DEBI,01May2025,30Minute,Q5,/BUR-BUR-MER-IGDELI2/BURDUR/DEBI/01May2025/30Minute/Q5/,False
2374,BUR-BUR-MER-IGDELI2,BURDUR,DEBI,01May2025,30Minute,Q50,/BUR-BUR-MER-IGDELI2/BURDUR/DEBI/01May2025/30Minute/Q50/,False
2375,BUR-BUR-MER-IGDELI2,BURDUR,DEBI,01May2025,30Minute,Q500,/BUR-BUR-MER-IGDELI2/BURDUR/DEBI/01May2025/30Minute/Q500/,False
2376,BUR-BUR-MER-IGDELI-T1,BURDUR,DEBI,01May2025,30Minute,Q10,/BUR-BUR-MER-IGDELI-T1/BURDUR/DEBI/01May2025/30Minute/Q10/,False
2377,BUR-BUR-MER-IGDELI-T1,BURDUR,DEBI,01May2025,30Minute,Q100,/BUR-BUR-MER-IGDELI-T1/BURDUR/DEBI/01May2025/30Minute/Q100/,False
2378,BUR-BUR-MER-IGDELI-T1,BURDUR,DEBI,01May2025,30Minute,Q1000,/BUR-BUR-MER-IGDELI-T1/BURDUR/DEBI/01May2025/30Minute/Q1000/,False
2379,BUR-BUR-MER-IGDELI-T1,BURDUR,DEBI,01May2025,30Minute,Q2,/BUR-BUR-MER-IGDELI-T1/BURDUR/DEBI/01May2025/30Minute/Q2/,False
2380,BUR-BUR-MER-IGDELI-T1,BURDUR,DEBI,01May2025,30Minute,Q25,/BUR-BUR-MER-IGDELI-T1/BURDUR/DEBI/01May2025/30Minute/Q25/,False
2381,BUR-BUR-MER-IGDELI-T1,BURDUR,DEBI,01May2025,30Minute,Q5,/BUR-BUR-MER-IGDELI-T1/BURDUR/DEBI/01May2025/30Minute/Q5/,False
2382,BUR-BUR-MER-IGDELI-T1,BURDUR,DEBI,01May2025,30Minute,Q50,/BUR-BUR-MER-IGDELI-T1/BURDUR/DEBI/01May2025/30Minute/Q50/,False
2383,BUR-BUR-MER-IGDELI-T1,BURDUR,DEBI,01May2025,30Minute,Q500,/BUR-BUR-MER-IGDELI-T1/BURDUR/DEBI/01May2025/30Minute/Q500/,False
2384,BUR-BUR-MER-ILYAS1,BURDUR,DEBI,01May2025,30Minute,Q10,/BUR-BUR-MER-ILYAS1/BURDUR/DEBI/01May2025/30Minute/Q10/,False
2385,BUR-BUR-MER-ILYAS1,BURDUR,DEBI,01May2025,30Minute,Q100,/BUR-BUR-MER-ILYAS1/BURDUR/DEBI/01May2025/30Minute/Q100/,False
2386,BUR-BUR-MER-ILYAS1,BURDUR,DEBI,01May2025,30Minute,Q1000,/BUR-BUR-MER-ILYAS1/BURDUR/DEBI/01May2025/30Minute/Q1000/,False
2387,BUR-BUR-MER-ILYAS1,BURDUR,DEBI,01May2025,30Minute,Q2,/BUR-BUR-MER-ILYAS1/BURDUR/DEBI/01May2025/30Minute/Q2/,False
2388,BUR-BUR-MER-ILYAS1,BURDUR,DEBI,01May2025,30Minute,Q25,/BUR-BUR-MER-ILYAS1/BURDUR/DEBI/01May2025/30Minute/Q25/,False
2389,BUR-BUR-MER-ILYAS1,BURDUR,DEBI,01May2025,30Minute,Q5,/BUR-BUR-MER-ILYAS1/BURDUR/DEBI/01May2025/30Minute/Q5/,False
2390,BUR-BUR-MER-ILYAS1,BURDUR,DEBI,01May2025,30Minute,Q50,/BUR-BUR-MER-ILYAS1/BURDUR/DEBI/01May2025/30Minute/Q50/,False
2391,BUR-BUR-MER-ILYAS1,BURDUR,DEBI,01May2025,30Minute,Q500,/BUR-BUR-MER-ILYAS1/BURDUR/DEBI/01May2025/30Minute/Q500/,False
2392,BUR-BUR-MER-ILYAS1,BURDUR2,DEBI,01May2025,30Minute,Q10,/BUR-BUR-MER-ILYAS1/BURDUR2/DEBI/01May2025/30Minute/Q10/,False
2393,BUR-BUR-MER-ILYAS1,BURDUR2,DEBI,01May2025,30Minute,Q100,/BUR-BUR-MER-ILYAS1/BURDUR2/DEBI/01May2025/30Minute/Q100/,False
2394,BUR-BUR-MER-ILYAS1,BURDUR2,DEBI,01May2025,30Minute,Q1000,/BUR-BUR-MER-ILYAS1/BURDUR2/DEBI/01May2025/30Minute/Q1000/,False
2395,BUR-BUR-MER-ILYAS1,BURDUR2,DEBI,01May2025,30Minute,Q2,/BUR-BUR-MER-ILYAS1/BURDUR2/DEBI/01May2025/30Minute/Q2/,False
2396,BUR-BUR-MER-ILYAS1,BURDUR2,DEBI,01May2025,30Minute,Q25,/BUR-BUR-MER-ILYAS1/BURDUR2/DEBI/01May2025/30Minute/Q25/,False
2397,BUR-BUR-MER-ILYAS1,BURDUR2,DEBI,01May2025,30Minute,Q5,/BUR-BUR-MER-ILYAS1/BURDUR2/DEBI/01May2025/30Minute/Q5/,False
2398,BUR-BUR-MER-ILYAS1,BURDUR2,DEBI,01May2025,30Minute,Q50,/BUR-BUR-MER-ILYAS1/BURDUR2/DEBI/01May2025/30Minute/Q50/,False
2399,BUR-BUR-MER-ILYAS1,BURDUR2,DEBI,01May2025,30Minute,Q500,/BUR-BUR-MER-ILYAS1/BURDUR2/DEBI/01May2025/30Minute/Q500/,False
2400,BUR-BUR-MER-ILYAS2,BURDUR,DEBI,01May2025,30Minute,Q10,/BUR-BUR-MER-ILYAS2/BURDUR/DEBI/01May2025/30Minute/Q10/,False
2401,BUR-BUR-MER-ILYAS2,BURDUR,DEBI,01May2025,30Minute,Q100,/BUR-BUR-MER-ILYAS2/BURDUR/DEBI/01May2025/30Minute/Q100/,False
2402,BUR-BUR-MER-ILYAS2,BURDUR,DEBI,01May2025,30Minute,Q1000,/BUR-BUR-MER-ILYAS2/BURDUR/DEBI/01May2025/30Minute/Q1000/,False
2403,BUR-BUR-MER-ILYAS2,BURDUR,DEBI,01May2025,30Minute,Q2,/BUR-BUR-MER-ILYAS2/BURDUR/DEBI/01May2025/30Minute/Q2/,False
2404,BUR-BUR-MER-ILYAS2,BURDUR,DEBI,01May2025,30Minute,Q25,/BUR-BUR-MER-ILYAS2/BURDUR/DEBI/01May2025/30Minute/Q25/,False
2405,BUR-BUR-MER-ILYAS2,BURDUR,DEBI,01May2025,30Minute,Q5,/BUR-BUR-MER-ILYAS2/BURDUR/DEBI/01May2025/30Minute/Q5/,False
2406,BUR-BUR-MER-ILYAS2,BURDUR,DEBI,01May2025,30Minute,Q50,/BUR-BUR-MER-ILYAS2/BURDUR/DEBI/01May2025/30Minute/Q50/,False
2407,BUR-BUR-MER-ILYAS2,BURDUR,DEBI,01May2025,30Minute,Q500,/BUR-BUR-MER-ILYAS2/BURDUR/DEBI/01May2025/30Minute/Q500/,False
2408,BUR-BUR-MER-ILYAS2,BURDUR2,DEBI,01May2025,30Minute,Q10,/BUR-BUR-MER-ILYAS2/BURDUR2/DEBI/01May2025/30Minute/Q10/,False
2409,BUR-BUR-MER-ILYAS2,BURDUR2,DEBI,01May2025,30Minute,Q100,/BUR-BUR-MER-ILYAS2/BURDUR2/DEBI/01May2025/30Minute/Q100/,False
2410,BUR-BUR-MER-ILYAS2,BURDUR2,DEBI,01May2025,30Minute,Q1000,/BUR-BUR-MER-ILYAS2/BURDUR2/DEBI/01May2025/30Minute/Q1000/,False
2411,BUR-BUR-MER-ILYAS2,BURDUR2,DEBI,01May2025,30Minute,Q2,/BUR-BUR-MER-ILYAS2/BURDUR2/DEBI/01May2025/30Minute/Q2/,False
2412,BUR-BUR-MER-ILYAS2,BURDUR2,DEBI,01May2025,30Minute,Q25,/BUR-BUR-MER-ILYAS2/BURDUR2/DEBI/01May2025/30Minute/Q25/,False
2413,BUR-BUR-MER-ILYAS2,BURDUR2,DEBI,01May2025,30Minute,Q5,/BUR-BUR-MER-ILYAS2/BURDUR2/DEBI/01May2025/30Minute/Q5/,False
2414,BUR-BUR-MER-ILYAS2,BURDUR2,DEBI,01May2025,30Minute,Q50,/BUR-BUR-MER-ILYAS2/BURDUR2/DEBI/01May2025/30Minute/Q50/,False
2415,BUR-BUR-MER-ILYAS2,BURDUR2,DEBI,01May2025,30Minute,Q500,/BUR-BUR-MER-ILYAS2/BURDUR2/DEBI/01May2025/30Minute/Q500/,False
2416,BUR-BUR-MER-ILYAS3,BURDUR,DEBI,01May2025,30Minute,Q10,/BUR-BUR-MER-ILYAS3/BURDUR/DEBI/01May2025/30Minute/Q10/,False
2417,BUR-BUR-MER-ILYAS3,BURDUR,DEBI,01May2025,30Minute,Q100,/BUR-BUR-MER-ILYAS3/BURDUR/DEBI/01May2025/30Minute/Q100/,False
2418,BUR-BUR-MER-ILYAS3,BURDUR,DEBI,01May2025,30Minute,Q1000,/BUR-BUR-MER-ILYAS3/BURDUR/DEBI/01May2025/30Minute/Q1000/,False
2419,BUR-BUR-MER-ILYAS3,BURDUR,DEBI,01May2025,30Minute,Q2,/BUR-BUR-MER-ILYAS3/BURDUR/DEBI/01May2025/30Minute/Q2/,False
2420,BUR-BUR-MER-ILYAS3,BURDUR,DEBI,01May2025,30Minute,Q25,/BUR-BUR-MER-ILYAS3/BURDUR/DEBI/01May2025/30Minute/Q25/,False
2421,BUR-BUR-MER-ILYAS3,BURDUR,DEBI,01May2025,30Minute,Q5,/BUR-BUR-MER-ILYAS3/BURDUR/DEBI/01May2025/30Minute/Q5/,False
2422,BUR-BUR-MER-ILYAS3,BURDUR,DEBI,01May2025,30Minute,Q50,/BUR-BUR-MER-ILYAS3/BURDUR/DEBI/01May2025/30Minute/Q50/,False
2423,BUR-BUR-MER-ILYAS3,BURDUR,DEBI,01May2025,30Minute,Q500,/BUR-BUR-MER-ILYAS3/BURDUR/DEBI/01May2025/30Minute/Q500/,False
2424,BUR-BUR-MER-ILYAS3,BURDUR2,DEBI,01May2025,30Minute,Q10,/BUR-BUR-MER-ILYAS3/BURDUR2/DEBI/01May2025/30Minute/Q10/,False
2425,BUR-BUR-MER-ILYAS3,BURDUR2,DEBI,01May2025,30Minute,Q100,/BUR-BUR-MER-ILYAS3/BURDUR2/DEBI/01May2025/30Minute/Q100/,False
2426,BUR-BUR-MER-ILYAS3,BURDUR2,DEBI,01May2025,30Minute,Q1000,/BUR-BUR-MER-ILYAS3/BURDUR2/DEBI/01May2025/30Minute/Q1000/,False
2427,BUR-BUR-MER-ILYAS3,BURDUR2,DEBI,01May2025,30Minute,Q2,/BUR-BUR-MER-ILYAS3/BURDUR2/DEBI/01May2025/30Minute/Q2/,False
2428,BUR-BUR-MER-ILYAS3,BURDUR2,DEBI,01May2025,30Minute,Q25,/BUR-BUR-MER-ILYAS3/BURDUR2/DEBI/01May2025/30Minute/Q25/,False
2429,BUR-BUR-MER-ILYAS3,BURDUR2,DEBI,01May2025,30Minute,Q5,/BUR-BUR-MER-ILYAS3/BURDUR2/DEBI/01May2025/30Minute/Q5/,False
2430,BUR-BUR-MER-ILYAS3,BURDUR2,DEBI,01May2025,30Minute,Q50,/BUR-BUR-MER-ILYAS3/BURDUR2/DEBI/01May2025/30Minute/Q50/,False
2431,BUR-BUR-MER-ILYAS3,BURDUR2,DEBI,01May2025,30Minute,Q500,/BUR-BUR-MER-ILYAS3/BURDUR2/DEBI/01May2025/30Minute/Q500/,False
2432,BUR-BUR-MER-ILYAS4,BURDUR,DEBI,01May2025,30Minute,Q10,/BUR-BUR-MER-ILYAS4/BURDUR/DEBI/01May2025/30Minute/Q10/,False
2433,BUR-BUR-MER-ILYAS4,BURDUR,DEBI,01May2025,30Minute,Q100,/BUR-BUR-MER-ILYAS4/BURDUR/DEBI/01May2025/30Minute/Q100/,False
2434,BUR-BUR-MER-ILYAS4,BURDUR,DEBI,01May2025,30Minute,Q1000,/BUR-BUR-MER-ILYAS4/BURDUR/DEBI/01May2025/30Minute/Q1000/,False
2435,BUR-BUR-MER-ILYAS4,BURDUR,DEBI,01May2025,30Minute,Q2,/BUR-BUR-MER-ILYAS4/BURDUR/DEBI/01May2025/30Minute/Q2/,False
2436,BUR-BUR-MER-ILYAS4,BURDUR,DEBI,01May2025,30Minute,Q25,/BUR-BUR-MER-ILYAS4/BURDUR/DEBI/01May2025/30Minute/Q25/,False
2437,BUR-BUR-MER-ILYAS4,BURDUR,DEBI,01May2025,30Minute,Q5,/BUR-BUR-MER-ILYAS4/BURDUR/DEBI/01May2025/30Minute/Q5/,False
2438,BUR-BUR-MER-ILYAS4,BURDUR,DEBI,01May2025,30Minute,Q50,/BUR-BUR-MER-ILYAS4/BURDUR/DEBI/01May2025/30Minute/Q50/,False
2439,BUR-BUR-MER-ILYAS4,BURDUR,DEBI,01May2025,30Minute,Q500,/BUR-BUR-MER-ILYAS4/BURDUR/DEBI/01May2025/30Minute/Q500/,False
2440,BUR-BUR-MER-ILYAS4,BURDUR2,DEBI,01May2025,30Minute,Q10,/BUR-BUR-MER-ILYAS4/BURDUR2/DEBI/01May2025/30Minute/Q10/,False
2441,BUR-BUR-MER-ILYAS4,BURDUR2,DEBI,01May2025,30Minute,Q100,/BUR-BUR-MER-ILYAS4/BURDUR2/DEBI/01May2025/30Minute/Q100/,False
2442,BUR-BUR-MER-ILYAS4,BURDUR2,DEBI,01May2025,30Minute,Q1000,/BUR-BUR-MER-ILYAS4/BURDUR2/DEBI/01May2025/30Minute/Q1000/,False
2443,BUR-BUR-MER-ILYAS4,BURDUR2,DEBI,01May2025,30Minute,Q2,/BUR-BUR-MER-ILYAS4/BURDUR2/DEBI/01May2025/30Minute/Q2/,False
2444,BUR-BUR-MER-ILYAS4,BURDUR2,DEBI,01May2025,30Minute,Q25,/BUR-BUR-MER-ILYAS4/BURDUR2/DEBI/01May2025/30Minute/Q25/,False
2445,BUR-BUR-MER-ILYAS4,BURDUR2,DEBI,01May2025,30Minute,Q5,/BUR-BUR-MER-ILYAS4/BURDUR2/DEBI/01May2025/30Minute/Q5/,False
2446,BUR-BUR-MER-ILYAS4,BURDUR2,DEBI,01May2025,30Minute,Q50,/BUR-BUR-MER-ILYAS4/BURDUR2/DEBI/01May2025/30Minute/Q50/,False
2447,BUR-BUR-MER-ILYAS4,BURDUR2,DEBI,01May2025,30Minute,Q500,/BUR-BUR-MER-ILYAS4/BURDUR2/DEBI/01May2025/30Minute/Q500/,False
2448,BUR-BUR-MER-ILYAS5,BURDUR,DEBI,02May2025,5Minute,Q10,/BUR-BUR-MER-ILYAS5/BURDUR/DEBI/02May2025/5Minute/Q10/,False
2449,BUR-BUR-MER-ILYAS5,BURDUR,DEBI,02May2025,5Minute,Q100,/BUR-BUR-MER-ILYAS5/BURDUR/DEBI/02May2025/5Minute/Q100/,False
2450,BUR-BUR-MER-ILYAS5,BURDUR,DEBI,02May2025,5Minute,Q1000,/BUR-BUR-MER-ILYAS5/BURDUR/DEBI/02May2025/5Minute/Q1000/,False
2451,BUR-BUR-MER-ILYAS5,BURDUR,DEBI,02May2025,5Minute,Q2,/BUR-BUR-MER-ILYAS5/BURDUR/DEBI/02May2025/5Minute/Q2/,False
2452,BUR-BUR-MER-ILYAS5,BURDUR,DEBI,02May2025,5Minute,Q25,/BUR-BUR-MER-ILYAS5/BURDUR/DEBI/02May2025/5Minute/Q25/,False
2453,BUR-BUR-MER-ILYAS5,BURDUR,DEBI,02May2025,5Minute,Q5,/BUR-BUR-MER-ILYAS5/BURDUR/DEBI/02May2025/5Minute/Q5/,False
2454,BUR-BUR-MER-ILYAS5,BURDUR,DEBI,02May2025,5Minute,Q50,/BUR-BUR-MER-ILYAS5/BURDUR/DEBI/02May2025/5Minute/Q50/,False
2455,BUR-BUR-MER-ILYAS5,BURDUR,DEBI,02May2025,5Minute,Q500,/BUR-BUR-MER-ILYAS5/BURDUR/DEBI/02May2025/5Minute/Q500/,False
2456,BUR-BUR-MER-ILYAS5,BURDUR2,DEBI,02May2025,5Minute,Q10,/BUR-BUR-MER-ILYAS5/BURDUR2/DEBI/02May2025/5Minute/Q10/,False
2457,BUR-BUR-MER-ILYAS5,BURDUR2,DEBI,02May2025,5Minute,Q100,/BUR-BUR-MER-ILYAS5/BURDUR2/DEBI/02May2025/5Minute/Q100/,False
2458,BUR-BUR-MER-ILYAS5,BURDUR2,DEBI,02May2025,5Minute,Q1000,/BUR-BUR-MER-ILYAS5/BURDUR2/DEBI/02May2025/5Minute/Q1000/,False
2459,BUR-BUR-MER-ILYAS5,BURDUR2,DEBI,02May2025,5Minute,Q2,/BUR-BUR-MER-ILYAS5/BURDUR2/DEBI/02May2025/5Minute/Q2/,False
2460,BUR-BUR-MER-ILYAS5,BURDUR2,DEBI,02May2025,5Minute,Q25,/BUR-BUR-MER-ILYAS5/BURDUR2/DEBI/02May2025/5Minute/Q25/,False
2461,BUR-BUR-MER-ILYAS5,BURDUR2,DEBI,02May2025,5Minute,Q5,/BUR-BUR-MER-ILYAS5/BURDUR2/DEBI/02May2025/5Minute/Q5/,False
2462,BUR-BUR-MER-ILYAS5,BURDUR2,DEBI,02May2025,5Minute,Q50,/BUR-BUR-MER-ILYAS5/BURDUR2/DEBI/02May2025/5Minute/Q50/,False
2463,BUR-BUR-MER-ILYAS5,BURDUR2,DEBI,02May2025,5Minute,Q500,/BUR-BUR-MER-ILYAS5/BURDUR2/DEBI/02May2025/5Minute/Q500/,False
2464,BUR-BUR-MER-INDERE,BURDUR,DEBI,01May2025,30Minute,Q10,/BUR-BUR-MER-INDERE/BURDUR/DEBI/01May2025/30Minute/Q10/,False
2465,BUR-BUR-MER-INDERE,BURDUR,DEBI,01May2025,30Minute,Q100,/BUR-BUR-MER-INDERE/BURDUR/DEBI/01May2025/30Minute/Q100/,False
2466,BUR-BUR-MER-INDERE,BURDUR,DEBI,01May2025,30Minute,Q1000,/BUR-BUR-MER-INDERE/BURDUR/DEBI/01May2025/30Minute/Q1000/,False
2467,BUR-BUR-MER-INDERE,BURDUR,DEBI,01May2025,30Minute,Q2,/BUR-BUR-MER-INDERE/BURDUR/DEBI/01May2025/30Minute/Q2/,False
2468,BUR-BUR-MER-INDERE,BURDUR,DEBI,01May2025,30Minute,Q25,/BUR-BUR-MER-INDERE/BURDUR/DEBI/01May2025/30Minute/Q25/,False
2469,BUR-BUR-MER-INDERE,BURDUR,DEBI,01May2025,30Minute,Q5,/BUR-BUR-MER-INDERE/BURDUR/DEBI/01May2025/30Minute/Q5/,False
2470,BUR-BUR-MER-INDERE,BURDUR,DEBI,01May2025,30Minute,Q50,/BUR-BUR-MER-INDERE/BURDUR/DEBI/01May2025/30Minute/Q50/,False
2471,BUR-BUR-MER-INDERE,BURDUR,DEBI,01May2025,30Minute,Q500,/BUR-BUR-MER-INDERE/BURDUR/DEBI/01May2025/30Minute/Q500/,False
2472,BUR-BUR-MER-INDERE,BURDUR2,DEBI,01May2025,30Minute,Q10,/BUR-BUR-MER-INDERE/BURDUR2/DEBI/01May2025/30Minute/Q10/,False
2473,BUR-BUR-MER-INDERE,BURDUR2,DEBI,01May2025,30Minute,Q100,/BUR-BUR-MER-INDERE/BURDUR2/DEBI/01May2025/30Minute/Q100/,False
2474,BUR-BUR-MER-INDERE,BURDUR2,DEBI,01May2025,30Minute,Q1000,/BUR-BUR-MER-INDERE/BURDUR2/DEBI/01May2025/30Minute/Q1000/,False
2475,BUR-BUR-MER-INDERE,BURDUR2,DEBI,01May2025,30Minute,Q2,/BUR-BUR-MER-INDERE/BURDUR2/DEBI/01May2025/30Minute/Q2/,False
2476,BUR-BUR-MER-INDERE,BURDUR2,DEBI,01May2025,30Minute,Q25,/BUR-BUR-MER-INDERE/BURDUR2/DEBI/01May2025/30Minute/Q25/,False
2477,BUR-BUR-MER-INDERE,BURDUR2,DEBI,01May2025,30Minute,Q5,/BUR-BUR-MER-INDERE/BURDUR2/DEBI/01May2025/30Minute/Q5/,False
2478,BUR-BUR-MER-INDERE,BURDUR2,DEBI,01May2025,30Minute,Q50,/BUR-BUR-MER-INDERE/BURDUR2/DEBI/01May2025/30Minute/Q50/,False
2479,BUR-BUR-MER-INDERE,BURDUR2,DEBI,01May2025,30Minute,Q500,/BUR-BUR-MER-INDERE/BURDUR2/DEBI/01May2025/30Minute/Q500/,False
2480,BUR-BUR-MER-KAPAKLI1,BURDUR,DEBI,02May2025,5Minute,Q10,/BUR-BUR-MER-KAPAKLI1/BURDUR/DEBI/02May2025/5Minute/Q10/,False
2481,BUR-BUR-MER-KAPAKLI1,BURDUR,DEBI,02May2025,5Minute,Q100,/BUR-BUR-MER-KAPAKLI1/BURDUR/DEBI/02May2025/5Minute/Q100/,False
2482,BUR-BUR-MER-KAPAKLI1,BURDUR,DEBI,02May2025,5Minute,Q1000,/BUR-BUR-MER-KAPAKLI1/BURDUR/DEBI/02May2025/5Minute/Q1000/,False
2483,BUR-BUR-MER-KAPAKLI1,BURDUR,DEBI,02May2025,5Minute,Q2,/BUR-BUR-MER-KAPAKLI1/BURDUR/DEBI/02May2025/5Minute/Q2/,False
2484,BUR-BUR-MER-KAPAKLI1,BURDUR,DEBI,02May2025,5Minute,Q25,/BUR-BUR-MER-KAPAKLI1/BURDUR/DEBI/02May2025/5Minute/Q25/,False
2485,BUR-BUR-MER-KAPAKLI1,BURDUR,DEBI,02May2025,5Minute,Q5,/BUR-BUR-MER-KAPAKLI1/BURDUR/DEBI/02May2025/5Minute/Q5/,False
2486,BUR-BUR-MER-KAPAKLI1,BURDUR,DEBI,02May2025,5Minute,Q50,/BUR-BUR-MER-KAPAKLI1/BURDUR/DEBI/02May2025/5Minute/Q50/,False
2487,BUR-BUR-MER-KAPAKLI1,BURDUR,DEBI,02May2025,5Minute,Q500,/BUR-BUR-MER-KAPAKLI1/BURDUR/DEBI/02May2025/5Minute/Q500/,False
2488,BUR-BUR-MER-KAPAKLI2,BURDUR,DEBI,01May2025,30Minute,Q10,/BUR-BUR-MER-KAPAKLI2/BURDUR/DEBI/01May2025/30Minute/Q10/,False
2489,BUR-BUR-MER-KAPAKLI2,BURDUR,DEBI,01May2025,30Minute,Q100,/BUR-BUR-MER-KAPAKLI2/BURDUR/DEBI/01May2025/30Minute/Q100/,False
2490,BUR-BUR-MER-KAPAKLI2,BURDUR,DEBI,01May2025,30Minute,Q1000,/BUR-BUR-MER-KAPAKLI2/BURDUR/DEBI/01May2025/30Minute/Q1000/,False
2491,BUR-BUR-MER-KAPAKLI2,BURDUR,DEBI,01May2025,30Minute,Q2,/BUR-BUR-MER-KAPAKLI2/BURDUR/DEBI/01May2025/30Minute/Q2/,False
2492,BUR-BUR-MER-KAPAKLI2,BURDUR,DEBI,01May2025,30Minute,Q25,/BUR-BUR-MER-KAPAKLI2/BURDUR/DEBI/01May2025/30Minute/Q25/,False
2493,BUR-BUR-MER-KAPAKLI2,BURDUR,DEBI,01May2025,30Minute,Q5,/BUR-BUR-MER-KAPAKLI2/BURDUR/DEBI/01May2025/30Minute/Q5/,False
2494,BUR-BUR-MER-KAPAKLI2,BURDUR,DEBI,01May2025,30Minute,Q50,/BUR-BUR-MER-KAPAKLI2/BURDUR/DEBI/01May2025/30Minute/Q50/,False
2495,BUR-BUR-MER-KAPAKLI2,BURDUR,DEBI,01May2025,30Minute,Q500,/BUR-BUR-MER-KAPAKLI2/BURDUR/DEBI/01May2025/30Minute/Q500/,False
2496,BUR-BUR-MER-KARA_DERESI,BURDUR,DEBI,02May2025,5Minute,Q10,/BUR-BUR-MER-KARA_DERESI/BURDUR/DEBI/02May2025/5Minute/Q10/,False
2497,BUR-BUR-MER-KARA_DERESI,BURDUR,DEBI,02May2025,5Minute,Q100,/BUR-BUR-MER-KARA_DERESI/BURDUR/DEBI/02May2025/5Minute/Q100/,False
2498,BUR-BUR-MER-KARA_DERESI,BURDUR,DEBI,02May2025,5Minute,Q1000,/BUR-BUR-MER-KARA_DERESI/BURDUR/DEBI/02May2025/5Minute/Q1000/,False
2499,BUR-BUR-MER-KARA_DERESI,BURDUR,DEBI,02May2025,5Minute,Q2,/BUR-BUR-MER-KARA_DERESI/BURDUR/DEBI/02May2025/5Minute/Q2/,False
2500,BUR-BUR-MER-KARA_DERESI,BURDUR,DEBI,02May2025,5Minute,Q25,/BUR-BUR-MER-KARA_DERESI/BURDUR/DEBI/02May2025/5Minute/Q25/,False
2501,BUR-BUR-MER-KARA_DERESI,BURDUR,DEBI,02May2025,5Minute,Q5,/BUR-BUR-MER-KARA_DERESI/BURDUR/DEBI/02May2025/5Minute/Q5/,False
2502,BUR-BUR-MER-KARA_DERESI,BURDUR,DEBI,02May2025,5Minute,Q50,/BUR-BUR-MER-KARA_DERESI/BURDUR/DEBI/02May2025/5Minute/Q50/,False
2503,BUR-BUR-MER-KARA_DERESI,BURDUR,DEBI,02May2025,5Minute,Q500,/BUR-BUR-MER-KARA_DERESI/BURDUR/DEBI/02May2025/5Minute/Q500/,False
2504,BUR-BUR-MER-KARA_DERESI,BURDUR2,DEBI,02May2025,5Minute,Q10,/BUR-BUR-MER-KARA_DERESI/BURDUR2/DEBI/02May2025/5Minute/Q10/,False
2505,BUR-BUR-MER-KARA_DERESI,BURDUR2,DEBI,02May2025,5Minute,Q100,/BUR-BUR-MER-KARA_DERESI/BURDUR2/DEBI/02May2025/5Minute/Q100/,False
2506,BUR-BUR-MER-KARA_DERESI,BURDUR2,DEBI,02May2025,5Minute,Q1000,/BUR-BUR-MER-KARA_DERESI/BURDUR2/DEBI/02May2025/5Minute/Q1000/,False
2507,BUR-BUR-MER-KARA_DERESI,BURDUR2,DEBI,02May2025,5Minute,Q2,/BUR-BUR-MER-KARA_DERESI/BURDUR2/DEBI/02May2025/5Minute/Q2/,False
2508,BUR-BUR-MER-KARA_DERESI,BURDUR2,DEBI,02May2025,5Minute,Q25,/BUR-BUR-MER-KARA_DERESI/BURDUR2/DEBI/02May2025/5Minute/Q25/,False
2509,BUR-BUR-MER-KARA_DERESI,BURDUR2,DEBI,02May2025,5Minute,Q5,/BUR-BUR-MER-KARA_DERESI/BURDUR2/DEBI/02May2025/5Minute/Q5/,False
2510,BUR-BUR-MER-KARA_DERESI,BURDUR2,DEBI,02May2025,5Minute,Q50,/BUR-BUR-MER-KARA_DERESI/BURDUR2/DEBI/02May2025/5Minute/Q50/,False
2511,BUR-BUR-MER-KARA_DERESI,BURDUR2,DEBI,02May2025,5Minute,Q500,/BUR-BUR-MER-KARA_DERESI/BURDUR2/DEBI/02May2025/5Minute/Q500/,False
2512,BUR-BUR-MER-KARACAOREN,BURDUR,DEBI,01May2025,30Minute,Q10,/BUR-BUR-MER-KARACAOREN/BURDUR/DEBI/01May2025/30Minute/Q10/,False
2513,BUR-BUR-MER-KARACAOREN,BURDUR,DEBI,01May2025,30Minute,Q100,/BUR-BUR-MER-KARACAOREN/BURDUR/DEBI/01May2025/30Minute/Q100/,False
2514,BUR-BUR-MER-KARACAOREN,BURDUR,DEBI,01May2025,30Minute,Q1000,/BUR-BUR-MER-KARACAOREN/BURDUR/DEBI/01May2025/30Minute/Q1000/,False
2515,BUR-BUR-MER-KARACAOREN,BURDUR,DEBI,01May2025,30Minute,Q2,/BUR-BUR-MER-KARACAOREN/BURDUR/DEBI/01May2025/30Minute/Q2/,False
2516,BUR-BUR-MER-KARACAOREN,BURDUR,DEBI,01May2025,30Minute,Q25,/BUR-BUR-MER-KARACAOREN/BURDUR/DEBI/01May2025/30Minute/Q25/,False
2517,BUR-BUR-MER-KARACAOREN,BURDUR,DEBI,01May2025,30Minute,Q5,/BUR-BUR-MER-KARACAOREN/BURDUR/DEBI/01May2025/30Minute/Q5/,False
2518,BUR-BUR-MER-KARACAOREN,BURDUR,DEBI,01May2025,30Minute,Q50,/BUR-BUR-MER-KARACAOREN/BURDUR/DEBI/01May2025/30Minute/Q50/,False
2519,BUR-BUR-MER-KARACAOREN,BURDUR,DEBI,01May2025,30Minute,Q500,/BUR-BUR-MER-KARACAOREN/BURDUR/DEBI/01May2025/30Minute/Q500/,False
2520,BUR-BUR-MER-KARAKENT,BURDUR,DEBI,01May2025,30Minute,Q10,/BUR-BUR-MER-KARAKENT/BURDUR/DEBI/01May2025/30Minute/Q10/,False
2521,BUR-BUR-MER-KARAKENT,BURDUR,DEBI,01May2025,30Minute,Q100,/BUR-BUR-MER-KARAKENT/BURDUR/DEBI/01May2025/30Minute/Q100/,False
2522,BUR-BUR-MER-KARAKENT,BURDUR,DEBI,01May2025,30Minute,Q1000,/BUR-BUR-MER-KARAKENT/BURDUR/DEBI/01May2025/30Minute/Q1000/,False
2523,BUR-BUR-MER-KARAKENT,BURDUR,DEBI,01May2025,30Minute,Q2,/BUR-BUR-MER-KARAKENT/BURDUR/DEBI/01May2025/30Minute/Q2/,False
2524,BUR-BUR-MER-KARAKENT,BURDUR,DEBI,01May2025,30Minute,Q25,/BUR-BUR-MER-KARAKENT/BURDUR/DEBI/01May2025/30Minute/Q25/,False
2525,BUR-BUR-MER-KARAKENT,BURDUR,DEBI,01May2025,30Minute,Q5,/BUR-BUR-MER-KARAKENT/BURDUR/DEBI/01May2025/30Minute/Q5/,False
2526,BUR-BUR-MER-KARAKENT,BURDUR,DEBI,01May2025,30Minute,Q50,/BUR-BUR-MER-KARAKENT/BURDUR/DEBI/01May2025/30Minute/Q50/,False
2527,BUR-BUR-MER-KARAKENT,BURDUR,DEBI,01May2025,30Minute,Q500,/BUR-BUR-MER-KARAKENT/BURDUR/DEBI/01May2025/30Minute/Q500/,False
2528,BUR-BUR-MER-KARAKENT,BURDUR2,DEBI,01May2025,30Minute,Q10,/BUR-BUR-MER-KARAKENT/BURDUR2/DEBI/01May2025/30Minute/Q10/,False
2529,BUR-BUR-MER-KARAKENT,BURDUR2,DEBI,01May2025,30Minute,Q100,/BUR-BUR-MER-KARAKENT/BURDUR2/DEBI/01May2025/30Minute/Q100/,False
2530,BUR-BUR-MER-KARAKENT,BURDUR2,DEBI,01May2025,30Minute,Q1000,/BUR-BUR-MER-KARAKENT/BURDUR2/DEBI/01May2025/30Minute/Q1000/,False
2531,BUR-BUR-MER-KARAKENT,BURDUR2,DEBI,01May2025,30Minute,Q2,/BUR-BUR-MER-KARAKENT/BURDUR2/DEBI/01May2025/30Minute/Q2/,False
2532,BUR-BUR-MER-KARAKENT,BURDUR2,DEBI,01May2025,30Minute,Q25,/BUR-BUR-MER-KARAKENT/BURDUR2/DEBI/01May2025/30Minute/Q25/,False
2533,BUR-BUR-MER-KARAKENT,BURDUR2,DEBI,01May2025,30Minute,Q5,/BUR-BUR-MER-KARAKENT/BURDUR2/DEBI/01May2025/30Minute/Q5/,False
2534,BUR-BUR-MER-KARAKENT,BURDUR2,DEBI,01May2025,30Minute,Q50,/BUR-BUR-MER-KARAKENT/BURDUR2/DEBI/01May2025/30Minute/Q50/,False
2535,BUR-BUR-MER-KARAKENT,BURDUR2,DEBI,01May2025,30Minute,Q500,/BUR-BUR-MER-KARAKENT/BURDUR2/DEBI/01May2025/30Minute/Q500/,False
2536,BUR-BUR-MER-KAVACIK1,BURDUR,DEBI,01May2025,30Minute,Q10,/BUR-BUR-MER-KAVACIK1/BURDUR/DEBI/01May2025/30Minute/Q10/,False
2537,BUR-BUR-MER-KAVACIK1,BURDUR,DEBI,01May2025,30Minute,Q100,/BUR-BUR-MER-KAVACIK1/BURDUR/DEBI/01May2025/30Minute/Q100/,False
2538,BUR-BUR-MER-KAVACIK1,BURDUR,DEBI,01May2025,30Minute,Q1000,/BUR-BUR-MER-KAVACIK1/BURDUR/DEBI/01May2025/30Minute/Q1000/,False
2539,BUR-BUR-MER-KAVACIK1,BURDUR,DEBI,01May2025,30Minute,Q2,/BUR-BUR-MER-KAVACIK1/BURDUR/DEBI/01May2025/30Minute/Q2/,False
2540,BUR-BUR-MER-KAVACIK1,BURDUR,DEBI,01May2025,30Minute,Q25,/BUR-BUR-MER-KAVACIK1/BURDUR/DEBI/01May2025/30Minute/Q25/,False
2541,BUR-BUR-MER-KAVACIK1,BURDUR,DEBI,01May2025,30Minute,Q5,/BUR-BUR-MER-KAVACIK1/BURDUR/DEBI/01May2025/30Minute/Q5/,False
2542,BUR-BUR-MER-KAVACIK1,BURDUR,DEBI,01May2025,30Minute,Q50,/BUR-BUR-MER-KAVACIK1/BURDUR/DEBI/01May2025/30Minute/Q50/,False
2543,BUR-BUR-MER-KAVACIK1,BURDUR,DEBI,01May2025,30Minute,Q500,/BUR-BUR-MER-KAVACIK1/BURDUR/DEBI/01May2025/30Minute/Q500/,False
2544,BUR-BUR-MER-KAVACIK1,BURDUR2,DEBI,01May2025,30Minute,Q10,/BUR-BUR-MER-KAVACIK1/BURDUR2/DEBI/01May2025/30Minute/Q10/,False
2545,BUR-BUR-MER-KAVACIK1,BURDUR2,DEBI,01May2025,30Minute,Q100,/BUR-BUR-MER-KAVACIK1/BURDUR2/DEBI/01May2025/30Minute/Q100/,False
2546,BUR-BUR-MER-KAVACIK1,BURDUR2,DEBI,01May2025,30Minute,Q1000,/BUR-BUR-MER-KAVACIK1/BURDUR2/DEBI/01May2025/30Minute/Q1000/,False
2547,BUR-BUR-MER-KAVACIK1,BURDUR2,DEBI,01May2025,30Minute,Q2,/BUR-BUR-MER-KAVACIK1/BURDUR2/DEBI/01May2025/30Minute/Q2/,False
2548,BUR-BUR-MER-KAVACIK1,BURDUR2,DEBI,01May2025,30Minute,Q25,/BUR-BUR-MER-KAVACIK1/BURDUR2/DEBI/01May2025/30Minute/Q25/,False
2549,BUR-BUR-MER-KAVACIK1,BURDUR2,DEBI,01May2025,30Minute,Q5,/BUR-BUR-MER-KAVACIK1/BURDUR2/DEBI/01May2025/30Minute/Q5/,False
2550,BUR-BUR-MER-KAVACIK1,BURDUR2,DEBI,01May2025,30Minute,Q50,/BUR-BUR-MER-KAVACIK1/BURDUR2/DEBI/01May2025/30Minute/Q50/,False
2551,BUR-BUR-MER-KAVACIK1,BURDUR2,DEBI,01May2025,30Minute,Q500,/BUR-BUR-MER-KAVACIK1/BURDUR2/DEBI/01May2025/30Minute/Q500/,False
2552,BUR-BUR-MER-KAVACIK2,BURDUR,DEBI,01May2025,30Minute,Q10,/BUR-BUR-MER-KAVACIK2/BURDUR/DEBI/01May2025/30Minute/Q10/,False
2553,BUR-BUR-MER-KAVACIK2,BURDUR,DEBI,01May2025,30Minute,Q100,/BUR-BUR-MER-KAVACIK2/BURDUR/DEBI/01May2025/30Minute/Q100/,False
2554,BUR-BUR-MER-KAVACIK2,BURDUR,DEBI,01May2025,30Minute,Q1000,/BUR-BUR-MER-KAVACIK2/BURDUR/DEBI/01May2025/30Minute/Q1000/,False
2555,BUR-BUR-MER-KAVACIK2,BURDUR,DEBI,01May2025,30Minute,Q2,/BUR-BUR-MER-KAVACIK2/BURDUR/DEBI/01May2025/30Minute/Q2/,False
2556,BUR-BUR-MER-KAVACIK2,BURDUR,DEBI,01May2025,30Minute,Q25,/BUR-BUR-MER-KAVACIK2/BURDUR/DEBI/01May2025/30Minute/Q25/,False
2557,BUR-BUR-MER-KAVACIK2,BURDUR,DEBI,01May2025,30Minute,Q5,/BUR-BUR-MER-KAVACIK2/BURDUR/DEBI/01May2025/30Minute/Q5/,False
2558,BUR-BUR-MER-KAVACIK2,BURDUR,DEBI,01May2025,30Minute,Q50,/BUR-BUR-MER-KAVACIK2/BURDUR/DEBI/01May2025/30Minute/Q50/,False
2559,BUR-BUR-MER-KAVACIK2,BURDUR,DEBI,01May2025,30Minute,Q500,/BUR-BUR-MER-KAVACIK2/BURDUR/DEBI/01May2025/30Minute/Q500/,False
2560,BUR-BUR-MER-KAVACIK2,BURDUR2,DEBI,01May2025,30Minute,Q10,/BUR-BUR-MER-KAVACIK2/BURDUR2/DEBI/01May2025/30Minute/Q10/,False
2561,BUR-BUR-MER-KAVACIK2,BURDUR2,DEBI,01May2025,30Minute,Q100,/BUR-BUR-MER-KAVACIK2/BURDUR2/DEBI/01May2025/30Minute/Q100/,False
2562,BUR-BUR-MER-KAVACIK2,BURDUR2,DEBI,01May2025,30Minute,Q1000,/BUR-BUR-MER-KAVACIK2/BURDUR2/DEBI/01May2025/30Minute/Q1000/,False
2563,BUR-BUR-MER-KAVACIK2,BURDUR2,DEBI,01May2025,30Minute,Q2,/BUR-BUR-MER-KAVACIK2/BURDUR2/DEBI/01May2025/30Minute/Q2/,False
2564,BUR-BUR-MER-KAVACIK2,BURDUR2,DEBI,01May2025,30Minute,Q25,/BUR-BUR-MER-KAVACIK2/BURDUR2/DEBI/01May2025/30Minute/Q25/,False
2565,BUR-BUR-MER-KAVACIK2,BURDUR2,DEBI,01May2025,30Minute,Q5,/BUR-BUR-MER-KAVACIK2/BURDUR2/DEBI/01May2025/30Minute/Q5/,False
2566,BUR-BUR-MER-KAVACIK2,BURDUR2,DEBI,01May2025,30Minute,Q50,/BUR-BUR-MER-KAVACIK2/BURDUR2/DEBI/01May2025/30Minute/Q50/,False
2567,BUR-BUR-MER-KAVACIK2,BURDUR2,DEBI,01May2025,30Minute,Q500,/BUR-BUR-MER-KAVACIK2/BURDUR2/DEBI/01May2025/30Minute/Q500/,False
2568,BUR-BUR-MER-KAVACIK3,BURDUR,DEBI,01May2025,30Minute,Q10,/BUR-BUR-MER-KAVACIK3/BURDUR/DEBI/01May2025/30Minute/Q10/,False
2569,BUR-BUR-MER-KAVACIK3,BURDUR,DEBI,01May2025,30Minute,Q100,/BUR-BUR-MER-KAVACIK3/BURDUR/DEBI/01May2025/30Minute/Q100/,False
2570,BUR-BUR-MER-KAVACIK3,BURDUR,DEBI,01May2025,30Minute,Q1000,/BUR-BUR-MER-KAVACIK3/BURDUR/DEBI/01May2025/30Minute/Q1000/,False
2571,BUR-BUR-MER-KAVACIK3,BURDUR,DEBI,01May2025,30Minute,Q2,/BUR-BUR-MER-KAVACIK3/BURDUR/DEBI/01May2025/30Minute/Q2/,False
2572,BUR-BUR-MER-KAVACIK3,BURDUR,DEBI,01May2025,30Minute,Q25,/BUR-BUR-MER-KAVACIK3/BURDUR/DEBI/01May2025/30Minute/Q25/,False
2573,BUR-BUR-MER-KAVACIK3,BURDUR,DEBI,01May2025,30Minute,Q5,/BUR-BUR-MER-KAVACIK3/BURDUR/DEBI/01May2025/30Minute/Q5/,False
2574,BUR-BUR-MER-KAVACIK3,BURDUR,DEBI,01May2025,30Minute,Q50,/BUR-BUR-MER-KAVACIK3/BURDUR/DEBI/01May2025/30Minute/Q50/,False
2575,BUR-BUR-MER-KAVACIK3,BURDUR,DEBI,01May2025,30Minute,Q500,/BUR-BUR-MER-KAVACIK3/BURDUR/DEBI/01May2025/30Minute/Q500/,False
2576,BUR-BUR-MER-KAVACIK3,BURDUR2,DEBI,01May2025,30Minute,Q10,/BUR-BUR-MER-KAVACIK3/BURDUR2/DEBI/01May2025/30Minute/Q10/,False
2577,BUR-BUR-MER-KAVACIK3,BURDUR2,DEBI,01May2025,30Minute,Q100,/BUR-BUR-MER-KAVACIK3/BURDUR2/DEBI/01May2025/30Minute/Q100/,False
2578,BUR-BUR-MER-KAVACIK3,BURDUR2,DEBI,01May2025,30Minute,Q1000,/BUR-BUR-MER-KAVACIK3/BURDUR2/DEBI/01May2025/30Minute/Q1000/,False
2579,BUR-BUR-MER-KAVACIK3,BURDUR2,DEBI,01May2025,30Minute,Q2,/BUR-BUR-MER-KAVACIK3/BURDUR2/DEBI/01May2025/30Minute/Q2/,False
2580,BUR-BUR-MER-KAVACIK3,BURDUR2,DEBI,01May2025,30Minute,Q25,/BUR-BUR-MER-KAVACIK3/BURDUR2/DEBI/01May2025/30Minute/Q25/,False
2581,BUR-BUR-MER-KAVACIK3,BURDUR2,DEBI,01May2025,30Minute,Q5,/BUR-BUR-MER-KAVACIK3/BURDUR2/DEBI/01May2025/30Minute/Q5/,False
2582,BUR-BUR-MER-KAVACIK3,BURDUR2,DEBI,01May2025,30Minute,Q50,/BUR-BUR-MER-KAVACIK3/BURDUR2/DEBI/01May2025/30Minute/Q50/,False
2583,BUR-BUR-MER-KAVACIK3,BURDUR2,DEBI,01May2025,30Minute,Q500,/BUR-BUR-MER-KAVACIK3/BURDUR2/DEBI/01May2025/30Minute/Q500/,False
2584,BUR-BUR-MER-KAVACIK4,BURDUR,DEBI,01May2025,30Minute,Q10,/BUR-BUR-MER-KAVACIK4/BURDUR/DEBI/01May2025/30Minute/Q10/,False
2585,BUR-BUR-MER-KAVACIK4,BURDUR,DEBI,01May2025,30Minute,Q100,/BUR-BUR-MER-KAVACIK4/BURDUR/DEBI/01May2025/30Minute/Q100/,False
2586,BUR-BUR-MER-KAVACIK4,BURDUR,DEBI,01May2025,30Minute,Q1000,/BUR-BUR-MER-KAVACIK4/BURDUR/DEBI/01May2025/30Minute/Q1000/,False
2587,BUR-BUR-MER-KAVACIK4,BURDUR,DEBI,01May2025,30Minute,Q2,/BUR-BUR-MER-KAVACIK4/BURDUR/DEBI/01May2025/30Minute/Q2/,False
2588,BUR-BUR-MER-KAVACIK4,BURDUR,DEBI,01May2025,30Minute,Q25,/BUR-BUR-MER-KAVACIK4/BURDUR/DEBI/01May2025/30Minute/Q25/,False
2589,BUR-BUR-MER-KAVACIK4,BURDUR,DEBI,01May2025,30Minute,Q5,/BUR-BUR-MER-KAVACIK4/BURDUR/DEBI/01May2025/30Minute/Q5/,False
2590,BUR-BUR-MER-KAVACIK4,BURDUR,DEBI,01May2025,30Minute,Q50,/BUR-BUR-MER-KAVACIK4/BURDUR/DEBI/01May2025/30Minute/Q50/,False
2591,BUR-BUR-MER-KAVACIK4,BURDUR,DEBI,01May2025,30Minute,Q500,/BUR-BUR-MER-KAVACIK4/BURDUR/DEBI/01May2025/30Minute/Q500/,False
2592,BUR-BUR-MER-KAVACIK4,BURDUR2,DEBI,01May2025,30Minute,Q10,/BUR-BUR-MER-KAVACIK4/BURDUR2/DEBI/01May2025/30Minute/Q10/,False
2593,BUR-BUR-MER-KAVACIK4,BURDUR2,DEBI,01May2025,30Minute,Q100,/BUR-BUR-MER-KAVACIK4/BURDUR2/DEBI/01May2025/30Minute/Q100/,False
2594,BUR-BUR-MER-KAVACIK4,BURDUR2,DEBI,01May2025,30Minute,Q1000,/BUR-BUR-MER-KAVACIK4/BURDUR2/DEBI/01May2025/30Minute/Q1000/,False
2595,BUR-BUR-MER-KAVACIK4,BURDUR2,DEBI,01May2025,30Minute,Q2,/BUR-BUR-MER-KAVACIK4/BURDUR2/DEBI/01May2025/30Minute/Q2/,False
2596,BUR-BUR-MER-KAVACIK4,BURDUR2,DEBI,01May2025,30Minute,Q25,/BUR-BUR-MER-KAVACIK4/BURDUR2/DEBI/01May2025/30Minute/Q25/,False
2597,BUR-BUR-MER-KAVACIK4,BURDUR2,DEBI,01May2025,30Minute,Q5,/BUR-BUR-MER-KAVACIK4/BURDUR2/DEBI/01May2025/30Minute/Q5/,False
2598,BUR-BUR-MER-KAVACIK4,BURDUR2,DEBI,01May2025,30Minute,Q50,/BUR-BUR-MER-KAVACIK4/BURDUR2/DEBI/01May2025/30Minute/Q50/,False
2599,BUR-BUR-MER-KAVACIK4,BURDUR2,DEBI,01May2025,30Minute,Q500,/BUR-BUR-MER-KAVACIK4/BURDUR2/DEBI/01May2025/30Minute/Q500/,False
2600,BUR-BUR-MER-KAYAALTI1_1,BURDUR,DEBI,01May2025,30Minute,Q10,/BUR-BUR-MER-KAYAALTI1_1/BURDUR/DEBI/01May2025/30Minute/Q10/,False
2601,BUR-BUR-MER-KAYAALTI1_1,BURDUR,DEBI,01May2025,30Minute,Q100,/BUR-BUR-MER-KAYAALTI1_1/BURDUR/DEBI/01May2025/30Minute/Q100/,False
2602,BUR-BUR-MER-KAYAALTI1_1,BURDUR,DEBI,01May2025,30Minute,Q1000,/BUR-BUR-MER-KAYAALTI1_1/BURDUR/DEBI/01May2025/30Minute/Q1000/,False
2603,BUR-BUR-MER-KAYAALTI1_1,BURDUR,DEBI,01May2025,30Minute,Q2,/BUR-BUR-MER-KAYAALTI1_1/BURDUR/DEBI/01May2025/30Minute/Q2/,False
2604,BUR-BUR-MER-KAYAALTI1_1,BURDUR,DEBI,01May2025,30Minute,Q25,/BUR-BUR-MER-KAYAALTI1_1/BURDUR/DEBI/01May2025/30Minute/Q25/,False
2605,BUR-BUR-MER-KAYAALTI1_1,BURDUR,DEBI,01May2025,30Minute,Q5,/BUR-BUR-MER-KAYAALTI1_1/BURDUR/DEBI/01May2025/30Minute/Q5/,False
2606,BUR-BUR-MER-KAYAALTI1_1,BURDUR,DEBI,01May2025,30Minute,Q50,/BUR-BUR-MER-KAYAALTI1_1/BURDUR/DEBI/01May2025/30Minute/Q50/,False
2607,BUR-BUR-MER-KAYAALTI1_1,BURDUR,DEBI,01May2025,30Minute,Q500,/BUR-BUR-MER-KAYAALTI1_1/BURDUR/DEBI/01May2025/30Minute/Q500/,False
2608,BUR-BUR-MER-KAYAALTI1_1,BURDUR2,DEBI,01May2025,30Minute,Q10,/BUR-BUR-MER-KAYAALTI1_1/BURDUR2/DEBI/01May2025/30Minute/Q10/,False
2609,BUR-BUR-MER-KAYAALTI1_1,BURDUR2,DEBI,01May2025,30Minute,Q100,/BUR-BUR-MER-KAYAALTI1_1/BURDUR2/DEBI/01May2025/30Minute/Q100/,False
2610,BUR-BUR-MER-KAYAALTI1_1,BURDUR2,DEBI,01May2025,30Minute,Q1000,/BUR-BUR-MER-KAYAALTI1_1/BURDUR2/DEBI/01May2025/30Minute/Q1000/,False
2611,BUR-BUR-MER-KAYAALTI1_1,BURDUR2,DEBI,01May2025,30Minute,Q2,/BUR-BUR-MER-KAYAALTI1_1/BURDUR2/DEBI/01May2025/30Minute/Q2/,False
2612,BUR-BUR-MER-KAYAALTI1_1,BURDUR2,DEBI,01May2025,30Minute,Q25,/BUR-BUR-MER-KAYAALTI1_1/BURDUR2/DEBI/01May2025/30Minute/Q25/,False
2613,BUR-BUR-MER-KAYAALTI1_1,BURDUR2,DEBI,01May2025,30Minute,Q5,/BUR-BUR-MER-KAYAALTI1_1/BURDUR2/DEBI/01May2025/30Minute/Q5/,False
2614,BUR-BUR-MER-KAYAALTI1_1,BURDUR2,DEBI,01May2025,30Minute,Q50,/BUR-BUR-MER-KAYAALTI1_1/BURDUR2/DEBI/01May2025/30Minute/Q50/,False
2615,BUR-BUR-MER-KAYAALTI1_1,BURDUR2,DEBI,01May2025,30Minute,Q500,/BUR-BUR-MER-KAYAALTI1_1/BURDUR2/DEBI/01May2025/30Minute/Q500/,False
2616,BUR-BUR-MER-KAYAALTI1_2,BURDUR,DEBI,01May2025,30Minute,Q10,/BUR-BUR-MER-KAYAALTI1_2/BURDUR/DEBI/01May2025/30Minute/Q10/,False
2617,BUR-BUR-MER-KAYAALTI1_2,BURDUR,DEBI,01May2025,30Minute,Q100,/BUR-BUR-MER-KAYAALTI1_2/BURDUR/DEBI/01May2025/30Minute/Q100/,False
2618,BUR-BUR-MER-KAYAALTI1_2,BURDUR,DEBI,01May2025,30Minute,Q1000,/BUR-BUR-MER-KAYAALTI1_2/BURDUR/DEBI/01May2025/30Minute/Q1000/,False
2619,BUR-BUR-MER-KAYAALTI1_2,BURDUR,DEBI,01May2025,30Minute,Q2,/BUR-BUR-MER-KAYAALTI1_2/BURDUR/DEBI/01May2025/30Minute/Q2/,False
2620,BUR-BUR-MER-KAYAALTI1_2,BURDUR,DEBI,01May2025,30Minute,Q25,/BUR-BUR-MER-KAYAALTI1_2/BURDUR/DEBI/01May2025/30Minute/Q25/,False
2621,BUR-BUR-MER-KAYAALTI1_2,BURDUR,DEBI,01May2025,30Minute,Q5,/BUR-BUR-MER-KAYAALTI1_2/BURDUR/DEBI/01May2025/30Minute/Q5/,False
2622,BUR-BUR-MER-KAYAALTI1_2,BURDUR,DEBI,01May2025,30Minute,Q50,/BUR-BUR-MER-KAYAALTI1_2/BURDUR/DEBI/01May2025/30Minute/Q50/,False
2623,BUR-BUR-MER-KAYAALTI1_2,BURDUR,DEBI,01May2025,30Minute,Q500,/BUR-BUR-MER-KAYAALTI1_2/BURDUR/DEBI/01May2025/30Minute/Q500/,False
2624,BUR-BUR-MER-KAYAALTI1_2,BURDUR2,DEBI,01May2025,30Minute,Q10,/BUR-BUR-MER-KAYAALTI1_2/BURDUR2/DEBI/01May2025/30Minute/Q10/,False
2625,BUR-BUR-MER-KAYAALTI1_2,BURDUR2,DEBI,01May2025,30Minute,Q100,/BUR-BUR-MER-KAYAALTI1_2/BURDUR2/DEBI/01May2025/30Minute/Q100/,False
2626,BUR-BUR-MER-KAYAALTI1_2,BURDUR2,DEBI,01May2025,30Minute,Q1000,/BUR-BUR-MER-KAYAALTI1_2/BURDUR2/DEBI/01May2025/30Minute/Q1000/,False
2627,BUR-BUR-MER-KAYAALTI1_2,BURDUR2,DEBI,01May2025,30Minute,Q2,/BUR-BUR-MER-KAYAALTI1_2/BURDUR2/DEBI/01May2025/30Minute/Q2/,False
2628,BUR-BUR-MER-KAYAALTI1_2,BURDUR2,DEBI,01May2025,30Minute,Q25,/BUR-BUR-MER-KAYAALTI1_2/BURDUR2/DEBI/01May2025/30Minute/Q25/,False
2629,BUR-BUR-MER-KAYAALTI1_2,BURDUR2,DEBI,01May2025,30Minute,Q5,/BUR-BUR-MER-KAYAALTI1_2/BURDUR2/DEBI/01May2025/30Minute/Q5/,False
2630,BUR-BUR-MER-KAYAALTI1_2,BURDUR2,DEBI,01May2025,30Minute,Q50,/BUR-BUR-MER-KAYAALTI1_2/BURDUR2/DEBI/01May2025/30Minute/Q50/,False
2631,BUR-BUR-MER-KAYAALTI1_2,BURDUR2,DEBI,01May2025,30Minute,Q500,/BUR-BUR-MER-KAYAALTI1_2/BURDUR2/DEBI/01May2025/30Minute/Q500/,False
2632,BUR-BUR-MER-KAYAALTI1_3,BURDUR,DEBI,01May2025,30Minute,Q10,/BUR-BUR-MER-KAYAALTI1_3/BURDUR/DEBI/01May2025/30Minute/Q10/,False
2633,BUR-BUR-MER-KAYAALTI1_3,BURDUR,DEBI,01May2025,30Minute,Q100,/BUR-BUR-MER-KAYAALTI1_3/BURDUR/DEBI/01May2025/30Minute/Q100/,False
2634,BUR-BUR-MER-KAYAALTI1_3,BURDUR,DEBI,01May2025,30Minute,Q1000,/BUR-BUR-MER-KAYAALTI1_3/BURDUR/DEBI/01May2025/30Minute/Q1000/,False
2635,BUR-BUR-MER-KAYAALTI1_3,BURDUR,DEBI,01May2025,30Minute,Q2,/BUR-BUR-MER-KAYAALTI1_3/BURDUR/DEBI/01May2025/30Minute/Q2/,False
2636,BUR-BUR-MER-KAYAALTI1_3,BURDUR,DEBI,01May2025,30Minute,Q25,/BUR-BUR-MER-KAYAALTI1_3/BURDUR/DEBI/01May2025/30Minute/Q25/,False
2637,BUR-BUR-MER-KAYAALTI1_3,BURDUR,DEBI,01May2025,30Minute,Q5,/BUR-BUR-MER-KAYAALTI1_3/BURDUR/DEBI/01May2025/30Minute/Q5/,False
2638,BUR-BUR-MER-KAYAALTI1_3,BURDUR,DEBI,01May2025,30Minute,Q50,/BUR-BUR-MER-KAYAALTI1_3/BURDUR/DEBI/01May2025/30Minute/Q50/,False
2639,BUR-BUR-MER-KAYAALTI1_3,BURDUR,DEBI,01May2025,30Minute,Q500,/BUR-BUR-MER-KAYAALTI1_3/BURDUR/DEBI/01May2025/30Minute/Q500/,False
2640,BUR-BUR-MER-KAYAALTI1_3,BURDUR2,DEBI,01May2025,30Minute,Q10,/BUR-BUR-MER-KAYAALTI1_3/BURDUR2/DEBI/01May2025/30Minute/Q10/,False
2641,BUR-BUR-MER-KAYAALTI1_3,BURDUR2,DEBI,01May2025,30Minute,Q100,/BUR-BUR-MER-KAYAALTI1_3/BURDUR2/DEBI/01May2025/30Minute/Q100/,False
2642,BUR-BUR-MER-KAYAALTI1_3,BURDUR2,DEBI,01May2025,30Minute,Q1000,/BUR-BUR-MER-KAYAALTI1_3/BURDUR2/DEBI/01May2025/30Minute/Q1000/,False
2643,BUR-BUR-MER-KAYAALTI1_3,BURDUR2,DEBI,01May2025,30Minute,Q2,/BUR-BUR-MER-KAYAALTI1_3/BURDUR2/DEBI/01May2025/30Minute/Q2/,False
2644,BUR-BUR-MER-KAYAALTI1_3,BURDUR2,DEBI,01May2025,30Minute,Q25,/BUR-BUR-MER-KAYAALTI1_3/BURDUR2/DEBI/01May2025/30Minute/Q25/,False
2645,BUR-BUR-MER-KAYAALTI1_3,BURDUR2,DEBI,01May2025,30Minute,Q5,/BUR-BUR-MER-KAYAALTI1_3/BURDUR2/DEBI/01May2025/30Minute/Q5/,False
2646,BUR-BUR-MER-KAYAALTI1_3,BURDUR2,DEBI,01May2025,30Minute,Q50,/BUR-BUR-MER-KAYAALTI1_3/BURDUR2/DEBI/01May2025/30Minute/Q50/,False
2647,BUR-BUR-MER-KAYAALTI1_3,BURDUR2,DEBI,01May2025,30Minute,Q500,/BUR-BUR-MER-KAYAALTI1_3/BURDUR2/DEBI/01May2025/30Minute/Q500/,False
2648,BUR-BUR-MER-KAYAALTI2,BURDUR,DEBI,01May2025,30Minute,Q10,/BUR-BUR-MER-KAYAALTI2/BURDUR/DEBI/01May2025/30Minute/Q10/,False
2649,BUR-BUR-MER-KAYAALTI2,BURDUR,DEBI,01May2025,30Minute,Q100,/BUR-BUR-MER-KAYAALTI2/BURDUR/DEBI/01May2025/30Minute/Q100/,False
2650,BUR-BUR-MER-KAYAALTI2,BURDUR,DEBI,01May2025,30Minute,Q1000,/BUR-BUR-MER-KAYAALTI2/BURDUR/DEBI/01May2025/30Minute/Q1000/,False
2651,BUR-BUR-MER-KAYAALTI2,BURDUR,DEBI,01May2025,30Minute,Q2,/BUR-BUR-MER-KAYAALTI2/BURDUR/DEBI/01May2025/30Minute/Q2/,False
2652,BUR-BUR-MER-KAYAALTI2,BURDUR,DEBI,01May2025,30Minute,Q25,/BUR-BUR-MER-KAYAALTI2/BURDUR/DEBI/01May2025/30Minute/Q25/,False
2653,BUR-BUR-MER-KAYAALTI2,BURDUR,DEBI,01May2025,30Minute,Q5,/BUR-BUR-MER-KAYAALTI2/BURDUR/DEBI/01May2025/30Minute/Q5/,False
2654,BUR-BUR-MER-KAYAALTI2,BURDUR,DEBI,01May2025,30Minute,Q50,/BUR-BUR-MER-KAYAALTI2/BURDUR/DEBI/01May2025/30Minute/Q50/,False
2655,BUR-BUR-MER-KAYAALTI2,BURDUR,DEBI,01May2025,30Minute,Q500,/BUR-BUR-MER-KAYAALTI2/BURDUR/DEBI/01May2025/30Minute/Q500/,False
2656,BUR-BUR-MER-KAYAALTI2,BURDUR2,DEBI,01May2025,30Minute,Q10,/BUR-BUR-MER-KAYAALTI2/BURDUR2/DEBI/01May2025/30Minute/Q10/,False
2657,BUR-BUR-MER-KAYAALTI2,BURDUR2,DEBI,01May2025,30Minute,Q100,/BUR-BUR-MER-KAYAALTI2/BURDUR2/DEBI/01May2025/30Minute/Q100/,False
2658,BUR-BUR-MER-KAYAALTI2,BURDUR2,DEBI,01May2025,30Minute,Q1000,/BUR-BUR-MER-KAYAALTI2/BURDUR2/DEBI/01May2025/30Minute/Q1000/,False
2659,BUR-BUR-MER-KAYAALTI2,BURDUR2,DEBI,01May2025,30Minute,Q2,/BUR-BUR-MER-KAYAALTI2/BURDUR2/DEBI/01May2025/30Minute/Q2/,False
2660,BUR-BUR-MER-KAYAALTI2,BURDUR2,DEBI,01May2025,30Minute,Q25,/BUR-BUR-MER-KAYAALTI2/BURDUR2/DEBI/01May2025/30Minute/Q25/,False
2661,BUR-BUR-MER-KAYAALTI2,BURDUR2,DEBI,01May2025,30Minute,Q5,/BUR-BUR-MER-KAYAALTI2/BURDUR2/DEBI/01May2025/30Minute/Q5/,False
2662,BUR-BUR-MER-KAYAALTI2,BURDUR2,DEBI,01May2025,30Minute,Q50,/BUR-BUR-MER-KAYAALTI2/BURDUR2/DEBI/01May2025/30Minute/Q50/,False
2663,BUR-BUR-MER-KAYAALTI2,BURDUR2,DEBI,01May2025,30Minute,Q500,/BUR-BUR-MER-KAYAALTI2/BURDUR2/DEBI/01May2025/30Minute/Q500/,False
2664,BUR-BUR-MER-KAYAALTI3,BURDUR,DEBI,01May2025,30Minute,Q10,/BUR-BUR-MER-KAYAALTI3/BURDUR/DEBI/01May2025/30Minute/Q10/,False
2665,BUR-BUR-MER-KAYAALTI3,BURDUR,DEBI,01May2025,30Minute,Q100,/BUR-BUR-MER-KAYAALTI3/BURDUR/DEBI/01May2025/30Minute/Q100/,False
2666,BUR-BUR-MER-KAYAALTI3,BURDUR,DEBI,01May2025,30Minute,Q1000,/BUR-BUR-MER-KAYAALTI3/BURDUR/DEBI/01May2025/30Minute/Q1000/,False
2667,BUR-BUR-MER-KAYAALTI3,BURDUR,DEBI,01May2025,30Minute,Q2,/BUR-BUR-MER-KAYAALTI3/BURDUR/DEBI/01May2025/30Minute/Q2/,False
2668,BUR-BUR-MER-KAYAALTI3,BURDUR,DEBI,01May2025,30Minute,Q25,/BUR-BUR-MER-KAYAALTI3/BURDUR/DEBI/01May2025/30Minute/Q25/,False
2669,BUR-BUR-MER-KAYAALTI3,BURDUR,DEBI,01May2025,30Minute,Q5,/BUR-BUR-MER-KAYAALTI3/BURDUR/DEBI/01May2025/30Minute/Q5/,False
2670,BUR-BUR-MER-KAYAALTI3,BURDUR,DEBI,01May2025,30Minute,Q50,/BUR-BUR-MER-KAYAALTI3/BURDUR/DEBI/01May2025/30Minute/Q50/,False
2671,BUR-BUR-MER-KAYAALTI3,BURDUR,DEBI,01May2025,30Minute,Q500,/BUR-BUR-MER-KAYAALTI3/BURDUR/DEBI/01May2025/30Minute/Q500/,False
2672,BUR-BUR-MER-KAYAALTI3,BURDUR2,DEBI,01May2025,30Minute,Q10,/BUR-BUR-MER-KAYAALTI3/BURDUR2/DEBI/01May2025/30Minute/Q10/,False
2673,BUR-BUR-MER-KAYAALTI3,BURDUR2,DEBI,01May2025,30Minute,Q100,/BUR-BUR-MER-KAYAALTI3/BURDUR2/DEBI/01May2025/30Minute/Q100/,False
2674,BUR-BUR-MER-KAYAALTI3,BURDUR2,DEBI,01May2025,30Minute,Q1000,/BUR-BUR-MER-KAYAALTI3/BURDUR2/DEBI/01May2025/30Minute/Q1000/,False
2675,BUR-BUR-MER-KAYAALTI3,BURDUR2,DEBI,01May2025,30Minute,Q2,/BUR-BUR-MER-KAYAALTI3/BURDUR2/DEBI/01May2025/30Minute/Q2/,False
2676,BUR-BUR-MER-KAYAALTI3,BURDUR2,DEBI,01May2025,30Minute,Q25,/BUR-BUR-MER-KAYAALTI3/BURDUR2/DEBI/01May2025/30Minute/Q25/,False
2677,BUR-BUR-MER-KAYAALTI3,BURDUR2,DEBI,01May2025,30Minute,Q5,/BUR-BUR-MER-KAYAALTI3/BURDUR2/DEBI/01May2025/30Minute/Q5/,False
2678,BUR-BUR-MER-KAYAALTI3,BURDUR2,DEBI,01May2025,30Minute,Q50,/BUR-BUR-MER-KAYAALTI3/BURDUR2/DEBI/01May2025/30Minute/Q50/,False
2679,BUR-BUR-MER-KAYAALTI3,BURDUR2,DEBI,01May2025,30Minute,Q500,/BUR-BUR-MER-KAYAALTI3/BURDUR2/DEBI/01May2025/30Minute/Q500/,False
2680,BUR-BUR-MER-KAYAALTI4,BURDUR,DEBI,01May2025,30Minute,Q10,/BUR-BUR-MER-KAYAALTI4/BURDUR/DEBI/01May2025/30Minute/Q10/,False
2681,BUR-BUR-MER-KAYAALTI4,BURDUR,DEBI,01May2025,30Minute,Q100,/BUR-BUR-MER-KAYAALTI4/BURDUR/DEBI/01May2025/30Minute/Q100/,False
2682,BUR-BUR-MER-KAYAALTI4,BURDUR,DEBI,01May2025,30Minute,Q1000,/BUR-BUR-MER-KAYAALTI4/BURDUR/DEBI/01May2025/30Minute/Q1000/,False
2683,BUR-BUR-MER-KAYAALTI4,BURDUR,DEBI,01May2025,30Minute,Q2,/BUR-BUR-MER-KAYAALTI4/BURDUR/DEBI/01May2025/30Minute/Q2/,False
2684,BUR-BUR-MER-KAYAALTI4,BURDUR,DEBI,01May2025,30Minute,Q25,/BUR-BUR-MER-KAYAALTI4/BURDUR/DEBI/01May2025/30Minute/Q25/,False
2685,BUR-BUR-MER-KAYAALTI4,BURDUR,DEBI,01May2025,30Minute,Q5,/BUR-BUR-MER-KAYAALTI4/BURDUR/DEBI/01May2025/30Minute/Q5/,False
2686,BUR-BUR-MER-KAYAALTI4,BURDUR,DEBI,01May2025,30Minute,Q50,/BUR-BUR-MER-KAYAALTI4/BURDUR/DEBI/01May2025/30Minute/Q50/,False
2687,BUR-BUR-MER-KAYAALTI4,BURDUR,DEBI,01May2025,30Minute,Q500,/BUR-BUR-MER-KAYAALTI4/BURDUR/DEBI/01May2025/30Minute/Q500/,False
2688,BUR-BUR-MER-KAYAALTI4,BURDUR2,DEBI,01May2025,30Minute,Q10,/BUR-BUR-MER-KAYAALTI4/BURDUR2/DEBI/01May2025/30Minute/Q10/,False
2689,BUR-BUR-MER-KAYAALTI4,BURDUR2,DEBI,01May2025,30Minute,Q100,/BUR-BUR-MER-KAYAALTI4/BURDUR2/DEBI/01May2025/30Minute/Q100/,False
2690,BUR-BUR-MER-KAYAALTI4,BURDUR2,DEBI,01May2025,30Minute,Q1000,/BUR-BUR-MER-KAYAALTI4/BURDUR2/DEBI/01May2025/30Minute/Q1000/,False
2691,BUR-BUR-MER-KAYAALTI4,BURDUR2,DEBI,01May2025,30Minute,Q2,/BUR-BUR-MER-KAYAALTI4/BURDUR2/DEBI/01May2025/30Minute/Q2/,False
2692,BUR-BUR-MER-KAYAALTI4,BURDUR2,DEBI,01May2025,30Minute,Q25,/BUR-BUR-MER-KAYAALTI4/BURDUR2/DEBI/01May2025/30Minute/Q25/,False
2693,BUR-BUR-MER-KAYAALTI4,BURDUR2,DEBI,01May2025,30Minute,Q5,/BUR-BUR-MER-KAYAALTI4/BURDUR2/DEBI/01May2025/30Minute/Q5/,False
2694,BUR-BUR-MER-KAYAALTI4,BURDUR2,DEBI,01May2025,30Minute,Q50,/BUR-BUR-MER-KAYAALTI4/BURDUR2/DEBI/01May2025/30Minute/Q50/,False
2695,BUR-BUR-MER-KAYAALTI4,BURDUR2,DEBI,01May2025,30Minute,Q500,/BUR-BUR-MER-KAYAALTI4/BURDUR2/DEBI/01May2025/30Minute/Q500/,False
2696,BUR-BUR-MER-KISLA1,BURDUR,DEBI,02May2025,5Minute,Q10,/BUR-BUR-MER-KISLA1/BURDUR/DEBI/02May2025/5Minute/Q10/,False
2697,BUR-BUR-MER-KISLA1,BURDUR,DEBI,02May2025,5Minute,Q100,/BUR-BUR-MER-KISLA1/BURDUR/DEBI/02May2025/5Minute/Q100/,False
2698,BUR-BUR-MER-KISLA1,BURDUR,DEBI,02May2025,5Minute,Q1000,/BUR-BUR-MER-KISLA1/BURDUR/DEBI/02May2025/5Minute/Q1000/,False
2699,BUR-BUR-MER-KISLA1,BURDUR,DEBI,02May2025,5Minute,Q2,/BUR-BUR-MER-KISLA1/BURDUR/DEBI/02May2025/5Minute/Q2/,False
2700,BUR-BUR-MER-KISLA1,BURDUR,DEBI,02May2025,5Minute,Q25,/BUR-BUR-MER-KISLA1/BURDUR/DEBI/02May2025/5Minute/Q25/,False
2701,BUR-BUR-MER-KISLA1,BURDUR,DEBI,02May2025,5Minute,Q5,/BUR-BUR-MER-KISLA1/BURDUR/DEBI/02May2025/5Minute/Q5/,False
2702,BUR-BUR-MER-KISLA1,BURDUR,DEBI,02May2025,5Minute,Q50,/BUR-BUR-MER-KISLA1/BURDUR/DEBI/02May2025/5Minute/Q50/,False
2703,BUR-BUR-MER-KISLA1,BURDUR,DEBI,02May2025,5Minute,Q500,/BUR-BUR-MER-KISLA1/BURDUR/DEBI/02May2025/5Minute/Q500/,False
2704,BUR-BUR-MER-KISLA1,BURDUR2,DEBI,02May2025,5Minute,Q10,/BUR-BUR-MER-KISLA1/BURDUR2/DEBI/02May2025/5Minute/Q10/,False
2705,BUR-BUR-MER-KISLA1,BURDUR2,DEBI,02May2025,5Minute,Q100,/BUR-BUR-MER-KISLA1/BURDUR2/DEBI/02May2025/5Minute/Q100/,False
2706,BUR-BUR-MER-KISLA1,BURDUR2,DEBI,02May2025,5Minute,Q1000,/BUR-BUR-MER-KISLA1/BURDUR2/DEBI/02May2025/5Minute/Q1000/,False
2707,BUR-BUR-MER-KISLA1,BURDUR2,DEBI,02May2025,5Minute,Q2,/BUR-BUR-MER-KISLA1/BURDUR2/DEBI/02May2025/5Minute/Q2/,False
2708,BUR-BUR-MER-KISLA1,BURDUR2,DEBI,02May2025,5Minute,Q25,/BUR-BUR-MER-KISLA1/BURDUR2/DEBI/02May2025/5Minute/Q25/,False
2709,BUR-BUR-MER-KISLA1,BURDUR2,DEBI,02May2025,5Minute,Q5,/BUR-BUR-MER-KISLA1/BURDUR2/DEBI/02May2025/5Minute/Q5/,False
2710,BUR-BUR-MER-KISLA1,BURDUR2,DEBI,02May2025,5Minute,Q50,/BUR-BUR-MER-KISLA1/BURDUR2/DEBI/02May2025/5Minute/Q50/,False
2711,BUR-BUR-MER-KISLA1,BURDUR2,DEBI,02May2025,5Minute,Q500,/BUR-BUR-MER-KISLA1/BURDUR2/DEBI/02May2025/5Minute/Q500/,False
2712,BUR-BUR-MER-KISLA2,BURDUR,DEBI,02May2025,5Minute,Q10,/BUR-BUR-MER-KISLA2/BURDUR/DEBI/02May2025/5Minute/Q10/,False
2713,BUR-BUR-MER-KISLA2,BURDUR,DEBI,02May2025,5Minute,Q100,/BUR-BUR-MER-KISLA2/BURDUR/DEBI/02May2025/5Minute/Q100/,False
2714,BUR-BUR-MER-KISLA2,BURDUR,DEBI,02May2025,5Minute,Q1000,/BUR-BUR-MER-KISLA2/BURDUR/DEBI/02May2025/5Minute/Q1000/,False
2715,BUR-BUR-MER-KISLA2,BURDUR,DEBI,02May2025,5Minute,Q2,/BUR-BUR-MER-KISLA2/BURDUR/DEBI/02May2025/5Minute/Q2/,False
2716,BUR-BUR-MER-KISLA2,BURDUR,DEBI,02May2025,5Minute,Q25,/BUR-BUR-MER-KISLA2/BURDUR/DEBI/02May2025/5Minute/Q25/,False
2717,BUR-BUR-MER-KISLA2,BURDUR,DEBI,02May2025,5Minute,Q5,/BUR-BUR-MER-KISLA2/BURDUR/DEBI/02May2025/5Minute/Q5/,False
2718,BUR-BUR-MER-KISLA2,BURDUR,DEBI,02May2025,5Minute,Q50,/BUR-BUR-MER-KISLA2/BURDUR/DEBI/02May2025/5Minute/Q50/,False
2719,BUR-BUR-MER-KISLA2,BURDUR,DEBI,02May2025,5Minute,Q500,/BUR-BUR-MER-KISLA2/BURDUR/DEBI/02May2025/5Minute/Q500/,False
2720,BUR-BUR-MER-KISLA2,BURDUR2,DEBI,02May2025,5Minute,Q10,/BUR-BUR-MER-KISLA2/BURDUR2/DEBI/02May2025/5Minute/Q10/,False
2721,BUR-BUR-MER-KISLA2,BURDUR2,DEBI,02May2025,5Minute,Q100,/BUR-BUR-MER-KISLA2/BURDUR2/DEBI/02May2025/5Minute/Q100/,False
2722,BUR-BUR-MER-KISLA2,BURDUR2,DEBI,02May2025,5Minute,Q1000,/BUR-BUR-MER-KISLA2/BURDUR2/DEBI/02May2025/5Minute/Q1000/,False
2723,BUR-BUR-MER-KISLA2,BURDUR2,DEBI,02May2025,5Minute,Q2,/BUR-BUR-MER-KISLA2/BURDUR2/DEBI/02May2025/5Minute/Q2/,False
2724,BUR-BUR-MER-KISLA2,BURDUR2,DEBI,02May2025,5Minute,Q25,/BUR-BUR-MER-KISLA2/BURDUR2/DEBI/02May2025/5Minute/Q25/,False
2725,BUR-BUR-MER-KISLA2,BURDUR2,DEBI,02May2025,5Minute,Q5,/BUR-BUR-MER-KISLA2/BURDUR2/DEBI/02May2025/5Minute/Q5/,False
2726,BUR-BUR-MER-KISLA2,BURDUR2,DEBI,02May2025,5Minute,Q50,/BUR-BUR-MER-KISLA2/BURDUR2/DEBI/02May2025/5Minute/Q50/,False
2727,BUR-BUR-MER-KISLA2,BURDUR2,DEBI,02May2025,5Minute,Q500,/BUR-BUR-MER-KISLA2/BURDUR2/DEBI/02May2025/5Minute/Q500/,False
2728,BUR-BUR-MER-KOCAPINAR,YARISLI,DEBI,01May2025,30Minute,Q10,/BUR-BUR-MER-KOCAPINAR/YARISLI/DEBI/01May2025/30Minute/Q10/,False
2729,BUR-BUR-MER-KOCAPINAR,YARISLI,DEBI,01May2025,30Minute,Q100,/BUR-BUR-MER-KOCAPINAR/YARISLI/DEBI/01May2025/30Minute/Q100/,False
2730,BUR-BUR-MER-KOCAPINAR,YARISLI,DEBI,01May2025,30Minute,Q1000,/BUR-BUR-MER-KOCAPINAR/YARISLI/DEBI/01May2025/30Minute/Q1000/,False
2731,BUR-BUR-MER-KOCAPINAR,YARISLI,DEBI,01May2025,30Minute,Q2,/BUR-BUR-MER-KOCAPINAR/YARISLI/DEBI/01May2025/30Minute/Q2/,False
2732,BUR-BUR-MER-KOCAPINAR,YARISLI,DEBI,01May2025,30Minute,Q25,/BUR-BUR-MER-KOCAPINAR/YARISLI/DEBI/01May2025/30Minute/Q25/,False
2733,BUR-BUR-MER-KOCAPINAR,YARISLI,DEBI,01May2025,30Minute,Q5,/BUR-BUR-MER-KOCAPINAR/YARISLI/DEBI/01May2025/30Minute/Q5/,False
2734,BUR-BUR-MER-KOCAPINAR,YARISLI,DEBI,01May2025,30Minute,Q50,/BUR-BUR-MER-KOCAPINAR/YARISLI/DEBI/01May2025/30Minute/Q50/,False
2735,BUR-BUR-MER-KOCAPINAR,YARISLI,DEBI,01May2025,30Minute,Q500,/BUR-BUR-MER-KOCAPINAR/YARISLI/DEBI/01May2025/30Minute/Q500/,False
2736,BUR-BUR-MER-KOCAPINAR-T,YARISLI,DEBI,01May2025,30Minute,Q10,/BUR-BUR-MER-KOCAPINAR-T/YARISLI/DEBI/01May2025/30Minute/Q10/,False
2737,BUR-BUR-MER-KOCAPINAR-T,YARISLI,DEBI,01May2025,30Minute,Q100,/BUR-BUR-MER-KOCAPINAR-T/YARISLI/DEBI/01May2025/30Minute/Q100/,False
2738,BUR-BUR-MER-KOCAPINAR-T,YARISLI,DEBI,01May2025,30Minute,Q1000,/BUR-BUR-MER-KOCAPINAR-T/YARISLI/DEBI/01May2025/30Minute/Q1000/,False
2739,BUR-BUR-MER-KOCAPINAR-T,YARISLI,DEBI,01May2025,30Minute,Q2,/BUR-BUR-MER-KOCAPINAR-T/YARISLI/DEBI/01May2025/30Minute/Q2/,False
2740,BUR-BUR-MER-KOCAPINAR-T,YARISLI,DEBI,01May2025,30Minute,Q25,/BUR-BUR-MER-KOCAPINAR-T/YARISLI/DEBI/01May2025/30Minute/Q25/,False
2741,BUR-BUR-MER-KOCAPINAR-T,YARISLI,DEBI,01May2025,30Minute,Q5,/BUR-BUR-MER-KOCAPINAR-T/YARISLI/DEBI/01May2025/30Minute/Q5/,False
2742,BUR-BUR-MER-KOCAPINAR-T,YARISLI,DEBI,01May2025,30Minute,Q50,/BUR-BUR-MER-KOCAPINAR-T/YARISLI/DEBI/01May2025/30Minute/Q50/,False
2743,BUR-BUR-MER-KOCAPINAR-T,YARISLI,DEBI,01May2025,30Minute,Q500,/BUR-BUR-MER-KOCAPINAR-T/YARISLI/DEBI/01May2025/30Minute/Q500/,False
2744,BUR-BUR-MER-KOCAYOKUS,BURDUR,DEBI,02May2025,5Minute,Q10,/BUR-BUR-MER-KOCAYOKUS/BURDUR/DEBI/02May2025/5Minute/Q10/,False
2745,BUR-BUR-MER-KOCAYOKUS,BURDUR,DEBI,02May2025,5Minute,Q100,/BUR-BUR-MER-KOCAYOKUS/BURDUR/DEBI/02May2025/5Minute/Q100/,False
2746,BUR-BUR-MER-KOCAYOKUS,BURDUR,DEBI,02May2025,5Minute,Q1000,/BUR-BUR-MER-KOCAYOKUS/BURDUR/DEBI/02May2025/5Minute/Q1000/,False
2747,BUR-BUR-MER-KOCAYOKUS,BURDUR,DEBI,02May2025,5Minute,Q2,/BUR-BUR-MER-KOCAYOKUS/BURDUR/DEBI/02May2025/5Minute/Q2/,False
2748,BUR-BUR-MER-KOCAYOKUS,BURDUR,DEBI,02May2025,5Minute,Q25,/BUR-BUR-MER-KOCAYOKUS/BURDUR/DEBI/02May2025/5Minute/Q25/,False
2749,BUR-BUR-MER-KOCAYOKUS,BURDUR,DEBI,02May2025,5Minute,Q5,/BUR-BUR-MER-KOCAYOKUS/BURDUR/DEBI/02May2025/5Minute/Q5/,False
2750,BUR-BUR-MER-KOCAYOKUS,BURDUR,DEBI,02May2025,5Minute,Q50,/BUR-BUR-MER-KOCAYOKUS/BURDUR/DEBI/02May2025/5Minute/Q50/,False
2751,BUR-BUR-MER-KOCAYOKUS,BURDUR,DEBI,02May2025,5Minute,Q500,/BUR-BUR-MER-KOCAYOKUS/BURDUR/DEBI/02May2025/5Minute/Q500/,False
2752,BUR-BUR-MER-KOCAYOKUS,BURDUR2,DEBI,02May2025,5Minute,Q10,/BUR-BUR-MER-KOCAYOKUS/BURDUR2/DEBI/02May2025/5Minute/Q10/,False
2753,BUR-BUR-MER-KOCAYOKUS,BURDUR2,DEBI,02May2025,5Minute,Q100,/BUR-BUR-MER-KOCAYOKUS/BURDUR2/DEBI/02May2025/5Minute/Q100/,False
2754,BUR-BUR-MER-KOCAYOKUS,BURDUR2,DEBI,02May2025,5Minute,Q1000,/BUR-BUR-MER-KOCAYOKUS/BURDUR2/DEBI/02May2025/5Minute/Q1000/,False
2755,BUR-BUR-MER-KOCAYOKUS,BURDUR2,DEBI,02May2025,5Minute,Q2,/BUR-BUR-MER-KOCAYOKUS/BURDUR2/DEBI/02May2025/5Minute/Q2/,False
2756,BUR-BUR-MER-KOCAYOKUS,BURDUR2,DEBI,02May2025,5Minute,Q25,/BUR-BUR-MER-KOCAYOKUS/BURDUR2/DEBI/02May2025/5Minute/Q25/,False
2757,BUR-BUR-MER-KOCAYOKUS,BURDUR2,DEBI,02May2025,5Minute,Q5,/BUR-BUR-MER-KOCAYOKUS/BURDUR2/DEBI/02May2025/5Minute/Q5/,False
2758,BUR-BUR-MER-KOCAYOKUS,BURDUR2,DEBI,02May2025,5Minute,Q50,/BUR-BUR-MER-KOCAYOKUS/BURDUR2/DEBI/02May2025/5Minute/Q50/,False
2759,BUR-BUR-MER-KOCAYOKUS,BURDUR2,DEBI,02May2025,5Minute,Q500,/BUR-BUR-MER-KOCAYOKUS/BURDUR2/DEBI/02May2025/5Minute/Q500/,False
2760,BUR-BUR-MER-KOKEZ1A,BURDUR,DEBI,01May2025,30Minute,Q10,/BUR-BUR-MER-KOKEZ1A/BURDUR/DEBI/01May2025/30Minute/Q10/,False
2761,BUR-BUR-MER-KOKEZ1A,BURDUR,DEBI,01May2025,30Minute,Q100,/BUR-BUR-MER-KOKEZ1A/BURDUR/DEBI/01May2025/30Minute/Q100/,False
2762,BUR-BUR-MER-KOKEZ1A,BURDUR,DEBI,01May2025,30Minute,Q1000,/BUR-BUR-MER-KOKEZ1A/BURDUR/DEBI/01May2025/30Minute/Q1000/,False
2763,BUR-BUR-MER-KOKEZ1A,BURDUR,DEBI,01May2025,30Minute,Q2,/BUR-BUR-MER-KOKEZ1A/BURDUR/DEBI/01May2025/30Minute/Q2/,False
2764,BUR-BUR-MER-KOKEZ1A,BURDUR,DEBI,01May2025,30Minute,Q25,/BUR-BUR-MER-KOKEZ1A/BURDUR/DEBI/01May2025/30Minute/Q25/,False
2765,BUR-BUR-MER-KOKEZ1A,BURDUR,DEBI,01May2025,30Minute,Q5,/BUR-BUR-MER-KOKEZ1A/BURDUR/DEBI/01May2025/30Minute/Q5/,False
2766,BUR-BUR-MER-KOKEZ1A,BURDUR,DEBI,01May2025,30Minute,Q50,/BUR-BUR-MER-KOKEZ1A/BURDUR/DEBI/01May2025/30Minute/Q50/,False
2767,BUR-BUR-MER-KOKEZ1A,BURDUR,DEBI,01May2025,30Minute,Q500,/BUR-BUR-MER-KOKEZ1A/BURDUR/DEBI/01May2025/30Minute/Q500/,False
2768,BUR-BUR-MER-KOKEZ1A,BURDUR2,DEBI,01May2025,30Minute,Q10,/BUR-BUR-MER-KOKEZ1A/BURDUR2/DEBI/01May2025/30Minute/Q10/,False
2769,BUR-BUR-MER-KOKEZ1A,BURDUR2,DEBI,01May2025,30Minute,Q100,/BUR-BUR-MER-KOKEZ1A/BURDUR2/DEBI/01May2025/30Minute/Q100/,False
2770,BUR-BUR-MER-KOKEZ1A,BURDUR2,DEBI,01May2025,30Minute,Q1000,/BUR-BUR-MER-KOKEZ1A/BURDUR2/DEBI/01May2025/30Minute/Q1000/,False
2771,BUR-BUR-MER-KOKEZ1A,BURDUR2,DEBI,01May2025,30Minute,Q2,/BUR-BUR-MER-KOKEZ1A/BURDUR2/DEBI/01May2025/30Minute/Q2/,False
2772,BUR-BUR-MER-KOKEZ1A,BURDUR2,DEBI,01May2025,30Minute,Q25,/BUR-BUR-MER-KOKEZ1A/BURDUR2/DEBI/01May2025/30Minute/Q25/,False
2773,BUR-BUR-MER-KOKEZ1A,BURDUR2,DEBI,01May2025,30Minute,Q5,/BUR-BUR-MER-KOKEZ1A/BURDUR2/DEBI/01May2025/30Minute/Q5/,False
2774,BUR-BUR-MER-KOKEZ1A,BURDUR2,DEBI,01May2025,30Minute,Q50,/BUR-BUR-MER-KOKEZ1A/BURDUR2/DEBI/01May2025/30Minute/Q50/,False
2775,BUR-BUR-MER-KOKEZ1A,BURDUR2,DEBI,01May2025,30Minute,Q500,/BUR-BUR-MER-KOKEZ1A/BURDUR2/DEBI/01May2025/30Minute/Q500/,False
2776,BUR-BUR-MER-KOKEZ1B,BURDUR,DEBI,01May2025,30Minute,Q10,/BUR-BUR-MER-KOKEZ1B/BURDUR/DEBI/01May2025/30Minute/Q10/,False
2777,BUR-BUR-MER-KOKEZ1B,BURDUR,DEBI,01May2025,30Minute,Q100,/BUR-BUR-MER-KOKEZ1B/BURDUR/DEBI/01May2025/30Minute/Q100/,False
2778,BUR-BUR-MER-KOKEZ1B,BURDUR,DEBI,01May2025,30Minute,Q1000,/BUR-BUR-MER-KOKEZ1B/BURDUR/DEBI/01May2025/30Minute/Q1000/,False
2779,BUR-BUR-MER-KOKEZ1B,BURDUR,DEBI,01May2025,30Minute,Q2,/BUR-BUR-MER-KOKEZ1B/BURDUR/DEBI/01May2025/30Minute/Q2/,False
2780,BUR-BUR-MER-KOKEZ1B,BURDUR,DEBI,01May2025,30Minute,Q25,/BUR-BUR-MER-KOKEZ1B/BURDUR/DEBI/01May2025/30Minute/Q25/,False
2781,BUR-BUR-MER-KOKEZ1B,BURDUR,DEBI,01May2025,30Minute,Q5,/BUR-BUR-MER-KOKEZ1B/BURDUR/DEBI/01May2025/30Minute/Q5/,False
2782,BUR-BUR-MER-KOKEZ1B,BURDUR,DEBI,01May2025,30Minute,Q50,/BUR-BUR-MER-KOKEZ1B/BURDUR/DEBI/01May2025/30Minute/Q50/,False
2783,BUR-BUR-MER-KOKEZ1B,BURDUR,DEBI,01May2025,30Minute,Q500,/BUR-BUR-MER-KOKEZ1B/BURDUR/DEBI/01May2025/30Minute/Q500/,False
2784,BUR-BUR-MER-KOKEZ1B,BURDUR2,DEBI,01May2025,30Minute,Q10,/BUR-BUR-MER-KOKEZ1B/BURDUR2/DEBI/01May2025/30Minute/Q10/,False
2785,BUR-BUR-MER-KOKEZ1B,BURDUR2,DEBI,01May2025,30Minute,Q100,/BUR-BUR-MER-KOKEZ1B/BURDUR2/DEBI/01May2025/30Minute/Q100/,False
2786,BUR-BUR-MER-KOKEZ1B,BURDUR2,DEBI,01May2025,30Minute,Q1000,/BUR-BUR-MER-KOKEZ1B/BURDUR2/DEBI/01May2025/30Minute/Q1000/,False
2787,BUR-BUR-MER-KOKEZ1B,BURDUR2,DEBI,01May2025,30Minute,Q2,/BUR-BUR-MER-KOKEZ1B/BURDUR2/DEBI/01May2025/30Minute/Q2/,False
2788,BUR-BUR-MER-KOKEZ1B,BURDUR2,DEBI,01May2025,30Minute,Q25,/BUR-BUR-MER-KOKEZ1B/BURDUR2/DEBI/01May2025/30Minute/Q25/,False
2789,BUR-BUR-MER-KOKEZ1B,BURDUR2,DEBI,01May2025,30Minute,Q5,/BUR-BUR-MER-KOKEZ1B/BURDUR2/DEBI/01May2025/30Minute/Q5/,False
2790,BUR-BUR-MER-KOKEZ1B,BURDUR2,DEBI,01May2025,30Minute,Q50,/BUR-BUR-MER-KOKEZ1B/BURDUR2/DEBI/01May2025/30Minute/Q50/,False
2791,BUR-BUR-MER-KOKEZ1B,BURDUR2,DEBI,01May2025,30Minute,Q500,/BUR-BUR-MER-KOKEZ1B/BURDUR2/DEBI/01May2025/30Minute/Q500/,False
2792,BUR-BUR-MER-KOKEZ2,BURDUR,DEBI,01May2025,30Minute,Q10,/BUR-BUR-MER-KOKEZ2/BURDUR/DEBI/01May2025/30Minute/Q10/,False
2793,BUR-BUR-MER-KOKEZ2,BURDUR,DEBI,01May2025,30Minute,Q100,/BUR-BUR-MER-KOKEZ2/BURDUR/DEBI/01May2025/30Minute/Q100/,False
2794,BUR-BUR-MER-KOKEZ2,BURDUR,DEBI,01May2025,30Minute,Q1000,/BUR-BUR-MER-KOKEZ2/BURDUR/DEBI/01May2025/30Minute/Q1000/,False
2795,BUR-BUR-MER-KOKEZ2,BURDUR,DEBI,01May2025,30Minute,Q2,/BUR-BUR-MER-KOKEZ2/BURDUR/DEBI/01May2025/30Minute/Q2/,False
2796,BUR-BUR-MER-KOKEZ2,BURDUR,DEBI,01May2025,30Minute,Q25,/BUR-BUR-MER-KOKEZ2/BURDUR/DEBI/01May2025/30Minute/Q25/,False
2797,BUR-BUR-MER-KOKEZ2,BURDUR,DEBI,01May2025,30Minute,Q5,/BUR-BUR-MER-KOKEZ2/BURDUR/DEBI/01May2025/30Minute/Q5/,False
2798,BUR-BUR-MER-KOKEZ2,BURDUR,DEBI,01May2025,30Minute,Q50,/BUR-BUR-MER-KOKEZ2/BURDUR/DEBI/01May2025/30Minute/Q50/,False
2799,BUR-BUR-MER-KOKEZ2,BURDUR,DEBI,01May2025,30Minute,Q500,/BUR-BUR-MER-KOKEZ2/BURDUR/DEBI/01May2025/30Minute/Q500/,False
2800,BUR-BUR-MER-KOKEZ2,BURDUR2,DEBI,01May2025,30Minute,Q10,/BUR-BUR-MER-KOKEZ2/BURDUR2/DEBI/01May2025/30Minute/Q10/,False
2801,BUR-BUR-MER-KOKEZ2,BURDUR2,DEBI,01May2025,30Minute,Q100,/BUR-BUR-MER-KOKEZ2/BURDUR2/DEBI/01May2025/30Minute/Q100/,False
2802,BUR-BUR-MER-KOKEZ2,BURDUR2,DEBI,01May2025,30Minute,Q1000,/BUR-BUR-MER-KOKEZ2/BURDUR2/DEBI/01May2025/30Minute/Q1000/,False
2803,BUR-BUR-MER-KOKEZ2,BURDUR2,DEBI,01May2025,30Minute,Q2,/BUR-BUR-MER-KOKEZ2/BURDUR2/DEBI/01May2025/30Minute/Q2/,False
2804,BUR-BUR-MER-KOKEZ2,BURDUR2,DEBI,01May2025,30Minute,Q25,/BUR-BUR-MER-KOKEZ2/BURDUR2/DEBI/01May2025/30Minute/Q25/,False
2805,BUR-BUR-MER-KOKEZ2,BURDUR2,DEBI,01May2025,30Minute,Q5,/BUR-BUR-MER-KOKEZ2/BURDUR2/DEBI/01May2025/30Minute/Q5/,False
2806,BUR-BUR-MER-KOKEZ2,BURDUR2,DEBI,01May2025,30Minute,Q50,/BUR-BUR-MER-KOKEZ2/BURDUR2/DEBI/01May2025/30Minute/Q50/,False
2807,BUR-BUR-MER-KOKEZ2,BURDUR2,DEBI,01May2025,30Minute,Q500,/BUR-BUR-MER-KOKEZ2/BURDUR2/DEBI/01May2025/30Minute/Q500/,False
2808,BUR-BUR-MER-KOZLUCA,BURDUR,DEBI,01May2025,30Minute,Q10,/BUR-BUR-MER-KOZLUCA/BURDUR/DEBI/01May2025/30Minute/Q10/,False
2809,BUR-BUR-MER-KOZLUCA,BURDUR,DEBI,01May2025,30Minute,Q100,/BUR-BUR-MER-KOZLUCA/BURDUR/DEBI/01May2025/30Minute/Q100/,False
2810,BUR-BUR-MER-KOZLUCA,BURDUR,DEBI,01May2025,30Minute,Q1000,/BUR-BUR-MER-KOZLUCA/BURDUR/DEBI/01May2025/30Minute/Q1000/,False
2811,BUR-BUR-MER-KOZLUCA,BURDUR,DEBI,01May2025,30Minute,Q2,/BUR-BUR-MER-KOZLUCA/BURDUR/DEBI/01May2025/30Minute/Q2/,False
2812,BUR-BUR-MER-KOZLUCA,BURDUR,DEBI,01May2025,30Minute,Q25,/BUR-BUR-MER-KOZLUCA/BURDUR/DEBI/01May2025/30Minute/Q25/,False
2813,BUR-BUR-MER-KOZLUCA,BURDUR,DEBI,01May2025,30Minute,Q5,/BUR-BUR-MER-KOZLUCA/BURDUR/DEBI/01May2025/30Minute/Q5/,False
2814,BUR-BUR-MER-KOZLUCA,BURDUR,DEBI,01May2025,30Minute,Q50,/BUR-BUR-MER-KOZLUCA/BURDUR/DEBI/01May2025/30Minute/Q50/,False
2815,BUR-BUR-MER-KOZLUCA,BURDUR,DEBI,01May2025,30Minute,Q500,/BUR-BUR-MER-KOZLUCA/BURDUR/DEBI/01May2025/30Minute/Q500/,False
2816,BUR-BUR-MER-KUMLUCA,BURDUR,DEBI,01May2025,30Minute,Q10,/BUR-BUR-MER-KUMLUCA/BURDUR/DEBI/01May2025/30Minute/Q10/,False
2817,BUR-BUR-MER-KUMLUCA,BURDUR,DEBI,01May2025,30Minute,Q100,/BUR-BUR-MER-KUMLUCA/BURDUR/DEBI/01May2025/30Minute/Q100/,False
2818,BUR-BUR-MER-KUMLUCA,BURDUR,DEBI,01May2025,30Minute,Q1000,/BUR-BUR-MER-KUMLUCA/BURDUR/DEBI/01May2025/30Minute/Q1000/,False
2819,BUR-BUR-MER-KUMLUCA,BURDUR,DEBI,01May2025,30Minute,Q2,/BUR-BUR-MER-KUMLUCA/BURDUR/DEBI/01May2025/30Minute/Q2/,False
2820,BUR-BUR-MER-KUMLUCA,BURDUR,DEBI,01May2025,30Minute,Q25,/BUR-BUR-MER-KUMLUCA/BURDUR/DEBI/01May2025/30Minute/Q25/,False
2821,BUR-BUR-MER-KUMLUCA,BURDUR,DEBI,01May2025,30Minute,Q5,/BUR-BUR-MER-KUMLUCA/BURDUR/DEBI/01May2025/30Minute/Q5/,False
2822,BUR-BUR-MER-KUMLUCA,BURDUR,DEBI,01May2025,30Minute,Q50,/BUR-BUR-MER-KUMLUCA/BURDUR/DEBI/01May2025/30Minute/Q50/,False
2823,BUR-BUR-MER-KUMLUCA,BURDUR,DEBI,01May2025,30Minute,Q500,/BUR-BUR-MER-KUMLUCA/BURDUR/DEBI/01May2025/30Minute/Q500/,False
2824,BUR-BUR-MER-KUMLUCA,BURDUR2,DEBI,01May2025,30Minute,Q10,/BUR-BUR-MER-KUMLUCA/BURDUR2/DEBI/01May2025/30Minute/Q10/,False
2825,BUR-BUR-MER-KUMLUCA,BURDUR2,DEBI,01May2025,30Minute,Q100,/BUR-BUR-MER-KUMLUCA/BURDUR2/DEBI/01May2025/30Minute/Q100/,False
2826,BUR-BUR-MER-KUMLUCA,BURDUR2,DEBI,01May2025,30Minute,Q1000,/BUR-BUR-MER-KUMLUCA/BURDUR2/DEBI/01May2025/30Minute/Q1000/,False
2827,BUR-BUR-MER-KUMLUCA,BURDUR2,DEBI,01May2025,30Minute,Q2,/BUR-BUR-MER-KUMLUCA/BURDUR2/DEBI/01May2025/30Minute/Q2/,False
2828,BUR-BUR-MER-KUMLUCA,BURDUR2,DEBI,01May2025,30Minute,Q25,/BUR-BUR-MER-KUMLUCA/BURDUR2/DEBI/01May2025/30Minute/Q25/,False
2829,BUR-BUR-MER-KUMLUCA,BURDUR2,DEBI,01May2025,30Minute,Q5,/BUR-BUR-MER-KUMLUCA/BURDUR2/DEBI/01May2025/30Minute/Q5/,False
2830,BUR-BUR-MER-KUMLUCA,BURDUR2,DEBI,01May2025,30Minute,Q50,/BUR-BUR-MER-KUMLUCA/BURDUR2/DEBI/01May2025/30Minute/Q50/,False
2831,BUR-BUR-MER-KUMLUCA,BURDUR2,DEBI,01May2025,30Minute,Q500,/BUR-BUR-MER-KUMLUCA/BURDUR2/DEBI/01May2025/30Minute/Q500/,False
2832,BUR-BUR-MER-KURNA3,BURDUR,DEBI,01May2025,30Minute,Q10,/BUR-BUR-MER-KURNA3/BURDUR/DEBI/01May2025/30Minute/Q10/,False
2833,BUR-BUR-MER-KURNA3,BURDUR,DEBI,01May2025,30Minute,Q100,/BUR-BUR-MER-KURNA3/BURDUR/DEBI/01May2025/30Minute/Q100/,False
2834,BUR-BUR-MER-KURNA3,BURDUR,DEBI,01May2025,30Minute,Q1000,/BUR-BUR-MER-KURNA3/BURDUR/DEBI/01May2025/30Minute/Q1000/,False
2835,BUR-BUR-MER-KURNA3,BURDUR,DEBI,01May2025,30Minute,Q2,/BUR-BUR-MER-KURNA3/BURDUR/DEBI/01May2025/30Minute/Q2/,False
2836,BUR-BUR-MER-KURNA3,BURDUR,DEBI,01May2025,30Minute,Q25,/BUR-BUR-MER-KURNA3/BURDUR/DEBI/01May2025/30Minute/Q25/,False
2837,BUR-BUR-MER-KURNA3,BURDUR,DEBI,01May2025,30Minute,Q5,/BUR-BUR-MER-KURNA3/BURDUR/DEBI/01May2025/30Minute/Q5/,False
2838,BUR-BUR-MER-KURNA3,BURDUR,DEBI,01May2025,30Minute,Q50,/BUR-BUR-MER-KURNA3/BURDUR/DEBI/01May2025/30Minute/Q50/,False
2839,BUR-BUR-MER-KURNA3,BURDUR,DEBI,01May2025,30Minute,Q500,/BUR-BUR-MER-KURNA3/BURDUR/DEBI/01May2025/30Minute/Q500/,False
2840,BUR-BUR-MER-KURNA3,BURDUR2,DEBI,01May2025,30Minute,Q10,/BUR-BUR-MER-KURNA3/BURDUR2/DEBI/01May2025/30Minute/Q10/,False
2841,BUR-BUR-MER-KURNA3,BURDUR2,DEBI,01May2025,30Minute,Q100,/BUR-BUR-MER-KURNA3/BURDUR2/DEBI/01May2025/30Minute/Q100/,False
2842,BUR-BUR-MER-KURNA3,BURDUR2,DEBI,01May2025,30Minute,Q1000,/BUR-BUR-MER-KURNA3/BURDUR2/DEBI/01May2025/30Minute/Q1000/,False
2843,BUR-BUR-MER-KURNA3,BURDUR2,DEBI,01May2025,30Minute,Q2,/BUR-BUR-MER-KURNA3/BURDUR2/DEBI/01May2025/30Minute/Q2/,False
2844,BUR-BUR-MER-KURNA3,BURDUR2,DEBI,01May2025,30Minute,Q25,/BUR-BUR-MER-KURNA3/BURDUR2/DEBI/01May2025/30Minute/Q25/,False
2845,BUR-BUR-MER-KURNA3,BURDUR2,DEBI,01May2025,30Minute,Q5,/BUR-BUR-MER-KURNA3/BURDUR2/DEBI/01May2025/30Minute/Q5/,False
2846,BUR-BUR-MER-KURNA3,BURDUR2,DEBI,01May2025,30Minute,Q50,/BUR-BUR-MER-KURNA3/BURDUR2/DEBI/01May2025/30Minute/Q50/,False
2847,BUR-BUR-MER-KURNA3,BURDUR2,DEBI,01May2025,30Minute,Q500,/BUR-BUR-MER-KURNA3/BURDUR2/DEBI/01May2025/30Minute/Q500/,False
2848,BUR-BUR-MER-KURUCAY1,BURDUR,DEBI,01May2025,30Minute,Q10,/BUR-BUR-MER-KURUCAY1/BURDUR/DEBI/01May2025/30Minute/Q10/,False
2849,BUR-BUR-MER-KURUCAY1,BURDUR,DEBI,01May2025,30Minute,Q100,/BUR-BUR-MER-KURUCAY1/BURDUR/DEBI/01May2025/30Minute/Q100/,False
2850,BUR-BUR-MER-KURUCAY1,BURDUR,DEBI,01May2025,30Minute,Q1000,/BUR-BUR-MER-KURUCAY1/BURDUR/DEBI/01May2025/30Minute/Q1000/,False
2851,BUR-BUR-MER-KURUCAY1,BURDUR,DEBI,01May2025,30Minute,Q2,/BUR-BUR-MER-KURUCAY1/BURDUR/DEBI/01May2025/30Minute/Q2/,False
2852,BUR-BUR-MER-KURUCAY1,BURDUR,DEBI,01May2025,30Minute,Q25,/BUR-BUR-MER-KURUCAY1/BURDUR/DEBI/01May2025/30Minute/Q25/,False
2853,BUR-BUR-MER-KURUCAY1,BURDUR,DEBI,01May2025,30Minute,Q5,/BUR-BUR-MER-KURUCAY1/BURDUR/DEBI/01May2025/30Minute/Q5/,False
2854,BUR-BUR-MER-KURUCAY1,BURDUR,DEBI,01May2025,30Minute,Q50,/BUR-BUR-MER-KURUCAY1/BURDUR/DEBI/01May2025/30Minute/Q50/,False
2855,BUR-BUR-MER-KURUCAY1,BURDUR,DEBI,01May2025,30Minute,Q500,/BUR-BUR-MER-KURUCAY1/BURDUR/DEBI/01May2025/30Minute/Q500/,False
2856,BUR-BUR-MER-KURUCAY1,BURDUR2,DEBI,01May2025,30Minute,Q10,/BUR-BUR-MER-KURUCAY1/BURDUR2/DEBI/01May2025/30Minute/Q10/,False
2857,BUR-BUR-MER-KURUCAY1,BURDUR2,DEBI,01May2025,30Minute,Q100,/BUR-BUR-MER-KURUCAY1/BURDUR2/DEBI/01May2025/30Minute/Q100/,False
2858,BUR-BUR-MER-KURUCAY1,BURDUR2,DEBI,01May2025,30Minute,Q1000,/BUR-BUR-MER-KURUCAY1/BURDUR2/DEBI/01May2025/30Minute/Q1000/,False
2859,BUR-BUR-MER-KURUCAY1,BURDUR2,DEBI,01May2025,30Minute,Q2,/BUR-BUR-MER-KURUCAY1/BURDUR2/DEBI/01May2025/30Minute/Q2/,False
2860,BUR-BUR-MER-KURUCAY1,BURDUR2,DEBI,01May2025,30Minute,Q25,/BUR-BUR-MER-KURUCAY1/BURDUR2/DEBI/01May2025/30Minute/Q25/,False
2861,BUR-BUR-MER-KURUCAY1,BURDUR2,DEBI,01May2025,30Minute,Q5,/BUR-BUR-MER-KURUCAY1/BURDUR2/DEBI/01May2025/30Minute/Q5/,False
2862,BUR-BUR-MER-KURUCAY1,BURDUR2,DEBI,01May2025,30Minute,Q50,/BUR-BUR-MER-KURUCAY1/BURDUR2/DEBI/01May2025/30Minute/Q50/,False
2863,BUR-BUR-MER-KURUCAY1,BURDUR2,DEBI,01May2025,30Minute,Q500,/BUR-BUR-MER-KURUCAY1/BURDUR2/DEBI/01May2025/30Minute/Q500/,False
2864,BUR-BUR-MER-KURUCAY2,BURDUR,DEBI,02May2025,5Minute,Q10,/BUR-BUR-MER-KURUCAY2/BURDUR/DEBI/02May2025/5Minute/Q10/,False
2865,BUR-BUR-MER-KURUCAY2,BURDUR,DEBI,02May2025,5Minute,Q100,/BUR-BUR-MER-KURUCAY2/BURDUR/DEBI/02May2025/5Minute/Q100/,False
2866,BUR-BUR-MER-KURUCAY2,BURDUR,DEBI,02May2025,5Minute,Q1000,/BUR-BUR-MER-KURUCAY2/BURDUR/DEBI/02May2025/5Minute/Q1000/,False
2867,BUR-BUR-MER-KURUCAY2,BURDUR,DEBI,02May2025,5Minute,Q2,/BUR-BUR-MER-KURUCAY2/BURDUR/DEBI/02May2025/5Minute/Q2/,False
2868,BUR-BUR-MER-KURUCAY2,BURDUR,DEBI,02May2025,5Minute,Q25,/BUR-BUR-MER-KURUCAY2/BURDUR/DEBI/02May2025/5Minute/Q25/,False
2869,BUR-BUR-MER-KURUCAY2,BURDUR,DEBI,02May2025,5Minute,Q5,/BUR-BUR-MER-KURUCAY2/BURDUR/DEBI/02May2025/5Minute/Q5/,False
2870,BUR-BUR-MER-KURUCAY2,BURDUR,DEBI,02May2025,5Minute,Q50,/BUR-BUR-MER-KURUCAY2/BURDUR/DEBI/02May2025/5Minute/Q50/,False
2871,BUR-BUR-MER-KURUCAY2,BURDUR,DEBI,02May2025,5Minute,Q500,/BUR-BUR-MER-KURUCAY2/BURDUR/DEBI/02May2025/5Minute/Q500/,False
2872,BUR-BUR-MER-KURUCAY2,BURDUR2,DEBI,02May2025,5Minute,Q10,/BUR-BUR-MER-KURUCAY2/BURDUR2/DEBI/02May2025/5Minute/Q10/,False
2873,BUR-BUR-MER-KURUCAY2,BURDUR2,DEBI,02May2025,5Minute,Q100,/BUR-BUR-MER-KURUCAY2/BURDUR2/DEBI/02May2025/5Minute/Q100/,False
2874,BUR-BUR-MER-KURUCAY2,BURDUR2,DEBI,02May2025,5Minute,Q1000,/BUR-BUR-MER-KURUCAY2/BURDUR2/DEBI/02May2025/5Minute/Q1000/,False
2875,BUR-BUR-MER-KURUCAY2,BURDUR2,DEBI,02May2025,5Minute,Q2,/BUR-BUR-MER-KURUCAY2/BURDUR2/DEBI/02May2025/5Minute/Q2/,False
2876,BUR-BUR-MER-KURUCAY2,BURDUR2,DEBI,02May2025,5Minute,Q25,/BUR-BUR-MER-KURUCAY2/BURDUR2/DEBI/02May2025/5Minute/Q25/,False
2877,BUR-BUR-MER-KURUCAY2,BURDUR2,DEBI,02May2025,5Minute,Q5,/BUR-BUR-MER-KURUCAY2/BURDUR2/DEBI/02May2025/5Minute/Q5/,False
2878,BUR-BUR-MER-KURUCAY2,BURDUR2,DEBI,02May2025,5Minute,Q50,/BUR-BUR-MER-KURUCAY2/BURDUR2/DEBI/02May2025/5Minute/Q50/,False
2879,BUR-BUR-MER-KURUCAY2,BURDUR2,DEBI,02May2025,5Minute,Q500,/BUR-BUR-MER-KURUCAY2/BURDUR2/DEBI/02May2025/5Minute/Q500/,False
2880,BUR-BUR-MER-KURUCAY3,BURDUR,DEBI,02May2025,5Minute,Q10,/BUR-BUR-MER-KURUCAY3/BURDUR/DEBI/02May2025/5Minute/Q10/,False
2881,BUR-BUR-MER-KURUCAY3,BURDUR,DEBI,02May2025,5Minute,Q100,/BUR-BUR-MER-KURUCAY3/BURDUR/DEBI/02May2025/5Minute/Q100/,False
2882,BUR-BUR-MER-KURUCAY3,BURDUR,DEBI,02May2025,5Minute,Q1000,/BUR-BUR-MER-KURUCAY3/BURDUR/DEBI/02May2025/5Minute/Q1000/,False
2883,BUR-BUR-MER-KURUCAY3,BURDUR,DEBI,02May2025,5Minute,Q2,/BUR-BUR-MER-KURUCAY3/BURDUR/DEBI/02May2025/5Minute/Q2/,False
2884,BUR-BUR-MER-KURUCAY3,BURDUR,DEBI,02May2025,5Minute,Q25,/BUR-BUR-MER-KURUCAY3/BURDUR/DEBI/02May2025/5Minute/Q25/,False
2885,BUR-BUR-MER-KURUCAY3,BURDUR,DEBI,02May2025,5Minute,Q5,/BUR-BUR-MER-KURUCAY3/BURDUR/DEBI/02May2025/5Minute/Q5/,False
2886,BUR-BUR-MER-KURUCAY3,BURDUR,DEBI,02May2025,5Minute,Q50,/BUR-BUR-MER-KURUCAY3/BURDUR/DEBI/02May2025/5Minute/Q50/,False
2887,BUR-BUR-MER-KURUCAY3,BURDUR,DEBI,02May2025,5Minute,Q500,/BUR-BUR-MER-KURUCAY3/BURDUR/DEBI/02May2025/5Minute/Q500/,False
2888,BUR-BUR-MER-KURUCAY3,BURDUR2,DEBI,02May2025,5Minute,Q10,/BUR-BUR-MER-KURUCAY3/BURDUR2/DEBI/02May2025/5Minute/Q10/,False
2889,BUR-BUR-MER-KURUCAY3,BURDUR2,DEBI,02May2025,5Minute,Q100,/BUR-BUR-MER-KURUCAY3/BURDUR2/DEBI/02May2025/5Minute/Q100/,False
2890,BUR-BUR-MER-KURUCAY3,BURDUR2,DEBI,02May2025,5Minute,Q1000,/BUR-BUR-MER-KURUCAY3/BURDUR2/DEBI/02May2025/5Minute/Q1000/,False
2891,BUR-BUR-MER-KURUCAY3,BURDUR2,DEBI,02May2025,5Minute,Q2,/BUR-BUR-MER-KURUCAY3/BURDUR2/DEBI/02May2025/5Minute/Q2/,False
2892,BUR-BUR-MER-KURUCAY3,BURDUR2,DEBI,02May2025,5Minute,Q25,/BUR-BUR-MER-KURUCAY3/BURDUR2/DEBI/02May2025/5Minute/Q25/,False
2893,BUR-BUR-MER-KURUCAY3,BURDUR2,DEBI,02May2025,5Minute,Q5,/BUR-BUR-MER-KURUCAY3/BURDUR2/DEBI/02May2025/5Minute/Q5/,False
2894,BUR-BUR-MER-KURUCAY3,BURDUR2,DEBI,02May2025,5Minute,Q50,/BUR-BUR-MER-KURUCAY3/BURDUR2/DEBI/02May2025/5Minute/Q50/,False
2895,BUR-BUR-MER-KURUCAY3,BURDUR2,DEBI,02May2025,5Minute,Q500,/BUR-BUR-MER-KURUCAY3/BURDUR2/DEBI/02May2025/5Minute/Q500/,False
2896,BUR-BUR-MER-MAE1,BURDUR,DEBI,01May2025,30Minute,Q10,/BUR-BUR-MER-MAE1/BURDUR/DEBI/01May2025/30Minute/Q10/,False
2897,BUR-BUR-MER-MAE1,BURDUR,DEBI,01May2025,30Minute,Q100,/BUR-BUR-MER-MAE1/BURDUR/DEBI/01May2025/30Minute/Q100/,False
2898,BUR-BUR-MER-MAE1,BURDUR,DEBI,01May2025,30Minute,Q1000,/BUR-BUR-MER-MAE1/BURDUR/DEBI/01May2025/30Minute/Q1000/,False
2899,BUR-BUR-MER-MAE1,BURDUR,DEBI,01May2025,30Minute,Q2,/BUR-BUR-MER-MAE1/BURDUR/DEBI/01May2025/30Minute/Q2/,False
2900,BUR-BUR-MER-MAE1,BURDUR,DEBI,01May2025,30Minute,Q25,/BUR-BUR-MER-MAE1/BURDUR/DEBI/01May2025/30Minute/Q25/,False
2901,BUR-BUR-MER-MAE1,BURDUR,DEBI,01May2025,30Minute,Q5,/BUR-BUR-MER-MAE1/BURDUR/DEBI/01May2025/30Minute/Q5/,False
2902,BUR-BUR-MER-MAE1,BURDUR,DEBI,01May2025,30Minute,Q50,/BUR-BUR-MER-MAE1/BURDUR/DEBI/01May2025/30Minute/Q50/,False
2903,BUR-BUR-MER-MAE1,BURDUR,DEBI,01May2025,30Minute,Q500,/BUR-BUR-MER-MAE1/BURDUR/DEBI/01May2025/30Minute/Q500/,False
2904,BUR-BUR-MER-MAE1,BURDUR2,DEBI,01May2025,30Minute,Q10,/BUR-BUR-MER-MAE1/BURDUR2/DEBI/01May2025/30Minute/Q10/,False
2905,BUR-BUR-MER-MAE1,BURDUR2,DEBI,01May2025,30Minute,Q100,/BUR-BUR-MER-MAE1/BURDUR2/DEBI/01May2025/30Minute/Q100/,False
2906,BUR-BUR-MER-MAE1,BURDUR2,DEBI,01May2025,30Minute,Q1000,/BUR-BUR-MER-MAE1/BURDUR2/DEBI/01May2025/30Minute/Q1000/,False
2907,BUR-BUR-MER-MAE1,BURDUR2,DEBI,01May2025,30Minute,Q2,/BUR-BUR-MER-MAE1/BURDUR2/DEBI/01May2025/30Minute/Q2/,False
2908,BUR-BUR-MER-MAE1,BURDUR2,DEBI,01May2025,30Minute,Q25,/BUR-BUR-MER-MAE1/BURDUR2/DEBI/01May2025/30Minute/Q25/,False
2909,BUR-BUR-MER-MAE1,BURDUR2,DEBI,01May2025,30Minute,Q5,/BUR-BUR-MER-MAE1/BURDUR2/DEBI/01May2025/30Minute/Q5/,False
2910,BUR-BUR-MER-MAE1,BURDUR2,DEBI,01May2025,30Minute,Q50,/BUR-BUR-MER-MAE1/BURDUR2/DEBI/01May2025/30Minute/Q50/,False
2911,BUR-BUR-MER-MAE1,BURDUR2,DEBI,01May2025,30Minute,Q500,/BUR-BUR-MER-MAE1/BURDUR2/DEBI/01May2025/30Minute/Q500/,False
2912,BUR-BUR-MER-MAE2,BURDUR,DEBI,02May2025,5Minute,Q10,/BUR-BUR-MER-MAE2/BURDUR/DEBI/02May2025/5Minute/Q10/,False
2913,BUR-BUR-MER-MAE2,BURDUR,DEBI,02May2025,5Minute,Q100,/BUR-BUR-MER-MAE2/BURDUR/DEBI/02May2025/5Minute/Q100/,False
2914,BUR-BUR-MER-MAE2,BURDUR,DEBI,02May2025,5Minute,Q1000,/BUR-BUR-MER-MAE2/BURDUR/DEBI/02May2025/5Minute/Q1000/,False
2915,BUR-BUR-MER-MAE2,BURDUR,DEBI,02May2025,5Minute,Q2,/BUR-BUR-MER-MAE2/BURDUR/DEBI/02May2025/5Minute/Q2/,False
2916,BUR-BUR-MER-MAE2,BURDUR,DEBI,02May2025,5Minute,Q25,/BUR-BUR-MER-MAE2/BURDUR/DEBI/02May2025/5Minute/Q25/,False
2917,BUR-BUR-MER-MAE2,BURDUR,DEBI,02May2025,5Minute,Q5,/BUR-BUR-MER-MAE2/BURDUR/DEBI/02May2025/5Minute/Q5/,False
2918,BUR-BUR-MER-MAE2,BURDUR,DEBI,02May2025,5Minute,Q50,/BUR-BUR-MER-MAE2/BURDUR/DEBI/02May2025/5Minute/Q50/,False
2919,BUR-BUR-MER-MAE2,BURDUR,DEBI,02May2025,5Minute,Q500,/BUR-BUR-MER-MAE2/BURDUR/DEBI/02May2025/5Minute/Q500/,False
2920,BUR-BUR-MER-MAE2,BURDUR2,DEBI,02May2025,5Minute,Q10,/BUR-BUR-MER-MAE2/BURDUR2/DEBI/02May2025/5Minute/Q10/,False
2921,BUR-BUR-MER-MAE2,BURDUR2,DEBI,02May2025,5Minute,Q100,/BUR-BUR-MER-MAE2/BURDUR2/DEBI/02May2025/5Minute/Q100/,False
2922,BUR-BUR-MER-MAE2,BURDUR2,DEBI,02May2025,5Minute,Q1000,/BUR-BUR-MER-MAE2/BURDUR2/DEBI/02May2025/5Minute/Q1000/,False
2923,BUR-BUR-MER-MAE2,BURDUR2,DEBI,02May2025,5Minute,Q2,/BUR-BUR-MER-MAE2/BURDUR2/DEBI/02May2025/5Minute/Q2/,False
2924,BUR-BUR-MER-MAE2,BURDUR2,DEBI,02May2025,5Minute,Q25,/BUR-BUR-MER-MAE2/BURDUR2/DEBI/02May2025/5Minute/Q25/,False
2925,BUR-BUR-MER-MAE2,BURDUR2,DEBI,02May2025,5Minute,Q5,/BUR-BUR-MER-MAE2/BURDUR2/DEBI/02May2025/5Minute/Q5/,False
2926,BUR-BUR-MER-MAE2,BURDUR2,DEBI,02May2025,5Minute,Q50,/BUR-BUR-MER-MAE2/BURDUR2/DEBI/02May2025/5Minute/Q50/,False
2927,BUR-BUR-MER-MAE2,BURDUR2,DEBI,02May2025,5Minute,Q500,/BUR-BUR-MER-MAE2/BURDUR2/DEBI/02May2025/5Minute/Q500/,False
2928,BUR-BUR-MER-MAE3,BURDUR,DEBI,02May2025,5Minute,Q10,/BUR-BUR-MER-MAE3/BURDUR/DEBI/02May2025/5Minute/Q10/,False
2929,BUR-BUR-MER-MAE3,BURDUR,DEBI,02May2025,5Minute,Q100,/BUR-BUR-MER-MAE3/BURDUR/DEBI/02May2025/5Minute/Q100/,False
2930,BUR-BUR-MER-MAE3,BURDUR,DEBI,02May2025,5Minute,Q1000,/BUR-BUR-MER-MAE3/BURDUR/DEBI/02May2025/5Minute/Q1000/,False
2931,BUR-BUR-MER-MAE3,BURDUR,DEBI,02May2025,5Minute,Q2,/BUR-BUR-MER-MAE3/BURDUR/DEBI/02May2025/5Minute/Q2/,False
2932,BUR-BUR-MER-MAE3,BURDUR,DEBI,02May2025,5Minute,Q25,/BUR-BUR-MER-MAE3/BURDUR/DEBI/02May2025/5Minute/Q25/,False
2933,BUR-BUR-MER-MAE3,BURDUR,DEBI,02May2025,5Minute,Q5,/BUR-BUR-MER-MAE3/BURDUR/DEBI/02May2025/5Minute/Q5/,False
2934,BUR-BUR-MER-MAE3,BURDUR,DEBI,02May2025,5Minute,Q50,/BUR-BUR-MER-MAE3/BURDUR/DEBI/02May2025/5Minute/Q50/,False
2935,BUR-BUR-MER-MAE3,BURDUR,DEBI,02May2025,5Minute,Q500,/BUR-BUR-MER-MAE3/BURDUR/DEBI/02May2025/5Minute/Q500/,False
2936,BUR-BUR-MER-MAE3,BURDUR2,DEBI,02May2025,5Minute,Q10,/BUR-BUR-MER-MAE3/BURDUR2/DEBI/02May2025/5Minute/Q10/,False
2937,BUR-BUR-MER-MAE3,BURDUR2,DEBI,02May2025,5Minute,Q100,/BUR-BUR-MER-MAE3/BURDUR2/DEBI/02May2025/5Minute/Q100/,False
2938,BUR-BUR-MER-MAE3,BURDUR2,DEBI,02May2025,5Minute,Q1000,/BUR-BUR-MER-MAE3/BURDUR2/DEBI/02May2025/5Minute/Q1000/,False
2939,BUR-BUR-MER-MAE3,BURDUR2,DEBI,02May2025,5Minute,Q2,/BUR-BUR-MER-MAE3/BURDUR2/DEBI/02May2025/5Minute/Q2/,False
2940,BUR-BUR-MER-MAE3,BURDUR2,DEBI,02May2025,5Minute,Q25,/BUR-BUR-MER-MAE3/BURDUR2/DEBI/02May2025/5Minute/Q25/,False
2941,BUR-BUR-MER-MAE3,BURDUR2,DEBI,02May2025,5Minute,Q5,/BUR-BUR-MER-MAE3/BURDUR2/DEBI/02May2025/5Minute/Q5/,False
2942,BUR-BUR-MER-MAE3,BURDUR2,DEBI,02May2025,5Minute,Q50,/BUR-BUR-MER-MAE3/BURDUR2/DEBI/02May2025/5Minute/Q50/,False
2943,BUR-BUR-MER-MAE3,BURDUR2,DEBI,02May2025,5Minute,Q500,/BUR-BUR-MER-MAE3/BURDUR2/DEBI/02May2025/5Minute/Q500/,False
2944,BUR-BUR-MER-MAE4,BURDUR,DEBI,02May2025,5Minute,Q10,/BUR-BUR-MER-MAE4/BURDUR/DEBI/02May2025/5Minute/Q10/,False
2945,BUR-BUR-MER-MAE4,BURDUR,DEBI,02May2025,5Minute,Q100,/BUR-BUR-MER-MAE4/BURDUR/DEBI/02May2025/5Minute/Q100/,False
2946,BUR-BUR-MER-MAE4,BURDUR,DEBI,02May2025,5Minute,Q1000,/BUR-BUR-MER-MAE4/BURDUR/DEBI/02May2025/5Minute/Q1000/,False
2947,BUR-BUR-MER-MAE4,BURDUR,DEBI,02May2025,5Minute,Q2,/BUR-BUR-MER-MAE4/BURDUR/DEBI/02May2025/5Minute/Q2/,False
2948,BUR-BUR-MER-MAE4,BURDUR,DEBI,02May2025,5Minute,Q25,/BUR-BUR-MER-MAE4/BURDUR/DEBI/02May2025/5Minute/Q25/,False
2949,BUR-BUR-MER-MAE4,BURDUR,DEBI,02May2025,5Minute,Q5,/BUR-BUR-MER-MAE4/BURDUR/DEBI/02May2025/5Minute/Q5/,False
2950,BUR-BUR-MER-MAE4,BURDUR,DEBI,02May2025,5Minute,Q50,/BUR-BUR-MER-MAE4/BURDUR/DEBI/02May2025/5Minute/Q50/,False
2951,BUR-BUR-MER-MAE4,BURDUR,DEBI,02May2025,5Minute,Q500,/BUR-BUR-MER-MAE4/BURDUR/DEBI/02May2025/5Minute/Q500/,False
2952,BUR-BUR-MER-MAE4,BURDUR2,DEBI,02May2025,5Minute,Q10,/BUR-BUR-MER-MAE4/BURDUR2/DEBI/02May2025/5Minute/Q10/,False
2953,BUR-BUR-MER-MAE4,BURDUR2,DEBI,02May2025,5Minute,Q100,/BUR-BUR-MER-MAE4/BURDUR2/DEBI/02May2025/5Minute/Q100/,False
2954,BUR-BUR-MER-MAE4,BURDUR2,DEBI,02May2025,5Minute,Q1000,/BUR-BUR-MER-MAE4/BURDUR2/DEBI/02May2025/5Minute/Q1000/,False
2955,BUR-BUR-MER-MAE4,BURDUR2,DEBI,02May2025,5Minute,Q2,/BUR-BUR-MER-MAE4/BURDUR2/DEBI/02May2025/5Minute/Q2/,False
2956,BUR-BUR-MER-MAE4,BURDUR2,DEBI,02May2025,5Minute,Q25,/BUR-BUR-MER-MAE4/BURDUR2/DEBI/02May2025/5Minute/Q25/,False
2957,BUR-BUR-MER-MAE4,BURDUR2,DEBI,02May2025,5Minute,Q5,/BUR-BUR-MER-MAE4/BURDUR2/DEBI/02May2025/5Minute/Q5/,False
2958,BUR-BUR-MER-MAE4,BURDUR2,DEBI,02May2025,5Minute,Q50,/BUR-BUR-MER-MAE4/BURDUR2/DEBI/02May2025/5Minute/Q50/,False
2959,BUR-BUR-MER-MAE4,BURDUR2,DEBI,02May2025,5Minute,Q500,/BUR-BUR-MER-MAE4/BURDUR2/DEBI/02May2025/5Minute/Q500/,False
2960,BUR-BUR-MER-MAE4A,BURDUR,DEBI,01May2025,30Minute,Q10,/BUR-BUR-MER-MAE4A/BURDUR/DEBI/01May2025/30Minute/Q10/,False
2961,BUR-BUR-MER-MAE4A,BURDUR,DEBI,01May2025,30Minute,Q100,/BUR-BUR-MER-MAE4A/BURDUR/DEBI/01May2025/30Minute/Q100/,False
2962,BUR-BUR-MER-MAE4A,BURDUR,DEBI,01May2025,30Minute,Q1000,/BUR-BUR-MER-MAE4A/BURDUR/DEBI/01May2025/30Minute/Q1000/,False
2963,BUR-BUR-MER-MAE4A,BURDUR,DEBI,01May2025,30Minute,Q2,/BUR-BUR-MER-MAE4A/BURDUR/DEBI/01May2025/30Minute/Q2/,False
2964,BUR-BUR-MER-MAE4A,BURDUR,DEBI,01May2025,30Minute,Q25,/BUR-BUR-MER-MAE4A/BURDUR/DEBI/01May2025/30Minute/Q25/,False
2965,BUR-BUR-MER-MAE4A,BURDUR,DEBI,01May2025,30Minute,Q5,/BUR-BUR-MER-MAE4A/BURDUR/DEBI/01May2025/30Minute/Q5/,False
2966,BUR-BUR-MER-MAE4A,BURDUR,DEBI,01May2025,30Minute,Q50,/BUR-BUR-MER-MAE4A/BURDUR/DEBI/01May2025/30Minute/Q50/,False
2967,BUR-BUR-MER-MAE4A,BURDUR,DEBI,01May2025,30Minute,Q500,/BUR-BUR-MER-MAE4A/BURDUR/DEBI/01May2025/30Minute/Q500/,False
2968,BUR-BUR-MER-MAE4A,BURDUR2,DEBI,01May2025,30Minute,Q10,/BUR-BUR-MER-MAE4A/BURDUR2/DEBI/01May2025/30Minute/Q10/,False
2969,BUR-BUR-MER-MAE4A,BURDUR2,DEBI,01May2025,30Minute,Q100,/BUR-BUR-MER-MAE4A/BURDUR2/DEBI/01May2025/30Minute/Q100/,False
2970,BUR-BUR-MER-MAE4A,BURDUR2,DEBI,01May2025,30Minute,Q1000,/BUR-BUR-MER-MAE4A/BURDUR2/DEBI/01May2025/30Minute/Q1000/,False
2971,BUR-BUR-MER-MAE4A,BURDUR2,DEBI,01May2025,30Minute,Q2,/BUR-BUR-MER-MAE4A/BURDUR2/DEBI/01May2025/30Minute/Q2/,False
2972,BUR-BUR-MER-MAE4A,BURDUR2,DEBI,01May2025,30Minute,Q25,/BUR-BUR-MER-MAE4A/BURDUR2/DEBI/01May2025/30Minute/Q25/,False
2973,BUR-BUR-MER-MAE4A,BURDUR2,DEBI,01May2025,30Minute,Q5,/BUR-BUR-MER-MAE4A/BURDUR2/DEBI/01May2025/30Minute/Q5/,False
2974,BUR-BUR-MER-MAE4A,BURDUR2,DEBI,01May2025,30Minute,Q50,/BUR-BUR-MER-MAE4A/BURDUR2/DEBI/01May2025/30Minute/Q50/,False
2975,BUR-BUR-MER-MAE4A,BURDUR2,DEBI,01May2025,30Minute,Q500,/BUR-BUR-MER-MAE4A/BURDUR2/DEBI/01May2025/30Minute/Q500/,False
2976,BUR-BUR-MER-MAE5,BURDUR,DEBI,02May2025,5Minute,Q10,/BUR-BUR-MER-MAE5/BURDUR/DEBI/02May2025/5Minute/Q10/,False
2977,BUR-BUR-MER-MAE5,BURDUR,DEBI,02May2025,5Minute,Q100,/BUR-BUR-MER-MAE5/BURDUR/DEBI/02May2025/5Minute/Q100/,False
2978,BUR-BUR-MER-MAE5,BURDUR,DEBI,02May2025,5Minute,Q1000,/BUR-BUR-MER-MAE5/BURDUR/DEBI/02May2025/5Minute/Q1000/,False
2979,BUR-BUR-MER-MAE5,BURDUR,DEBI,02May2025,5Minute,Q2,/BUR-BUR-MER-MAE5/BURDUR/DEBI/02May2025/5Minute/Q2/,False
2980,BUR-BUR-MER-MAE5,BURDUR,DEBI,02May2025,5Minute,Q25,/BUR-BUR-MER-MAE5/BURDUR/DEBI/02May2025/5Minute/Q25/,False
2981,BUR-BUR-MER-MAE5,BURDUR,DEBI,02May2025,5Minute,Q5,/BUR-BUR-MER-MAE5/BURDUR/DEBI/02May2025/5Minute/Q5/,False
2982,BUR-BUR-MER-MAE5,BURDUR,DEBI,02May2025,5Minute,Q50,/BUR-BUR-MER-MAE5/BURDUR/DEBI/02May2025/5Minute/Q50/,False
2983,BUR-BUR-MER-MAE5,BURDUR,DEBI,02May2025,5Minute,Q500,/BUR-BUR-MER-MAE5/BURDUR/DEBI/02May2025/5Minute/Q500/,False
2984,BUR-BUR-MER-MAE5,BURDUR2,DEBI,02May2025,5Minute,Q10,/BUR-BUR-MER-MAE5/BURDUR2/DEBI/02May2025/5Minute/Q10/,False
2985,BUR-BUR-MER-MAE5,BURDUR2,DEBI,02May2025,5Minute,Q100,/BUR-BUR-MER-MAE5/BURDUR2/DEBI/02May2025/5Minute/Q100/,False
2986,BUR-BUR-MER-MAE5,BURDUR2,DEBI,02May2025,5Minute,Q1000,/BUR-BUR-MER-MAE5/BURDUR2/DEBI/02May2025/5Minute/Q1000/,False
2987,BUR-BUR-MER-MAE5,BURDUR2,DEBI,02May2025,5Minute,Q2,/BUR-BUR-MER-MAE5/BURDUR2/DEBI/02May2025/5Minute/Q2/,False
2988,BUR-BUR-MER-MAE5,BURDUR2,DEBI,02May2025,5Minute,Q25,/BUR-BUR-MER-MAE5/BURDUR2/DEBI/02May2025/5Minute/Q25/,False
2989,BUR-BUR-MER-MAE5,BURDUR2,DEBI,02May2025,5Minute,Q5,/BUR-BUR-MER-MAE5/BURDUR2/DEBI/02May2025/5Minute/Q5/,False
2990,BUR-BUR-MER-MAE5,BURDUR2,DEBI,02May2025,5Minute,Q50,/BUR-BUR-MER-MAE5/BURDUR2/DEBI/02May2025/5Minute/Q50/,False
2991,BUR-BUR-MER-MAE5,BURDUR2,DEBI,02May2025,5Minute,Q500,/BUR-BUR-MER-MAE5/BURDUR2/DEBI/02May2025/5Minute/Q500/,False
2992,BUR-BUR-MER-MAE6,BURDUR,DEBI,02May2025,5Minute,Q10,/BUR-BUR-MER-MAE6/BURDUR/DEBI/02May2025/5Minute/Q10/,False
2993,BUR-BUR-MER-MAE6,BURDUR,DEBI,02May2025,5Minute,Q100,/BUR-BUR-MER-MAE6/BURDUR/DEBI/02May2025/5Minute/Q100/,False
2994,BUR-BUR-MER-MAE6,BURDUR,DEBI,02May2025,5Minute,Q1000,/BUR-BUR-MER-MAE6/BURDUR/DEBI/02May2025/5Minute/Q1000/,False
2995,BUR-BUR-MER-MAE6,BURDUR,DEBI,02May2025,5Minute,Q2,/BUR-BUR-MER-MAE6/BURDUR/DEBI/02May2025/5Minute/Q2/,False
2996,BUR-BUR-MER-MAE6,BURDUR,DEBI,02May2025,5Minute,Q25,/BUR-BUR-MER-MAE6/BURDUR/DEBI/02May2025/5Minute/Q25/,False
2997,BUR-BUR-MER-MAE6,BURDUR,DEBI,02May2025,5Minute,Q5,/BUR-BUR-MER-MAE6/BURDUR/DEBI/02May2025/5Minute/Q5/,False
2998,BUR-BUR-MER-MAE6,BURDUR,DEBI,02May2025,5Minute,Q50,/BUR-BUR-MER-MAE6/BURDUR/DEBI/02May2025/5Minute/Q50/,False
2999,BUR-BUR-MER-MAE6,BURDUR,DEBI,02May2025,5Minute,Q500,/BUR-BUR-MER-MAE6/BURDUR/DEBI/02May2025/5Minute/Q500/,False
3000,BUR-BUR-MER-MAE6,BURDUR2,DEBI,02May2025,5Minute,Q10,/BUR-BUR-MER-MAE6/BURDUR2/DEBI/02May2025/5Minute/Q10/,False
3001,BUR-BUR-MER-MAE6,BURDUR2,DEBI,02May2025,5Minute,Q100,/BUR-BUR-MER-MAE6/BURDUR2/DEBI/02May2025/5Minute/Q100/,False
3002,BUR-BUR-MER-MAE6,BURDUR2,DEBI,02May2025,5Minute,Q1000,/BUR-BUR-MER-MAE6/BURDUR2/DEBI/02May2025/5Minute/Q1000/,False
3003,BUR-BUR-MER-MAE6,BURDUR2,DEBI,02May2025,5Minute,Q2,/BUR-BUR-MER-MAE6/BURDUR2/DEBI/02May2025/5Minute/Q2/,False
3004,BUR-BUR-MER-MAE6,BURDUR2,DEBI,02May2025,5Minute,Q25,/BUR-BUR-MER-MAE6/BURDUR2/DEBI/02May2025/5Minute/Q25/,False
3005,BUR-BUR-MER-MAE6,BURDUR2,DEBI,02May2025,5Minute,Q5,/BUR-BUR-MER-MAE6/BURDUR2/DEBI/02May2025/5Minute/Q5/,False
3006,BUR-BUR-MER-MAE6,BURDUR2,DEBI,02May2025,5Minute,Q50,/BUR-BUR-MER-MAE6/BURDUR2/DEBI/02May2025/5Minute/Q50/,False
3007,BUR-BUR-MER-MAE6,BURDUR2,DEBI,02May2025,5Minute,Q500,/BUR-BUR-MER-MAE6/BURDUR2/DEBI/02May2025/5Minute/Q500/,False
3008,BUR-BUR-MER-MAE7,BURDUR,DEBI,01May2025,30Minute,Q10,/BUR-BUR-MER-MAE7/BURDUR/DEBI/01May2025/30Minute/Q10/,False
3009,BUR-BUR-MER-MAE7,BURDUR,DEBI,01May2025,30Minute,Q100,/BUR-BUR-MER-MAE7/BURDUR/DEBI/01May2025/30Minute/Q100/,False
3010,BUR-BUR-MER-MAE7,BURDUR,DEBI,01May2025,30Minute,Q1000,/BUR-BUR-MER-MAE7/BURDUR/DEBI/01May2025/30Minute/Q1000/,False
3011,BUR-BUR-MER-MAE7,BURDUR,DEBI,01May2025,30Minute,Q2,/BUR-BUR-MER-MAE7/BURDUR/DEBI/01May2025/30Minute/Q2/,False
3012,BUR-BUR-MER-MAE7,BURDUR,DEBI,01May2025,30Minute,Q25,/BUR-BUR-MER-MAE7/BURDUR/DEBI/01May2025/30Minute/Q25/,False
3013,BUR-BUR-MER-MAE7,BURDUR,DEBI,01May2025,30Minute,Q5,/BUR-BUR-MER-MAE7/BURDUR/DEBI/01May2025/30Minute/Q5/,False
3014,BUR-BUR-MER-MAE7,BURDUR,DEBI,01May2025,30Minute,Q50,/BUR-BUR-MER-MAE7/BURDUR/DEBI/01May2025/30Minute/Q50/,False
3015,BUR-BUR-MER-MAE7,BURDUR,DEBI,01May2025,30Minute,Q500,/BUR-BUR-MER-MAE7/BURDUR/DEBI/01May2025/30Minute/Q500/,False
3016,BUR-BUR-MER-MAE7,BURDUR2,DEBI,01May2025,30Minute,Q10,/BUR-BUR-MER-MAE7/BURDUR2/DEBI/01May2025/30Minute/Q10/,False
3017,BUR-BUR-MER-MAE7,BURDUR2,DEBI,01May2025,30Minute,Q100,/BUR-BUR-MER-MAE7/BURDUR2/DEBI/01May2025/30Minute/Q100/,False
3018,BUR-BUR-MER-MAE7,BURDUR2,DEBI,01May2025,30Minute,Q1000,/BUR-BUR-MER-MAE7/BURDUR2/DEBI/01May2025/30Minute/Q1000/,False
3019,BUR-BUR-MER-MAE7,BURDUR2,DEBI,01May2025,30Minute,Q2,/BUR-BUR-MER-MAE7/BURDUR2/DEBI/01May2025/30Minute/Q2/,False
3020,BUR-BUR-MER-MAE7,BURDUR2,DEBI,01May2025,30Minute,Q25,/BUR-BUR-MER-MAE7/BURDUR2/DEBI/01May2025/30Minute/Q25/,False
3021,BUR-BUR-MER-MAE7,BURDUR2,DEBI,01May2025,30Minute,Q5,/BUR-BUR-MER-MAE7/BURDUR2/DEBI/01May2025/30Minute/Q5/,False
3022,BUR-BUR-MER-MAE7,BURDUR2,DEBI,01May2025,30Minute,Q50,/BUR-BUR-MER-MAE7/BURDUR2/DEBI/01May2025/30Minute/Q50/,False
3023,BUR-BUR-MER-MAE7,BURDUR2,DEBI,01May2025,30Minute,Q500,/BUR-BUR-MER-MAE7/BURDUR2/DEBI/01May2025/30Minute/Q500/,False
3024,BUR-BUR-MER-MERKEZ,BURDUR,DEBI,01May2025,30Minute,Q10,/BUR-BUR-MER-MERKEZ/BURDUR/DEBI/01May2025/30Minute/Q10/,False
3025,BUR-BUR-MER-MERKEZ,BURDUR,DEBI,01May2025,30Minute,Q100,/BUR-BUR-MER-MERKEZ/BURDUR/DEBI/01May2025/30Minute/Q100/,False
3026,BUR-BUR-MER-MERKEZ,BURDUR,DEBI,01May2025,30Minute,Q1000,/BUR-BUR-MER-MERKEZ/BURDUR/DEBI/01May2025/30Minute/Q1000/,False
3027,BUR-BUR-MER-MERKEZ,BURDUR,DEBI,01May2025,30Minute,Q2,/BUR-BUR-MER-MERKEZ/BURDUR/DEBI/01May2025/30Minute/Q2/,False
3028,BUR-BUR-MER-MERKEZ,BURDUR,DEBI,01May2025,30Minute,Q25,/BUR-BUR-MER-MERKEZ/BURDUR/DEBI/01May2025/30Minute/Q25/,False
3029,BUR-BUR-MER-MERKEZ,BURDUR,DEBI,01May2025,30Minute,Q5,/BUR-BUR-MER-MERKEZ/BURDUR/DEBI/01May2025/30Minute/Q5/,False
3030,BUR-BUR-MER-MERKEZ,BURDUR,DEBI,01May2025,30Minute,Q50,/BUR-BUR-MER-MERKEZ/BURDUR/DEBI/01May2025/30Minute/Q50/,False
3031,BUR-BUR-MER-MERKEZ,BURDUR,DEBI,01May2025,30Minute,Q500,/BUR-BUR-MER-MERKEZ/BURDUR/DEBI/01May2025/30Minute/Q500/,False
3032,BUR-BUR-MER-MERKEZ,BURDUR2,DEBI,01May2025,30Minute,Q10,/BUR-BUR-MER-MERKEZ/BURDUR2/DEBI/01May2025/30Minute/Q10/,False
3033,BUR-BUR-MER-MERKEZ,BURDUR2,DEBI,01May2025,30Minute,Q100,/BUR-BUR-MER-MERKEZ/BURDUR2/DEBI/01May2025/30Minute/Q100/,False
3034,BUR-BUR-MER-MERKEZ,BURDUR2,DEBI,01May2025,30Minute,Q1000,/BUR-BUR-MER-MERKEZ/BURDUR2/DEBI/01May2025/30Minute/Q1000/,False
3035,BUR-BUR-MER-MERKEZ,BURDUR2,DEBI,01May2025,30Minute,Q2,/BUR-BUR-MER-MERKEZ/BURDUR2/DEBI/01May2025/30Minute/Q2/,False
3036,BUR-BUR-MER-MERKEZ,BURDUR2,DEBI,01May2025,30Minute,Q25,/BUR-BUR-MER-MERKEZ/BURDUR2/DEBI/01May2025/30Minute/Q25/,False
3037,BUR-BUR-MER-MERKEZ,BURDUR2,DEBI,01May2025,30Minute,Q5,/BUR-BUR-MER-MERKEZ/BURDUR2/DEBI/01May2025/30Minute/Q5/,False
3038,BUR-BUR-MER-MERKEZ,BURDUR2,DEBI,01May2025,30Minute,Q50,/BUR-BUR-MER-MERKEZ/BURDUR2/DEBI/01May2025/30Minute/Q50/,False
3039,BUR-BUR-MER-MERKEZ,BURDUR2,DEBI,01May2025,30Minute,Q500,/BUR-BUR-MER-MERKEZ/BURDUR2/DEBI/01May2025/30Minute/Q500/,False
3040,BUR-BUR-MER-NECATIBEY1,BURDUR,DEBI,01May2025,30Minute,Q10,/BUR-BUR-MER-NECATIBEY1/BURDUR/DEBI/01May2025/30Minute/Q10/,False
3041,BUR-BUR-MER-NECATIBEY1,BURDUR,DEBI,01May2025,30Minute,Q100,/BUR-BUR-MER-NECATIBEY1/BURDUR/DEBI/01May2025/30Minute/Q100/,False
3042,BUR-BUR-MER-NECATIBEY1,BURDUR,DEBI,01May2025,30Minute,Q1000,/BUR-BUR-MER-NECATIBEY1/BURDUR/DEBI/01May2025/30Minute/Q1000/,False
3043,BUR-BUR-MER-NECATIBEY1,BURDUR,DEBI,01May2025,30Minute,Q2,/BUR-BUR-MER-NECATIBEY1/BURDUR/DEBI/01May2025/30Minute/Q2/,False
3044,BUR-BUR-MER-NECATIBEY1,BURDUR,DEBI,01May2025,30Minute,Q25,/BUR-BUR-MER-NECATIBEY1/BURDUR/DEBI/01May2025/30Minute/Q25/,False
3045,BUR-BUR-MER-NECATIBEY1,BURDUR,DEBI,01May2025,30Minute,Q5,/BUR-BUR-MER-NECATIBEY1/BURDUR/DEBI/01May2025/30Minute/Q5/,False
3046,BUR-BUR-MER-NECATIBEY1,BURDUR,DEBI,01May2025,30Minute,Q50,/BUR-BUR-MER-NECATIBEY1/BURDUR/DEBI/01May2025/30Minute/Q50/,False
3047,BUR-BUR-MER-NECATIBEY1,BURDUR,DEBI,01May2025,30Minute,Q500,/BUR-BUR-MER-NECATIBEY1/BURDUR/DEBI/01May2025/30Minute/Q500/,False
3048,BUR-BUR-MER-NECATIBEY1,BURDUR2,DEBI,01May2025,30Minute,Q10,/BUR-BUR-MER-NECATIBEY1/BURDUR2/DEBI/01May2025/30Minute/Q10/,False
3049,BUR-BUR-MER-NECATIBEY1,BURDUR2,DEBI,01May2025,30Minute,Q100,/BUR-BUR-MER-NECATIBEY1/BURDUR2/DEBI/01May2025/30Minute/Q100/,False
3050,BUR-BUR-MER-NECATIBEY1,BURDUR2,DEBI,01May2025,30Minute,Q1000,/BUR-BUR-MER-NECATIBEY1/BURDUR2/DEBI/01May2025/30Minute/Q1000/,False
3051,BUR-BUR-MER-NECATIBEY1,BURDUR2,DEBI,01May2025,30Minute,Q2,/BUR-BUR-MER-NECATIBEY1/BURDUR2/DEBI/01May2025/30Minute/Q2/,False
3052,BUR-BUR-MER-NECATIBEY1,BURDUR2,DEBI,01May2025,30Minute,Q25,/BUR-BUR-MER-NECATIBEY1/BURDUR2/DEBI/01May2025/30Minute/Q25/,False
3053,BUR-BUR-MER-NECATIBEY1,BURDUR2,DEBI,01May2025,30Minute,Q5,/BUR-BUR-MER-NECATIBEY1/BURDUR2/DEBI/01May2025/30Minute/Q5/,False
3054,BUR-BUR-MER-NECATIBEY1,BURDUR2,DEBI,01May2025,30Minute,Q50,/BUR-BUR-MER-NECATIBEY1/BURDUR2/DEBI/01May2025/30Minute/Q50/,False
3055,BUR-BUR-MER-NECATIBEY1,BURDUR2,DEBI,01May2025,30Minute,Q500,/BUR-BUR-MER-NECATIBEY1/BURDUR2/DEBI/01May2025/30Minute/Q500/,False
3056,BUR-BUR-MER-NECATIBEY2,BURDUR,DEBI,02May2025,5Minute,Q10,/BUR-BUR-MER-NECATIBEY2/BURDUR/DEBI/02May2025/5Minute/Q10/,False
3057,BUR-BUR-MER-NECATIBEY2,BURDUR,DEBI,02May2025,5Minute,Q100,/BUR-BUR-MER-NECATIBEY2/BURDUR/DEBI/02May2025/5Minute/Q100/,False
3058,BUR-BUR-MER-NECATIBEY2,BURDUR,DEBI,02May2025,5Minute,Q1000,/BUR-BUR-MER-NECATIBEY2/BURDUR/DEBI/02May2025/5Minute/Q1000/,False
3059,BUR-BUR-MER-NECATIBEY2,BURDUR,DEBI,02May2025,5Minute,Q2,/BUR-BUR-MER-NECATIBEY2/BURDUR/DEBI/02May2025/5Minute/Q2/,False
3060,BUR-BUR-MER-NECATIBEY2,BURDUR,DEBI,02May2025,5Minute,Q25,/BUR-BUR-MER-NECATIBEY2/BURDUR/DEBI/02May2025/5Minute/Q25/,False
3061,BUR-BUR-MER-NECATIBEY2,BURDUR,DEBI,02May2025,5Minute,Q5,/BUR-BUR-MER-NECATIBEY2/BURDUR/DEBI/02May2025/5Minute/Q5/,False
3062,BUR-BUR-MER-NECATIBEY2,BURDUR,DEBI,02May2025,5Minute,Q50,/BUR-BUR-MER-NECATIBEY2/BURDUR/DEBI/02May2025/5Minute/Q50/,False
3063,BUR-BUR-MER-NECATIBEY2,BURDUR,DEBI,02May2025,5Minute,Q500,/BUR-BUR-MER-NECATIBEY2/BURDUR/DEBI/02May2025/5Minute/Q500/,False
3064,BUR-BUR-MER-NECATIBEY2,BURDUR2,DEBI,02May2025,5Minute,Q10,/BUR-BUR-MER-NECATIBEY2/BURDUR2/DEBI/02May2025/5Minute/Q10/,False
3065,BUR-BUR-MER-NECATIBEY2,BURDUR2,DEBI,02May2025,5Minute,Q100,/BUR-BUR-MER-NECATIBEY2/BURDUR2/DEBI/02May2025/5Minute/Q100/,False
3066,BUR-BUR-MER-NECATIBEY2,BURDUR2,DEBI,02May2025,5Minute,Q1000,/BUR-BUR-MER-NECATIBEY2/BURDUR2/DEBI/02May2025/5Minute/Q1000/,False
3067,BUR-BUR-MER-NECATIBEY2,BURDUR2,DEBI,02May2025,5Minute,Q2,/BUR-BUR-MER-NECATIBEY2/BURDUR2/DEBI/02May2025/5Minute/Q2/,False
3068,BUR-BUR-MER-NECATIBEY2,BURDUR2,DEBI,02May2025,5Minute,Q25,/BUR-BUR-MER-NECATIBEY2/BURDUR2/DEBI/02May2025/5Minute/Q25/,False
3069,BUR-BUR-MER-NECATIBEY2,BURDUR2,DEBI,02May2025,5Minute,Q5,/BUR-BUR-MER-NECATIBEY2/BURDUR2/DEBI/02May2025/5Minute/Q5/,False
3070,BUR-BUR-MER-NECATIBEY2,BURDUR2,DEBI,02May2025,5Minute,Q50,/BUR-BUR-MER-NECATIBEY2/BURDUR2/DEBI/02May2025/5Minute/Q50/,False
3071,BUR-BUR-MER-NECATIBEY2,BURDUR2,DEBI,02May2025,5Minute,Q500,/BUR-BUR-MER-NECATIBEY2/BURDUR2/DEBI/02May2025/5Minute/Q500/,False
3072,BUR-BUR-MER-NECATIBEY3,BURDUR,DEBI,02May2025,5Minute,Q10,/BUR-BUR-MER-NECATIBEY3/BURDUR/DEBI/02May2025/5Minute/Q10/,False
3073,BUR-BUR-MER-NECATIBEY3,BURDUR,DEBI,02May2025,5Minute,Q100,/BUR-BUR-MER-NECATIBEY3/BURDUR/DEBI/02May2025/5Minute/Q100/,False
3074,BUR-BUR-MER-NECATIBEY3,BURDUR,DEBI,02May2025,5Minute,Q1000,/BUR-BUR-MER-NECATIBEY3/BURDUR/DEBI/02May2025/5Minute/Q1000/,False
3075,BUR-BUR-MER-NECATIBEY3,BURDUR,DEBI,02May2025,5Minute,Q2,/BUR-BUR-MER-NECATIBEY3/BURDUR/DEBI/02May2025/5Minute/Q2/,False
3076,BUR-BUR-MER-NECATIBEY3,BURDUR,DEBI,02May2025,5Minute,Q25,/BUR-BUR-MER-NECATIBEY3/BURDUR/DEBI/02May2025/5Minute/Q25/,False
3077,BUR-BUR-MER-NECATIBEY3,BURDUR,DEBI,02May2025,5Minute,Q5,/BUR-BUR-MER-NECATIBEY3/BURDUR/DEBI/02May2025/5Minute/Q5/,False
3078,BUR-BUR-MER-NECATIBEY3,BURDUR,DEBI,02May2025,5Minute,Q50,/BUR-BUR-MER-NECATIBEY3/BURDUR/DEBI/02May2025/5Minute/Q50/,False
3079,BUR-BUR-MER-NECATIBEY3,BURDUR,DEBI,02May2025,5Minute,Q500,/BUR-BUR-MER-NECATIBEY3/BURDUR/DEBI/02May2025/5Minute/Q500/,False
3080,BUR-BUR-MER-NECATIBEY3,BURDUR2,DEBI,02May2025,5Minute,Q10,/BUR-BUR-MER-NECATIBEY3/BURDUR2/DEBI/02May2025/5Minute/Q10/,False
3081,BUR-BUR-MER-NECATIBEY3,BURDUR2,DEBI,02May2025,5Minute,Q100,/BUR-BUR-MER-NECATIBEY3/BURDUR2/DEBI/02May2025/5Minute/Q100/,False
3082,BUR-BUR-MER-NECATIBEY3,BURDUR2,DEBI,02May2025,5Minute,Q1000,/BUR-BUR-MER-NECATIBEY3/BURDUR2/DEBI/02May2025/5Minute/Q1000/,False
3083,BUR-BUR-MER-NECATIBEY3,BURDUR2,DEBI,02May2025,5Minute,Q2,/BUR-BUR-MER-NECATIBEY3/BURDUR2/DEBI/02May2025/5Minute/Q2/,False
3084,BUR-BUR-MER-NECATIBEY3,BURDUR2,DEBI,02May2025,5Minute,Q25,/BUR-BUR-MER-NECATIBEY3/BURDUR2/DEBI/02May2025/5Minute/Q25/,False
3085,BUR-BUR-MER-NECATIBEY3,BURDUR2,DEBI,02May2025,5Minute,Q5,/BUR-BUR-MER-NECATIBEY3/BURDUR2/DEBI/02May2025/5Minute/Q5/,False
3086,BUR-BUR-MER-NECATIBEY3,BURDUR2,DEBI,02May2025,5Minute,Q50,/BUR-BUR-MER-NECATIBEY3/BURDUR2/DEBI/02May2025/5Minute/Q50/,False
3087,BUR-BUR-MER-NECATIBEY3,BURDUR2,DEBI,02May2025,5Minute,Q500,/BUR-BUR-MER-NECATIBEY3/BURDUR2/DEBI/02May2025/5Minute/Q500/,False
3088,BUR-BUR-MER-NECATIBEY4,BURDUR,DEBI,01May2025,30Minute,Q10,/BUR-BUR-MER-NECATIBEY4/BURDUR/DEBI/01May2025/30Minute/Q10/,False
3089,BUR-BUR-MER-NECATIBEY4,BURDUR,DEBI,01May2025,30Minute,Q100,/BUR-BUR-MER-NECATIBEY4/BURDUR/DEBI/01May2025/30Minute/Q100/,False
3090,BUR-BUR-MER-NECATIBEY4,BURDUR,DEBI,01May2025,30Minute,Q1000,/BUR-BUR-MER-NECATIBEY4/BURDUR/DEBI/01May2025/30Minute/Q1000/,False
3091,BUR-BUR-MER-NECATIBEY4,BURDUR,DEBI,01May2025,30Minute,Q2,/BUR-BUR-MER-NECATIBEY4/BURDUR/DEBI/01May2025/30Minute/Q2/,False
3092,BUR-BUR-MER-NECATIBEY4,BURDUR,DEBI,01May2025,30Minute,Q25,/BUR-BUR-MER-NECATIBEY4/BURDUR/DEBI/01May2025/30Minute/Q25/,False
3093,BUR-BUR-MER-NECATIBEY4,BURDUR,DEBI,01May2025,30Minute,Q5,/BUR-BUR-MER-NECATIBEY4/BURDUR/DEBI/01May2025/30Minute/Q5/,False
3094,BUR-BUR-MER-NECATIBEY4,BURDUR,DEBI,01May2025,30Minute,Q50,/BUR-BUR-MER-NECATIBEY4/BURDUR/DEBI/01May2025/30Minute/Q50/,False
3095,BUR-BUR-MER-NECATIBEY4,BURDUR,DEBI,01May2025,30Minute,Q500,/BUR-BUR-MER-NECATIBEY4/BURDUR/DEBI/01May2025/30Minute/Q500/,False
3096,BUR-BUR-MER-NECATIBEY4,BURDUR2,DEBI,01May2025,30Minute,Q10,/BUR-BUR-MER-NECATIBEY4/BURDUR2/DEBI/01May2025/30Minute/Q10/,False
3097,BUR-BUR-MER-NECATIBEY4,BURDUR2,DEBI,01May2025,30Minute,Q100,/BUR-BUR-MER-NECATIBEY4/BURDUR2/DEBI/01May2025/30Minute/Q100/,False
3098,BUR-BUR-MER-NECATIBEY4,BURDUR2,DEBI,01May2025,30Minute,Q1000,/BUR-BUR-MER-NECATIBEY4/BURDUR2/DEBI/01May2025/30Minute/Q1000/,False
3099,BUR-BUR-MER-NECATIBEY4,BURDUR2,DEBI,01May2025,30Minute,Q2,/BUR-BUR-MER-NECATIBEY4/BURDUR2/DEBI/01May2025/30Minute/Q2/,False
3100,BUR-BUR-MER-NECATIBEY4,BURDUR2,DEBI,01May2025,30Minute,Q25,/BUR-BUR-MER-NECATIBEY4/BURDUR2/DEBI/01May2025/30Minute/Q25/,False
3101,BUR-BUR-MER-NECATIBEY4,BURDUR2,DEBI,01May2025,30Minute,Q5,/BUR-BUR-MER-NECATIBEY4/BURDUR2/DEBI/01May2025/30Minute/Q5/,False
3102,BUR-BUR-MER-NECATIBEY4,BURDUR2,DEBI,01May2025,30Minute,Q50,/BUR-BUR-MER-NECATIBEY4/BURDUR2/DEBI/01May2025/30Minute/Q50/,False
3103,BUR-BUR-MER-NECATIBEY4,BURDUR2,DEBI,01May2025,30Minute,Q500,/BUR-BUR-MER-NECATIBEY4/BURDUR2/DEBI/01May2025/30Minute/Q500/,False
3104,BUR-BUR-MER-NECATIBEY5,BURDUR,DEBI,01May2025,30Minute,Q10,/BUR-BUR-MER-NECATIBEY5/BURDUR/DEBI/01May2025/30Minute/Q10/,False
3105,BUR-BUR-MER-NECATIBEY5,BURDUR,DEBI,01May2025,30Minute,Q100,/BUR-BUR-MER-NECATIBEY5/BURDUR/DEBI/01May2025/30Minute/Q100/,False
3106,BUR-BUR-MER-NECATIBEY5,BURDUR,DEBI,01May2025,30Minute,Q1000,/BUR-BUR-MER-NECATIBEY5/BURDUR/DEBI/01May2025/30Minute/Q1000/,False
3107,BUR-BUR-MER-NECATIBEY5,BURDUR,DEBI,01May2025,30Minute,Q2,/BUR-BUR-MER-NECATIBEY5/BURDUR/DEBI/01May2025/30Minute/Q2/,False
3108,BUR-BUR-MER-NECATIBEY5,BURDUR,DEBI,01May2025,30Minute,Q25,/BUR-BUR-MER-NECATIBEY5/BURDUR/DEBI/01May2025/30Minute/Q25/,False
3109,BUR-BUR-MER-NECATIBEY5,BURDUR,DEBI,01May2025,30Minute,Q5,/BUR-BUR-MER-NECATIBEY5/BURDUR/DEBI/01May2025/30Minute/Q5/,False
3110,BUR-BUR-MER-NECATIBEY5,BURDUR,DEBI,01May2025,30Minute,Q50,/BUR-BUR-MER-NECATIBEY5/BURDUR/DEBI/01May2025/30Minute/Q50/,False
3111,BUR-BUR-MER-NECATIBEY5,BURDUR,DEBI,01May2025,30Minute,Q500,/BUR-BUR-MER-NECATIBEY5/BURDUR/DEBI/01May2025/30Minute/Q500/,False
3112,BUR-BUR-MER-NECATIBEY5,BURDUR2,DEBI,01May2025,30Minute,Q10,/BUR-BUR-MER-NECATIBEY5/BURDUR2/DEBI/01May2025/30Minute/Q10/,False
3113,BUR-BUR-MER-NECATIBEY5,BURDUR2,DEBI,01May2025,30Minute,Q100,/BUR-BUR-MER-NECATIBEY5/BURDUR2/DEBI/01May2025/30Minute/Q100/,False
3114,BUR-BUR-MER-NECATIBEY5,BURDUR2,DEBI,01May2025,30Minute,Q1000,/BUR-BUR-MER-NECATIBEY5/BURDUR2/DEBI/01May2025/30Minute/Q1000/,False
3115,BUR-BUR-MER-NECATIBEY5,BURDUR2,DEBI,01May2025,30Minute,Q2,/BUR-BUR-MER-NECATIBEY5/BURDUR2/DEBI/01May2025/30Minute/Q2/,False
3116,BUR-BUR-MER-NECATIBEY5,BURDUR2,DEBI,01May2025,30Minute,Q25,/BUR-BUR-MER-NECATIBEY5/BURDUR2/DEBI/01May2025/30Minute/Q25/,False
3117,BUR-BUR-MER-NECATIBEY5,BURDUR2,DEBI,01May2025,30Minute,Q5,/BUR-BUR-MER-NECATIBEY5/BURDUR2/DEBI/01May2025/30Minute/Q5/,False
3118,BUR-BUR-MER-NECATIBEY5,BURDUR2,DEBI,01May2025,30Minute,Q50,/BUR-BUR-MER-NECATIBEY5/BURDUR2/DEBI/01May2025/30Minute/Q50/,False
3119,BUR-BUR-MER-NECATIBEY5,BURDUR2,DEBI,01May2025,30Minute,Q500,/BUR-BUR-MER-NECATIBEY5/BURDUR2/DEBI/01May2025/30Minute/Q500/,False
3120,BUR-BUR-MER-NECATIBEYA-T,BURDUR,DEBI,01May2025,30Minute,Q10,/BUR-BUR-MER-NECATIBEYA-T/BURDUR/DEBI/01May2025/30Minute/Q10/,False
3121,BUR-BUR-MER-NECATIBEYA-T,BURDUR,DEBI,01May2025,30Minute,Q100,/BUR-BUR-MER-NECATIBEYA-T/BURDUR/DEBI/01May2025/30Minute/Q100/,False
3122,BUR-BUR-MER-NECATIBEYA-T,BURDUR,DEBI,01May2025,30Minute,Q1000,/BUR-BUR-MER-NECATIBEYA-T/BURDUR/DEBI/01May2025/30Minute/Q1000/,False
3123,BUR-BUR-MER-NECATIBEYA-T,BURDUR,DEBI,01May2025,30Minute,Q2,/BUR-BUR-MER-NECATIBEYA-T/BURDUR/DEBI/01May2025/30Minute/Q2/,False
3124,BUR-BUR-MER-NECATIBEYA-T,BURDUR,DEBI,01May2025,30Minute,Q25,/BUR-BUR-MER-NECATIBEYA-T/BURDUR/DEBI/01May2025/30Minute/Q25/,False
3125,BUR-BUR-MER-NECATIBEYA-T,BURDUR,DEBI,01May2025,30Minute,Q5,/BUR-BUR-MER-NECATIBEYA-T/BURDUR/DEBI/01May2025/30Minute/Q5/,False
3126,BUR-BUR-MER-NECATIBEYA-T,BURDUR,DEBI,01May2025,30Minute,Q50,/BUR-BUR-MER-NECATIBEYA-T/BURDUR/DEBI/01May2025/30Minute/Q50/,False
3127,BUR-BUR-MER-NECATIBEYA-T,BURDUR,DEBI,01May2025,30Minute,Q500,/BUR-BUR-MER-NECATIBEYA-T/BURDUR/DEBI/01May2025/30Minute/Q500/,False
3128,BUR-BUR-MER-NECATIBEYA-T,BURDUR2,DEBI,01May2025,30Minute,Q10,/BUR-BUR-MER-NECATIBEYA-T/BURDUR2/DEBI/01May2025/30Minute/Q10/,False
3129,BUR-BUR-MER-NECATIBEYA-T,BURDUR2,DEBI,01May2025,30Minute,Q100,/BUR-BUR-MER-NECATIBEYA-T/BURDUR2/DEBI/01May2025/30Minute/Q100/,False
3130,BUR-BUR-MER-NECATIBEYA-T,BURDUR2,DEBI,01May2025,30Minute,Q1000,/BUR-BUR-MER-NECATIBEYA-T/BURDUR2/DEBI/01May2025/30Minute/Q1000/,False
3131,BUR-BUR-MER-NECATIBEYA-T,BURDUR2,DEBI,01May2025,30Minute,Q2,/BUR-BUR-MER-NECATIBEYA-T/BURDUR2/DEBI/01May2025/30Minute/Q2/,False
3132,BUR-BUR-MER-NECATIBEYA-T,BURDUR2,DEBI,01May2025,30Minute,Q25,/BUR-BUR-MER-NECATIBEYA-T/BURDUR2/DEBI/01May2025/30Minute/Q25/,False
3133,BUR-BUR-MER-NECATIBEYA-T,BURDUR2,DEBI,01May2025,30Minute,Q5,/BUR-BUR-MER-NECATIBEYA-T/BURDUR2/DEBI/01May2025/30Minute/Q5/,False
3134,BUR-BUR-MER-NECATIBEYA-T,BURDUR2,DEBI,01May2025,30Minute,Q50,/BUR-BUR-MER-NECATIBEYA-T/BURDUR2/DEBI/01May2025/30Minute/Q50/,False
3135,BUR-BUR-MER-NECATIBEYA-T,BURDUR2,DEBI,01May2025,30Minute,Q500,/BUR-BUR-MER-NECATIBEYA-T/BURDUR2/DEBI/01May2025/30Minute/Q500/,False
3136,BUR-BUR-MER-NECATIBEYB-T,BURDUR,DEBI,01May2025,30Minute,Q10,/BUR-BUR-MER-NECATIBEYB-T/BURDUR/DEBI/01May2025/30Minute/Q10/,False
3137,BUR-BUR-MER-NECATIBEYB-T,BURDUR,DEBI,01May2025,30Minute,Q100,/BUR-BUR-MER-NECATIBEYB-T/BURDUR/DEBI/01May2025/30Minute/Q100/,False
3138,BUR-BUR-MER-NECATIBEYB-T,BURDUR,DEBI,01May2025,30Minute,Q1000,/BUR-BUR-MER-NECATIBEYB-T/BURDUR/DEBI/01May2025/30Minute/Q1000/,False
3139,BUR-BUR-MER-NECATIBEYB-T,BURDUR,DEBI,01May2025,30Minute,Q2,/BUR-BUR-MER-NECATIBEYB-T/BURDUR/DEBI/01May2025/30Minute/Q2/,False
3140,BUR-BUR-MER-NECATIBEYB-T,BURDUR,DEBI,01May2025,30Minute,Q25,/BUR-BUR-MER-NECATIBEYB-T/BURDUR/DEBI/01May2025/30Minute/Q25/,False
3141,BUR-BUR-MER-NECATIBEYB-T,BURDUR,DEBI,01May2025,30Minute,Q5,/BUR-BUR-MER-NECATIBEYB-T/BURDUR/DEBI/01May2025/30Minute/Q5/,False
3142,BUR-BUR-MER-NECATIBEYB-T,BURDUR,DEBI,01May2025,30Minute,Q50,/BUR-BUR-MER-NECATIBEYB-T/BURDUR/DEBI/01May2025/30Minute/Q50/,False
3143,BUR-BUR-MER-NECATIBEYB-T,BURDUR,DEBI,01May2025,30Minute,Q500,/BUR-BUR-MER-NECATIBEYB-T/BURDUR/DEBI/01May2025/30Minute/Q500/,False
3144,BUR-BUR-MER-NECATIBEYB-T,BURDUR2,DEBI,01May2025,30Minute,Q10,/BUR-BUR-MER-NECATIBEYB-T/BURDUR2/DEBI/01May2025/30Minute/Q10/,False
3145,BUR-BUR-MER-NECATIBEYB-T,BURDUR2,DEBI,01May2025,30Minute,Q100,/BUR-BUR-MER-NECATIBEYB-T/BURDUR2/DEBI/01May2025/30Minute/Q100/,False
3146,BUR-BUR-MER-NECATIBEYB-T,BURDUR2,DEBI,01May2025,30Minute,Q1000,/BUR-BUR-MER-NECATIBEYB-T/BURDUR2/DEBI/01May2025/30Minute/Q1000/,False
3147,BUR-BUR-MER-NECATIBEYB-T,BURDUR2,DEBI,01May2025,30Minute,Q2,/BUR-BUR-MER-NECATIBEYB-T/BURDUR2/DEBI/01May2025/30Minute/Q2/,False
3148,BUR-BUR-MER-NECATIBEYB-T,BURDUR2,DEBI,01May2025,30Minute,Q25,/BUR-BUR-MER-NECATIBEYB-T/BURDUR2/DEBI/01May2025/30Minute/Q25/,False
3149,BUR-BUR-MER-NECATIBEYB-T,BURDUR2,DEBI,01May2025,30Minute,Q5,/BUR-BUR-MER-NECATIBEYB-T/BURDUR2/DEBI/01May2025/30Minute/Q5/,False
3150,BUR-BUR-MER-NECATIBEYB-T,BURDUR2,DEBI,01May2025,30Minute,Q50,/BUR-BUR-MER-NECATIBEYB-T/BURDUR2/DEBI/01May2025/30Minute/Q50/,False
3151,BUR-BUR-MER-NECATIBEYB-T,BURDUR2,DEBI,01May2025,30Minute,Q500,/BUR-BUR-MER-NECATIBEYB-T/BURDUR2/DEBI/01May2025/30Minute/Q500/,False
3152,BUR-BUR-MER-SARIOVA,BURDUR,DEBI,01May2025,30Minute,Q10,/BUR-BUR-MER-SARIOVA/BURDUR/DEBI/01May2025/30Minute/Q10/,False
3153,BUR-BUR-MER-SARIOVA,BURDUR,DEBI,01May2025,30Minute,Q100,/BUR-BUR-MER-SARIOVA/BURDUR/DEBI/01May2025/30Minute/Q100/,False
3154,BUR-BUR-MER-SARIOVA,BURDUR,DEBI,01May2025,30Minute,Q1000,/BUR-BUR-MER-SARIOVA/BURDUR/DEBI/01May2025/30Minute/Q1000/,False
3155,BUR-BUR-MER-SARIOVA,BURDUR,DEBI,01May2025,30Minute,Q2,/BUR-BUR-MER-SARIOVA/BURDUR/DEBI/01May2025/30Minute/Q2/,False
3156,BUR-BUR-MER-SARIOVA,BURDUR,DEBI,01May2025,30Minute,Q25,/BUR-BUR-MER-SARIOVA/BURDUR/DEBI/01May2025/30Minute/Q25/,False
3157,BUR-BUR-MER-SARIOVA,BURDUR,DEBI,01May2025,30Minute,Q5,/BUR-BUR-MER-SARIOVA/BURDUR/DEBI/01May2025/30Minute/Q5/,False
3158,BUR-BUR-MER-SARIOVA,BURDUR,DEBI,01May2025,30Minute,Q50,/BUR-BUR-MER-SARIOVA/BURDUR/DEBI/01May2025/30Minute/Q50/,False
3159,BUR-BUR-MER-SARIOVA,BURDUR,DEBI,01May2025,30Minute,Q500,/BUR-BUR-MER-SARIOVA/BURDUR/DEBI/01May2025/30Minute/Q500/,False
3160,BUR-BUR-MER-SARIOVA,BURDUR2,DEBI,01May2025,30Minute,Q10,/BUR-BUR-MER-SARIOVA/BURDUR2/DEBI/01May2025/30Minute/Q10/,False
3161,BUR-BUR-MER-SARIOVA,BURDUR2,DEBI,01May2025,30Minute,Q100,/BUR-BUR-MER-SARIOVA/BURDUR2/DEBI/01May2025/30Minute/Q100/,False
3162,BUR-BUR-MER-SARIOVA,BURDUR2,DEBI,01May2025,30Minute,Q1000,/BUR-BUR-MER-SARIOVA/BURDUR2/DEBI/01May2025/30Minute/Q1000/,False
3163,BUR-BUR-MER-SARIOVA,BURDUR2,DEBI,01May2025,30Minute,Q2,/BUR-BUR-MER-SARIOVA/BURDUR2/DEBI/01May2025/30Minute/Q2/,False
3164,BUR-BUR-MER-SARIOVA,BURDUR2,DEBI,01May2025,30Minute,Q25,/BUR-BUR-MER-SARIOVA/BURDUR2/DEBI/01May2025/30Minute/Q25/,False
3165,BUR-BUR-MER-SARIOVA,BURDUR2,DEBI,01May2025,30Minute,Q5,/BUR-BUR-MER-SARIOVA/BURDUR2/DEBI/01May2025/30Minute/Q5/,False
3166,BUR-BUR-MER-SARIOVA,BURDUR2,DEBI,01May2025,30Minute,Q50,/BUR-BUR-MER-SARIOVA/BURDUR2/DEBI/01May2025/30Minute/Q50/,False
3167,BUR-BUR-MER-SARIOVA,BURDUR2,DEBI,01May2025,30Minute,Q500,/BUR-BUR-MER-SARIOVA/BURDUR2/DEBI/01May2025/30Minute/Q500/,False
3168,BUR-BUR-MER-SINOP_DERESI,BURDUR,DEBI,02May2025,5Minute,Q10,/BUR-BUR-MER-SINOP_DERESI/BURDUR/DEBI/02May2025/5Minute/Q10/,False
3169,BUR-BUR-MER-SINOP_DERESI,BURDUR,DEBI,02May2025,5Minute,Q100,/BUR-BUR-MER-SINOP_DERESI/BURDUR/DEBI/02May2025/5Minute/Q100/,False
3170,BUR-BUR-MER-SINOP_DERESI,BURDUR,DEBI,02May2025,5Minute,Q1000,/BUR-BUR-MER-SINOP_DERESI/BURDUR/DEBI/02May2025/5Minute/Q1000/,False
3171,BUR-BUR-MER-SINOP_DERESI,BURDUR,DEBI,02May2025,5Minute,Q2,/BUR-BUR-MER-SINOP_DERESI/BURDUR/DEBI/02May2025/5Minute/Q2/,False
3172,BUR-BUR-MER-SINOP_DERESI,BURDUR,DEBI,02May2025,5Minute,Q25,/BUR-BUR-MER-SINOP_DERESI/BURDUR/DEBI/02May2025/5Minute/Q25/,False
3173,BUR-BUR-MER-SINOP_DERESI,BURDUR,DEBI,02May2025,5Minute,Q5,/BUR-BUR-MER-SINOP_DERESI/BURDUR/DEBI/02May2025/5Minute/Q5/,False
3174,BUR-BUR-MER-SINOP_DERESI,BURDUR,DEBI,02May2025,5Minute,Q50,/BUR-BUR-MER-SINOP_DERESI/BURDUR/DEBI/02May2025/5Minute/Q50/,False
3175,BUR-BUR-MER-SINOP_DERESI,BURDUR,DEBI,02May2025,5Minute,Q500,/BUR-BUR-MER-SINOP_DERESI/BURDUR/DEBI/02May2025/5Minute/Q500/,False
3176,BUR-BUR-MER-SINOP_DERESI,BURDUR2,DEBI,02May2025,5Minute,Q10,/BUR-BUR-MER-SINOP_DERESI/BURDUR2/DEBI/02May2025/5Minute/Q10/,False
3177,BUR-BUR-MER-SINOP_DERESI,BURDUR2,DEBI,02May2025,5Minute,Q100,/BUR-BUR-MER-SINOP_DERESI/BURDUR2/DEBI/02May2025/5Minute/Q100/,False
3178,BUR-BUR-MER-SINOP_DERESI,BURDUR2,DEBI,02May2025,5Minute,Q1000,/BUR-BUR-MER-SINOP_DERESI/BURDUR2/DEBI/02May2025/5Minute/Q1000/,False
3179,BUR-BUR-MER-SINOP_DERESI,BURDUR2,DEBI,02May2025,5Minute,Q2,/BUR-BUR-MER-SINOP_DERESI/BURDUR2/DEBI/02May2025/5Minute/Q2/,False
3180,BUR-BUR-MER-SINOP_DERESI,BURDUR2,DEBI,02May2025,5Minute,Q25,/BUR-BUR-MER-SINOP_DERESI/BURDUR2/DEBI/02May2025/5Minute/Q25/,False
3181,BUR-BUR-MER-SINOP_DERESI,BURDUR2,DEBI,02May2025,5Minute,Q5,/BUR-BUR-MER-SINOP_DERESI/BURDUR2/DEBI/02May2025/5Minute/Q5/,False
3182,BUR-BUR-MER-SINOP_DERESI,BURDUR2,DEBI,02May2025,5Minute,Q50,/BUR-BUR-MER-SINOP_DERESI/BURDUR2/DEBI/02May2025/5Minute/Q50/,False
3183,BUR-BUR-MER-SINOP_DERESI,BURDUR2,DEBI,02May2025,5Minute,Q500,/BUR-BUR-MER-SINOP_DERESI/BURDUR2/DEBI/02May2025/5Minute/Q500/,False
3184,BUR-BUR-MER-SINP_DERE2,BURDUR,DEBI,02May2025,5Minute,Q10,/BUR-BUR-MER-SINP_DERE2/BURDUR/DEBI/02May2025/5Minute/Q10/,False
3185,BUR-BUR-MER-SINP_DERE2,BURDUR,DEBI,02May2025,5Minute,Q100,/BUR-BUR-MER-SINP_DERE2/BURDUR/DEBI/02May2025/5Minute/Q100/,False
3186,BUR-BUR-MER-SINP_DERE2,BURDUR,DEBI,02May2025,5Minute,Q1000,/BUR-BUR-MER-SINP_DERE2/BURDUR/DEBI/02May2025/5Minute/Q1000/,False
3187,BUR-BUR-MER-SINP_DERE2,BURDUR,DEBI,02May2025,5Minute,Q2,/BUR-BUR-MER-SINP_DERE2/BURDUR/DEBI/02May2025/5Minute/Q2/,False
3188,BUR-BUR-MER-SINP_DERE2,BURDUR,DEBI,02May2025,5Minute,Q25,/BUR-BUR-MER-SINP_DERE2/BURDUR/DEBI/02May2025/5Minute/Q25/,False
3189,BUR-BUR-MER-SINP_DERE2,BURDUR,DEBI,02May2025,5Minute,Q5,/BUR-BUR-MER-SINP_DERE2/BURDUR/DEBI/02May2025/5Minute/Q5/,False
3190,BUR-BUR-MER-SINP_DERE2,BURDUR,DEBI,02May2025,5Minute,Q50,/BUR-BUR-MER-SINP_DERE2/BURDUR/DEBI/02May2025/5Minute/Q50/,False
3191,BUR-BUR-MER-SINP_DERE2,BURDUR,DEBI,02May2025,5Minute,Q500,/BUR-BUR-MER-SINP_DERE2/BURDUR/DEBI/02May2025/5Minute/Q500/,False
3192,BUR-BUR-MER-SINP_DERE2,BURDUR2,DEBI,02May2025,5Minute,Q10,/BUR-BUR-MER-SINP_DERE2/BURDUR2/DEBI/02May2025/5Minute/Q10/,False
3193,BUR-BUR-MER-SINP_DERE2,BURDUR2,DEBI,02May2025,5Minute,Q100,/BUR-BUR-MER-SINP_DERE2/BURDUR2/DEBI/02May2025/5Minute/Q100/,False
3194,BUR-BUR-MER-SINP_DERE2,BURDUR2,DEBI,02May2025,5Minute,Q1000,/BUR-BUR-MER-SINP_DERE2/BURDUR2/DEBI/02May2025/5Minute/Q1000/,False
3195,BUR-BUR-MER-SINP_DERE2,BURDUR2,DEBI,02May2025,5Minute,Q2,/BUR-BUR-MER-SINP_DERE2/BURDUR2/DEBI/02May2025/5Minute/Q2/,False
3196,BUR-BUR-MER-SINP_DERE2,BURDUR2,DEBI,02May2025,5Minute,Q25,/BUR-BUR-MER-SINP_DERE2/BURDUR2/DEBI/02May2025/5Minute/Q25/,False
3197,BUR-BUR-MER-SINP_DERE2,BURDUR2,DEBI,02May2025,5Minute,Q5,/BUR-BUR-MER-SINP_DERE2/BURDUR2/DEBI/02May2025/5Minute/Q5/,False
3198,BUR-BUR-MER-SINP_DERE2,BURDUR2,DEBI,02May2025,5Minute,Q50,/BUR-BUR-MER-SINP_DERE2/BURDUR2/DEBI/02May2025/5Minute/Q50/,False
3199,BUR-BUR-MER-SINP_DERE2,BURDUR2,DEBI,02May2025,5Minute,Q500,/BUR-BUR-MER-SINP_DERE2/BURDUR2/DEBI/02May2025/5Minute/Q500/,False
3200,BUR-BUR-MER-SOGANLI,BURDUR,DEBI,02May2025,5Minute,Q10,/BUR-BUR-MER-SOGANLI/BURDUR/DEBI/02May2025/5Minute/Q10/,False
3201,BUR-BUR-MER-SOGANLI,BURDUR,DEBI,02May2025,5Minute,Q100,/BUR-BUR-MER-SOGANLI/BURDUR/DEBI/02May2025/5Minute/Q100/,False
3202,BUR-BUR-MER-SOGANLI,BURDUR,DEBI,02May2025,5Minute,Q1000,/BUR-BUR-MER-SOGANLI/BURDUR/DEBI/02May2025/5Minute/Q1000/,False
3203,BUR-BUR-MER-SOGANLI,BURDUR,DEBI,02May2025,5Minute,Q2,/BUR-BUR-MER-SOGANLI/BURDUR/DEBI/02May2025/5Minute/Q2/,False
3204,BUR-BUR-MER-SOGANLI,BURDUR,DEBI,02May2025,5Minute,Q25,/BUR-BUR-MER-SOGANLI/BURDUR/DEBI/02May2025/5Minute/Q25/,False
3205,BUR-BUR-MER-SOGANLI,BURDUR,DEBI,02May2025,5Minute,Q5,/BUR-BUR-MER-SOGANLI/BURDUR/DEBI/02May2025/5Minute/Q5/,False
3206,BUR-BUR-MER-SOGANLI,BURDUR,DEBI,02May2025,5Minute,Q50,/BUR-BUR-MER-SOGANLI/BURDUR/DEBI/02May2025/5Minute/Q50/,False
3207,BUR-BUR-MER-SOGANLI,BURDUR,DEBI,02May2025,5Minute,Q500,/BUR-BUR-MER-SOGANLI/BURDUR/DEBI/02May2025/5Minute/Q500/,False
3208,BUR-BUR-MER-SOGANLI,BURDUR2,DEBI,02May2025,5Minute,Q10,/BUR-BUR-MER-SOGANLI/BURDUR2/DEBI/02May2025/5Minute/Q10/,False
3209,BUR-BUR-MER-SOGANLI,BURDUR2,DEBI,02May2025,5Minute,Q100,/BUR-BUR-MER-SOGANLI/BURDUR2/DEBI/02May2025/5Minute/Q100/,False
3210,BUR-BUR-MER-SOGANLI,BURDUR2,DEBI,02May2025,5Minute,Q1000,/BUR-BUR-MER-SOGANLI/BURDUR2/DEBI/02May2025/5Minute/Q1000/,False
3211,BUR-BUR-MER-SOGANLI,BURDUR2,DEBI,02May2025,5Minute,Q2,/BUR-BUR-MER-SOGANLI/BURDUR2/DEBI/02May2025/5Minute/Q2/,False
3212,BUR-BUR-MER-SOGANLI,BURDUR2,DEBI,02May2025,5Minute,Q25,/BUR-BUR-MER-SOGANLI/BURDUR2/DEBI/02May2025/5Minute/Q25/,False
3213,BUR-BUR-MER-SOGANLI,BURDUR2,DEBI,02May2025,5Minute,Q5,/BUR-BUR-MER-SOGANLI/BURDUR2/DEBI/02May2025/5Minute/Q5/,False
3214,BUR-BUR-MER-SOGANLI,BURDUR2,DEBI,02May2025,5Minute,Q50,/BUR-BUR-MER-SOGANLI/BURDUR2/DEBI/02May2025/5Minute/Q50/,False
3215,BUR-BUR-MER-SOGANLI,BURDUR2,DEBI,02May2025,5Minute,Q500,/BUR-BUR-MER-SOGANLI/BURDUR2/DEBI/02May2025/5Minute/Q500/,False
3216,BUR-BUR-MER-SULTAN_DERE3A,BURDUR,DEBI,01May2025,30Minute,Q10,/BUR-BUR-MER-SULTAN_DERE3A/BURDUR/DEBI/01May2025/30Minute/Q10/,False
3217,BUR-BUR-MER-SULTAN_DERE3A,BURDUR,DEBI,01May2025,30Minute,Q100,/BUR-BUR-MER-SULTAN_DERE3A/BURDUR/DEBI/01May2025/30Minute/Q100/,False
3218,BUR-BUR-MER-SULTAN_DERE3A,BURDUR,DEBI,01May2025,30Minute,Q1000,/BUR-BUR-MER-SULTAN_DERE3A/BURDUR/DEBI/01May2025/30Minute/Q1000/,False
3219,BUR-BUR-MER-SULTAN_DERE3A,BURDUR,DEBI,01May2025,30Minute,Q2,/BUR-BUR-MER-SULTAN_DERE3A/BURDUR/DEBI/01May2025/30Minute/Q2/,False
3220,BUR-BUR-MER-SULTAN_DERE3A,BURDUR,DEBI,01May2025,30Minute,Q25,/BUR-BUR-MER-SULTAN_DERE3A/BURDUR/DEBI/01May2025/30Minute/Q25/,False
3221,BUR-BUR-MER-SULTAN_DERE3A,BURDUR,DEBI,01May2025,30Minute,Q5,/BUR-BUR-MER-SULTAN_DERE3A/BURDUR/DEBI/01May2025/30Minute/Q5/,False
3222,BUR-BUR-MER-SULTAN_DERE3A,BURDUR,DEBI,01May2025,30Minute,Q50,/BUR-BUR-MER-SULTAN_DERE3A/BURDUR/DEBI/01May2025/30Minute/Q50/,False
3223,BUR-BUR-MER-SULTAN_DERE3A,BURDUR,DEBI,01May2025,30Minute,Q500,/BUR-BUR-MER-SULTAN_DERE3A/BURDUR/DEBI/01May2025/30Minute/Q500/,False
3224,BUR-BUR-MER-SULTAN_DERE3A,BURDUR2,DEBI,01May2025,30Minute,Q10,/BUR-BUR-MER-SULTAN_DERE3A/BURDUR2/DEBI/01May2025/30Minute/Q10/,False
3225,BUR-BUR-MER-SULTAN_DERE3A,BURDUR2,DEBI,01May2025,30Minute,Q100,/BUR-BUR-MER-SULTAN_DERE3A/BURDUR2/DEBI/01May2025/30Minute/Q100/,False
3226,BUR-BUR-MER-SULTAN_DERE3A,BURDUR2,DEBI,01May2025,30Minute,Q1000,/BUR-BUR-MER-SULTAN_DERE3A/BURDUR2/DEBI/01May2025/30Minute/Q1000/,False
3227,BUR-BUR-MER-SULTAN_DERE3A,BURDUR2,DEBI,01May2025,30Minute,Q2,/BUR-BUR-MER-SULTAN_DERE3A/BURDUR2/DEBI/01May2025/30Minute/Q2/,False
3228,BUR-BUR-MER-SULTAN_DERE3A,BURDUR2,DEBI,01May2025,30Minute,Q25,/BUR-BUR-MER-SULTAN_DERE3A/BURDUR2/DEBI/01May2025/30Minute/Q25/,False
3229,BUR-BUR-MER-SULTAN_DERE3A,BURDUR2,DEBI,01May2025,30Minute,Q5,/BUR-BUR-MER-SULTAN_DERE3A/BURDUR2/DEBI/01May2025/30Minute/Q5/,False
3230,BUR-BUR-MER-SULTAN_DERE3A,BURDUR2,DEBI,01May2025,30Minute,Q50,/BUR-BUR-MER-SULTAN_DERE3A/BURDUR2/DEBI/01May2025/30Minute/Q50/,False
3231,BUR-BUR-MER-SULTAN_DERE3A,BURDUR2,DEBI,01May2025,30Minute,Q500,/BUR-BUR-MER-SULTAN_DERE3A/BURDUR2/DEBI/01May2025/30Minute/Q500/,False
3232,BUR-BUR-MER-SULTAN_DERE3B,BURDUR,DEBI,01May2025,30Minute,Q10,/BUR-BUR-MER-SULTAN_DERE3B/BURDUR/DEBI/01May2025/30Minute/Q10/,False
3233,BUR-BUR-MER-SULTAN_DERE3B,BURDUR,DEBI,01May2025,30Minute,Q100,/BUR-BUR-MER-SULTAN_DERE3B/BURDUR/DEBI/01May2025/30Minute/Q100/,False
3234,BUR-BUR-MER-SULTAN_DERE3B,BURDUR,DEBI,01May2025,30Minute,Q1000,/BUR-BUR-MER-SULTAN_DERE3B/BURDUR/DEBI/01May2025/30Minute/Q1000/,False
3235,BUR-BUR-MER-SULTAN_DERE3B,BURDUR,DEBI,01May2025,30Minute,Q2,/BUR-BUR-MER-SULTAN_DERE3B/BURDUR/DEBI/01May2025/30Minute/Q2/,False
3236,BUR-BUR-MER-SULTAN_DERE3B,BURDUR,DEBI,01May2025,30Minute,Q25,/BUR-BUR-MER-SULTAN_DERE3B/BURDUR/DEBI/01May2025/30Minute/Q25/,False
3237,BUR-BUR-MER-SULTAN_DERE3B,BURDUR,DEBI,01May2025,30Minute,Q5,/BUR-BUR-MER-SULTAN_DERE3B/BURDUR/DEBI/01May2025/30Minute/Q5/,False
3238,BUR-BUR-MER-SULTAN_DERE3B,BURDUR,DEBI,01May2025,30Minute,Q50,/BUR-BUR-MER-SULTAN_DERE3B/BURDUR/DEBI/01May2025/30Minute/Q50/,False
3239,BUR-BUR-MER-SULTAN_DERE3B,BURDUR,DEBI,01May2025,30Minute,Q500,/BUR-BUR-MER-SULTAN_DERE3B/BURDUR/DEBI/01May2025/30Minute/Q500/,False
3240,BUR-BUR-MER-SULTAN_DERE3B,BURDUR2,DEBI,01May2025,30Minute,Q10,/BUR-BUR-MER-SULTAN_DERE3B/BURDUR2/DEBI/01May2025/30Minute/Q10/,False
3241,BUR-BUR-MER-SULTAN_DERE3B,BURDUR2,DEBI,01May2025,30Minute,Q100,/BUR-BUR-MER-SULTAN_DERE3B/BURDUR2/DEBI/01May2025/30Minute/Q100/,False
3242,BUR-BUR-MER-SULTAN_DERE3B,BURDUR2,DEBI,01May2025,30Minute,Q1000,/BUR-BUR-MER-SULTAN_DERE3B/BURDUR2/DEBI/01May2025/30Minute/Q1000/,False
3243,BUR-BUR-MER-SULTAN_DERE3B,BURDUR2,DEBI,01May2025,30Minute,Q2,/BUR-BUR-MER-SULTAN_DERE3B/BURDUR2/DEBI/01May2025/30Minute/Q2/,False
3244,BUR-BUR-MER-SULTAN_DERE3B,BURDUR2,DEBI,01May2025,30Minute,Q25,/BUR-BUR-MER-SULTAN_DERE3B/BURDUR2/DEBI/01May2025/30Minute/Q25/,False
3245,BUR-BUR-MER-SULTAN_DERE3B,BURDUR2,DEBI,01May2025,30Minute,Q5,/BUR-BUR-MER-SULTAN_DERE3B/BURDUR2/DEBI/01May2025/30Minute/Q5/,False
3246,BUR-BUR-MER-SULTAN_DERE3B,BURDUR2,DEBI,01May2025,30Minute,Q50,/BUR-BUR-MER-SULTAN_DERE3B/BURDUR2/DEBI/01May2025/30Minute/Q50/,False
3247,BUR-BUR-MER-SULTAN_DERE3B,BURDUR2,DEBI,01May2025,30Minute,Q500,/BUR-BUR-MER-SULTAN_DERE3B/BURDUR2/DEBI/01May2025/30Minute/Q500/,False
3248,BUR-BUR-MER-SULTAN_DERESI1,BURDUR,DEBI,02May2025,5Minute,Q10,/BUR-BUR-MER-SULTAN_DERESI1/BURDUR/DEBI/02May2025/5Minute/Q10/,False
3249,BUR-BUR-MER-SULTAN_DERESI1,BURDUR,DEBI,02May2025,5Minute,Q100,/BUR-BUR-MER-SULTAN_DERESI1/BURDUR/DEBI/02May2025/5Minute/Q100/,False
3250,BUR-BUR-MER-SULTAN_DERESI1,BURDUR,DEBI,02May2025,5Minute,Q1000,/BUR-BUR-MER-SULTAN_DERESI1/BURDUR/DEBI/02May2025/5Minute/Q1000/,False
3251,BUR-BUR-MER-SULTAN_DERESI1,BURDUR,DEBI,02May2025,5Minute,Q2,/BUR-BUR-MER-SULTAN_DERESI1/BURDUR/DEBI/02May2025/5Minute/Q2/,False
3252,BUR-BUR-MER-SULTAN_DERESI1,BURDUR,DEBI,02May2025,5Minute,Q25,/BUR-BUR-MER-SULTAN_DERESI1/BURDUR/DEBI/02May2025/5Minute/Q25/,False
3253,BUR-BUR-MER-SULTAN_DERESI1,BURDUR,DEBI,02May2025,5Minute,Q5,/BUR-BUR-MER-SULTAN_DERESI1/BURDUR/DEBI/02May2025/5Minute/Q5/,False
3254,BUR-BUR-MER-SULTAN_DERESI1,BURDUR,DEBI,02May2025,5Minute,Q50,/BUR-BUR-MER-SULTAN_DERESI1/BURDUR/DEBI/02May2025/5Minute/Q50/,False
3255,BUR-BUR-MER-SULTAN_DERESI1,BURDUR,DEBI,02May2025,5Minute,Q500,/BUR-BUR-MER-SULTAN_DERESI1/BURDUR/DEBI/02May2025/5Minute/Q500/,False
3256,BUR-BUR-MER-SULTAN_DERESI1,BURDUR2,DEBI,02May2025,5Minute,Q10,/BUR-BUR-MER-SULTAN_DERESI1/BURDUR2/DEBI/02May2025/5Minute/Q10/,False
3257,BUR-BUR-MER-SULTAN_DERESI1,BURDUR2,DEBI,02May2025,5Minute,Q100,/BUR-BUR-MER-SULTAN_DERESI1/BURDUR2/DEBI/02May2025/5Minute/Q100/,False
3258,BUR-BUR-MER-SULTAN_DERESI1,BURDUR2,DEBI,02May2025,5Minute,Q1000,/BUR-BUR-MER-SULTAN_DERESI1/BURDUR2/DEBI/02May2025/5Minute/Q1000/,False
3259,BUR-BUR-MER-SULTAN_DERESI1,BURDUR2,DEBI,02May2025,5Minute,Q2,/BUR-BUR-MER-SULTAN_DERESI1/BURDUR2/DEBI/02May2025/5Minute/Q2/,False
3260,BUR-BUR-MER-SULTAN_DERESI1,BURDUR2,DEBI,02May2025,5Minute,Q25,/BUR-BUR-MER-SULTAN_DERESI1/BURDUR2/DEBI/02May2025/5Minute/Q25/,False
3261,BUR-BUR-MER-SULTAN_DERESI1,BURDUR2,DEBI,02May2025,5Minute,Q5,/BUR-BUR-MER-SULTAN_DERESI1/BURDUR2/DEBI/02May2025/5Minute/Q5/,False
3262,BUR-BUR-MER-SULTAN_DERESI1,BURDUR2,DEBI,02May2025,5Minute,Q50,/BUR-BUR-MER-SULTAN_DERESI1/BURDUR2/DEBI/02May2025/5Minute/Q50/,False
3263,BUR-BUR-MER-SULTAN_DERESI1,BURDUR2,DEBI,02May2025,5Minute,Q500,/BUR-BUR-MER-SULTAN_DERESI1/BURDUR2/DEBI/02May2025/5Minute/Q500/,False
3264,BUR-BUR-MER-SULTAN_DERESI2,BURDUR,DEBI,02May2025,5Minute,Q10,/BUR-BUR-MER-SULTAN_DERESI2/BURDUR/DEBI/02May2025/5Minute/Q10/,False
3265,BUR-BUR-MER-SULTAN_DERESI2,BURDUR,DEBI,02May2025,5Minute,Q100,/BUR-BUR-MER-SULTAN_DERESI2/BURDUR/DEBI/02May2025/5Minute/Q100/,False
3266,BUR-BUR-MER-SULTAN_DERESI2,BURDUR,DEBI,02May2025,5Minute,Q1000,/BUR-BUR-MER-SULTAN_DERESI2/BURDUR/DEBI/02May2025/5Minute/Q1000/,False
3267,BUR-BUR-MER-SULTAN_DERESI2,BURDUR,DEBI,02May2025,5Minute,Q2,/BUR-BUR-MER-SULTAN_DERESI2/BURDUR/DEBI/02May2025/5Minute/Q2/,False
3268,BUR-BUR-MER-SULTAN_DERESI2,BURDUR,DEBI,02May2025,5Minute,Q25,/BUR-BUR-MER-SULTAN_DERESI2/BURDUR/DEBI/02May2025/5Minute/Q25/,False
3269,BUR-BUR-MER-SULTAN_DERESI2,BURDUR,DEBI,02May2025,5Minute,Q5,/BUR-BUR-MER-SULTAN_DERESI2/BURDUR/DEBI/02May2025/5Minute/Q5/,False
3270,BUR-BUR-MER-SULTAN_DERESI2,BURDUR,DEBI,02May2025,5Minute,Q50,/BUR-BUR-MER-SULTAN_DERESI2/BURDUR/DEBI/02May2025/5Minute/Q50/,False
3271,BUR-BUR-MER-SULTAN_DERESI2,BURDUR,DEBI,02May2025,5Minute,Q500,/BUR-BUR-MER-SULTAN_DERESI2/BURDUR/DEBI/02May2025/5Minute/Q500/,False
3272,BUR-BUR-MER-SULTAN_DERESI2,BURDUR2,DEBI,02May2025,5Minute,Q10,/BUR-BUR-MER-SULTAN_DERESI2/BURDUR2/DEBI/02May2025/5Minute/Q10/,False
3273,BUR-BUR-MER-SULTAN_DERESI2,BURDUR2,DEBI,02May2025,5Minute,Q100,/BUR-BUR-MER-SULTAN_DERESI2/BURDUR2/DEBI/02May2025/5Minute/Q100/,False
3274,BUR-BUR-MER-SULTAN_DERESI2,BURDUR2,DEBI,02May2025,5Minute,Q1000,/BUR-BUR-MER-SULTAN_DERESI2/BURDUR2/DEBI/02May2025/5Minute/Q1000/,False
3275,BUR-BUR-MER-SULTAN_DERESI2,BURDUR2,DEBI,02May2025,5Minute,Q2,/BUR-BUR-MER-SULTAN_DERESI2/BURDUR2/DEBI/02May2025/5Minute/Q2/,False
3276,BUR-BUR-MER-SULTAN_DERESI2,BURDUR2,DEBI,02May2025,5Minute,Q25,/BUR-BUR-MER-SULTAN_DERESI2/BURDUR2/DEBI/02May2025/5Minute/Q25/,False
3277,BUR-BUR-MER-SULTAN_DERESI2,BURDUR2,DEBI,02May2025,5Minute,Q5,/BUR-BUR-MER-SULTAN_DERESI2/BURDUR2/DEBI/02May2025/5Minute/Q5/,False
3278,BUR-BUR-MER-SULTAN_DERESI2,BURDUR2,DEBI,02May2025,5Minute,Q50,/BUR-BUR-MER-SULTAN_DERESI2/BURDUR2/DEBI/02May2025/5Minute/Q50/,False
3279,BUR-BUR-MER-SULTAN_DERESI2,BURDUR2,DEBI,02May2025,5Minute,Q500,/BUR-BUR-MER-SULTAN_DERESI2/BURDUR2/DEBI/02May2025/5Minute/Q500/,False
3280,BUR-BUR-MER-SULUDERE,BURDUR,DEBI,01May2025,30Minute,Q10,/BUR-BUR-MER-SULUDERE/BURDUR/DEBI/01May2025/30Minute/Q10/,False
3281,BUR-BUR-MER-SULUDERE,BURDUR,DEBI,01May2025,30Minute,Q100,/BUR-BUR-MER-SULUDERE/BURDUR/DEBI/01May2025/30Minute/Q100/,False
3282,BUR-BUR-MER-SULUDERE,BURDUR,DEBI,01May2025,30Minute,Q1000,/BUR-BUR-MER-SULUDERE/BURDUR/DEBI/01May2025/30Minute/Q1000/,False
3283,BUR-BUR-MER-SULUDERE,BURDUR,DEBI,01May2025,30Minute,Q2,/BUR-BUR-MER-SULUDERE/BURDUR/DEBI/01May2025/30Minute/Q2/,False
3284,BUR-BUR-MER-SULUDERE,BURDUR,DEBI,01May2025,30Minute,Q25,/BUR-BUR-MER-SULUDERE/BURDUR/DEBI/01May2025/30Minute/Q25/,False
3285,BUR-BUR-MER-SULUDERE,BURDUR,DEBI,01May2025,30Minute,Q5,/BUR-BUR-MER-SULUDERE/BURDUR/DEBI/01May2025/30Minute/Q5/,False
3286,BUR-BUR-MER-SULUDERE,BURDUR,DEBI,01May2025,30Minute,Q50,/BUR-BUR-MER-SULUDERE/BURDUR/DEBI/01May2025/30Minute/Q50/,False
3287,BUR-BUR-MER-SULUDERE,BURDUR,DEBI,01May2025,30Minute,Q500,/BUR-BUR-MER-SULUDERE/BURDUR/DEBI/01May2025/30Minute/Q500/,False
3288,BUR-BUR-MER-SULUDERE,BURDUR2,DEBI,01May2025,30Minute,Q10,/BUR-BUR-MER-SULUDERE/BURDUR2/DEBI/01May2025/30Minute/Q10/,False
3289,BUR-BUR-MER-SULUDERE,BURDUR2,DEBI,01May2025,30Minute,Q100,/BUR-BUR-MER-SULUDERE/BURDUR2/DEBI/01May2025/30Minute/Q100/,False
3290,BUR-BUR-MER-SULUDERE,BURDUR2,DEBI,01May2025,30Minute,Q1000,/BUR-BUR-MER-SULUDERE/BURDUR2/DEBI/01May2025/30Minute/Q1000/,False
3291,BUR-BUR-MER-SULUDERE,BURDUR2,DEBI,01May2025,30Minute,Q2,/BUR-BUR-MER-SULUDERE/BURDUR2/DEBI/01May2025/30Minute/Q2/,False
3292,BUR-BUR-MER-SULUDERE,BURDUR2,DEBI,01May2025,30Minute,Q25,/BUR-BUR-MER-SULUDERE/BURDUR2/DEBI/01May2025/30Minute/Q25/,False
3293,BUR-BUR-MER-SULUDERE,BURDUR2,DEBI,01May2025,30Minute,Q5,/BUR-BUR-MER-SULUDERE/BURDUR2/DEBI/01May2025/30Minute/Q5/,False
3294,BUR-BUR-MER-SULUDERE,BURDUR2,DEBI,01May2025,30Minute,Q50,/BUR-BUR-MER-SULUDERE/BURDUR2/DEBI/01May2025/30Minute/Q50/,False
3295,BUR-BUR-MER-SULUDERE,BURDUR2,DEBI,01May2025,30Minute,Q500,/BUR-BUR-MER-SULUDERE/BURDUR2/DEBI/01May2025/30Minute/Q500/,False
3296,BUR-BUR-MER-TASKAPI1,BURDUR,DEBI,01May2025,30Minute,Q10,/BUR-BUR-MER-TASKAPI1/BURDUR/DEBI/01May2025/30Minute/Q10/,False
3297,BUR-BUR-MER-TASKAPI1,BURDUR,DEBI,01May2025,30Minute,Q100,/BUR-BUR-MER-TASKAPI1/BURDUR/DEBI/01May2025/30Minute/Q100/,False
3298,BUR-BUR-MER-TASKAPI1,BURDUR,DEBI,01May2025,30Minute,Q1000,/BUR-BUR-MER-TASKAPI1/BURDUR/DEBI/01May2025/30Minute/Q1000/,False
3299,BUR-BUR-MER-TASKAPI1,BURDUR,DEBI,01May2025,30Minute,Q2,/BUR-BUR-MER-TASKAPI1/BURDUR/DEBI/01May2025/30Minute/Q2/,False
3300,BUR-BUR-MER-TASKAPI1,BURDUR,DEBI,01May2025,30Minute,Q25,/BUR-BUR-MER-TASKAPI1/BURDUR/DEBI/01May2025/30Minute/Q25/,False
3301,BUR-BUR-MER-TASKAPI1,BURDUR,DEBI,01May2025,30Minute,Q5,/BUR-BUR-MER-TASKAPI1/BURDUR/DEBI/01May2025/30Minute/Q5/,False
3302,BUR-BUR-MER-TASKAPI1,BURDUR,DEBI,01May2025,30Minute,Q50,/BUR-BUR-MER-TASKAPI1/BURDUR/DEBI/01May2025/30Minute/Q50/,False
3303,BUR-BUR-MER-TASKAPI1,BURDUR,DEBI,01May2025,30Minute,Q500,/BUR-BUR-MER-TASKAPI1/BURDUR/DEBI/01May2025/30Minute/Q500/,False
3304,BUR-BUR-MER-TASKAPI1,BURDUR2,DEBI,01May2025,30Minute,Q10,/BUR-BUR-MER-TASKAPI1/BURDUR2/DEBI/01May2025/30Minute/Q10/,False
3305,BUR-BUR-MER-TASKAPI1,BURDUR2,DEBI,01May2025,30Minute,Q100,/BUR-BUR-MER-TASKAPI1/BURDUR2/DEBI/01May2025/30Minute/Q100/,False
3306,BUR-BUR-MER-TASKAPI1,BURDUR2,DEBI,01May2025,30Minute,Q1000,/BUR-BUR-MER-TASKAPI1/BURDUR2/DEBI/01May2025/30Minute/Q1000/,False
3307,BUR-BUR-MER-TASKAPI1,BURDUR2,DEBI,01May2025,30Minute,Q2,/BUR-BUR-MER-TASKAPI1/BURDUR2/DEBI/01May2025/30Minute/Q2/,False
3308,BUR-BUR-MER-TASKAPI1,BURDUR2,DEBI,01May2025,30Minute,Q25,/BUR-BUR-MER-TASKAPI1/BURDUR2/DEBI/01May2025/30Minute/Q25/,False
3309,BUR-BUR-MER-TASKAPI1,BURDUR2,DEBI,01May2025,30Minute,Q5,/BUR-BUR-MER-TASKAPI1/BURDUR2/DEBI/01May2025/30Minute/Q5/,False
3310,BUR-BUR-MER-TASKAPI1,BURDUR2,DEBI,01May2025,30Minute,Q50,/BUR-BUR-MER-TASKAPI1/BURDUR2/DEBI/01May2025/30Minute/Q50/,False
3311,BUR-BUR-MER-TASKAPI1,BURDUR2,DEBI,01May2025,30Minute,Q500,/BUR-BUR-MER-TASKAPI1/BURDUR2/DEBI/01May2025/30Minute/Q500/,False
3312,BUR-BUR-MER-TASKAPI2,BURDUR,DEBI,01May2025,30Minute,Q10,/BUR-BUR-MER-TASKAPI2/BURDUR/DEBI/01May2025/30Minute/Q10/,False
3313,BUR-BUR-MER-TASKAPI2,BURDUR,DEBI,01May2025,30Minute,Q100,/BUR-BUR-MER-TASKAPI2/BURDUR/DEBI/01May2025/30Minute/Q100/,False
3314,BUR-BUR-MER-TASKAPI2,BURDUR,DEBI,01May2025,30Minute,Q1000,/BUR-BUR-MER-TASKAPI2/BURDUR/DEBI/01May2025/30Minute/Q1000/,False
3315,BUR-BUR-MER-TASKAPI2,BURDUR,DEBI,01May2025,30Minute,Q2,/BUR-BUR-MER-TASKAPI2/BURDUR/DEBI/01May2025/30Minute/Q2/,False
3316,BUR-BUR-MER-TASKAPI2,BURDUR,DEBI,01May2025,30Minute,Q25,/BUR-BUR-MER-TASKAPI2/BURDUR/DEBI/01May2025/30Minute/Q25/,False
3317,BUR-BUR-MER-TASKAPI2,BURDUR,DEBI,01May2025,30Minute,Q5,/BUR-BUR-MER-TASKAPI2/BURDUR/DEBI/01May2025/30Minute/Q5/,False
3318,BUR-BUR-MER-TASKAPI2,BURDUR,DEBI,01May2025,30Minute,Q50,/BUR-BUR-MER-TASKAPI2/BURDUR/DEBI/01May2025/30Minute/Q50/,False
3319,BUR-BUR-MER-TASKAPI2,BURDUR,DEBI,01May2025,30Minute,Q500,/BUR-BUR-MER-TASKAPI2/BURDUR/DEBI/01May2025/30Minute/Q500/,False
3320,BUR-BUR-MER-TASKAPI2,BURDUR2,DEBI,01May2025,30Minute,Q10,/BUR-BUR-MER-TASKAPI2/BURDUR2/DEBI/01May2025/30Minute/Q10/,False
3321,BUR-BUR-MER-TASKAPI2,BURDUR2,DEBI,01May2025,30Minute,Q100,/BUR-BUR-MER-TASKAPI2/BURDUR2/DEBI/01May2025/30Minute/Q100/,False
3322,BUR-BUR-MER-TASKAPI2,BURDUR2,DEBI,01May2025,30Minute,Q1000,/BUR-BUR-MER-TASKAPI2/BURDUR2/DEBI/01May2025/30Minute/Q1000/,False
3323,BUR-BUR-MER-TASKAPI2,BURDUR2,DEBI,01May2025,30Minute,Q2,/BUR-BUR-MER-TASKAPI2/BURDUR2/DEBI/01May2025/30Minute/Q2/,False
3324,BUR-BUR-MER-TASKAPI2,BURDUR2,DEBI,01May2025,30Minute,Q25,/BUR-BUR-MER-TASKAPI2/BURDUR2/DEBI/01May2025/30Minute/Q25/,False
3325,BUR-BUR-MER-TASKAPI2,BURDUR2,DEBI,01May2025,30Minute,Q5,/BUR-BUR-MER-TASKAPI2/BURDUR2/DEBI/01May2025/30Minute/Q5/,False
3326,BUR-BUR-MER-TASKAPI2,BURDUR2,DEBI,01May2025,30Minute,Q50,/BUR-BUR-MER-TASKAPI2/BURDUR2/DEBI/01May2025/30Minute/Q50/,False
3327,BUR-BUR-MER-TASKAPI2,BURDUR2,DEBI,01May2025,30Minute,Q500,/BUR-BUR-MER-TASKAPI2/BURDUR2/DEBI/01May2025/30Minute/Q500/,False
3328,BUR-BUR-MER-TASKAPI3,BURDUR,DEBI,01May2025,30Minute,Q10,/BUR-BUR-MER-TASKAPI3/BURDUR/DEBI/01May2025/30Minute/Q10/,False
3329,BUR-BUR-MER-TASKAPI3,BURDUR,DEBI,01May2025,30Minute,Q100,/BUR-BUR-MER-TASKAPI3/BURDUR/DEBI/01May2025/30Minute/Q100/,False
3330,BUR-BUR-MER-TASKAPI3,BURDUR,DEBI,01May2025,30Minute,Q1000,/BUR-BUR-MER-TASKAPI3/BURDUR/DEBI/01May2025/30Minute/Q1000/,False
3331,BUR-BUR-MER-TASKAPI3,BURDUR,DEBI,01May2025,30Minute,Q2,/BUR-BUR-MER-TASKAPI3/BURDUR/DEBI/01May2025/30Minute/Q2/,False
3332,BUR-BUR-MER-TASKAPI3,BURDUR,DEBI,01May2025,30Minute,Q25,/BUR-BUR-MER-TASKAPI3/BURDUR/DEBI/01May2025/30Minute/Q25/,False
3333,BUR-BUR-MER-TASKAPI3,BURDUR,DEBI,01May2025,30Minute,Q5,/BUR-BUR-MER-TASKAPI3/BURDUR/DEBI/01May2025/30Minute/Q5/,False
3334,BUR-BUR-MER-TASKAPI3,BURDUR,DEBI,01May2025,30Minute,Q50,/BUR-BUR-MER-TASKAPI3/BURDUR/DEBI/01May2025/30Minute/Q50/,False
3335,BUR-BUR-MER-TASKAPI3,BURDUR,DEBI,01May2025,30Minute,Q500,/BUR-BUR-MER-TASKAPI3/BURDUR/DEBI/01May2025/30Minute/Q500/,False
3336,BUR-BUR-MER-TASKAPI3,BURDUR2,DEBI,01May2025,30Minute,Q10,/BUR-BUR-MER-TASKAPI3/BURDUR2/DEBI/01May2025/30Minute/Q10/,False
3337,BUR-BUR-MER-TASKAPI3,BURDUR2,DEBI,01May2025,30Minute,Q100,/BUR-BUR-MER-TASKAPI3/BURDUR2/DEBI/01May2025/30Minute/Q100/,False
3338,BUR-BUR-MER-TASKAPI3,BURDUR2,DEBI,01May2025,30Minute,Q1000,/BUR-BUR-MER-TASKAPI3/BURDUR2/DEBI/01May2025/30Minute/Q1000/,False
3339,BUR-BUR-MER-TASKAPI3,BURDUR2,DEBI,01May2025,30Minute,Q2,/BUR-BUR-MER-TASKAPI3/BURDUR2/DEBI/01May2025/30Minute/Q2/,False
3340,BUR-BUR-MER-TASKAPI3,BURDUR2,DEBI,01May2025,30Minute,Q25,/BUR-BUR-MER-TASKAPI3/BURDUR2/DEBI/01May2025/30Minute/Q25/,False
3341,BUR-BUR-MER-TASKAPI3,BURDUR2,DEBI,01May2025,30Minute,Q5,/BUR-BUR-MER-TASKAPI3/BURDUR2/DEBI/01May2025/30Minute/Q5/,False
3342,BUR-BUR-MER-TASKAPI3,BURDUR2,DEBI,01May2025,30Minute,Q50,/BUR-BUR-MER-TASKAPI3/BURDUR2/DEBI/01May2025/30Minute/Q50/,False
3343,BUR-BUR-MER-TASKAPI3,BURDUR2,DEBI,01May2025,30Minute,Q500,/BUR-BUR-MER-TASKAPI3/BURDUR2/DEBI/01May2025/30Minute/Q500/,False
3344,BUR-BUR-MER-TASKAPI4,BURDUR,DEBI,01May2025,30Minute,Q10,/BUR-BUR-MER-TASKAPI4/BURDUR/DEBI/01May2025/30Minute/Q10/,False
3345,BUR-BUR-MER-TASKAPI4,BURDUR,DEBI,01May2025,30Minute,Q100,/BUR-BUR-MER-TASKAPI4/BURDUR/DEBI/01May2025/30Minute/Q100/,False
3346,BUR-BUR-MER-TASKAPI4,BURDUR,DEBI,01May2025,30Minute,Q1000,/BUR-BUR-MER-TASKAPI4/BURDUR/DEBI/01May2025/30Minute/Q1000/,False
3347,BUR-BUR-MER-TASKAPI4,BURDUR,DEBI,01May2025,30Minute,Q2,/BUR-BUR-MER-TASKAPI4/BURDUR/DEBI/01May2025/30Minute/Q2/,False
3348,BUR-BUR-MER-TASKAPI4,BURDUR,DEBI,01May2025,30Minute,Q25,/BUR-BUR-MER-TASKAPI4/BURDUR/DEBI/01May2025/30Minute/Q25/,False
3349,BUR-BUR-MER-TASKAPI4,BURDUR,DEBI,01May2025,30Minute,Q5,/BUR-BUR-MER-TASKAPI4/BURDUR/DEBI/01May2025/30Minute/Q5/,False
3350,BUR-BUR-MER-TASKAPI4,BURDUR,DEBI,01May2025,30Minute,Q50,/BUR-BUR-MER-TASKAPI4/BURDUR/DEBI/01May2025/30Minute/Q50/,False
3351,BUR-BUR-MER-TASKAPI4,BURDUR,DEBI,01May2025,30Minute,Q500,/BUR-BUR-MER-TASKAPI4/BURDUR/DEBI/01May2025/30Minute/Q500/,False
3352,BUR-BUR-MER-TASKAPI4,BURDUR2,DEBI,01May2025,30Minute,Q10,/BUR-BUR-MER-TASKAPI4/BURDUR2/DEBI/01May2025/30Minute/Q10/,False
3353,BUR-BUR-MER-TASKAPI4,BURDUR2,DEBI,01May2025,30Minute,Q100,/BUR-BUR-MER-TASKAPI4/BURDUR2/DEBI/01May2025/30Minute/Q100/,False
3354,BUR-BUR-MER-TASKAPI4,BURDUR2,DEBI,01May2025,30Minute,Q1000,/BUR-BUR-MER-TASKAPI4/BURDUR2/DEBI/01May2025/30Minute/Q1000/,False
3355,BUR-BUR-MER-TASKAPI4,BURDUR2,DEBI,01May2025,30Minute,Q2,/BUR-BUR-MER-TASKAPI4/BURDUR2/DEBI/01May2025/30Minute/Q2/,False
3356,BUR-BUR-MER-TASKAPI4,BURDUR2,DEBI,01May2025,30Minute,Q25,/BUR-BUR-MER-TASKAPI4/BURDUR2/DEBI/01May2025/30Minute/Q25/,False
3357,BUR-BUR-MER-TASKAPI4,BURDUR2,DEBI,01May2025,30Minute,Q5,/BUR-BUR-MER-TASKAPI4/BURDUR2/DEBI/01May2025/30Minute/Q5/,False
3358,BUR-BUR-MER-TASKAPI4,BURDUR2,DEBI,01May2025,30Minute,Q50,/BUR-BUR-MER-TASKAPI4/BURDUR2/DEBI/01May2025/30Minute/Q50/,False
3359,BUR-BUR-MER-TASKAPI4,BURDUR2,DEBI,01May2025,30Minute,Q500,/BUR-BUR-MER-TASKAPI4/BURDUR2/DEBI/01May2025/30Minute/Q500/,False
3360,BUR-BUR-MER-TASKAPI5,BURDUR,DEBI,01May2025,30Minute,Q10,/BUR-BUR-MER-TASKAPI5/BURDUR/DEBI/01May2025/30Minute/Q10/,False
3361,BUR-BUR-MER-TASKAPI5,BURDUR,DEBI,01May2025,30Minute,Q100,/BUR-BUR-MER-TASKAPI5/BURDUR/DEBI/01May2025/30Minute/Q100/,False
3362,BUR-BUR-MER-TASKAPI5,BURDUR,DEBI,01May2025,30Minute,Q1000,/BUR-BUR-MER-TASKAPI5/BURDUR/DEBI/01May2025/30Minute/Q1000/,False
3363,BUR-BUR-MER-TASKAPI5,BURDUR,DEBI,01May2025,30Minute,Q2,/BUR-BUR-MER-TASKAPI5/BURDUR/DEBI/01May2025/30Minute/Q2/,False
3364,BUR-BUR-MER-TASKAPI5,BURDUR,DEBI,01May2025,30Minute,Q25,/BUR-BUR-MER-TASKAPI5/BURDUR/DEBI/01May2025/30Minute/Q25/,False
3365,BUR-BUR-MER-TASKAPI5,BURDUR,DEBI,01May2025,30Minute,Q5,/BUR-BUR-MER-TASKAPI5/BURDUR/DEBI/01May2025/30Minute/Q5/,False
3366,BUR-BUR-MER-TASKAPI5,BURDUR,DEBI,01May2025,30Minute,Q50,/BUR-BUR-MER-TASKAPI5/BURDUR/DEBI/01May2025/30Minute/Q50/,False
3367,BUR-BUR-MER-TASKAPI5,BURDUR,DEBI,01May2025,30Minute,Q500,/BUR-BUR-MER-TASKAPI5/BURDUR/DEBI/01May2025/30Minute/Q500/,False
3368,BUR-BUR-MER-TASKAPI5,BURDUR2,DEBI,01May2025,30Minute,Q10,/BUR-BUR-MER-TASKAPI5/BURDUR2/DEBI/01May2025/30Minute/Q10/,False
3369,BUR-BUR-MER-TASKAPI5,BURDUR2,DEBI,01May2025,30Minute,Q100,/BUR-BUR-MER-TASKAPI5/BURDUR2/DEBI/01May2025/30Minute/Q100/,False
3370,BUR-BUR-MER-TASKAPI5,BURDUR2,DEBI,01May2025,30Minute,Q1000,/BUR-BUR-MER-TASKAPI5/BURDUR2/DEBI/01May2025/30Minute/Q1000/,False
3371,BUR-BUR-MER-TASKAPI5,BURDUR2,DEBI,01May2025,30Minute,Q2,/BUR-BUR-MER-TASKAPI5/BURDUR2/DEBI/01May2025/30Minute/Q2/,False
3372,BUR-BUR-MER-TASKAPI5,BURDUR2,DEBI,01May2025,30Minute,Q25,/BUR-BUR-MER-TASKAPI5/BURDUR2/DEBI/01May2025/30Minute/Q25/,False
3373,BUR-BUR-MER-TASKAPI5,BURDUR2,DEBI,01May2025,30Minute,Q5,/BUR-BUR-MER-TASKAPI5/BURDUR2/DEBI/01May2025/30Minute/Q5/,False
3374,BUR-BUR-MER-TASKAPI5,BURDUR2,DEBI,01May2025,30Minute,Q50,/BUR-BUR-MER-TASKAPI5/BURDUR2/DEBI/01May2025/30Minute/Q50/,False
3375,BUR-BUR-MER-TASKAPI5,BURDUR2,DEBI,01May2025,30Minute,Q500,/BUR-BUR-MER-TASKAPI5/BURDUR2/DEBI/01May2025/30Minute/Q500/,False
3376,BUR-BUR-MER-TASKAPI5A,BURDUR,DEBI,01May2025,30Minute,Q10,/BUR-BUR-MER-TASKAPI5A/BURDUR/DEBI/01May2025/30Minute/Q10/,False
3377,BUR-BUR-MER-TASKAPI5A,BURDUR,DEBI,01May2025,30Minute,Q100,/BUR-BUR-MER-TASKAPI5A/BURDUR/DEBI/01May2025/30Minute/Q100/,False
3378,BUR-BUR-MER-TASKAPI5A,BURDUR,DEBI,01May2025,30Minute,Q1000,/BUR-BUR-MER-TASKAPI5A/BURDUR/DEBI/01May2025/30Minute/Q1000/,False
3379,BUR-BUR-MER-TASKAPI5A,BURDUR,DEBI,01May2025,30Minute,Q2,/BUR-BUR-MER-TASKAPI5A/BURDUR/DEBI/01May2025/30Minute/Q2/,False
3380,BUR-BUR-MER-TASKAPI5A,BURDUR,DEBI,01May2025,30Minute,Q25,/BUR-BUR-MER-TASKAPI5A/BURDUR/DEBI/01May2025/30Minute/Q25/,False
3381,BUR-BUR-MER-TASKAPI5A,BURDUR,DEBI,01May2025,30Minute,Q5,/BUR-BUR-MER-TASKAPI5A/BURDUR/DEBI/01May2025/30Minute/Q5/,False
3382,BUR-BUR-MER-TASKAPI5A,BURDUR,DEBI,01May2025,30Minute,Q50,/BUR-BUR-MER-TASKAPI5A/BURDUR/DEBI/01May2025/30Minute/Q50/,False
3383,BUR-BUR-MER-TASKAPI5A,BURDUR,DEBI,01May2025,30Minute,Q500,/BUR-BUR-MER-TASKAPI5A/BURDUR/DEBI/01May2025/30Minute/Q500/,False
3384,BUR-BUR-MER-TASKAPI5A,BURDUR2,DEBI,01May2025,30Minute,Q10,/BUR-BUR-MER-TASKAPI5A/BURDUR2/DEBI/01May2025/30Minute/Q10/,False
3385,BUR-BUR-MER-TASKAPI5A,BURDUR2,DEBI,01May2025,30Minute,Q100,/BUR-BUR-MER-TASKAPI5A/BURDUR2/DEBI/01May2025/30Minute/Q100/,False
3386,BUR-BUR-MER-TASKAPI5A,BURDUR2,DEBI,01May2025,30Minute,Q1000,/BUR-BUR-MER-TASKAPI5A/BURDUR2/DEBI/01May2025/30Minute/Q1000/,False
3387,BUR-BUR-MER-TASKAPI5A,BURDUR2,DEBI,01May2025,30Minute,Q2,/BUR-BUR-MER-TASKAPI5A/BURDUR2/DEBI/01May2025/30Minute/Q2/,False
3388,BUR-BUR-MER-TASKAPI5A,BURDUR2,DEBI,01May2025,30Minute,Q25,/BUR-BUR-MER-TASKAPI5A/BURDUR2/DEBI/01May2025/30Minute/Q25/,False
3389,BUR-BUR-MER-TASKAPI5A,BURDUR2,DEBI,01May2025,30Minute,Q5,/BUR-BUR-MER-TASKAPI5A/BURDUR2/DEBI/01May2025/30Minute/Q5/,False
3390,BUR-BUR-MER-TASKAPI5A,BURDUR2,DEBI,01May2025,30Minute,Q50,/BUR-BUR-MER-TASKAPI5A/BURDUR2/DEBI/01May2025/30Minute/Q50/,False
3391,BUR-BUR-MER-TASKAPI5A,BURDUR2,DEBI,01May2025,30Minute,Q500,/BUR-BUR-MER-TASKAPI5A/BURDUR2/DEBI/01May2025/30Minute/Q500/,False
3392,BUR-BUR-MER-ULUPINAR,ACIGOL,DEBI,01May2025,30Minute,Q10,/BUR-BUR-MER-ULUPINAR/ACIGOL/DEBI/01May2025/30Minute/Q10/,False
3393,BUR-BUR-MER-ULUPINAR,ACIGOL,DEBI,01May2025,30Minute,Q100,/BUR-BUR-MER-ULUPINAR/ACIGOL/DEBI/01May2025/30Minute/Q100/,False
3394,BUR-BUR-MER-ULUPINAR,ACIGOL,DEBI,01May2025,30Minute,Q1000,/BUR-BUR-MER-ULUPINAR/ACIGOL/DEBI/01May2025/30Minute/Q1000/,False
3395,BUR-BUR-MER-ULUPINAR,ACIGOL,DEBI,01May2025,30Minute,Q2,/BUR-BUR-MER-ULUPINAR/ACIGOL/DEBI/01May2025/30Minute/Q2/,False
3396,BUR-BUR-MER-ULUPINAR,ACIGOL,DEBI,01May2025,30Minute,Q25,/BUR-BUR-MER-ULUPINAR/ACIGOL/DEBI/01May2025/30Minute/Q25/,False
3397,BUR-BUR-MER-ULUPINAR,ACIGOL,DEBI,01May2025,30Minute,Q5,/BUR-BUR-MER-ULUPINAR/ACIGOL/DEBI/01May2025/30Minute/Q5/,False
3398,BUR-BUR-MER-ULUPINAR,ACIGOL,DEBI,01May2025,30Minute,Q50,/BUR-BUR-MER-ULUPINAR/ACIGOL/DEBI/01May2025/30Minute/Q50/,False
3399,BUR-BUR-MER-ULUPINAR,ACIGOL,DEBI,01May2025,30Minute,Q500,/BUR-BUR-MER-ULUPINAR/ACIGOL/DEBI/01May2025/30Minute/Q500/,False
3400,BUR-BUR-MER-YAKAKOY1,BURDUR,DEBI,01May2025,30Minute,Q10,/BUR-BUR-MER-YAKAKOY1/BURDUR/DEBI/01May2025/30Minute/Q10/,False
3401,BUR-BUR-MER-YAKAKOY1,BURDUR,DEBI,01May2025,30Minute,Q100,/BUR-BUR-MER-YAKAKOY1/BURDUR/DEBI/01May2025/30Minute/Q100/,False
3402,BUR-BUR-MER-YAKAKOY1,BURDUR,DEBI,01May2025,30Minute,Q1000,/BUR-BUR-MER-YAKAKOY1/BURDUR/DEBI/01May2025/30Minute/Q1000/,False
3403,BUR-BUR-MER-YAKAKOY1,BURDUR,DEBI,01May2025,30Minute,Q2,/BUR-BUR-MER-YAKAKOY1/BURDUR/DEBI/01May2025/30Minute/Q2/,False
3404,BUR-BUR-MER-YAKAKOY1,BURDUR,DEBI,01May2025,30Minute,Q25,/BUR-BUR-MER-YAKAKOY1/BURDUR/DEBI/01May2025/30Minute/Q25/,False
3405,BUR-BUR-MER-YAKAKOY1,BURDUR,DEBI,01May2025,30Minute,Q5,/BUR-BUR-MER-YAKAKOY1/BURDUR/DEBI/01May2025/30Minute/Q5/,False
3406,BUR-BUR-MER-YAKAKOY1,BURDUR,DEBI,01May2025,30Minute,Q50,/BUR-BUR-MER-YAKAKOY1/BURDUR/DEBI/01May2025/30Minute/Q50/,False
3407,BUR-BUR-MER-YAKAKOY1,BURDUR,DEBI,01May2025,30Minute,Q500,/BUR-BUR-MER-YAKAKOY1/BURDUR/DEBI/01May2025/30Minute/Q500/,False
3408,BUR-BUR-MER-YAKAKOY1,BURDUR2,DEBI,01May2025,30Minute,Q10,/BUR-BUR-MER-YAKAKOY1/BURDUR2/DEBI/01May2025/30Minute/Q10/,False
3409,BUR-BUR-MER-YAKAKOY1,BURDUR2,DEBI,01May2025,30Minute,Q100,/BUR-BUR-MER-YAKAKOY1/BURDUR2/DEBI/01May2025/30Minute/Q100/,False
3410,BUR-BUR-MER-YAKAKOY1,BURDUR2,DEBI,01May2025,30Minute,Q1000,/BUR-BUR-MER-YAKAKOY1/BURDUR2/DEBI/01May2025/30Minute/Q1000/,False
3411,BUR-BUR-MER-YAKAKOY1,BURDUR2,DEBI,01May2025,30Minute,Q2,/BUR-BUR-MER-YAKAKOY1/BURDUR2/DEBI/01May2025/30Minute/Q2/,False
3412,BUR-BUR-MER-YAKAKOY1,BURDUR2,DEBI,01May2025,30Minute,Q25,/BUR-BUR-MER-YAKAKOY1/BURDUR2/DEBI/01May2025/30Minute/Q25/,False
3413,BUR-BUR-MER-YAKAKOY1,BURDUR2,DEBI,01May2025,30Minute,Q5,/BUR-BUR-MER-YAKAKOY1/BURDUR2/DEBI/01May2025/30Minute/Q5/,False
3414,BUR-BUR-MER-YAKAKOY1,BURDUR2,DEBI,01May2025,30Minute,Q50,/BUR-BUR-MER-YAKAKOY1/BURDUR2/DEBI/01May2025/30Minute/Q50/,False
3415,BUR-BUR-MER-YAKAKOY1,BURDUR2,DEBI,01May2025,30Minute,Q500,/BUR-BUR-MER-YAKAKOY1/BURDUR2/DEBI/01May2025/30Minute/Q500/,False
3416,BUR-BUR-MER-YAKAKOY2,BURDUR,DEBI,01May2025,30Minute,Q10,/BUR-BUR-MER-YAKAKOY2/BURDUR/DEBI/01May2025/30Minute/Q10/,False
3417,BUR-BUR-MER-YAKAKOY2,BURDUR,DEBI,01May2025,30Minute,Q100,/BUR-BUR-MER-YAKAKOY2/BURDUR/DEBI/01May2025/30Minute/Q100/,False
3418,BUR-BUR-MER-YAKAKOY2,BURDUR,DEBI,01May2025,30Minute,Q1000,/BUR-BUR-MER-YAKAKOY2/BURDUR/DEBI/01May2025/30Minute/Q1000/,False
3419,BUR-BUR-MER-YAKAKOY2,BURDUR,DEBI,01May2025,30Minute,Q2,/BUR-BUR-MER-YAKAKOY2/BURDUR/DEBI/01May2025/30Minute/Q2/,False
3420,BUR-BUR-MER-YAKAKOY2,BURDUR,DEBI,01May2025,30Minute,Q25,/BUR-BUR-MER-YAKAKOY2/BURDUR/DEBI/01May2025/30Minute/Q25/,False
3421,BUR-BUR-MER-YAKAKOY2,BURDUR,DEBI,01May2025,30Minute,Q5,/BUR-BUR-MER-YAKAKOY2/BURDUR/DEBI/01May2025/30Minute/Q5/,False
3422,BUR-BUR-MER-YAKAKOY2,BURDUR,DEBI,01May2025,30Minute,Q50,/BUR-BUR-MER-YAKAKOY2/BURDUR/DEBI/01May2025/30Minute/Q50/,False
3423,BUR-BUR-MER-YAKAKOY2,BURDUR,DEBI,01May2025,30Minute,Q500,/BUR-BUR-MER-YAKAKOY2/BURDUR/DEBI/01May2025/30Minute/Q500/,False
3424,BUR-BUR-MER-YAKAKOY2,BURDUR2,DEBI,01May2025,30Minute,Q10,/BUR-BUR-MER-YAKAKOY2/BURDUR2/DEBI/01May2025/30Minute/Q10/,False
3425,BUR-BUR-MER-YAKAKOY2,BURDUR2,DEBI,01May2025,30Minute,Q100,/BUR-BUR-MER-YAKAKOY2/BURDUR2/DEBI/01May2025/30Minute/Q100/,False
3426,BUR-BUR-MER-YAKAKOY2,BURDUR2,DEBI,01May2025,30Minute,Q1000,/BUR-BUR-MER-YAKAKOY2/BURDUR2/DEBI/01May2025/30Minute/Q1000/,False
3427,BUR-BUR-MER-YAKAKOY2,BURDUR2,DEBI,01May2025,30Minute,Q2,/BUR-BUR-MER-YAKAKOY2/BURDUR2/DEBI/01May2025/30Minute/Q2/,False
3428,BUR-BUR-MER-YAKAKOY2,BURDUR2,DEBI,01May2025,30Minute,Q25,/BUR-BUR-MER-YAKAKOY2/BURDUR2/DEBI/01May2025/30Minute/Q25/,False
3429,BUR-BUR-MER-YAKAKOY2,BURDUR2,DEBI,01May2025,30Minute,Q5,/BUR-BUR-MER-YAKAKOY2/BURDUR2/DEBI/01May2025/30Minute/Q5/,False
3430,BUR-BUR-MER-YAKAKOY2,BURDUR2,DEBI,01May2025,30Minute,Q50,/BUR-BUR-MER-YAKAKOY2/BURDUR2/DEBI/01May2025/30Minute/Q50/,False
3431,BUR-BUR-MER-YAKAKOY2,BURDUR2,DEBI,01May2025,30Minute,Q500,/BUR-BUR-MER-YAKAKOY2/BURDUR2/DEBI/01May2025/30Minute/Q500/,False
3432,BUR-BUR-MER-YARIKOY1,BURDUR,DEBI,01May2025,30Minute,Q10,/BUR-BUR-MER-YARIKOY1/BURDUR/DEBI/01May2025/30Minute/Q10/,False
3433,BUR-BUR-MER-YARIKOY1,BURDUR,DEBI,01May2025,30Minute,Q100,/BUR-BUR-MER-YARIKOY1/BURDUR/DEBI/01May2025/30Minute/Q100/,False
3434,BUR-BUR-MER-YARIKOY1,BURDUR,DEBI,01May2025,30Minute,Q1000,/BUR-BUR-MER-YARIKOY1/BURDUR/DEBI/01May2025/30Minute/Q1000/,False
3435,BUR-BUR-MER-YARIKOY1,BURDUR,DEBI,01May2025,30Minute,Q2,/BUR-BUR-MER-YARIKOY1/BURDUR/DEBI/01May2025/30Minute/Q2/,False
3436,BUR-BUR-MER-YARIKOY1,BURDUR,DEBI,01May2025,30Minute,Q25,/BUR-BUR-MER-YARIKOY1/BURDUR/DEBI/01May2025/30Minute/Q25/,False
3437,BUR-BUR-MER-YARIKOY1,BURDUR,DEBI,01May2025,30Minute,Q5,/BUR-BUR-MER-YARIKOY1/BURDUR/DEBI/01May2025/30Minute/Q5/,False
3438,BUR-BUR-MER-YARIKOY1,BURDUR,DEBI,01May2025,30Minute,Q50,/BUR-BUR-MER-YARIKOY1/BURDUR/DEBI/01May2025/30Minute/Q50/,False
3439,BUR-BUR-MER-YARIKOY1,BURDUR,DEBI,01May2025,30Minute,Q500,/BUR-BUR-MER-YARIKOY1/BURDUR/DEBI/01May2025/30Minute/Q500/,False
3440,BUR-BUR-MER-YARIKOY1,BURDUR2,DEBI,01May2025,30Minute,Q10,/BUR-BUR-MER-YARIKOY1/BURDUR2/DEBI/01May2025/30Minute/Q10/,False
3441,BUR-BUR-MER-YARIKOY1,BURDUR2,DEBI,01May2025,30Minute,Q100,/BUR-BUR-MER-YARIKOY1/BURDUR2/DEBI/01May2025/30Minute/Q100/,False
3442,BUR-BUR-MER-YARIKOY1,BURDUR2,DEBI,01May2025,30Minute,Q1000,/BUR-BUR-MER-YARIKOY1/BURDUR2/DEBI/01May2025/30Minute/Q1000/,False
3443,BUR-BUR-MER-YARIKOY1,BURDUR2,DEBI,01May2025,30Minute,Q2,/BUR-BUR-MER-YARIKOY1/BURDUR2/DEBI/01May2025/30Minute/Q2/,False
3444,BUR-BUR-MER-YARIKOY1,BURDUR2,DEBI,01May2025,30Minute,Q25,/BUR-BUR-MER-YARIKOY1/BURDUR2/DEBI/01May2025/30Minute/Q25/,False
3445,BUR-BUR-MER-YARIKOY1,BURDUR2,DEBI,01May2025,30Minute,Q5,/BUR-BUR-MER-YARIKOY1/BURDUR2/DEBI/01May2025/30Minute/Q5/,False
3446,BUR-BUR-MER-YARIKOY1,BURDUR2,DEBI,01May2025,30Minute,Q50,/BUR-BUR-MER-YARIKOY1/BURDUR2/DEBI/01May2025/30Minute/Q50/,False
3447,BUR-BUR-MER-YARIKOY1,BURDUR2,DEBI,01May2025,30Minute,Q500,/BUR-BUR-MER-YARIKOY1/BURDUR2/DEBI/01May2025/30Minute/Q500/,False
3448,BUR-BUR-MER-YARIKOY2,BURDUR,DEBI,01May2025,30Minute,Q10,/BUR-BUR-MER-YARIKOY2/BURDUR/DEBI/01May2025/30Minute/Q10/,False
3449,BUR-BUR-MER-YARIKOY2,BURDUR,DEBI,01May2025,30Minute,Q100,/BUR-BUR-MER-YARIKOY2/BURDUR/DEBI/01May2025/30Minute/Q100/,False
3450,BUR-BUR-MER-YARIKOY2,BURDUR,DEBI,01May2025,30Minute,Q1000,/BUR-BUR-MER-YARIKOY2/BURDUR/DEBI/01May2025/30Minute/Q1000/,False
3451,BUR-BUR-MER-YARIKOY2,BURDUR,DEBI,01May2025,30Minute,Q2,/BUR-BUR-MER-YARIKOY2/BURDUR/DEBI/01May2025/30Minute/Q2/,False
3452,BUR-BUR-MER-YARIKOY2,BURDUR,DEBI,01May2025,30Minute,Q25,/BUR-BUR-MER-YARIKOY2/BURDUR/DEBI/01May2025/30Minute/Q25/,False
3453,BUR-BUR-MER-YARIKOY2,BURDUR,DEBI,01May2025,30Minute,Q5,/BUR-BUR-MER-YARIKOY2/BURDUR/DEBI/01May2025/30Minute/Q5/,False
3454,BUR-BUR-MER-YARIKOY2,BURDUR,DEBI,01May2025,30Minute,Q50,/BUR-BUR-MER-YARIKOY2/BURDUR/DEBI/01May2025/30Minute/Q50/,False
3455,BUR-BUR-MER-YARIKOY2,BURDUR,DEBI,01May2025,30Minute,Q500,/BUR-BUR-MER-YARIKOY2/BURDUR/DEBI/01May2025/30Minute/Q500/,False
3456,BUR-BUR-MER-YARIKOY2,BURDUR2,DEBI,01May2025,30Minute,Q10,/BUR-BUR-MER-YARIKOY2/BURDUR2/DEBI/01May2025/30Minute/Q10/,False
3457,BUR-BUR-MER-YARIKOY2,BURDUR2,DEBI,01May2025,30Minute,Q100,/BUR-BUR-MER-YARIKOY2/BURDUR2/DEBI/01May2025/30Minute/Q100/,False
3458,BUR-BUR-MER-YARIKOY2,BURDUR2,DEBI,01May2025,30Minute,Q1000,/BUR-BUR-MER-YARIKOY2/BURDUR2/DEBI/01May2025/30Minute/Q1000/,False
3459,BUR-BUR-MER-YARIKOY2,BURDUR2,DEBI,01May2025,30Minute,Q2,/BUR-BUR-MER-YARIKOY2/BURDUR2/DEBI/01May2025/30Minute/Q2/,False
3460,BUR-BUR-MER-YARIKOY2,BURDUR2,DEBI,01May2025,30Minute,Q25,/BUR-BUR-MER-YARIKOY2/BURDUR2/DEBI/01May2025/30Minute/Q25/,False
3461,BUR-BUR-MER-YARIKOY2,BURDUR2,DEBI,01May2025,30Minute,Q5,/BUR-BUR-MER-YARIKOY2/BURDUR2/DEBI/01May2025/30Minute/Q5/,False
3462,BUR-BUR-MER-YARIKOY2,BURDUR2,DEBI,01May2025,30Minute,Q50,/BUR-BUR-MER-YARIKOY2/BURDUR2/DEBI/01May2025/30Minute/Q50/,False
3463,BUR-BUR-MER-YARIKOY2,BURDUR2,DEBI,01May2025,30Minute,Q500,/BUR-BUR-MER-YARIKOY2/BURDUR2/DEBI/01May2025/30Minute/Q500/,False
3464,BUR-BUR-MER-YARIKOY2B,BURDUR,DEBI,01May2025,30Minute,Q10,/BUR-BUR-MER-YARIKOY2B/BURDUR/DEBI/01May2025/30Minute/Q10/,False
3465,BUR-BUR-MER-YARIKOY2B,BURDUR,DEBI,01May2025,30Minute,Q100,/BUR-BUR-MER-YARIKOY2B/BURDUR/DEBI/01May2025/30Minute/Q100/,False
3466,BUR-BUR-MER-YARIKOY2B,BURDUR,DEBI,01May2025,30Minute,Q1000,/BUR-BUR-MER-YARIKOY2B/BURDUR/DEBI/01May2025/30Minute/Q1000/,False
3467,BUR-BUR-MER-YARIKOY2B,BURDUR,DEBI,01May2025,30Minute,Q2,/BUR-BUR-MER-YARIKOY2B/BURDUR/DEBI/01May2025/30Minute/Q2/,False
3468,BUR-BUR-MER-YARIKOY2B,BURDUR,DEBI,01May2025,30Minute,Q25,/BUR-BUR-MER-YARIKOY2B/BURDUR/DEBI/01May2025/30Minute/Q25/,False
3469,BUR-BUR-MER-YARIKOY2B,BURDUR,DEBI,01May2025,30Minute,Q5,/BUR-BUR-MER-YARIKOY2B/BURDUR/DEBI/01May2025/30Minute/Q5/,False
3470,BUR-BUR-MER-YARIKOY2B,BURDUR,DEBI,01May2025,30Minute,Q50,/BUR-BUR-MER-YARIKOY2B/BURDUR/DEBI/01May2025/30Minute/Q50/,False
3471,BUR-BUR-MER-YARIKOY2B,BURDUR,DEBI,01May2025,30Minute,Q500,/BUR-BUR-MER-YARIKOY2B/BURDUR/DEBI/01May2025/30Minute/Q500/,False
3472,BUR-BUR-MER-YARIKOY2B,BURDUR2,DEBI,01May2025,30Minute,Q10,/BUR-BUR-MER-YARIKOY2B/BURDUR2/DEBI/01May2025/30Minute/Q10/,False
3473,BUR-BUR-MER-YARIKOY2B,BURDUR2,DEBI,01May2025,30Minute,Q100,/BUR-BUR-MER-YARIKOY2B/BURDUR2/DEBI/01May2025/30Minute/Q100/,False
3474,BUR-BUR-MER-YARIKOY2B,BURDUR2,DEBI,01May2025,30Minute,Q1000,/BUR-BUR-MER-YARIKOY2B/BURDUR2/DEBI/01May2025/30Minute/Q1000/,False
3475,BUR-BUR-MER-YARIKOY2B,BURDUR2,DEBI,01May2025,30Minute,Q2,/BUR-BUR-MER-YARIKOY2B/BURDUR2/DEBI/01May2025/30Minute/Q2/,False
3476,BUR-BUR-MER-YARIKOY2B,BURDUR2,DEBI,01May2025,30Minute,Q25,/BUR-BUR-MER-YARIKOY2B/BURDUR2/DEBI/01May2025/30Minute/Q25/,False
3477,BUR-BUR-MER-YARIKOY2B,BURDUR2,DEBI,01May2025,30Minute,Q5,/BUR-BUR-MER-YARIKOY2B/BURDUR2/DEBI/01May2025/30Minute/Q5/,False
3478,BUR-BUR-MER-YARIKOY2B,BURDUR2,DEBI,01May2025,30Minute,Q50,/BUR-BUR-MER-YARIKOY2B/BURDUR2/DEBI/01May2025/30Minute/Q50/,False
3479,BUR-BUR-MER-YARIKOY2B,BURDUR2,DEBI,01May2025,30Minute,Q500,/BUR-BUR-MER-YARIKOY2B/BURDUR2/DEBI/01May2025/30Minute/Q500/,False
3480,BUR-BUR-MER-YASSIGUME1,BURDUR,DEBI,01May2025,30Minute,Q10,/BUR-BUR-MER-YASSIGUME1/BURDUR/DEBI/01May2025/30Minute/Q10/,False
3481,BUR-BUR-MER-YASSIGUME1,BURDUR,DEBI,01May2025,30Minute,Q100,/BUR-BUR-MER-YASSIGUME1/BURDUR/DEBI/01May2025/30Minute/Q100/,False
3482,BUR-BUR-MER-YASSIGUME1,BURDUR,DEBI,01May2025,30Minute,Q1000,/BUR-BUR-MER-YASSIGUME1/BURDUR/DEBI/01May2025/30Minute/Q1000/,False
3483,BUR-BUR-MER-YASSIGUME1,BURDUR,DEBI,01May2025,30Minute,Q2,/BUR-BUR-MER-YASSIGUME1/BURDUR/DEBI/01May2025/30Minute/Q2/,False
3484,BUR-BUR-MER-YASSIGUME1,BURDUR,DEBI,01May2025,30Minute,Q25,/BUR-BUR-MER-YASSIGUME1/BURDUR/DEBI/01May2025/30Minute/Q25/,False
3485,BUR-BUR-MER-YASSIGUME1,BURDUR,DEBI,01May2025,30Minute,Q5,/BUR-BUR-MER-YASSIGUME1/BURDUR/DEBI/01May2025/30Minute/Q5/,False
3486,BUR-BUR-MER-YASSIGUME1,BURDUR,DEBI,01May2025,30Minute,Q50,/BUR-BUR-MER-YASSIGUME1/BURDUR/DEBI/01May2025/30Minute/Q50/,False
3487,BUR-BUR-MER-YASSIGUME1,BURDUR,DEBI,01May2025,30Minute,Q500,/BUR-BUR-MER-YASSIGUME1/BURDUR/DEBI/01May2025/30Minute/Q500/,False
3488,BUR-BUR-MER-YASSIGUME1,BURDUR2,DEBI,01May2025,30Minute,Q10,/BUR-BUR-MER-YASSIGUME1/BURDUR2/DEBI/01May2025/30Minute/Q10/,False
3489,BUR-BUR-MER-YASSIGUME1,BURDUR2,DEBI,01May2025,30Minute,Q100,/BUR-BUR-MER-YASSIGUME1/BURDUR2/DEBI/01May2025/30Minute/Q100/,False
3490,BUR-BUR-MER-YASSIGUME1,BURDUR2,DEBI,01May2025,30Minute,Q1000,/BUR-BUR-MER-YASSIGUME1/BURDUR2/DEBI/01May2025/30Minute/Q1000/,False
3491,BUR-BUR-MER-YASSIGUME1,BURDUR2,DEBI,01May2025,30Minute,Q2,/BUR-BUR-MER-YASSIGUME1/BURDUR2/DEBI/01May2025/30Minute/Q2/,False
3492,BUR-BUR-MER-YASSIGUME1,BURDUR2,DEBI,01May2025,30Minute,Q25,/BUR-BUR-MER-YASSIGUME1/BURDUR2/DEBI/01May2025/30Minute/Q25/,False
3493,BUR-BUR-MER-YASSIGUME1,BURDUR2,DEBI,01May2025,30Minute,Q5,/BUR-BUR-MER-YASSIGUME1/BURDUR2/DEBI/01May2025/30Minute/Q5/,False
3494,BUR-BUR-MER-YASSIGUME1,BURDUR2,DEBI,01May2025,30Minute,Q50,/BUR-BUR-MER-YASSIGUME1/BURDUR2/DEBI/01May2025/30Minute/Q50/,False
3495,BUR-BUR-MER-YASSIGUME1,BURDUR2,DEBI,01May2025,30Minute,Q500,/BUR-BUR-MER-YASSIGUME1/BURDUR2/DEBI/01May2025/30Minute/Q500/,False
3496,BUR-BUR-MER-YASSIGUME2,BURDUR,DEBI,01May2025,30Minute,Q10,/BUR-BUR-MER-YASSIGUME2/BURDUR/DEBI/01May2025/30Minute/Q10/,False
3497,BUR-BUR-MER-YASSIGUME2,BURDUR,DEBI,01May2025,30Minute,Q100,/BUR-BUR-MER-YASSIGUME2/BURDUR/DEBI/01May2025/30Minute/Q100/,False
3498,BUR-BUR-MER-YASSIGUME2,BURDUR,DEBI,01May2025,30Minute,Q1000,/BUR-BUR-MER-YASSIGUME2/BURDUR/DEBI/01May2025/30Minute/Q1000/,False
3499,BUR-BUR-MER-YASSIGUME2,BURDUR,DEBI,01May2025,30Minute,Q2,/BUR-BUR-MER-YASSIGUME2/BURDUR/DEBI/01May2025/30Minute/Q2/,False
3500,BUR-BUR-MER-YASSIGUME2,BURDUR,DEBI,01May2025,30Minute,Q25,/BUR-BUR-MER-YASSIGUME2/BURDUR/DEBI/01May2025/30Minute/Q25/,False
3501,BUR-BUR-MER-YASSIGUME2,BURDUR,DEBI,01May2025,30Minute,Q5,/BUR-BUR-MER-YASSIGUME2/BURDUR/DEBI/01May2025/30Minute/Q5/,False
3502,BUR-BUR-MER-YASSIGUME2,BURDUR,DEBI,01May2025,30Minute,Q50,/BUR-BUR-MER-YASSIGUME2/BURDUR/DEBI/01May2025/30Minute/Q50/,False
3503,BUR-BUR-MER-YASSIGUME2,BURDUR,DEBI,01May2025,30Minute,Q500,/BUR-BUR-MER-YASSIGUME2/BURDUR/DEBI/01May2025/30Minute/Q500/,False
3504,BUR-BUR-MER-YASSIGUME2,BURDUR2,DEBI,01May2025,30Minute,Q10,/BUR-BUR-MER-YASSIGUME2/BURDUR2/DEBI/01May2025/30Minute/Q10/,False
3505,BUR-BUR-MER-YASSIGUME2,BURDUR2,DEBI,01May2025,30Minute,Q100,/BUR-BUR-MER-YASSIGUME2/BURDUR2/DEBI/01May2025/30Minute/Q100/,False
3506,BUR-BUR-MER-YASSIGUME2,BURDUR2,DEBI,01May2025,30Minute,Q1000,/BUR-BUR-MER-YASSIGUME2/BURDUR2/DEBI/01May2025/30Minute/Q1000/,False
3507,BUR-BUR-MER-YASSIGUME2,BURDUR2,DEBI,01May2025,30Minute,Q2,/BUR-BUR-MER-YASSIGUME2/BURDUR2/DEBI/01May2025/30Minute/Q2/,False
3508,BUR-BUR-MER-YASSIGUME2,BURDUR2,DEBI,01May2025,30Minute,Q25,/BUR-BUR-MER-YASSIGUME2/BURDUR2/DEBI/01May2025/30Minute/Q25/,False
3509,BUR-BUR-MER-YASSIGUME2,BURDUR2,DEBI,01May2025,30Minute,Q5,/BUR-BUR-MER-YASSIGUME2/BURDUR2/DEBI/01May2025/30Minute/Q5/,False
3510,BUR-BUR-MER-YASSIGUME2,BURDUR2,DEBI,01May2025,30Minute,Q50,/BUR-BUR-MER-YASSIGUME2/BURDUR2/DEBI/01May2025/30Minute/Q50/,False
3511,BUR-BUR-MER-YASSIGUME2,BURDUR2,DEBI,01May2025,30Minute,Q500,/BUR-BUR-MER-YASSIGUME2/BURDUR2/DEBI/01May2025/30Minute/Q500/,False
3512,BUR-BUR-MER-YASSIGUME3,BURDUR,DEBI,01May2025,30Minute,Q10,/BUR-BUR-MER-YASSIGUME3/BURDUR/DEBI/01May2025/30Minute/Q10/,False
3513,BUR-BUR-MER-YASSIGUME3,BURDUR,DEBI,01May2025,30Minute,Q100,/BUR-BUR-MER-YASSIGUME3/BURDUR/DEBI/01May2025/30Minute/Q100/,False
3514,BUR-BUR-MER-YASSIGUME3,BURDUR,DEBI,01May2025,30Minute,Q1000,/BUR-BUR-MER-YASSIGUME3/BURDUR/DEBI/01May2025/30Minute/Q1000/,False
3515,BUR-BUR-MER-YASSIGUME3,BURDUR,DEBI,01May2025,30Minute,Q2,/BUR-BUR-MER-YASSIGUME3/BURDUR/DEBI/01May2025/30Minute/Q2/,False
3516,BUR-BUR-MER-YASSIGUME3,BURDUR,DEBI,01May2025,30Minute,Q25,/BUR-BUR-MER-YASSIGUME3/BURDUR/DEBI/01May2025/30Minute/Q25/,False
3517,BUR-BUR-MER-YASSIGUME3,BURDUR,DEBI,01May2025,30Minute,Q5,/BUR-BUR-MER-YASSIGUME3/BURDUR/DEBI/01May2025/30Minute/Q5/,False
3518,BUR-BUR-MER-YASSIGUME3,BURDUR,DEBI,01May2025,30Minute,Q50,/BUR-BUR-MER-YASSIGUME3/BURDUR/DEBI/01May2025/30Minute/Q50/,False
3519,BUR-BUR-MER-YASSIGUME3,BURDUR,DEBI,01May2025,30Minute,Q500,/BUR-BUR-MER-YASSIGUME3/BURDUR/DEBI/01May2025/30Minute/Q500/,False
3520,BUR-BUR-MER-YASSIGUME3,BURDUR2,DEBI,01May2025,30Minute,Q10,/BUR-BUR-MER-YASSIGUME3/BURDUR2/DEBI/01May2025/30Minute/Q10/,False
3521,BUR-BUR-MER-YASSIGUME3,BURDUR2,DEBI,01May2025,30Minute,Q100,/BUR-BUR-MER-YASSIGUME3/BURDUR2/DEBI/01May2025/30Minute/Q100/,False
3522,BUR-BUR-MER-YASSIGUME3,BURDUR2,DEBI,01May2025,30Minute,Q1000,/BUR-BUR-MER-YASSIGUME3/BURDUR2/DEBI/01May2025/30Minute/Q1000/,False
3523,BUR-BUR-MER-YASSIGUME3,BURDUR2,DEBI,01May2025,30Minute,Q2,/BUR-BUR-MER-YASSIGUME3/BURDUR2/DEBI/01May2025/30Minute/Q2/,False
3524,BUR-BUR-MER-YASSIGUME3,BURDUR2,DEBI,01May2025,30Minute,Q25,/BUR-BUR-MER-YASSIGUME3/BURDUR2/DEBI/01May2025/30Minute/Q25/,False
3525,BUR-BUR-MER-YASSIGUME3,BURDUR2,DEBI,01May2025,30Minute,Q5,/BUR-BUR-MER-YASSIGUME3/BURDUR2/DEBI/01May2025/30Minute/Q5/,False
3526,BUR-BUR-MER-YASSIGUME3,BURDUR2,DEBI,01May2025,30Minute,Q50,/BUR-BUR-MER-YASSIGUME3/BURDUR2/DEBI/01May2025/30Minute/Q50/,False
3527,BUR-BUR-MER-YASSIGUME3,BURDUR2,DEBI,01May2025,30Minute,Q500,/BUR-BUR-MER-YASSIGUME3/BURDUR2/DEBI/01May2025/30Minute/Q500/,False
3528,BUR-BUR-MER-YAYLABELI,BURDUR,DEBI,01May2025,30Minute,Q10,/BUR-BUR-MER-YAYLABELI/BURDUR/DEBI/01May2025/30Minute/Q10/,False
3529,BUR-BUR-MER-YAYLABELI,BURDUR,DEBI,01May2025,30Minute,Q100,/BUR-BUR-MER-YAYLABELI/BURDUR/DEBI/01May2025/30Minute/Q100/,False
3530,BUR-BUR-MER-YAYLABELI,BURDUR,DEBI,01May2025,30Minute,Q1000,/BUR-BUR-MER-YAYLABELI/BURDUR/DEBI/01May2025/30Minute/Q1000/,False
3531,BUR-BUR-MER-YAYLABELI,BURDUR,DEBI,01May2025,30Minute,Q2,/BUR-BUR-MER-YAYLABELI/BURDUR/DEBI/01May2025/30Minute/Q2/,False
3532,BUR-BUR-MER-YAYLABELI,BURDUR,DEBI,01May2025,30Minute,Q25,/BUR-BUR-MER-YAYLABELI/BURDUR/DEBI/01May2025/30Minute/Q25/,False
3533,BUR-BUR-MER-YAYLABELI,BURDUR,DEBI,01May2025,30Minute,Q5,/BUR-BUR-MER-YAYLABELI/BURDUR/DEBI/01May2025/30Minute/Q5/,False
3534,BUR-BUR-MER-YAYLABELI,BURDUR,DEBI,01May2025,30Minute,Q50,/BUR-BUR-MER-YAYLABELI/BURDUR/DEBI/01May2025/30Minute/Q50/,False
3535,BUR-BUR-MER-YAYLABELI,BURDUR,DEBI,01May2025,30Minute,Q500,/BUR-BUR-MER-YAYLABELI/BURDUR/DEBI/01May2025/30Minute/Q500/,False
3536,BUR-BUR-MER-YAYLABELI,BURDUR2,DEBI,01May2025,30Minute,Q10,/BUR-BUR-MER-YAYLABELI/BURDUR2/DEBI/01May2025/30Minute/Q10/,False
3537,BUR-BUR-MER-YAYLABELI,BURDUR2,DEBI,01May2025,30Minute,Q100,/BUR-BUR-MER-YAYLABELI/BURDUR2/DEBI/01May2025/30Minute/Q100/,False
3538,BUR-BUR-MER-YAYLABELI,BURDUR2,DEBI,01May2025,30Minute,Q1000,/BUR-BUR-MER-YAYLABELI/BURDUR2/DEBI/01May2025/30Minute/Q1000/,False
3539,BUR-BUR-MER-YAYLABELI,BURDUR2,DEBI,01May2025,30Minute,Q2,/BUR-BUR-MER-YAYLABELI/BURDUR2/DEBI/01May2025/30Minute/Q2/,False
3540,BUR-BUR-MER-YAYLABELI,BURDUR2,DEBI,01May2025,30Minute,Q25,/BUR-BUR-MER-YAYLABELI/BURDUR2/DEBI/01May2025/30Minute/Q25/,False
3541,BUR-BUR-MER-YAYLABELI,BURDUR2,DEBI,01May2025,30Minute,Q5,/BUR-BUR-MER-YAYLABELI/BURDUR2/DEBI/01May2025/30Minute/Q5/,False
3542,BUR-BUR-MER-YAYLABELI,BURDUR2,DEBI,01May2025,30Minute,Q50,/BUR-BUR-MER-YAYLABELI/BURDUR2/DEBI/01May2025/30Minute/Q50/,False
3543,BUR-BUR-MER-YAYLABELI,BURDUR2,DEBI,01May2025,30Minute,Q500,/BUR-BUR-MER-YAYLABELI/BURDUR2/DEBI/01May2025/30Minute/Q500/,False
3544,BUR-BUR-MER-YAZIKOY1,BURDUR,DEBI,01May2025,30Minute,Q10,/BUR-BUR-MER-YAZIKOY1/BURDUR/DEBI/01May2025/30Minute/Q10/,False
3545,BUR-BUR-MER-YAZIKOY1,BURDUR,DEBI,01May2025,30Minute,Q100,/BUR-BUR-MER-YAZIKOY1/BURDUR/DEBI/01May2025/30Minute/Q100/,False
3546,BUR-BUR-MER-YAZIKOY1,BURDUR,DEBI,01May2025,30Minute,Q1000,/BUR-BUR-MER-YAZIKOY1/BURDUR/DEBI/01May2025/30Minute/Q1000/,False
3547,BUR-BUR-MER-YAZIKOY1,BURDUR,DEBI,01May2025,30Minute,Q2,/BUR-BUR-MER-YAZIKOY1/BURDUR/DEBI/01May2025/30Minute/Q2/,False
3548,BUR-BUR-MER-YAZIKOY1,BURDUR,DEBI,01May2025,30Minute,Q25,/BUR-BUR-MER-YAZIKOY1/BURDUR/DEBI/01May2025/30Minute/Q25/,False
3549,BUR-BUR-MER-YAZIKOY1,BURDUR,DEBI,01May2025,30Minute,Q5,/BUR-BUR-MER-YAZIKOY1/BURDUR/DEBI/01May2025/30Minute/Q5/,False
3550,BUR-BUR-MER-YAZIKOY1,BURDUR,DEBI,01May2025,30Minute,Q50,/BUR-BUR-MER-YAZIKOY1/BURDUR/DEBI/01May2025/30Minute/Q50/,False
3551,BUR-BUR-MER-YAZIKOY1,BURDUR,DEBI,01May2025,30Minute,Q500,/BUR-BUR-MER-YAZIKOY1/BURDUR/DEBI/01May2025/30Minute/Q500/,False
3552,BUR-BUR-MER-YAZIKOY1,BURDUR2,DEBI,01May2025,30Minute,Q10,/BUR-BUR-MER-YAZIKOY1/BURDUR2/DEBI/01May2025/30Minute/Q10/,False
3553,BUR-BUR-MER-YAZIKOY1,BURDUR2,DEBI,01May2025,30Minute,Q100,/BUR-BUR-MER-YAZIKOY1/BURDUR2/DEBI/01May2025/30Minute/Q100/,False
3554,BUR-BUR-MER-YAZIKOY1,BURDUR2,DEBI,01May2025,30Minute,Q1000,/BUR-BUR-MER-YAZIKOY1/BURDUR2/DEBI/01May2025/30Minute/Q1000/,False
3555,BUR-BUR-MER-YAZIKOY1,BURDUR2,DEBI,01May2025,30Minute,Q2,/BUR-BUR-MER-YAZIKOY1/BURDUR2/DEBI/01May2025/30Minute/Q2/,False
3556,BUR-BUR-MER-YAZIKOY1,BURDUR2,DEBI,01May2025,30Minute,Q25,/BUR-BUR-MER-YAZIKOY1/BURDUR2/DEBI/01May2025/30Minute/Q25/,False
3557,BUR-BUR-MER-YAZIKOY1,BURDUR2,DEBI,01May2025,30Minute,Q5,/BUR-BUR-MER-YAZIKOY1/BURDUR2/DEBI/01May2025/30Minute/Q5/,False
3558,BUR-BUR-MER-YAZIKOY1,BURDUR2,DEBI,01May2025,30Minute,Q50,/BUR-BUR-MER-YAZIKOY1/BURDUR2/DEBI/01May2025/30Minute/Q50/,False
3559,BUR-BUR-MER-YAZIKOY1,BURDUR2,DEBI,01May2025,30Minute,Q500,/BUR-BUR-MER-YAZIKOY1/BURDUR2/DEBI/01May2025/30Minute/Q500/,False
3560,BUR-BUR-MER-YAZIKOY2,BURDUR,DEBI,01May2025,30Minute,Q10,/BUR-BUR-MER-YAZIKOY2/BURDUR/DEBI/01May2025/30Minute/Q10/,False
3561,BUR-BUR-MER-YAZIKOY2,BURDUR,DEBI,01May2025,30Minute,Q100,/BUR-BUR-MER-YAZIKOY2/BURDUR/DEBI/01May2025/30Minute/Q100/,False
3562,BUR-BUR-MER-YAZIKOY2,BURDUR,DEBI,01May2025,30Minute,Q1000,/BUR-BUR-MER-YAZIKOY2/BURDUR/DEBI/01May2025/30Minute/Q1000/,False
3563,BUR-BUR-MER-YAZIKOY2,BURDUR,DEBI,01May2025,30Minute,Q2,/BUR-BUR-MER-YAZIKOY2/BURDUR/DEBI/01May2025/30Minute/Q2/,False
3564,BUR-BUR-MER-YAZIKOY2,BURDUR,DEBI,01May2025,30Minute,Q25,/BUR-BUR-MER-YAZIKOY2/BURDUR/DEBI/01May2025/30Minute/Q25/,False
3565,BUR-BUR-MER-YAZIKOY2,BURDUR,DEBI,01May2025,30Minute,Q5,/BUR-BUR-MER-YAZIKOY2/BURDUR/DEBI/01May2025/30Minute/Q5/,False
3566,BUR-BUR-MER-YAZIKOY2,BURDUR,DEBI,01May2025,30Minute,Q50,/BUR-BUR-MER-YAZIKOY2/BURDUR/DEBI/01May2025/30Minute/Q50/,False
3567,BUR-BUR-MER-YAZIKOY2,BURDUR,DEBI,01May2025,30Minute,Q500,/BUR-BUR-MER-YAZIKOY2/BURDUR/DEBI/01May2025/30Minute/Q500/,False
3568,BUR-BUR-MER-YAZIKOY2,BURDUR2,DEBI,01May2025,30Minute,Q10,/BUR-BUR-MER-YAZIKOY2/BURDUR2/DEBI/01May2025/30Minute/Q10/,False
3569,BUR-BUR-MER-YAZIKOY2,BURDUR2,DEBI,01May2025,30Minute,Q100,/BUR-BUR-MER-YAZIKOY2/BURDUR2/DEBI/01May2025/30Minute/Q100/,False
3570,BUR-BUR-MER-YAZIKOY2,BURDUR2,DEBI,01May2025,30Minute,Q1000,/BUR-BUR-MER-YAZIKOY2/BURDUR2/DEBI/01May2025/30Minute/Q1000/,False
3571,BUR-BUR-MER-YAZIKOY2,BURDUR2,DEBI,01May2025,30Minute,Q2,/BUR-BUR-MER-YAZIKOY2/BURDUR2/DEBI/01May2025/30Minute/Q2/,False
3572,BUR-BUR-MER-YAZIKOY2,BURDUR2,DEBI,01May2025,30Minute,Q25,/BUR-BUR-MER-YAZIKOY2/BURDUR2/DEBI/01May2025/30Minute/Q25/,False
3573,BUR-BUR-MER-YAZIKOY2,BURDUR2,DEBI,01May2025,30Minute,Q5,/BUR-BUR-MER-YAZIKOY2/BURDUR2/DEBI/01May2025/30Minute/Q5/,False
3574,BUR-BUR-MER-YAZIKOY2,BURDUR2,DEBI,01May2025,30Minute,Q50,/BUR-BUR-MER-YAZIKOY2/BURDUR2/DEBI/01May2025/30Minute/Q50/,False
3575,BUR-BUR-MER-YAZIKOY2,BURDUR2,DEBI,01May2025,30Minute,Q500,/BUR-BUR-MER-YAZIKOY2/BURDUR2/DEBI/01May2025/30Minute/Q500/,False
3576,BUR-BUR-MER-YAZIKOY3_1,BURDUR,DEBI,01May2025,30Minute,Q10,/BUR-BUR-MER-YAZIKOY3_1/BURDUR/DEBI/01May2025/30Minute/Q10/,False
3577,BUR-BUR-MER-YAZIKOY3_1,BURDUR,DEBI,01May2025,30Minute,Q100,/BUR-BUR-MER-YAZIKOY3_1/BURDUR/DEBI/01May2025/30Minute/Q100/,False
3578,BUR-BUR-MER-YAZIKOY3_1,BURDUR,DEBI,01May2025,30Minute,Q1000,/BUR-BUR-MER-YAZIKOY3_1/BURDUR/DEBI/01May2025/30Minute/Q1000/,False
3579,BUR-BUR-MER-YAZIKOY3_1,BURDUR,DEBI,01May2025,30Minute,Q2,/BUR-BUR-MER-YAZIKOY3_1/BURDUR/DEBI/01May2025/30Minute/Q2/,False
3580,BUR-BUR-MER-YAZIKOY3_1,BURDUR,DEBI,01May2025,30Minute,Q25,/BUR-BUR-MER-YAZIKOY3_1/BURDUR/DEBI/01May2025/30Minute/Q25/,False
3581,BUR-BUR-MER-YAZIKOY3_1,BURDUR,DEBI,01May2025,30Minute,Q5,/BUR-BUR-MER-YAZIKOY3_1/BURDUR/DEBI/01May2025/30Minute/Q5/,False
3582,BUR-BUR-MER-YAZIKOY3_1,BURDUR,DEBI,01May2025,30Minute,Q50,/BUR-BUR-MER-YAZIKOY3_1/BURDUR/DEBI/01May2025/30Minute/Q50/,False
3583,BUR-BUR-MER-YAZIKOY3_1,BURDUR,DEBI,01May2025,30Minute,Q500,/BUR-BUR-MER-YAZIKOY3_1/BURDUR/DEBI/01May2025/30Minute/Q500/,False
3584,BUR-BUR-MER-YAZIKOY3_1,BURDUR2,DEBI,01May2025,30Minute,Q10,/BUR-BUR-MER-YAZIKOY3_1/BURDUR2/DEBI/01May2025/30Minute/Q10/,False
3585,BUR-BUR-MER-YAZIKOY3_1,BURDUR2,DEBI,01May2025,30Minute,Q100,/BUR-BUR-MER-YAZIKOY3_1/BURDUR2/DEBI/01May2025/30Minute/Q100/,False
3586,BUR-BUR-MER-YAZIKOY3_1,BURDUR2,DEBI,01May2025,30Minute,Q1000,/BUR-BUR-MER-YAZIKOY3_1/BURDUR2/DEBI/01May2025/30Minute/Q1000/,False
3587,BUR-BUR-MER-YAZIKOY3_1,BURDUR2,DEBI,01May2025,30Minute,Q2,/BUR-BUR-MER-YAZIKOY3_1/BURDUR2/DEBI/01May2025/30Minute/Q2/,False
3588,BUR-BUR-MER-YAZIKOY3_1,BURDUR2,DEBI,01May2025,30Minute,Q25,/BUR-BUR-MER-YAZIKOY3_1/BURDUR2/DEBI/01May2025/30Minute/Q25/,False
3589,BUR-BUR-MER-YAZIKOY3_1,BURDUR2,DEBI,01May2025,30Minute,Q5,/BUR-BUR-MER-YAZIKOY3_1/BURDUR2/DEBI/01May2025/30Minute/Q5/,False
3590,BUR-BUR-MER-YAZIKOY3_1,BURDUR2,DEBI,01May2025,30Minute,Q50,/BUR-BUR-MER-YAZIKOY3_1/BURDUR2/DEBI/01May2025/30Minute/Q50/,False
3591,BUR-BUR-MER-YAZIKOY3_1,BURDUR2,DEBI,01May2025,30Minute,Q500,/BUR-BUR-MER-YAZIKOY3_1/BURDUR2/DEBI/01May2025/30Minute/Q500/,False
3592,BUR-BUR-MER-YAZIKOY3_2,BURDUR,DEBI,01May2025,30Minute,Q10,/BUR-BUR-MER-YAZIKOY3_2/BURDUR/DEBI/01May2025/30Minute/Q10/,False
3593,BUR-BUR-MER-YAZIKOY3_2,BURDUR,DEBI,01May2025,30Minute,Q100,/BUR-BUR-MER-YAZIKOY3_2/BURDUR/DEBI/01May2025/30Minute/Q100/,False
3594,BUR-BUR-MER-YAZIKOY3_2,BURDUR,DEBI,01May2025,30Minute,Q1000,/BUR-BUR-MER-YAZIKOY3_2/BURDUR/DEBI/01May2025/30Minute/Q1000/,False
3595,BUR-BUR-MER-YAZIKOY3_2,BURDUR,DEBI,01May2025,30Minute,Q2,/BUR-BUR-MER-YAZIKOY3_2/BURDUR/DEBI/01May2025/30Minute/Q2/,False
3596,BUR-BUR-MER-YAZIKOY3_2,BURDUR,DEBI,01May2025,30Minute,Q25,/BUR-BUR-MER-YAZIKOY3_2/BURDUR/DEBI/01May2025/30Minute/Q25/,False
3597,BUR-BUR-MER-YAZIKOY3_2,BURDUR,DEBI,01May2025,30Minute,Q5,/BUR-BUR-MER-YAZIKOY3_2/BURDUR/DEBI/01May2025/30Minute/Q5/,False
3598,BUR-BUR-MER-YAZIKOY3_2,BURDUR,DEBI,01May2025,30Minute,Q50,/BUR-BUR-MER-YAZIKOY3_2/BURDUR/DEBI/01May2025/30Minute/Q50/,False
3599,BUR-BUR-MER-YAZIKOY3_2,BURDUR,DEBI,01May2025,30Minute,Q500,/BUR-BUR-MER-YAZIKOY3_2/BURDUR/DEBI/01May2025/30Minute/Q500/,False
3600,BUR-BUR-MER-YAZIKOY3_2,BURDUR2,DEBI,01May2025,30Minute,Q10,/BUR-BUR-MER-YAZIKOY3_2/BURDUR2/DEBI/01May2025/30Minute/Q10/,False
3601,BUR-BUR-MER-YAZIKOY3_2,BURDUR2,DEBI,01May2025,30Minute,Q100,/BUR-BUR-MER-YAZIKOY3_2/BURDUR2/DEBI/01May2025/30Minute/Q100/,False
3602,BUR-BUR-MER-YAZIKOY3_2,BURDUR2,DEBI,01May2025,30Minute,Q1000,/BUR-BUR-MER-YAZIKOY3_2/BURDUR2/DEBI/01May2025/30Minute/Q1000/,False
3603,BUR-BUR-MER-YAZIKOY3_2,BURDUR2,DEBI,01May2025,30Minute,Q2,/BUR-BUR-MER-YAZIKOY3_2/BURDUR2/DEBI/01May2025/30Minute/Q2/,False
3604,BUR-BUR-MER-YAZIKOY3_2,BURDUR2,DEBI,01May2025,30Minute,Q25,/BUR-BUR-MER-YAZIKOY3_2/BURDUR2/DEBI/01May2025/30Minute/Q25/,False
3605,BUR-BUR-MER-YAZIKOY3_2,BURDUR2,DEBI,01May2025,30Minute,Q5,/BUR-BUR-MER-YAZIKOY3_2/BURDUR2/DEBI/01May2025/30Minute/Q5/,False
3606,BUR-BUR-MER-YAZIKOY3_2,BURDUR2,DEBI,01May2025,30Minute,Q50,/BUR-BUR-MER-YAZIKOY3_2/BURDUR2/DEBI/01May2025/30Minute/Q50/,False
3607,BUR-BUR-MER-YAZIKOY3_2,BURDUR2,DEBI,01May2025,30Minute,Q500,/BUR-BUR-MER-YAZIKOY3_2/BURDUR2/DEBI/01May2025/30Minute/Q500/,False
3608,BUR-BUR-MER-YAZIKOY4,BURDUR,DEBI,02May2025,5Minute,Q10,/BUR-BUR-MER-YAZIKOY4/BURDUR/DEBI/02May2025/5Minute/Q10/,False
3609,BUR-BUR-MER-YAZIKOY4,BURDUR,DEBI,02May2025,5Minute,Q100,/BUR-BUR-MER-YAZIKOY4/BURDUR/DEBI/02May2025/5Minute/Q100/,False
3610,BUR-BUR-MER-YAZIKOY4,BURDUR,DEBI,02May2025,5Minute,Q1000,/BUR-BUR-MER-YAZIKOY4/BURDUR/DEBI/02May2025/5Minute/Q1000/,False
3611,BUR-BUR-MER-YAZIKOY4,BURDUR,DEBI,02May2025,5Minute,Q2,/BUR-BUR-MER-YAZIKOY4/BURDUR/DEBI/02May2025/5Minute/Q2/,False
3612,BUR-BUR-MER-YAZIKOY4,BURDUR,DEBI,02May2025,5Minute,Q25,/BUR-BUR-MER-YAZIKOY4/BURDUR/DEBI/02May2025/5Minute/Q25/,False
3613,BUR-BUR-MER-YAZIKOY4,BURDUR,DEBI,02May2025,5Minute,Q5,/BUR-BUR-MER-YAZIKOY4/BURDUR/DEBI/02May2025/5Minute/Q5/,False
3614,BUR-BUR-MER-YAZIKOY4,BURDUR,DEBI,02May2025,5Minute,Q50,/BUR-BUR-MER-YAZIKOY4/BURDUR/DEBI/02May2025/5Minute/Q50/,False
3615,BUR-BUR-MER-YAZIKOY4,BURDUR,DEBI,02May2025,5Minute,Q500,/BUR-BUR-MER-YAZIKOY4/BURDUR/DEBI/02May2025/5Minute/Q500/,False
3616,BUR-BUR-MER-YAZIKOY4,BURDUR2,DEBI,02May2025,5Minute,Q10,/BUR-BUR-MER-YAZIKOY4/BURDUR2/DEBI/02May2025/5Minute/Q10/,False
3617,BUR-BUR-MER-YAZIKOY4,BURDUR2,DEBI,02May2025,5Minute,Q100,/BUR-BUR-MER-YAZIKOY4/BURDUR2/DEBI/02May2025/5Minute/Q100/,False
3618,BUR-BUR-MER-YAZIKOY4,BURDUR2,DEBI,02May2025,5Minute,Q1000,/BUR-BUR-MER-YAZIKOY4/BURDUR2/DEBI/02May2025/5Minute/Q1000/,False
3619,BUR-BUR-MER-YAZIKOY4,BURDUR2,DEBI,02May2025,5Minute,Q2,/BUR-BUR-MER-YAZIKOY4/BURDUR2/DEBI/02May2025/5Minute/Q2/,False
3620,BUR-BUR-MER-YAZIKOY4,BURDUR2,DEBI,02May2025,5Minute,Q25,/BUR-BUR-MER-YAZIKOY4/BURDUR2/DEBI/02May2025/5Minute/Q25/,False
3621,BUR-BUR-MER-YAZIKOY4,BURDUR2,DEBI,02May2025,5Minute,Q5,/BUR-BUR-MER-YAZIKOY4/BURDUR2/DEBI/02May2025/5Minute/Q5/,False
3622,BUR-BUR-MER-YAZIKOY4,BURDUR2,DEBI,02May2025,5Minute,Q50,/BUR-BUR-MER-YAZIKOY4/BURDUR2/DEBI/02May2025/5Minute/Q50/,False
3623,BUR-BUR-MER-YAZIKOY4,BURDUR2,DEBI,02May2025,5Minute,Q500,/BUR-BUR-MER-YAZIKOY4/BURDUR2/DEBI/02May2025/5Minute/Q500/,False
3624,BUR-BUR-MER-YAZIKOY5,BURDUR,DEBI,01May2025,30Minute,Q10,/BUR-BUR-MER-YAZIKOY5/BURDUR/DEBI/01May2025/30Minute/Q10/,False
3625,BUR-BUR-MER-YAZIKOY5,BURDUR,DEBI,01May2025,30Minute,Q100,/BUR-BUR-MER-YAZIKOY5/BURDUR/DEBI/01May2025/30Minute/Q100/,False
3626,BUR-BUR-MER-YAZIKOY5,BURDUR,DEBI,01May2025,30Minute,Q1000,/BUR-BUR-MER-YAZIKOY5/BURDUR/DEBI/01May2025/30Minute/Q1000/,False
3627,BUR-BUR-MER-YAZIKOY5,BURDUR,DEBI,01May2025,30Minute,Q2,/BUR-BUR-MER-YAZIKOY5/BURDUR/DEBI/01May2025/30Minute/Q2/,False
3628,BUR-BUR-MER-YAZIKOY5,BURDUR,DEBI,01May2025,30Minute,Q25,/BUR-BUR-MER-YAZIKOY5/BURDUR/DEBI/01May2025/30Minute/Q25/,False
3629,BUR-BUR-MER-YAZIKOY5,BURDUR,DEBI,01May2025,30Minute,Q5,/BUR-BUR-MER-YAZIKOY5/BURDUR/DEBI/01May2025/30Minute/Q5/,False
3630,BUR-BUR-MER-YAZIKOY5,BURDUR,DEBI,01May2025,30Minute,Q50,/BUR-BUR-MER-YAZIKOY5/BURDUR/DEBI/01May2025/30Minute/Q50/,False
3631,BUR-BUR-MER-YAZIKOY5,BURDUR,DEBI,01May2025,30Minute,Q500,/BUR-BUR-MER-YAZIKOY5/BURDUR/DEBI/01May2025/30Minute/Q500/,False
3632,BUR-BUR-MER-YAZIKOY5,BURDUR2,DEBI,01May2025,30Minute,Q10,/BUR-BUR-MER-YAZIKOY5/BURDUR2/DEBI/01May2025/30Minute/Q10/,False
3633,BUR-BUR-MER-YAZIKOY5,BURDUR2,DEBI,01May2025,30Minute,Q100,/BUR-BUR-MER-YAZIKOY5/BURDUR2/DEBI/01May2025/30Minute/Q100/,False
3634,BUR-BUR-MER-YAZIKOY5,BURDUR2,DEBI,01May2025,30Minute,Q1000,/BUR-BUR-MER-YAZIKOY5/BURDUR2/DEBI/01May2025/30Minute/Q1000/,False
3635,BUR-BUR-MER-YAZIKOY5,BURDUR2,DEBI,01May2025,30Minute,Q2,/BUR-BUR-MER-YAZIKOY5/BURDUR2/DEBI/01May2025/30Minute/Q2/,False
3636,BUR-BUR-MER-YAZIKOY5,BURDUR2,DEBI,01May2025,30Minute,Q25,/BUR-BUR-MER-YAZIKOY5/BURDUR2/DEBI/01May2025/30Minute/Q25/,False
3637,BUR-BUR-MER-YAZIKOY5,BURDUR2,DEBI,01May2025,30Minute,Q5,/BUR-BUR-MER-YAZIKOY5/BURDUR2/DEBI/01May2025/30Minute/Q5/,False
3638,BUR-BUR-MER-YAZIKOY5,BURDUR2,DEBI,01May2025,30Minute,Q50,/BUR-BUR-MER-YAZIKOY5/BURDUR2/DEBI/01May2025/30Minute/Q50/,False
3639,BUR-BUR-MER-YAZIKOY5,BURDUR2,DEBI,01May2025,30Minute,Q500,/BUR-BUR-MER-YAZIKOY5/BURDUR2/DEBI/01May2025/30Minute/Q500/,False
3640,BUR-BUR-MER-YAZIKOY6,BURDUR,DEBI,01May2025,30Minute,Q10,/BUR-BUR-MER-YAZIKOY6/BURDUR/DEBI/01May2025/30Minute/Q10/,False
3641,BUR-BUR-MER-YAZIKOY6,BURDUR,DEBI,01May2025,30Minute,Q100,/BUR-BUR-MER-YAZIKOY6/BURDUR/DEBI/01May2025/30Minute/Q100/,False
3642,BUR-BUR-MER-YAZIKOY6,BURDUR,DEBI,01May2025,30Minute,Q1000,/BUR-BUR-MER-YAZIKOY6/BURDUR/DEBI/01May2025/30Minute/Q1000/,False
3643,BUR-BUR-MER-YAZIKOY6,BURDUR,DEBI,01May2025,30Minute,Q2,/BUR-BUR-MER-YAZIKOY6/BURDUR/DEBI/01May2025/30Minute/Q2/,False
3644,BUR-BUR-MER-YAZIKOY6,BURDUR,DEBI,01May2025,30Minute,Q25,/BUR-BUR-MER-YAZIKOY6/BURDUR/DEBI/01May2025/30Minute/Q25/,False
3645,BUR-BUR-MER-YAZIKOY6,BURDUR,DEBI,01May2025,30Minute,Q5,/BUR-BUR-MER-YAZIKOY6/BURDUR/DEBI/01May2025/30Minute/Q5/,False
3646,BUR-BUR-MER-YAZIKOY6,BURDUR,DEBI,01May2025,30Minute,Q50,/BUR-BUR-MER-YAZIKOY6/BURDUR/DEBI/01May2025/30Minute/Q50/,False
3647,BUR-BUR-MER-YAZIKOY6,BURDUR,DEBI,01May2025,30Minute,Q500,/BUR-BUR-MER-YAZIKOY6/BURDUR/DEBI/01May2025/30Minute/Q500/,False
3648,BUR-BUR-MER-YAZIKOY6,BURDUR2,DEBI,01May2025,30Minute,Q10,/BUR-BUR-MER-YAZIKOY6/BURDUR2/DEBI/01May2025/30Minute/Q10/,False
3649,BUR-BUR-MER-YAZIKOY6,BURDUR2,DEBI,01May2025,30Minute,Q100,/BUR-BUR-MER-YAZIKOY6/BURDUR2/DEBI/01May2025/30Minute/Q100/,False
3650,BUR-BUR-MER-YAZIKOY6,BURDUR2,DEBI,01May2025,30Minute,Q1000,/BUR-BUR-MER-YAZIKOY6/BURDUR2/DEBI/01May2025/30Minute/Q1000/,False
3651,BUR-BUR-MER-YAZIKOY6,BURDUR2,DEBI,01May2025,30Minute,Q2,/BUR-BUR-MER-YAZIKOY6/BURDUR2/DEBI/01May2025/30Minute/Q2/,False
3652,BUR-BUR-MER-YAZIKOY6,BURDUR2,DEBI,01May2025,30Minute,Q25,/BUR-BUR-MER-YAZIKOY6/BURDUR2/DEBI/01May2025/30Minute/Q25/,False
3653,BUR-BUR-MER-YAZIKOY6,BURDUR2,DEBI,01May2025,30Minute,Q5,/BUR-BUR-MER-YAZIKOY6/BURDUR2/DEBI/01May2025/30Minute/Q5/,False
3654,BUR-BUR-MER-YAZIKOY6,BURDUR2,DEBI,01May2025,30Minute,Q50,/BUR-BUR-MER-YAZIKOY6/BURDUR2/DEBI/01May2025/30Minute/Q50/,False
3655,BUR-BUR-MER-YAZIKOY6,BURDUR2,DEBI,01May2025,30Minute,Q500,/BUR-BUR-MER-YAZIKOY6/BURDUR2/DEBI/01May2025/30Minute/Q500/,False
3656,BUR-BUR-MER-YESILDAG1,BURDUR,DEBI,01May2025,30Minute,Q10,/BUR-BUR-MER-YESILDAG1/BURDUR/DEBI/01May2025/30Minute/Q10/,False
3657,BUR-BUR-MER-YESILDAG1,BURDUR,DEBI,01May2025,30Minute,Q100,/BUR-BUR-MER-YESILDAG1/BURDUR/DEBI/01May2025/30Minute/Q100/,False
3658,BUR-BUR-MER-YESILDAG1,BURDUR,DEBI,01May2025,30Minute,Q1000,/BUR-BUR-MER-YESILDAG1/BURDUR/DEBI/01May2025/30Minute/Q1000/,False
3659,BUR-BUR-MER-YESILDAG1,BURDUR,DEBI,01May2025,30Minute,Q2,/BUR-BUR-MER-YESILDAG1/BURDUR/DEBI/01May2025/30Minute/Q2/,False
3660,BUR-BUR-MER-YESILDAG1,BURDUR,DEBI,01May2025,30Minute,Q25,/BUR-BUR-MER-YESILDAG1/BURDUR/DEBI/01May2025/30Minute/Q25/,False
3661,BUR-BUR-MER-YESILDAG1,BURDUR,DEBI,01May2025,30Minute,Q5,/BUR-BUR-MER-YESILDAG1/BURDUR/DEBI/01May2025/30Minute/Q5/,False
3662,BUR-BUR-MER-YESILDAG1,BURDUR,DEBI,01May2025,30Minute,Q50,/BUR-BUR-MER-YESILDAG1/BURDUR/DEBI/01May2025/30Minute/Q50/,False
3663,BUR-BUR-MER-YESILDAG1,BURDUR,DEBI,01May2025,30Minute,Q500,/BUR-BUR-MER-YESILDAG1/BURDUR/DEBI/01May2025/30Minute/Q500/,False
3664,BUR-BUR-MER-YESILDAG2,BURDUR,DEBI,01May2025,30Minute,Q10,/BUR-BUR-MER-YESILDAG2/BURDUR/DEBI/01May2025/30Minute/Q10/,False
3665,BUR-BUR-MER-YESILDAG2,BURDUR,DEBI,01May2025,30Minute,Q100,/BUR-BUR-MER-YESILDAG2/BURDUR/DEBI/01May2025/30Minute/Q100/,False
3666,BUR-BUR-MER-YESILDAG2,BURDUR,DEBI,01May2025,30Minute,Q1000,/BUR-BUR-MER-YESILDAG2/BURDUR/DEBI/01May2025/30Minute/Q1000/,False
3667,BUR-BUR-MER-YESILDAG2,BURDUR,DEBI,01May2025,30Minute,Q2,/BUR-BUR-MER-YESILDAG2/BURDUR/DEBI/01May2025/30Minute/Q2/,False
3668,BUR-BUR-MER-YESILDAG2,BURDUR,DEBI,01May2025,30Minute,Q25,/BUR-BUR-MER-YESILDAG2/BURDUR/DEBI/01May2025/30Minute/Q25/,False
3669,BUR-BUR-MER-YESILDAG2,BURDUR,DEBI,01May2025,30Minute,Q5,/BUR-BUR-MER-YESILDAG2/BURDUR/DEBI/01May2025/30Minute/Q5/,False
3670,BUR-BUR-MER-YESILDAG2,BURDUR,DEBI,01May2025,30Minute,Q50,/BUR-BUR-MER-YESILDAG2/BURDUR/DEBI/01May2025/30Minute/Q50/,False
3671,BUR-BUR-MER-YESILDAG2,BURDUR,DEBI,01May2025,30Minute,Q500,/BUR-BUR-MER-YESILDAG2/BURDUR/DEBI/01May2025/30Minute/Q500/,False
3672,BUR-BUR-MER-YESILDAG3,BURDUR,DEBI,01May2025,30Minute,Q10,/BUR-BUR-MER-YESILDAG3/BURDUR/DEBI/01May2025/30Minute/Q10/,False
3673,BUR-BUR-MER-YESILDAG3,BURDUR,DEBI,01May2025,30Minute,Q100,/BUR-BUR-MER-YESILDAG3/BURDUR/DEBI/01May2025/30Minute/Q100/,False
3674,BUR-BUR-MER-YESILDAG3,BURDUR,DEBI,01May2025,30Minute,Q1000,/BUR-BUR-MER-YESILDAG3/BURDUR/DEBI/01May2025/30Minute/Q1000/,False
3675,BUR-BUR-MER-YESILDAG3,BURDUR,DEBI,01May2025,30Minute,Q2,/BUR-BUR-MER-YESILDAG3/BURDUR/DEBI/01May2025/30Minute/Q2/,False
3676,BUR-BUR-MER-YESILDAG3,BURDUR,DEBI,01May2025,30Minute,Q25,/BUR-BUR-MER-YESILDAG3/BURDUR/DEBI/01May2025/30Minute/Q25/,False
3677,BUR-BUR-MER-YESILDAG3,BURDUR,DEBI,01May2025,30Minute,Q5,/BUR-BUR-MER-YESILDAG3/BURDUR/DEBI/01May2025/30Minute/Q5/,False
3678,BUR-BUR-MER-YESILDAG3,BURDUR,DEBI,01May2025,30Minute,Q50,/BUR-BUR-MER-YESILDAG3/BURDUR/DEBI/01May2025/30Minute/Q50/,False
3679,BUR-BUR-MER-YESILDAG3,BURDUR,DEBI,01May2025,30Minute,Q500,/BUR-BUR-MER-YESILDAG3/BURDUR/DEBI/01May2025/30Minute/Q500/,False
3680,BUR-BUR-MER-ZEMBEDIK,BURDUR,DEBI,02May2025,5Minute,Q10,/BUR-BUR-MER-ZEMBEDIK/BURDUR/DEBI/02May2025/5Minute/Q10/,False
3681,BUR-BUR-MER-ZEMBEDIK,BURDUR,DEBI,02May2025,5Minute,Q100,/BUR-BUR-MER-ZEMBEDIK/BURDUR/DEBI/02May2025/5Minute/Q100/,False
3682,BUR-BUR-MER-ZEMBEDIK,BURDUR,DEBI,02May2025,5Minute,Q1000,/BUR-BUR-MER-ZEMBEDIK/BURDUR/DEBI/02May2025/5Minute/Q1000/,False
3683,BUR-BUR-MER-ZEMBEDIK,BURDUR,DEBI,02May2025,5Minute,Q2,/BUR-BUR-MER-ZEMBEDIK/BURDUR/DEBI/02May2025/5Minute/Q2/,False
3684,BUR-BUR-MER-ZEMBEDIK,BURDUR,DEBI,02May2025,5Minute,Q25,/BUR-BUR-MER-ZEMBEDIK/BURDUR/DEBI/02May2025/5Minute/Q25/,False
3685,BUR-BUR-MER-ZEMBEDIK,BURDUR,DEBI,02May2025,5Minute,Q5,/BUR-BUR-MER-ZEMBEDIK/BURDUR/DEBI/02May2025/5Minute/Q5/,False
3686,BUR-BUR-MER-ZEMBEDIK,BURDUR,DEBI,02May2025,5Minute,Q50,/BUR-BUR-MER-ZEMBEDIK/BURDUR/DEBI/02May2025/5Minute/Q50/,False
3687,BUR-BUR-MER-ZEMBEDIK,BURDUR,DEBI,02May2025,5Minute,Q500,/BUR-BUR-MER-ZEMBEDIK/BURDUR/DEBI/02May2025/5Minute/Q500/,False
3688,BUR-BUR-MER-ZEMBEDIK,BURDUR2,DEBI,02May2025,5Minute,Q10,/BUR-BUR-MER-ZEMBEDIK/BURDUR2/DEBI/02May2025/5Minute/Q10/,False
3689,BUR-BUR-MER-ZEMBEDIK,BURDUR2,DEBI,02May2025,5Minute,Q100,/BUR-BUR-MER-ZEMBEDIK/BURDUR2/DEBI/02May2025/5Minute/Q100/,False
3690,BUR-BUR-MER-ZEMBEDIK,BURDUR2,DEBI,02May2025,5Minute,Q1000,/BUR-BUR-MER-ZEMBEDIK/BURDUR2/DEBI/02May2025/5Minute/Q1000/,False
3691,BUR-BUR-MER-ZEMBEDIK,BURDUR2,DEBI,02May2025,5Minute,Q2,/BUR-BUR-MER-ZEMBEDIK/BURDUR2/DEBI/02May2025/5Minute/Q2/,False
3692,BUR-BUR-MER-ZEMBEDIK,BURDUR2,DEBI,02May2025,5Minute,Q25,/BUR-BUR-MER-ZEMBEDIK/BURDUR2/DEBI/02May2025/5Minute/Q25/,False
3693,BUR-BUR-MER-ZEMBEDIK,BURDUR2,DEBI,02May2025,5Minute,Q5,/BUR-BUR-MER-ZEMBEDIK/BURDUR2/DEBI/02May2025/5Minute/Q5/,False
3694,BUR-BUR-MER-ZEMBEDIK,BURDUR2,DEBI,02May2025,5Minute,Q50,/BUR-BUR-MER-ZEMBEDIK/BURDUR2/DEBI/02May2025/5Minute/Q50/,False
3695,BUR-BUR-MER-ZEMBEDIK,BURDUR2,DEBI,02May2025,5Minute,Q500,/BUR-BUR-MER-ZEMBEDIK/BURDUR2/DEBI/02May2025/5Minute/Q500/,False
3696,BUR-BUR-TEF-BARAJ,BURDUR,DEBI,01May2025,30Minute,Q10,/BUR-BUR-TEF-BARAJ/BURDUR/DEBI/01May2025/30Minute/Q10/,False
3697,BUR-BUR-TEF-BARAJ,BURDUR,DEBI,01May2025,30Minute,Q100,/BUR-BUR-TEF-BARAJ/BURDUR/DEBI/01May2025/30Minute/Q100/,False
3698,BUR-BUR-TEF-BARAJ,BURDUR,DEBI,01May2025,30Minute,Q1000,/BUR-BUR-TEF-BARAJ/BURDUR/DEBI/01May2025/30Minute/Q1000/,False
3699,BUR-BUR-TEF-BARAJ,BURDUR,DEBI,01May2025,30Minute,Q2,/BUR-BUR-TEF-BARAJ/BURDUR/DEBI/01May2025/30Minute/Q2/,False
3700,BUR-BUR-TEF-BARAJ,BURDUR,DEBI,01May2025,30Minute,Q25,/BUR-BUR-TEF-BARAJ/BURDUR/DEBI/01May2025/30Minute/Q25/,False
3701,BUR-BUR-TEF-BARAJ,BURDUR,DEBI,01May2025,30Minute,Q5,/BUR-BUR-TEF-BARAJ/BURDUR/DEBI/01May2025/30Minute/Q5/,False
3702,BUR-BUR-TEF-BARAJ,BURDUR,DEBI,01May2025,30Minute,Q50,/BUR-BUR-TEF-BARAJ/BURDUR/DEBI/01May2025/30Minute/Q50/,False
3703,BUR-BUR-TEF-BARAJ,BURDUR,DEBI,01May2025,30Minute,Q500,/BUR-BUR-TEF-BARAJ/BURDUR/DEBI/01May2025/30Minute/Q500/,False
3704,BUR-BUR-TEF-BAYRAMLAR1,BURDUR,DEBI,01May2025,30Minute,Q10,/BUR-BUR-TEF-BAYRAMLAR1/BURDUR/DEBI/01May2025/30Minute/Q10/,False
3705,BUR-BUR-TEF-BAYRAMLAR1,BURDUR,DEBI,01May2025,30Minute,Q100,/BUR-BUR-TEF-BAYRAMLAR1/BURDUR/DEBI/01May2025/30Minute/Q100/,False
3706,BUR-BUR-TEF-BAYRAMLAR1,BURDUR,DEBI,01May2025,30Minute,Q1000,/BUR-BUR-TEF-BAYRAMLAR1/BURDUR/DEBI/01May2025/30Minute/Q1000/,False
3707,BUR-BUR-TEF-BAYRAMLAR1,BURDUR,DEBI,01May2025,30Minute,Q2,/BUR-BUR-TEF-BAYRAMLAR1/BURDUR/DEBI/01May2025/30Minute/Q2/,False
3708,BUR-BUR-TEF-BAYRAMLAR1,BURDUR,DEBI,01May2025,30Minute,Q25,/BUR-BUR-TEF-BAYRAMLAR1/BURDUR/DEBI/01May2025/30Minute/Q25/,False
3709,BUR-BUR-TEF-BAYRAMLAR1,BURDUR,DEBI,01May2025,30Minute,Q5,/BUR-BUR-TEF-BAYRAMLAR1/BURDUR/DEBI/01May2025/30Minute/Q5/,False
3710,BUR-BUR-TEF-BAYRAMLAR1,BURDUR,DEBI,01May2025,30Minute,Q50,/BUR-BUR-TEF-BAYRAMLAR1/BURDUR/DEBI/01May2025/30Minute/Q50/,False
3711,BUR-BUR-TEF-BAYRAMLAR1,BURDUR,DEBI,01May2025,30Minute,Q500,/BUR-BUR-TEF-BAYRAMLAR1/BURDUR/DEBI/01May2025/30Minute/Q500/,False
3712,BUR-BUR-TEF-BAYRAMLAR2,BURDUR,DEBI,01May2025,30Minute,Q10,/BUR-BUR-TEF-BAYRAMLAR2/BURDUR/DEBI/01May2025/30Minute/Q10/,False
3713,BUR-BUR-TEF-BAYRAMLAR2,BURDUR,DEBI,01May2025,30Minute,Q100,/BUR-BUR-TEF-BAYRAMLAR2/BURDUR/DEBI/01May2025/30Minute/Q100/,False
3714,BUR-BUR-TEF-BAYRAMLAR2,BURDUR,DEBI,01May2025,30Minute,Q1000,/BUR-BUR-TEF-BAYRAMLAR2/BURDUR/DEBI/01May2025/30Minute/Q1000/,False
3715,BUR-BUR-TEF-BAYRAMLAR2,BURDUR,DEBI,01May2025,30Minute,Q2,/BUR-BUR-TEF-BAYRAMLAR2/BURDUR/DEBI/01May2025/30Minute/Q2/,False
3716,BUR-BUR-TEF-BAYRAMLAR2,BURDUR,DEBI,01May2025,30Minute,Q25,/BUR-BUR-TEF-BAYRAMLAR2/BURDUR/DEBI/01May2025/30Minute/Q25/,False
3717,BUR-BUR-TEF-BAYRAMLAR2,BURDUR,DEBI,01May2025,30Minute,Q5,/BUR-BUR-TEF-BAYRAMLAR2/BURDUR/DEBI/01May2025/30Minute/Q5/,False
3718,BUR-BUR-TEF-BAYRAMLAR2,BURDUR,DEBI,01May2025,30Minute,Q50,/BUR-BUR-TEF-BAYRAMLAR2/BURDUR/DEBI/01May2025/30Minute/Q50/,False
3719,BUR-BUR-TEF-BAYRAMLAR2,BURDUR,DEBI,01May2025,30Minute,Q500,/BUR-BUR-TEF-BAYRAMLAR2/BURDUR/DEBI/01May2025/30Minute/Q500/,False
3720,BUR-BUR-TEF-ECE1,BURDUR,DEBI,01May2025,30Minute,Q10,/BUR-BUR-TEF-ECE1/BURDUR/DEBI/01May2025/30Minute/Q10/,False
3721,BUR-BUR-TEF-ECE1,BURDUR,DEBI,01May2025,30Minute,Q100,/BUR-BUR-TEF-ECE1/BURDUR/DEBI/01May2025/30Minute/Q100/,False
3722,BUR-BUR-TEF-ECE1,BURDUR,DEBI,01May2025,30Minute,Q1000,/BUR-BUR-TEF-ECE1/BURDUR/DEBI/01May2025/30Minute/Q1000/,False
3723,BUR-BUR-TEF-ECE1,BURDUR,DEBI,01May2025,30Minute,Q2,/BUR-BUR-TEF-ECE1/BURDUR/DEBI/01May2025/30Minute/Q2/,False
3724,BUR-BUR-TEF-ECE1,BURDUR,DEBI,01May2025,30Minute,Q25,/BUR-BUR-TEF-ECE1/BURDUR/DEBI/01May2025/30Minute/Q25/,False
3725,BUR-BUR-TEF-ECE1,BURDUR,DEBI,01May2025,30Minute,Q5,/BUR-BUR-TEF-ECE1/BURDUR/DEBI/01May2025/30Minute/Q5/,False
3726,BUR-BUR-TEF-ECE1,BURDUR,DEBI,01May2025,30Minute,Q50,/BUR-BUR-TEF-ECE1/BURDUR/DEBI/01May2025/30Minute/Q50/,False
3727,BUR-BUR-TEF-ECE1,BURDUR,DEBI,01May2025,30Minute,Q500,/BUR-BUR-TEF-ECE1/BURDUR/DEBI/01May2025/30Minute/Q500/,False
3728,BUR-BUR-TEF-ECE2,BURDUR,DEBI,02May2025,5Minute,Q10,/BUR-BUR-TEF-ECE2/BURDUR/DEBI/02May2025/5Minute/Q10/,False
3729,BUR-BUR-TEF-ECE2,BURDUR,DEBI,02May2025,5Minute,Q100,/BUR-BUR-TEF-ECE2/BURDUR/DEBI/02May2025/5Minute/Q100/,False
3730,BUR-BUR-TEF-ECE2,BURDUR,DEBI,02May2025,5Minute,Q1000,/BUR-BUR-TEF-ECE2/BURDUR/DEBI/02May2025/5Minute/Q1000/,False
3731,BUR-BUR-TEF-ECE2,BURDUR,DEBI,02May2025,5Minute,Q2,/BUR-BUR-TEF-ECE2/BURDUR/DEBI/02May2025/5Minute/Q2/,False
3732,BUR-BUR-TEF-ECE2,BURDUR,DEBI,02May2025,5Minute,Q25,/BUR-BUR-TEF-ECE2/BURDUR/DEBI/02May2025/5Minute/Q25/,False
3733,BUR-BUR-TEF-ECE2,BURDUR,DEBI,02May2025,5Minute,Q5,/BUR-BUR-TEF-ECE2/BURDUR/DEBI/02May2025/5Minute/Q5/,False
3734,BUR-BUR-TEF-ECE2,BURDUR,DEBI,02May2025,5Minute,Q50,/BUR-BUR-TEF-ECE2/BURDUR/DEBI/02May2025/5Minute/Q50/,False
3735,BUR-BUR-TEF-ECE2,BURDUR,DEBI,02May2025,5Minute,Q500,/BUR-BUR-TEF-ECE2/BURDUR/DEBI/02May2025/5Minute/Q500/,False
3736,BUR-BUR-TEF-HASANPASA1,BURDUR,DEBI,01May2025,30Minute,Q10,/BUR-BUR-TEF-HASANPASA1/BURDUR/DEBI/01May2025/30Minute/Q10/,False
3737,BUR-BUR-TEF-HASANPASA1,BURDUR,DEBI,01May2025,30Minute,Q100,/BUR-BUR-TEF-HASANPASA1/BURDUR/DEBI/01May2025/30Minute/Q100/,False
3738,BUR-BUR-TEF-HASANPASA1,BURDUR,DEBI,01May2025,30Minute,Q1000,/BUR-BUR-TEF-HASANPASA1/BURDUR/DEBI/01May2025/30Minute/Q1000/,False
3739,BUR-BUR-TEF-HASANPASA1,BURDUR,DEBI,01May2025,30Minute,Q2,/BUR-BUR-TEF-HASANPASA1/BURDUR/DEBI/01May2025/30Minute/Q2/,False
3740,BUR-BUR-TEF-HASANPASA1,BURDUR,DEBI,01May2025,30Minute,Q25,/BUR-BUR-TEF-HASANPASA1/BURDUR/DEBI/01May2025/30Minute/Q25/,False
3741,BUR-BUR-TEF-HASANPASA1,BURDUR,DEBI,01May2025,30Minute,Q5,/BUR-BUR-TEF-HASANPASA1/BURDUR/DEBI/01May2025/30Minute/Q5/,False
3742,BUR-BUR-TEF-HASANPASA1,BURDUR,DEBI,01May2025,30Minute,Q50,/BUR-BUR-TEF-HASANPASA1/BURDUR/DEBI/01May2025/30Minute/Q50/,False
3743,BUR-BUR-TEF-HASANPASA1,BURDUR,DEBI,01May2025,30Minute,Q500,/BUR-BUR-TEF-HASANPASA1/BURDUR/DEBI/01May2025/30Minute/Q500/,False
3744,BUR-BUR-TEF-HASANPASA2,BURDUR,DEBI,01May2025,30Minute,Q10,/BUR-BUR-TEF-HASANPASA2/BURDUR/DEBI/01May2025/30Minute/Q10/,False
3745,BUR-BUR-TEF-HASANPASA2,BURDUR,DEBI,01May2025,30Minute,Q100,/BUR-BUR-TEF-HASANPASA2/BURDUR/DEBI/01May2025/30Minute/Q100/,False
3746,BUR-BUR-TEF-HASANPASA2,BURDUR,DEBI,01May2025,30Minute,Q1000,/BUR-BUR-TEF-HASANPASA2/BURDUR/DEBI/01May2025/30Minute/Q1000/,False
3747,BUR-BUR-TEF-HASANPASA2,BURDUR,DEBI,01May2025,30Minute,Q2,/BUR-BUR-TEF-HASANPASA2/BURDUR/DEBI/01May2025/30Minute/Q2/,False
3748,BUR-BUR-TEF-HASANPASA2,BURDUR,DEBI,01May2025,30Minute,Q25,/BUR-BUR-TEF-HASANPASA2/BURDUR/DEBI/01May2025/30Minute/Q25/,False
3749,BUR-BUR-TEF-HASANPASA2,BURDUR,DEBI,01May2025,30Minute,Q5,/BUR-BUR-TEF-HASANPASA2/BURDUR/DEBI/01May2025/30Minute/Q5/,False
3750,BUR-BUR-TEF-HASANPASA2,BURDUR,DEBI,01May2025,30Minute,Q50,/BUR-BUR-TEF-HASANPASA2/BURDUR/DEBI/01May2025/30Minute/Q50/,False
3751,BUR-BUR-TEF-HASANPASA2,BURDUR,DEBI,01May2025,30Minute,Q500,/BUR-BUR-TEF-HASANPASA2/BURDUR/DEBI/01May2025/30Minute/Q500/,False
3752,BUR-BUR-TEF-HASANPASA3,BURDUR,DEBI,01May2025,30Minute,Q10,/BUR-BUR-TEF-HASANPASA3/BURDUR/DEBI/01May2025/30Minute/Q10/,False
3753,BUR-BUR-TEF-HASANPASA3,BURDUR,DEBI,01May2025,30Minute,Q100,/BUR-BUR-TEF-HASANPASA3/BURDUR/DEBI/01May2025/30Minute/Q100/,False
3754,BUR-BUR-TEF-HASANPASA3,BURDUR,DEBI,01May2025,30Minute,Q1000,/BUR-BUR-TEF-HASANPASA3/BURDUR/DEBI/01May2025/30Minute/Q1000/,False
3755,BUR-BUR-TEF-HASANPASA3,BURDUR,DEBI,01May2025,30Minute,Q2,/BUR-BUR-TEF-HASANPASA3/BURDUR/DEBI/01May2025/30Minute/Q2/,False
3756,BUR-BUR-TEF-HASANPASA3,BURDUR,DEBI,01May2025,30Minute,Q25,/BUR-BUR-TEF-HASANPASA3/BURDUR/DEBI/01May2025/30Minute/Q25/,False
3757,BUR-BUR-TEF-HASANPASA3,BURDUR,DEBI,01May2025,30Minute,Q5,/BUR-BUR-TEF-HASANPASA3/BURDUR/DEBI/01May2025/30Minute/Q5/,False
3758,BUR-BUR-TEF-HASANPASA3,BURDUR,DEBI,01May2025,30Minute,Q50,/BUR-BUR-TEF-HASANPASA3/BURDUR/DEBI/01May2025/30Minute/Q50/,False
3759,BUR-BUR-TEF-HASANPASA3,BURDUR,DEBI,01May2025,30Minute,Q500,/BUR-BUR-TEF-HASANPASA3/BURDUR/DEBI/01May2025/30Minute/Q500/,False
3760,BUR-BUR-TEF-HASANPASA4,BURDUR,DEBI,01May2025,30Minute,Q10,/BUR-BUR-TEF-HASANPASA4/BURDUR/DEBI/01May2025/30Minute/Q10/,False
3761,BUR-BUR-TEF-HASANPASA4,BURDUR,DEBI,01May2025,30Minute,Q100,/BUR-BUR-TEF-HASANPASA4/BURDUR/DEBI/01May2025/30Minute/Q100/,False
3762,BUR-BUR-TEF-HASANPASA4,BURDUR,DEBI,01May2025,30Minute,Q1000,/BUR-BUR-TEF-HASANPASA4/BURDUR/DEBI/01May2025/30Minute/Q1000/,False
3763,BUR-BUR-TEF-HASANPASA4,BURDUR,DEBI,01May2025,30Minute,Q2,/BUR-BUR-TEF-HASANPASA4/BURDUR/DEBI/01May2025/30Minute/Q2/,False
3764,BUR-BUR-TEF-HASANPASA4,BURDUR,DEBI,01May2025,30Minute,Q25,/BUR-BUR-TEF-HASANPASA4/BURDUR/DEBI/01May2025/30Minute/Q25/,False
3765,BUR-BUR-TEF-HASANPASA4,BURDUR,DEBI,01May2025,30Minute,Q5,/BUR-BUR-TEF-HASANPASA4/BURDUR/DEBI/01May2025/30Minute/Q5/,False
3766,BUR-BUR-TEF-HASANPASA4,BURDUR,DEBI,01May2025,30Minute,Q50,/BUR-BUR-TEF-HASANPASA4/BURDUR/DEBI/01May2025/30Minute/Q50/,False
3767,BUR-BUR-TEF-HASANPASA4,BURDUR,DEBI,01May2025,30Minute,Q500,/BUR-BUR-TEF-HASANPASA4/BURDUR/DEBI/01May2025/30Minute/Q500/,False
3768,BUR-BUR-TEF-HASANPASA-T1,BURDUR,DEBI,01May2025,30Minute,Q10,/BUR-BUR-TEF-HASANPASA-T1/BURDUR/DEBI/01May2025/30Minute/Q10/,False
3769,BUR-BUR-TEF-HASANPASA-T1,BURDUR,DEBI,01May2025,30Minute,Q100,/BUR-BUR-TEF-HASANPASA-T1/BURDUR/DEBI/01May2025/30Minute/Q100/,False
3770,BUR-BUR-TEF-HASANPASA-T1,BURDUR,DEBI,01May2025,30Minute,Q1000,/BUR-BUR-TEF-HASANPASA-T1/BURDUR/DEBI/01May2025/30Minute/Q1000/,False
3771,BUR-BUR-TEF-HASANPASA-T1,BURDUR,DEBI,01May2025,30Minute,Q2,/BUR-BUR-TEF-HASANPASA-T1/BURDUR/DEBI/01May2025/30Minute/Q2/,False
3772,BUR-BUR-TEF-HASANPASA-T1,BURDUR,DEBI,01May2025,30Minute,Q25,/BUR-BUR-TEF-HASANPASA-T1/BURDUR/DEBI/01May2025/30Minute/Q25/,False
3773,BUR-BUR-TEF-HASANPASA-T1,BURDUR,DEBI,01May2025,30Minute,Q5,/BUR-BUR-TEF-HASANPASA-T1/BURDUR/DEBI/01May2025/30Minute/Q5/,False
3774,BUR-BUR-TEF-HASANPASA-T1,BURDUR,DEBI,01May2025,30Minute,Q50,/BUR-BUR-TEF-HASANPASA-T1/BURDUR/DEBI/01May2025/30Minute/Q50/,False
3775,BUR-BUR-TEF-HASANPASA-T1,BURDUR,DEBI,01May2025,30Minute,Q500,/BUR-BUR-TEF-HASANPASA-T1/BURDUR/DEBI/01May2025/30Minute/Q500/,False
3776,BUR-BUR-TEF-HASANPASA-T2,BURDUR,DEBI,01May2025,30Minute,Q10,/BUR-BUR-TEF-HASANPASA-T2/BURDUR/DEBI/01May2025/30Minute/Q10/,False
3777,BUR-BUR-TEF-HASANPASA-T2,BURDUR,DEBI,01May2025,30Minute,Q100,/BUR-BUR-TEF-HASANPASA-T2/BURDUR/DEBI/01May2025/30Minute/Q100/,False
3778,BUR-BUR-TEF-HASANPASA-T2,BURDUR,DEBI,01May2025,30Minute,Q1000,/BUR-BUR-TEF-HASANPASA-T2/BURDUR/DEBI/01May2025/30Minute/Q1000/,False
3779,BUR-BUR-TEF-HASANPASA-T2,BURDUR,DEBI,01May2025,30Minute,Q2,/BUR-BUR-TEF-HASANPASA-T2/BURDUR/DEBI/01May2025/30Minute/Q2/,False
3780,BUR-BUR-TEF-HASANPASA-T2,BURDUR,DEBI,01May2025,30Minute,Q25,/BUR-BUR-TEF-HASANPASA-T2/BURDUR/DEBI/01May2025/30Minute/Q25/,False
3781,BUR-BUR-TEF-HASANPASA-T2,BURDUR,DEBI,01May2025,30Minute,Q5,/BUR-BUR-TEF-HASANPASA-T2/BURDUR/DEBI/01May2025/30Minute/Q5/,False
3782,BUR-BUR-TEF-HASANPASA-T2,BURDUR,DEBI,01May2025,30Minute,Q50,/BUR-BUR-TEF-HASANPASA-T2/BURDUR/DEBI/01May2025/30Minute/Q50/,False
3783,BUR-BUR-TEF-HASANPASA-T2,BURDUR,DEBI,01May2025,30Minute,Q500,/BUR-BUR-TEF-HASANPASA-T2/BURDUR/DEBI/01May2025/30Minute/Q500/,False
3784,BUR-BUR-TEF-SAZAK,BURDUR,DEBI,01May2025,30Minute,Q10,/BUR-BUR-TEF-SAZAK/BURDUR/DEBI/01May2025/30Minute/Q10/,False
3785,BUR-BUR-TEF-SAZAK,BURDUR,DEBI,01May2025,30Minute,Q100,/BUR-BUR-TEF-SAZAK/BURDUR/DEBI/01May2025/30Minute/Q100/,False
3786,BUR-BUR-TEF-SAZAK,BURDUR,DEBI,01May2025,30Minute,Q1000,/BUR-BUR-TEF-SAZAK/BURDUR/DEBI/01May2025/30Minute/Q1000/,False
3787,BUR-BUR-TEF-SAZAK,BURDUR,DEBI,01May2025,30Minute,Q2,/BUR-BUR-TEF-SAZAK/BURDUR/DEBI/01May2025/30Minute/Q2/,False
3788,BUR-BUR-TEF-SAZAK,BURDUR,DEBI,01May2025,30Minute,Q25,/BUR-BUR-TEF-SAZAK/BURDUR/DEBI/01May2025/30Minute/Q25/,False
3789,BUR-BUR-TEF-SAZAK,BURDUR,DEBI,01May2025,30Minute,Q5,/BUR-BUR-TEF-SAZAK/BURDUR/DEBI/01May2025/30Minute/Q5/,False
3790,BUR-BUR-TEF-SAZAK,BURDUR,DEBI,01May2025,30Minute,Q50,/BUR-BUR-TEF-SAZAK/BURDUR/DEBI/01May2025/30Minute/Q50/,False
3791,BUR-BUR-TEF-SAZAK,BURDUR,DEBI,01May2025,30Minute,Q500,/BUR-BUR-TEF-SAZAK/BURDUR/DEBI/01May2025/30Minute/Q500/,False
3792,BUR-BUR-TEF-TEFENNI1,BURDUR,DEBI,01May2025,30Minute,Q10,/BUR-BUR-TEF-TEFENNI1/BURDUR/DEBI/01May2025/30Minute/Q10/,False
3793,BUR-BUR-TEF-TEFENNI1,BURDUR,DEBI,01May2025,30Minute,Q100,/BUR-BUR-TEF-TEFENNI1/BURDUR/DEBI/01May2025/30Minute/Q100/,False
3794,BUR-BUR-TEF-TEFENNI1,BURDUR,DEBI,01May2025,30Minute,Q1000,/BUR-BUR-TEF-TEFENNI1/BURDUR/DEBI/01May2025/30Minute/Q1000/,False
3795,BUR-BUR-TEF-TEFENNI1,BURDUR,DEBI,01May2025,30Minute,Q2,/BUR-BUR-TEF-TEFENNI1/BURDUR/DEBI/01May2025/30Minute/Q2/,False
3796,BUR-BUR-TEF-TEFENNI1,BURDUR,DEBI,01May2025,30Minute,Q25,/BUR-BUR-TEF-TEFENNI1/BURDUR/DEBI/01May2025/30Minute/Q25/,False
3797,BUR-BUR-TEF-TEFENNI1,BURDUR,DEBI,01May2025,30Minute,Q5,/BUR-BUR-TEF-TEFENNI1/BURDUR/DEBI/01May2025/30Minute/Q5/,False
3798,BUR-BUR-TEF-TEFENNI1,BURDUR,DEBI,01May2025,30Minute,Q50,/BUR-BUR-TEF-TEFENNI1/BURDUR/DEBI/01May2025/30Minute/Q50/,False
3799,BUR-BUR-TEF-TEFENNI1,BURDUR,DEBI,01May2025,30Minute,Q500,/BUR-BUR-TEF-TEFENNI1/BURDUR/DEBI/01May2025/30Minute/Q500/,False
3800,BUR-BUR-TEF-TEFENNI2A,BURDUR,DEBI,01May2025,30Minute,Q10,/BUR-BUR-TEF-TEFENNI2A/BURDUR/DEBI/01May2025/30Minute/Q10/,False
3801,BUR-BUR-TEF-TEFENNI2A,BURDUR,DEBI,01May2025,30Minute,Q100,/BUR-BUR-TEF-TEFENNI2A/BURDUR/DEBI/01May2025/30Minute/Q100/,False
3802,BUR-BUR-TEF-TEFENNI2A,BURDUR,DEBI,01May2025,30Minute,Q1000,/BUR-BUR-TEF-TEFENNI2A/BURDUR/DEBI/01May2025/30Minute/Q1000/,False
3803,BUR-BUR-TEF-TEFENNI2A,BURDUR,DEBI,01May2025,30Minute,Q2,/BUR-BUR-TEF-TEFENNI2A/BURDUR/DEBI/01May2025/30Minute/Q2/,False
3804,BUR-BUR-TEF-TEFENNI2A,BURDUR,DEBI,01May2025,30Minute,Q25,/BUR-BUR-TEF-TEFENNI2A/BURDUR/DEBI/01May2025/30Minute/Q25/,False
3805,BUR-BUR-TEF-TEFENNI2A,BURDUR,DEBI,01May2025,30Minute,Q5,/BUR-BUR-TEF-TEFENNI2A/BURDUR/DEBI/01May2025/30Minute/Q5/,False
3806,BUR-BUR-TEF-TEFENNI2A,BURDUR,DEBI,01May2025,30Minute,Q50,/BUR-BUR-TEF-TEFENNI2A/BURDUR/DEBI/01May2025/30Minute/Q50/,False
3807,BUR-BUR-TEF-TEFENNI2A,BURDUR,DEBI,01May2025,30Minute,Q500,/BUR-BUR-TEF-TEFENNI2A/BURDUR/DEBI/01May2025/30Minute/Q500/,False
3808,BUR-BUR-TEF-TEFENNI2B,BURDUR,DEBI,01May2025,30Minute,Q10,/BUR-BUR-TEF-TEFENNI2B/BURDUR/DEBI/01May2025/30Minute/Q10/,False
3809,BUR-BUR-TEF-TEFENNI2B,BURDUR,DEBI,01May2025,30Minute,Q100,/BUR-BUR-TEF-TEFENNI2B/BURDUR/DEBI/01May2025/30Minute/Q100/,False
3810,BUR-BUR-TEF-TEFENNI2B,BURDUR,DEBI,01May2025,30Minute,Q1000,/BUR-BUR-TEF-TEFENNI2B/BURDUR/DEBI/01May2025/30Minute/Q1000/,False
3811,BUR-BUR-TEF-TEFENNI2B,BURDUR,DEBI,01May2025,30Minute,Q2,/BUR-BUR-TEF-TEFENNI2B/BURDUR/DEBI/01May2025/30Minute/Q2/,False
3812,BUR-BUR-TEF-TEFENNI2B,BURDUR,DEBI,01May2025,30Minute,Q25,/BUR-BUR-TEF-TEFENNI2B/BURDUR/DEBI/01May2025/30Minute/Q25/,False
3813,BUR-BUR-TEF-TEFENNI2B,BURDUR,DEBI,01May2025,30Minute,Q5,/BUR-BUR-TEF-TEFENNI2B/BURDUR/DEBI/01May2025/30Minute/Q5/,False
3814,BUR-BUR-TEF-TEFENNI2B,BURDUR,DEBI,01May2025,30Minute,Q50,/BUR-BUR-TEF-TEFENNI2B/BURDUR/DEBI/01May2025/30Minute/Q50/,False
3815,BUR-BUR-TEF-TEFENNI2B,BURDUR,DEBI,01May2025,30Minute,Q500,/BUR-BUR-TEF-TEFENNI2B/BURDUR/DEBI/01May2025/30Minute/Q500/,False
3816,BUR-BUR-TEF-TEFENNI3,BURDUR,DEBI,02May2025,5Minute,Q10,/BUR-BUR-TEF-TEFENNI3/BURDUR/DEBI/02May2025/5Minute/Q10/,False
3817,BUR-BUR-TEF-TEFENNI3,BURDUR,DEBI,02May2025,5Minute,Q100,/BUR-BUR-TEF-TEFENNI3/BURDUR/DEBI/02May2025/5Minute/Q100/,False
3818,BUR-BUR-TEF-TEFENNI3,BURDUR,DEBI,02May2025,5Minute,Q1000,/BUR-BUR-TEF-TEFENNI3/BURDUR/DEBI/02May2025/5Minute/Q1000/,False
3819,BUR-BUR-TEF-TEFENNI3,BURDUR,DEBI,02May2025,5Minute,Q2,/BUR-BUR-TEF-TEFENNI3/BURDUR/DEBI/02May2025/5Minute/Q2/,False
3820,BUR-BUR-TEF-TEFENNI3,BURDUR,DEBI,02May2025,5Minute,Q25,/BUR-BUR-TEF-TEFENNI3/BURDUR/DEBI/02May2025/5Minute/Q25/,False
3821,BUR-BUR-TEF-TEFENNI3,BURDUR,DEBI,02May2025,5Minute,Q5,/BUR-BUR-TEF-TEFENNI3/BURDUR/DEBI/02May2025/5Minute/Q5/,False
3822,BUR-BUR-TEF-TEFENNI3,BURDUR,DEBI,02May2025,5Minute,Q50,/BUR-BUR-TEF-TEFENNI3/BURDUR/DEBI/02May2025/5Minute/Q50/,False
3823,BUR-BUR-TEF-TEFENNI3,BURDUR,DEBI,02May2025,5Minute,Q500,/BUR-BUR-TEF-TEFENNI3/BURDUR/DEBI/02May2025/5Minute/Q500/,False
3824,BUR-BUR-TEF-TEFENNI4,BURDUR,DEBI,02May2025,5Minute,Q10,/BUR-BUR-TEF-TEFENNI4/BURDUR/DEBI/02May2025/5Minute/Q10/,False
3825,BUR-BUR-TEF-TEFENNI4,BURDUR,DEBI,02May2025,5Minute,Q100,/BUR-BUR-TEF-TEFENNI4/BURDUR/DEBI/02May2025/5Minute/Q100/,False
3826,BUR-BUR-TEF-TEFENNI4,BURDUR,DEBI,02May2025,5Minute,Q1000,/BUR-BUR-TEF-TEFENNI4/BURDUR/DEBI/02May2025/5Minute/Q1000/,False
3827,BUR-BUR-TEF-TEFENNI4,BURDUR,DEBI,02May2025,5Minute,Q2,/BUR-BUR-TEF-TEFENNI4/BURDUR/DEBI/02May2025/5Minute/Q2/,False
3828,BUR-BUR-TEF-TEFENNI4,BURDUR,DEBI,02May2025,5Minute,Q25,/BUR-BUR-TEF-TEFENNI4/BURDUR/DEBI/02May2025/5Minute/Q25/,False
3829,BUR-BUR-TEF-TEFENNI4,BURDUR,DEBI,02May2025,5Minute,Q5,/BUR-BUR-TEF-TEFENNI4/BURDUR/DEBI/02May2025/5Minute/Q5/,False
3830,BUR-BUR-TEF-TEFENNI4,BURDUR,DEBI,02May2025,5Minute,Q50,/BUR-BUR-TEF-TEFENNI4/BURDUR/DEBI/02May2025/5Minute/Q50/,False
3831,BUR-BUR-TEF-TEFENNI4,BURDUR,DEBI,02May2025,5Minute,Q500,/BUR-BUR-TEF-TEFENNI4/BURDUR/DEBI/02May2025/5Minute/Q500/,False
3832,BUR-BUR-TEF-TEFENNI-T1,BURDUR,DEBI,02May2025,5Minute,Q10,/BUR-BUR-TEF-TEFENNI-T1/BURDUR/DEBI/02May2025/5Minute/Q10/,False
3833,BUR-BUR-TEF-TEFENNI-T1,BURDUR,DEBI,02May2025,5Minute,Q100,/BUR-BUR-TEF-TEFENNI-T1/BURDUR/DEBI/02May2025/5Minute/Q100/,False
3834,BUR-BUR-TEF-TEFENNI-T1,BURDUR,DEBI,02May2025,5Minute,Q1000,/BUR-BUR-TEF-TEFENNI-T1/BURDUR/DEBI/02May2025/5Minute/Q1000/,False
3835,BUR-BUR-TEF-TEFENNI-T1,BURDUR,DEBI,02May2025,5Minute,Q2,/BUR-BUR-TEF-TEFENNI-T1/BURDUR/DEBI/02May2025/5Minute/Q2/,False
3836,BUR-BUR-TEF-TEFENNI-T1,BURDUR,DEBI,02May2025,5Minute,Q25,/BUR-BUR-TEF-TEFENNI-T1/BURDUR/DEBI/02May2025/5Minute/Q25/,False
3837,BUR-BUR-TEF-TEFENNI-T1,BURDUR,DEBI,02May2025,5Minute,Q5,/BUR-BUR-TEF-TEFENNI-T1/BURDUR/DEBI/02May2025/5Minute/Q5/,False
3838,BUR-BUR-TEF-TEFENNI-T1,BURDUR,DEBI,02May2025,5Minute,Q50,/BUR-BUR-TEF-TEFENNI-T1/BURDUR/DEBI/02May2025/5Minute/Q50/,False
3839,BUR-BUR-TEF-TEFENNI-T1,BURDUR,DEBI,02May2025,5Minute,Q500,/BUR-BUR-TEF-TEFENNI-T1/BURDUR/DEBI/02May2025/5Minute/Q500/,False
3840,BUR-BUR-TEF-TEFENNI-T2,BURDUR,DEBI,02May2025,5Minute,Q10,/BUR-BUR-TEF-TEFENNI-T2/BURDUR/DEBI/02May2025/5Minute/Q10/,False
3841,BUR-BUR-TEF-TEFENNI-T2,BURDUR,DEBI,02May2025,5Minute,Q100,/BUR-BUR-TEF-TEFENNI-T2/BURDUR/DEBI/02May2025/5Minute/Q100/,False
3842,BUR-BUR-TEF-TEFENNI-T2,BURDUR,DEBI,02May2025,5Minute,Q1000,/BUR-BUR-TEF-TEFENNI-T2/BURDUR/DEBI/02May2025/5Minute/Q1000/,False
3843,BUR-BUR-TEF-TEFENNI-T2,BURDUR,DEBI,02May2025,5Minute,Q2,/BUR-BUR-TEF-TEFENNI-T2/BURDUR/DEBI/02May2025/5Minute/Q2/,False
3844,BUR-BUR-TEF-TEFENNI-T2,BURDUR,DEBI,02May2025,5Minute,Q25,/BUR-BUR-TEF-TEFENNI-T2/BURDUR/DEBI/02May2025/5Minute/Q25/,False
3845,BUR-BUR-TEF-TEFENNI-T2,BURDUR,DEBI,02May2025,5Minute,Q5,/BUR-BUR-TEF-TEFENNI-T2/BURDUR/DEBI/02May2025/5Minute/Q5/,False
3846,BUR-BUR-TEF-TEFENNI-T2,BURDUR,DEBI,02May2025,5Minute,Q50,/BUR-BUR-TEF-TEFENNI-T2/BURDUR/DEBI/02May2025/5Minute/Q50/,False
3847,BUR-BUR-TEF-TEFENNI-T2,BURDUR,DEBI,02May2025,5Minute,Q500,/BUR-BUR-TEF-TEFENNI-T2/BURDUR/DEBI/02May2025/5Minute/Q500/,False
3848,BUR-BUR-TEF-TEFENNI-T4,BURDUR,DEBI,01May2025,30Minute,Q10,/BUR-BUR-TEF-TEFENNI-T4/BURDUR/DEBI/01May2025/30Minute/Q10/,False
3849,BUR-BUR-TEF-TEFENNI-T4,BURDUR,DEBI,01May2025,30Minute,Q100,/BUR-BUR-TEF-TEFENNI-T4/BURDUR/DEBI/01May2025/30Minute/Q100/,False
3850,BUR-BUR-TEF-TEFENNI-T4,BURDUR,DEBI,01May2025,30Minute,Q1000,/BUR-BUR-TEF-TEFENNI-T4/BURDUR/DEBI/01May2025/30Minute/Q1000/,False
3851,BUR-BUR-TEF-TEFENNI-T4,BURDUR,DEBI,01May2025,30Minute,Q2,/BUR-BUR-TEF-TEFENNI-T4/BURDUR/DEBI/01May2025/30Minute/Q2/,False
3852,BUR-BUR-TEF-TEFENNI-T4,BURDUR,DEBI,01May2025,30Minute,Q25,/BUR-BUR-TEF-TEFENNI-T4/BURDUR/DEBI/01May2025/30Minute/Q25/,False
3853,BUR-BUR-TEF-TEFENNI-T4,BURDUR,DEBI,01May2025,30Minute,Q5,/BUR-BUR-TEF-TEFENNI-T4/BURDUR/DEBI/01May2025/30Minute/Q5/,False
3854,BUR-BUR-TEF-TEFENNI-T4,BURDUR,DEBI,01May2025,30Minute,Q50,/BUR-BUR-TEF-TEFENNI-T4/BURDUR/DEBI/01May2025/30Minute/Q50/,False
3855,BUR-BUR-TEF-TEFENNI-T4,BURDUR,DEBI,01May2025,30Minute,Q500,/BUR-BUR-TEF-TEFENNI-T4/BURDUR/DEBI/01May2025/30Minute/Q500/,False
3856,BUR-BUR-TEF-YAKALAR1,BURDUR,DEBI,01May2025,30Minute,Q10,/BUR-BUR-TEF-YAKALAR1/BURDUR/DEBI/01May2025/30Minute/Q10/,False
3857,BUR-BUR-TEF-YAKALAR1,BURDUR,DEBI,01May2025,30Minute,Q100,/BUR-BUR-TEF-YAKALAR1/BURDUR/DEBI/01May2025/30Minute/Q100/,False
3858,BUR-BUR-TEF-YAKALAR1,BURDUR,DEBI,01May2025,30Minute,Q1000,/BUR-BUR-TEF-YAKALAR1/BURDUR/DEBI/01May2025/30Minute/Q1000/,False
3859,BUR-BUR-TEF-YAKALAR1,BURDUR,DEBI,01May2025,30Minute,Q2,/BUR-BUR-TEF-YAKALAR1/BURDUR/DEBI/01May2025/30Minute/Q2/,False
3860,BUR-BUR-TEF-YAKALAR1,BURDUR,DEBI,01May2025,30Minute,Q25,/BUR-BUR-TEF-YAKALAR1/BURDUR/DEBI/01May2025/30Minute/Q25/,False
3861,BUR-BUR-TEF-YAKALAR1,BURDUR,DEBI,01May2025,30Minute,Q5,/BUR-BUR-TEF-YAKALAR1/BURDUR/DEBI/01May2025/30Minute/Q5/,False
3862,BUR-BUR-TEF-YAKALAR1,BURDUR,DEBI,01May2025,30Minute,Q50,/BUR-BUR-TEF-YAKALAR1/BURDUR/DEBI/01May2025/30Minute/Q50/,False
3863,BUR-BUR-TEF-YAKALAR1,BURDUR,DEBI,01May2025,30Minute,Q500,/BUR-BUR-TEF-YAKALAR1/BURDUR/DEBI/01May2025/30Minute/Q500/,False
3864,BUR-BUR-TEF-YAYLAKOY1A,BURDUR,DEBI,01May2025,30Minute,Q10,/BUR-BUR-TEF-YAYLAKOY1A/BURDUR/DEBI/01May2025/30Minute/Q10/,False
3865,BUR-BUR-TEF-YAYLAKOY1A,BURDUR,DEBI,01May2025,30Minute,Q100,/BUR-BUR-TEF-YAYLAKOY1A/BURDUR/DEBI/01May2025/30Minute/Q100/,False
3866,BUR-BUR-TEF-YAYLAKOY1A,BURDUR,DEBI,01May2025,30Minute,Q1000,/BUR-BUR-TEF-YAYLAKOY1A/BURDUR/DEBI/01May2025/30Minute/Q1000/,False
3867,BUR-BUR-TEF-YAYLAKOY1A,BURDUR,DEBI,01May2025,30Minute,Q2,/BUR-BUR-TEF-YAYLAKOY1A/BURDUR/DEBI/01May2025/30Minute/Q2/,False
3868,BUR-BUR-TEF-YAYLAKOY1A,BURDUR,DEBI,01May2025,30Minute,Q25,/BUR-BUR-TEF-YAYLAKOY1A/BURDUR/DEBI/01May2025/30Minute/Q25/,False
3869,BUR-BUR-TEF-YAYLAKOY1A,BURDUR,DEBI,01May2025,30Minute,Q5,/BUR-BUR-TEF-YAYLAKOY1A/BURDUR/DEBI/01May2025/30Minute/Q5/,False
3870,BUR-BUR-TEF-YAYLAKOY1A,BURDUR,DEBI,01May2025,30Minute,Q50,/BUR-BUR-TEF-YAYLAKOY1A/BURDUR/DEBI/01May2025/30Minute/Q50/,False
3871,BUR-BUR-TEF-YAYLAKOY1A,BURDUR,DEBI,01May2025,30Minute,Q500,/BUR-BUR-TEF-YAYLAKOY1A/BURDUR/DEBI/01May2025/30Minute/Q500/,False
3872,BUR-BUR-TEF-YAYLAKOY1B,BURDUR,DEBI,01May2025,30Minute,Q10,/BUR-BUR-TEF-YAYLAKOY1B/BURDUR/DEBI/01May2025/30Minute/Q10/,False
3873,BUR-BUR-TEF-YAYLAKOY1B,BURDUR,DEBI,01May2025,30Minute,Q100,/BUR-BUR-TEF-YAYLAKOY1B/BURDUR/DEBI/01May2025/30Minute/Q100/,False
3874,BUR-BUR-TEF-YAYLAKOY1B,BURDUR,DEBI,01May2025,30Minute,Q1000,/BUR-BUR-TEF-YAYLAKOY1B/BURDUR/DEBI/01May2025/30Minute/Q1000/,False
3875,BUR-BUR-TEF-YAYLAKOY1B,BURDUR,DEBI,01May2025,30Minute,Q2,/BUR-BUR-TEF-YAYLAKOY1B/BURDUR/DEBI/01May2025/30Minute/Q2/,False
3876,BUR-BUR-TEF-YAYLAKOY1B,BURDUR,DEBI,01May2025,30Minute,Q25,/BUR-BUR-TEF-YAYLAKOY1B/BURDUR/DEBI/01May2025/30Minute/Q25/,False
3877,BUR-BUR-TEF-YAYLAKOY1B,BURDUR,DEBI,01May2025,30Minute,Q5,/BUR-BUR-TEF-YAYLAKOY1B/BURDUR/DEBI/01May2025/30Minute/Q5/,False
3878,BUR-BUR-TEF-YAYLAKOY1B,BURDUR,DEBI,01May2025,30Minute,Q50,/BUR-BUR-TEF-YAYLAKOY1B/BURDUR/DEBI/01May2025/30Minute/Q50/,False
3879,BUR-BUR-TEF-YAYLAKOY1B,BURDUR,DEBI,01May2025,30Minute,Q500,/BUR-BUR-TEF-YAYLAKOY1B/BURDUR/DEBI/01May2025/30Minute/Q500/,False
3880,BUR-BUR-TEF-YAYLAKOY2,BURDUR,DEBI,01May2025,30Minute,Q10,/BUR-BUR-TEF-YAYLAKOY2/BURDUR/DEBI/01May2025/30Minute/Q10/,False
3881,BUR-BUR-TEF-YAYLAKOY2,BURDUR,DEBI,01May2025,30Minute,Q100,/BUR-BUR-TEF-YAYLAKOY2/BURDUR/DEBI/01May2025/30Minute/Q100/,False
3882,BUR-BUR-TEF-YAYLAKOY2,BURDUR,DEBI,01May2025,30Minute,Q1000,/BUR-BUR-TEF-YAYLAKOY2/BURDUR/DEBI/01May2025/30Minute/Q1000/,False
3883,BUR-BUR-TEF-YAYLAKOY2,BURDUR,DEBI,01May2025,30Minute,Q2,/BUR-BUR-TEF-YAYLAKOY2/BURDUR/DEBI/01May2025/30Minute/Q2/,False
3884,BUR-BUR-TEF-YAYLAKOY2,BURDUR,DEBI,01May2025,30Minute,Q25,/BUR-BUR-TEF-YAYLAKOY2/BURDUR/DEBI/01May2025/30Minute/Q25/,False
3885,BUR-BUR-TEF-YAYLAKOY2,BURDUR,DEBI,01May2025,30Minute,Q5,/BUR-BUR-TEF-YAYLAKOY2/BURDUR/DEBI/01May2025/30Minute/Q5/,False
3886,BUR-BUR-TEF-YAYLAKOY2,BURDUR,DEBI,01May2025,30Minute,Q50,/BUR-BUR-TEF-YAYLAKOY2/BURDUR/DEBI/01May2025/30Minute/Q50/,False
3887,BUR-BUR-TEF-YAYLAKOY2,BURDUR,DEBI,01May2025,30Minute,Q500,/BUR-BUR-TEF-YAYLAKOY2/BURDUR/DEBI/01May2025/30Minute/Q500/,False
3888,BUR-BUR-TEF-YUVALAK,BURDUR,DEBI,01May2025,30Minute,Q10,/BUR-BUR-TEF-YUVALAK/BURDUR/DEBI/01May2025/30Minute/Q10/,False
3889,BUR-BUR-TEF-YUVALAK,BURDUR,DEBI,01May2025,30Minute,Q100,/BUR-BUR-TEF-YUVALAK/BURDUR/DEBI/01May2025/30Minute/Q100/,False
3890,BUR-BUR-TEF-YUVALAK,BURDUR,DEBI,01May2025,30Minute,Q1000,/BUR-BUR-TEF-YUVALAK/BURDUR/DEBI/01May2025/30Minute/Q1000/,False
3891,BUR-BUR-TEF-YUVALAK,BURDUR,DEBI,01May2025,30Minute,Q2,/BUR-BUR-TEF-YUVALAK/BURDUR/DEBI/01May2025/30Minute/Q2/,False
3892,BUR-BUR-TEF-YUVALAK,BURDUR,DEBI,01May2025,30Minute,Q25,/BUR-BUR-TEF-YUVALAK/BURDUR/DEBI/01May2025/30Minute/Q25/,False
3893,BUR-BUR-TEF-YUVALAK,BURDUR,DEBI,01May2025,30Minute,Q5,/BUR-BUR-TEF-YUVALAK/BURDUR/DEBI/01May2025/30Minute/Q5/,False
3894,BUR-BUR-TEF-YUVALAK,BURDUR,DEBI,01May2025,30Minute,Q50,/BUR-BUR-TEF-YUVALAK/BURDUR/DEBI/01May2025/30Minute/Q50/,False
3895,BUR-BUR-TEF-YUVALAK,BURDUR,DEBI,01May2025,30Minute,Q500,/BUR-BUR-TEF-YUVALAK/BURDUR/DEBI/01May2025/30Minute/Q500/,False
3896,BUR-BUR-TEF-YUVALAK-T1,BURDUR,DEBI,01May2025,30Minute,Q10,/BUR-BUR-TEF-YUVALAK-T1/BURDUR/DEBI/01May2025/30Minute/Q10/,False
3897,BUR-BUR-TEF-YUVALAK-T1,BURDUR,DEBI,01May2025,30Minute,Q100,/BUR-BUR-TEF-YUVALAK-T1/BURDUR/DEBI/01May2025/30Minute/Q100/,False
3898,BUR-BUR-TEF-YUVALAK-T1,BURDUR,DEBI,01May2025,30Minute,Q1000,/BUR-BUR-TEF-YUVALAK-T1/BURDUR/DEBI/01May2025/30Minute/Q1000/,False
3899,BUR-BUR-TEF-YUVALAK-T1,BURDUR,DEBI,01May2025,30Minute,Q2,/BUR-BUR-TEF-YUVALAK-T1/BURDUR/DEBI/01May2025/30Minute/Q2/,False
3900,BUR-BUR-TEF-YUVALAK-T1,BURDUR,DEBI,01May2025,30Minute,Q25,/BUR-BUR-TEF-YUVALAK-T1/BURDUR/DEBI/01May2025/30Minute/Q25/,False
3901,BUR-BUR-TEF-YUVALAK-T1,BURDUR,DEBI,01May2025,30Minute,Q5,/BUR-BUR-TEF-YUVALAK-T1/BURDUR/DEBI/01May2025/30Minute/Q5/,False
3902,BUR-BUR-TEF-YUVALAK-T1,BURDUR,DEBI,01May2025,30Minute,Q50,/BUR-BUR-TEF-YUVALAK-T1/BURDUR/DEBI/01May2025/30Minute/Q50/,False
3903,BUR-BUR-TEF-YUVALAK-T1,BURDUR,DEBI,01May2025,30Minute,Q500,/BUR-BUR-TEF-YUVALAK-T1/BURDUR/DEBI/01May2025/30Minute/Q500/,False
3904,BUR-BUR-YES-AKCAKOY1,AKGOL,DEBI,01May2025,30Minute,Q10,/BUR-BUR-YES-AKCAKOY1/AKGOL/DEBI/01May2025/30Minute/Q10/,False
3905,BUR-BUR-YES-AKCAKOY1,AKGOL,DEBI,01May2025,30Minute,Q100,/BUR-BUR-YES-AKCAKOY1/AKGOL/DEBI/01May2025/30Minute/Q100/,False
3906,BUR-BUR-YES-AKCAKOY1,AKGOL,DEBI,01May2025,30Minute,Q1000,/BUR-BUR-YES-AKCAKOY1/AKGOL/DEBI/01May2025/30Minute/Q1000/,False
3907,BUR-BUR-YES-AKCAKOY1,AKGOL,DEBI,01May2025,30Minute,Q2,/BUR-BUR-YES-AKCAKOY1/AKGOL/DEBI/01May2025/30Minute/Q2/,False
3908,BUR-BUR-YES-AKCAKOY1,AKGOL,DEBI,01May2025,30Minute,Q25,/BUR-BUR-YES-AKCAKOY1/AKGOL/DEBI/01May2025/30Minute/Q25/,False
3909,BUR-BUR-YES-AKCAKOY1,AKGOL,DEBI,01May2025,30Minute,Q5,/BUR-BUR-YES-AKCAKOY1/AKGOL/DEBI/01May2025/30Minute/Q5/,False
3910,BUR-BUR-YES-AKCAKOY1,AKGOL,DEBI,01May2025,30Minute,Q50,/BUR-BUR-YES-AKCAKOY1/AKGOL/DEBI/01May2025/30Minute/Q50/,False
3911,BUR-BUR-YES-AKCAKOY1,AKGOL,DEBI,01May2025,30Minute,Q500,/BUR-BUR-YES-AKCAKOY1/AKGOL/DEBI/01May2025/30Minute/Q500/,False
3912,BUR-BUR-YES-AKCAKOY2,AKGOL,DEBI,01May2025,30Minute,Q10,/BUR-BUR-YES-AKCAKOY2/AKGOL/DEBI/01May2025/30Minute/Q10/,False
3913,BUR-BUR-YES-AKCAKOY2,AKGOL,DEBI,01May2025,30Minute,Q100,/BUR-BUR-YES-AKCAKOY2/AKGOL/DEBI/01May2025/30Minute/Q100/,False
3914,BUR-BUR-YES-AKCAKOY2,AKGOL,DEBI,01May2025,30Minute,Q1000,/BUR-BUR-YES-AKCAKOY2/AKGOL/DEBI/01May2025/30Minute/Q1000/,False
3915,BUR-BUR-YES-AKCAKOY2,AKGOL,DEBI,01May2025,30Minute,Q2,/BUR-BUR-YES-AKCAKOY2/AKGOL/DEBI/01May2025/30Minute/Q2/,False
3916,BUR-BUR-YES-AKCAKOY2,AKGOL,DEBI,01May2025,30Minute,Q25,/BUR-BUR-YES-AKCAKOY2/AKGOL/DEBI/01May2025/30Minute/Q25/,False
3917,BUR-BUR-YES-AKCAKOY2,AKGOL,DEBI,01May2025,30Minute,Q5,/BUR-BUR-YES-AKCAKOY2/AKGOL/DEBI/01May2025/30Minute/Q5/,False
3918,BUR-BUR-YES-AKCAKOY2,AKGOL,DEBI,01May2025,30Minute,Q50,/BUR-BUR-YES-AKCAKOY2/AKGOL/DEBI/01May2025/30Minute/Q50/,False
3919,BUR-BUR-YES-AKCAKOY2,AKGOL,DEBI,01May2025,30Minute,Q500,/BUR-BUR-YES-AKCAKOY2/AKGOL/DEBI/01May2025/30Minute/Q500/,False
3920,BUR-BUR-YES-AKCAKOY-T,AKGOL,DEBI,01May2025,30Minute,Q10,/BUR-BUR-YES-AKCAKOY-T/AKGOL/DEBI/01May2025/30Minute/Q10/,False
3921,BUR-BUR-YES-AKCAKOY-T,AKGOL,DEBI,01May2025,30Minute,Q100,/BUR-BUR-YES-AKCAKOY-T/AKGOL/DEBI/01May2025/30Minute/Q100/,False
3922,BUR-BUR-YES-AKCAKOY-T,AKGOL,DEBI,01May2025,30Minute,Q1000,/BUR-BUR-YES-AKCAKOY-T/AKGOL/DEBI/01May2025/30Minute/Q1000/,False
3923,BUR-BUR-YES-AKCAKOY-T,AKGOL,DEBI,01May2025,30Minute,Q2,/BUR-BUR-YES-AKCAKOY-T/AKGOL/DEBI/01May2025/30Minute/Q2/,False
3924,BUR-BUR-YES-AKCAKOY-T,AKGOL,DEBI,01May2025,30Minute,Q25,/BUR-BUR-YES-AKCAKOY-T/AKGOL/DEBI/01May2025/30Minute/Q25/,False
3925,BUR-BUR-YES-AKCAKOY-T,AKGOL,DEBI,01May2025,30Minute,Q5,/BUR-BUR-YES-AKCAKOY-T/AKGOL/DEBI/01May2025/30Minute/Q5/,False
3926,BUR-BUR-YES-AKCAKOY-T,AKGOL,DEBI,01May2025,30Minute,Q50,/BUR-BUR-YES-AKCAKOY-T/AKGOL/DEBI/01May2025/30Minute/Q50/,False
3927,BUR-BUR-YES-AKCAKOY-T,AKGOL,DEBI,01May2025,30Minute,Q500,/BUR-BUR-YES-AKCAKOY-T/AKGOL/DEBI/01May2025/30Minute/Q500/,False
3928,BUR-BUR-YES-ALANKOY,AKGOL,DEBI,01May2025,30Minute,Q10,/BUR-BUR-YES-ALANKOY/AKGOL/DEBI/01May2025/30Minute/Q10/,False
3929,BUR-BUR-YES-ALANKOY,AKGOL,DEBI,01May2025,30Minute,Q100,/BUR-BUR-YES-ALANKOY/AKGOL/DEBI/01May2025/30Minute/Q100/,False
3930,BUR-BUR-YES-ALANKOY,AKGOL,DEBI,01May2025,30Minute,Q1000,/BUR-BUR-YES-ALANKOY/AKGOL/DEBI/01May2025/30Minute/Q1000/,False
3931,BUR-BUR-YES-ALANKOY,AKGOL,DEBI,01May2025,30Minute,Q2,/BUR-BUR-YES-ALANKOY/AKGOL/DEBI/01May2025/30Minute/Q2/,False
3932,BUR-BUR-YES-ALANKOY,AKGOL,DEBI,01May2025,30Minute,Q25,/BUR-BUR-YES-ALANKOY/AKGOL/DEBI/01May2025/30Minute/Q25/,False
3933,BUR-BUR-YES-ALANKOY,AKGOL,DEBI,01May2025,30Minute,Q5,/BUR-BUR-YES-ALANKOY/AKGOL/DEBI/01May2025/30Minute/Q5/,False
3934,BUR-BUR-YES-ALANKOY,AKGOL,DEBI,01May2025,30Minute,Q50,/BUR-BUR-YES-ALANKOY/AKGOL/DEBI/01May2025/30Minute/Q50/,False
3935,BUR-BUR-YES-ALANKOY,AKGOL,DEBI,01May2025,30Minute,Q500,/BUR-BUR-YES-ALANKOY/AKGOL/DEBI/01May2025/30Minute/Q500/,False
3936,BUR-BUR-YES-ALANKOY-T1,AKGOL,DEBI,01May2025,30Minute,Q10,/BUR-BUR-YES-ALANKOY-T1/AKGOL/DEBI/01May2025/30Minute/Q10/,False
3937,BUR-BUR-YES-ALANKOY-T1,AKGOL,DEBI,01May2025,30Minute,Q100,/BUR-BUR-YES-ALANKOY-T1/AKGOL/DEBI/01May2025/30Minute/Q100/,False
3938,BUR-BUR-YES-ALANKOY-T1,AKGOL,DEBI,01May2025,30Minute,Q1000,/BUR-BUR-YES-ALANKOY-T1/AKGOL/DEBI/01May2025/30Minute/Q1000/,False
3939,BUR-BUR-YES-ALANKOY-T1,AKGOL,DEBI,01May2025,30Minute,Q2,/BUR-BUR-YES-ALANKOY-T1/AKGOL/DEBI/01May2025/30Minute/Q2/,False
3940,BUR-BUR-YES-ALANKOY-T1,AKGOL,DEBI,01May2025,30Minute,Q25,/BUR-BUR-YES-ALANKOY-T1/AKGOL/DEBI/01May2025/30Minute/Q25/,False
3941,BUR-BUR-YES-ALANKOY-T1,AKGOL,DEBI,01May2025,30Minute,Q5,/BUR-BUR-YES-ALANKOY-T1/AKGOL/DEBI/01May2025/30Minute/Q5/,False
3942,BUR-BUR-YES-ALANKOY-T1,AKGOL,DEBI,01May2025,30Minute,Q50,/BUR-BUR-YES-ALANKOY-T1/AKGOL/DEBI/01May2025/30Minute/Q50/,False
3943,BUR-BUR-YES-ALANKOY-T1,AKGOL,DEBI,01May2025,30Minute,Q500,/BUR-BUR-YES-ALANKOY-T1/AKGOL/DEBI/01May2025/30Minute/Q500/,False
3944,BUR-BUR-YES-ALANKOY-T2,AKGOL,DEBI,02May2025,5Minute,Q10,/BUR-BUR-YES-ALANKOY-T2/AKGOL/DEBI/02May2025/5Minute/Q10/,False
3945,BUR-BUR-YES-ALANKOY-T2,AKGOL,DEBI,02May2025,5Minute,Q100,/BUR-BUR-YES-ALANKOY-T2/AKGOL/DEBI/02May2025/5Minute/Q100/,False
3946,BUR-BUR-YES-ALANKOY-T2,AKGOL,DEBI,02May2025,5Minute,Q1000,/BUR-BUR-YES-ALANKOY-T2/AKGOL/DEBI/02May2025/5Minute/Q1000/,False
3947,BUR-BUR-YES-ALANKOY-T2,AKGOL,DEBI,02May2025,5Minute,Q2,/BUR-BUR-YES-ALANKOY-T2/AKGOL/DEBI/02May2025/5Minute/Q2/,False
3948,BUR-BUR-YES-ALANKOY-T2,AKGOL,DEBI,02May2025,5Minute,Q25,/BUR-BUR-YES-ALANKOY-T2/AKGOL/DEBI/02May2025/5Minute/Q25/,False
3949,BUR-BUR-YES-ALANKOY-T2,AKGOL,DEBI,02May2025,5Minute,Q5,/BUR-BUR-YES-ALANKOY-T2/AKGOL/DEBI/02May2025/5Minute/Q5/,False
3950,BUR-BUR-YES-ALANKOY-T2,AKGOL,DEBI,02May2025,5Minute,Q50,/BUR-BUR-YES-ALANKOY-T2/AKGOL/DEBI/02May2025/5Minute/Q50/,False
3951,BUR-BUR-YES-ALANKOY-T2,AKGOL,DEBI,02May2025,5Minute,Q500,/BUR-BUR-YES-ALANKOY-T2/AKGOL/DEBI/02May2025/5Minute/Q500/,False
3952,BUR-BUR-YES-ARMUT,AKGOL,DEBI,01May2025,30Minute,Q10,/BUR-BUR-YES-ARMUT/AKGOL/DEBI/01May2025/30Minute/Q10/,False
3953,BUR-BUR-YES-ARMUT,AKGOL,DEBI,01May2025,30Minute,Q100,/BUR-BUR-YES-ARMUT/AKGOL/DEBI/01May2025/30Minute/Q100/,False
3954,BUR-BUR-YES-ARMUT,AKGOL,DEBI,01May2025,30Minute,Q1000,/BUR-BUR-YES-ARMUT/AKGOL/DEBI/01May2025/30Minute/Q1000/,False
3955,BUR-BUR-YES-ARMUT,AKGOL,DEBI,01May2025,30Minute,Q2,/BUR-BUR-YES-ARMUT/AKGOL/DEBI/01May2025/30Minute/Q2/,False
3956,BUR-BUR-YES-ARMUT,AKGOL,DEBI,01May2025,30Minute,Q25,/BUR-BUR-YES-ARMUT/AKGOL/DEBI/01May2025/30Minute/Q25/,False
3957,BUR-BUR-YES-ARMUT,AKGOL,DEBI,01May2025,30Minute,Q5,/BUR-BUR-YES-ARMUT/AKGOL/DEBI/01May2025/30Minute/Q5/,False
3958,BUR-BUR-YES-ARMUT,AKGOL,DEBI,01May2025,30Minute,Q50,/BUR-BUR-YES-ARMUT/AKGOL/DEBI/01May2025/30Minute/Q50/,False
3959,BUR-BUR-YES-ARMUT,AKGOL,DEBI,01May2025,30Minute,Q500,/BUR-BUR-YES-ARMUT/AKGOL/DEBI/01May2025/30Minute/Q500/,False
3960,BUR-BUR-YES-ARMUT-T,AKGOL,DEBI,01May2025,30Minute,Q10,/BUR-BUR-YES-ARMUT-T/AKGOL/DEBI/01May2025/30Minute/Q10/,False
3961,BUR-BUR-YES-ARMUT-T,AKGOL,DEBI,01May2025,30Minute,Q100,/BUR-BUR-YES-ARMUT-T/AKGOL/DEBI/01May2025/30Minute/Q100/,False
3962,BUR-BUR-YES-ARMUT-T,AKGOL,DEBI,01May2025,30Minute,Q1000,/BUR-BUR-YES-ARMUT-T/AKGOL/DEBI/01May2025/30Minute/Q1000/,False
3963,BUR-BUR-YES-ARMUT-T,AKGOL,DEBI,01May2025,30Minute,Q2,/BUR-BUR-YES-ARMUT-T/AKGOL/DEBI/01May2025/30Minute/Q2/,False
3964,BUR-BUR-YES-ARMUT-T,AKGOL,DEBI,01May2025,30Minute,Q25,/BUR-BUR-YES-ARMUT-T/AKGOL/DEBI/01May2025/30Minute/Q25/,False
3965,BUR-BUR-YES-ARMUT-T,AKGOL,DEBI,01May2025,30Minute,Q5,/BUR-BUR-YES-ARMUT-T/AKGOL/DEBI/01May2025/30Minute/Q5/,False
3966,BUR-BUR-YES-ARMUT-T,AKGOL,DEBI,01May2025,30Minute,Q50,/BUR-BUR-YES-ARMUT-T/AKGOL/DEBI/01May2025/30Minute/Q50/,False
3967,BUR-BUR-YES-ARMUT-T,AKGOL,DEBI,01May2025,30Minute,Q500,/BUR-BUR-YES-ARMUT-T/AKGOL/DEBI/01May2025/30Minute/Q500/,False
3968,BUR-BUR-YES-ASAGIKIRLI1,AKGOL,DEBI,02May2025,5Minute,Q10,/BUR-BUR-YES-ASAGIKIRLI1/AKGOL/DEBI/02May2025/5Minute/Q10/,False
3969,BUR-BUR-YES-ASAGIKIRLI1,AKGOL,DEBI,02May2025,5Minute,Q100,/BUR-BUR-YES-ASAGIKIRLI1/AKGOL/DEBI/02May2025/5Minute/Q100/,False
3970,BUR-BUR-YES-ASAGIKIRLI1,AKGOL,DEBI,02May2025,5Minute,Q1000,/BUR-BUR-YES-ASAGIKIRLI1/AKGOL/DEBI/02May2025/5Minute/Q1000/,False
3971,BUR-BUR-YES-ASAGIKIRLI1,AKGOL,DEBI,02May2025,5Minute,Q2,/BUR-BUR-YES-ASAGIKIRLI1/AKGOL/DEBI/02May2025/5Minute/Q2/,False
3972,BUR-BUR-YES-ASAGIKIRLI1,AKGOL,DEBI,02May2025,5Minute,Q25,/BUR-BUR-YES-ASAGIKIRLI1/AKGOL/DEBI/02May2025/5Minute/Q25/,False
3973,BUR-BUR-YES-ASAGIKIRLI1,AKGOL,DEBI,02May2025,5Minute,Q5,/BUR-BUR-YES-ASAGIKIRLI1/AKGOL/DEBI/02May2025/5Minute/Q5/,False
3974,BUR-BUR-YES-ASAGIKIRLI1,AKGOL,DEBI,02May2025,5Minute,Q50,/BUR-BUR-YES-ASAGIKIRLI1/AKGOL/DEBI/02May2025/5Minute/Q50/,False
3975,BUR-BUR-YES-ASAGIKIRLI1,AKGOL,DEBI,02May2025,5Minute,Q500,/BUR-BUR-YES-ASAGIKIRLI1/AKGOL/DEBI/02May2025/5Minute/Q500/,False
3976,BUR-BUR-YES-ASAGIKIRLI2,AKGOL,DEBI,02May2025,5Minute,Q10,/BUR-BUR-YES-ASAGIKIRLI2/AKGOL/DEBI/02May2025/5Minute/Q10/,False
3977,BUR-BUR-YES-ASAGIKIRLI2,AKGOL,DEBI,02May2025,5Minute,Q100,/BUR-BUR-YES-ASAGIKIRLI2/AKGOL/DEBI/02May2025/5Minute/Q100/,False
3978,BUR-BUR-YES-ASAGIKIRLI2,AKGOL,DEBI,02May2025,5Minute,Q1000,/BUR-BUR-YES-ASAGIKIRLI2/AKGOL/DEBI/02May2025/5Minute/Q1000/,False
3979,BUR-BUR-YES-ASAGIKIRLI2,AKGOL,DEBI,02May2025,5Minute,Q2,/BUR-BUR-YES-ASAGIKIRLI2/AKGOL/DEBI/02May2025/5Minute/Q2/,False
3980,BUR-BUR-YES-ASAGIKIRLI2,AKGOL,DEBI,02May2025,5Minute,Q25,/BUR-BUR-YES-ASAGIKIRLI2/AKGOL/DEBI/02May2025/5Minute/Q25/,False
3981,BUR-BUR-YES-ASAGIKIRLI2,AKGOL,DEBI,02May2025,5Minute,Q5,/BUR-BUR-YES-ASAGIKIRLI2/AKGOL/DEBI/02May2025/5Minute/Q5/,False
3982,BUR-BUR-YES-ASAGIKIRLI2,AKGOL,DEBI,02May2025,5Minute,Q50,/BUR-BUR-YES-ASAGIKIRLI2/AKGOL/DEBI/02May2025/5Minute/Q50/,False
3983,BUR-BUR-YES-ASAGIKIRLI2,AKGOL,DEBI,02May2025,5Minute,Q500,/BUR-BUR-YES-ASAGIKIRLI2/AKGOL/DEBI/02May2025/5Minute/Q500/,False
3984,BUR-BUR-YES-ASAGIKIRLI3,AKGOL,DEBI,02May2025,5Minute,Q10,/BUR-BUR-YES-ASAGIKIRLI3/AKGOL/DEBI/02May2025/5Minute/Q10/,False
3985,BUR-BUR-YES-ASAGIKIRLI3,AKGOL,DEBI,02May2025,5Minute,Q100,/BUR-BUR-YES-ASAGIKIRLI3/AKGOL/DEBI/02May2025/5Minute/Q100/,False
3986,BUR-BUR-YES-ASAGIKIRLI3,AKGOL,DEBI,02May2025,5Minute,Q1000,/BUR-BUR-YES-ASAGIKIRLI3/AKGOL/DEBI/02May2025/5Minute/Q1000/,False
3987,BUR-BUR-YES-ASAGIKIRLI3,AKGOL,DEBI,02May2025,5Minute,Q2,/BUR-BUR-YES-ASAGIKIRLI3/AKGOL/DEBI/02May2025/5Minute/Q2/,False
3988,BUR-BUR-YES-ASAGIKIRLI3,AKGOL,DEBI,02May2025,5Minute,Q25,/BUR-BUR-YES-ASAGIKIRLI3/AKGOL/DEBI/02May2025/5Minute/Q25/,False
3989,BUR-BUR-YES-ASAGIKIRLI3,AKGOL,DEBI,02May2025,5Minute,Q5,/BUR-BUR-YES-ASAGIKIRLI3/AKGOL/DEBI/02May2025/5Minute/Q5/,False
3990,BUR-BUR-YES-ASAGIKIRLI3,AKGOL,DEBI,02May2025,5Minute,Q50,/BUR-BUR-YES-ASAGIKIRLI3/AKGOL/DEBI/02May2025/5Minute/Q50/,False
3991,BUR-BUR-YES-ASAGIKIRLI3,AKGOL,DEBI,02May2025,5Minute,Q500,/BUR-BUR-YES-ASAGIKIRLI3/AKGOL/DEBI/02May2025/5Minute/Q500/,False
3992,BUR-BUR-YES-BAHCELIEVLER,YARISLI,DEBI,02May2025,5Minute,Q10,/BUR-BUR-YES-BAHCELIEVLER/YARISLI/DEBI/02May2025/5Minute/Q10/,False
3993,BUR-BUR-YES-BAHCELIEVLER,YARISLI,DEBI,02May2025,5Minute,Q100,/BUR-BUR-YES-BAHCELIEVLER/YARISLI/DEBI/02May2025/5Minute/Q100/,False
3994,BUR-BUR-YES-BAHCELIEVLER,YARISLI,DEBI,02May2025,5Minute,Q1000,/BUR-BUR-YES-BAHCELIEVLER/YARISLI/DEBI/02May2025/5Minute/Q1000/,False
3995,BUR-BUR-YES-BAHCELIEVLER,YARISLI,DEBI,02May2025,5Minute,Q2,/BUR-BUR-YES-BAHCELIEVLER/YARISLI/DEBI/02May2025/5Minute/Q2/,False
3996,BUR-BUR-YES-BAHCELIEVLER,YARISLI,DEBI,02May2025,5Minute,Q25,/BUR-BUR-YES-BAHCELIEVLER/YARISLI/DEBI/02May2025/5Minute/Q25/,False
3997,BUR-BUR-YES-BAHCELIEVLER,YARISLI,DEBI,02May2025,5Minute,Q5,/BUR-BUR-YES-BAHCELIEVLER/YARISLI/DEBI/02May2025/5Minute/Q5/,False
3998,BUR-BUR-YES-BAHCELIEVLER,YARISLI,DEBI,02May2025,5Minute,Q50,/BUR-BUR-YES-BAHCELIEVLER/YARISLI/DEBI/02May2025/5Minute/Q50/,False
3999,BUR-BUR-YES-BAHCELIEVLER,YARISLI,DEBI,02May2025,5Minute,Q500,/BUR-BUR-YES-BAHCELIEVLER/YARISLI/DEBI/02May2025/5Minute/Q500/,False
4000,BUR-BUR-YES-BASKUYU,YARISLI,DEBI,01May2025,30Minute,Q10,/BUR-BUR-YES-BASKUYU/YARISLI/DEBI/01May2025/30Minute/Q10/,False
4001,BUR-BUR-YES-BASKUYU,YARISLI,DEBI,01May2025,30Minute,Q100,/BUR-BUR-YES-BASKUYU/YARISLI/DEBI/01May2025/30Minute/Q100/,False
4002,BUR-BUR-YES-BASKUYU,YARISLI,DEBI,01May2025,30Minute,Q1000,/BUR-BUR-YES-BASKUYU/YARISLI/DEBI/01May2025/30Minute/Q1000/,False
4003,BUR-BUR-YES-BASKUYU,YARISLI,DEBI,01May2025,30Minute,Q2,/BUR-BUR-YES-BASKUYU/YARISLI/DEBI/01May2025/30Minute/Q2/,False
4004,BUR-BUR-YES-BASKUYU,YARISLI,DEBI,01May2025,30Minute,Q25,/BUR-BUR-YES-BASKUYU/YARISLI/DEBI/01May2025/30Minute/Q25/,False
4005,BUR-BUR-YES-BASKUYU,YARISLI,DEBI,01May2025,30Minute,Q5,/BUR-BUR-YES-BASKUYU/YARISLI/DEBI/01May2025/30Minute/Q5/,False
4006,BUR-BUR-YES-BASKUYU,YARISLI,DEBI,01May2025,30Minute,Q50,/BUR-BUR-YES-BASKUYU/YARISLI/DEBI/01May2025/30Minute/Q50/,False
4007,BUR-BUR-YES-BASKUYU,YARISLI,DEBI,01May2025,30Minute,Q500,/BUR-BUR-YES-BASKUYU/YARISLI/DEBI/01May2025/30Minute/Q500/,False
4008,BUR-BUR-YES-BAYINDIR1,AKGOL,DEBI,01May2025,30Minute,Q10,/BUR-BUR-YES-BAYINDIR1/AKGOL/DEBI/01May2025/30Minute/Q10/,False
4009,BUR-BUR-YES-BAYINDIR1,AKGOL,DEBI,01May2025,30Minute,Q100,/BUR-BUR-YES-BAYINDIR1/AKGOL/DEBI/01May2025/30Minute/Q100/,False
4010,BUR-BUR-YES-BAYINDIR1,AKGOL,DEBI,01May2025,30Minute,Q1000,/BUR-BUR-YES-BAYINDIR1/AKGOL/DEBI/01May2025/30Minute/Q1000/,False
4011,BUR-BUR-YES-BAYINDIR1,AKGOL,DEBI,01May2025,30Minute,Q2,/BUR-BUR-YES-BAYINDIR1/AKGOL/DEBI/01May2025/30Minute/Q2/,False
4012,BUR-BUR-YES-BAYINDIR1,AKGOL,DEBI,01May2025,30Minute,Q25,/BUR-BUR-YES-BAYINDIR1/AKGOL/DEBI/01May2025/30Minute/Q25/,False
4013,BUR-BUR-YES-BAYINDIR1,AKGOL,DEBI,01May2025,30Minute,Q5,/BUR-BUR-YES-BAYINDIR1/AKGOL/DEBI/01May2025/30Minute/Q5/,False
4014,BUR-BUR-YES-BAYINDIR1,AKGOL,DEBI,01May2025,30Minute,Q50,/BUR-BUR-YES-BAYINDIR1/AKGOL/DEBI/01May2025/30Minute/Q50/,False
4015,BUR-BUR-YES-BAYINDIR1,AKGOL,DEBI,01May2025,30Minute,Q500,/BUR-BUR-YES-BAYINDIR1/AKGOL/DEBI/01May2025/30Minute/Q500/,False
4016,BUR-BUR-YES-BAYINDIR2,AKGOL,DEBI,02May2025,5Minute,Q10,/BUR-BUR-YES-BAYINDIR2/AKGOL/DEBI/02May2025/5Minute/Q10/,False
4017,BUR-BUR-YES-BAYINDIR2,AKGOL,DEBI,02May2025,5Minute,Q100,/BUR-BUR-YES-BAYINDIR2/AKGOL/DEBI/02May2025/5Minute/Q100/,False
4018,BUR-BUR-YES-BAYINDIR2,AKGOL,DEBI,02May2025,5Minute,Q1000,/BUR-BUR-YES-BAYINDIR2/AKGOL/DEBI/02May2025/5Minute/Q1000/,False
4019,BUR-BUR-YES-BAYINDIR2,AKGOL,DEBI,02May2025,5Minute,Q2,/BUR-BUR-YES-BAYINDIR2/AKGOL/DEBI/02May2025/5Minute/Q2/,False
4020,BUR-BUR-YES-BAYINDIR2,AKGOL,DEBI,02May2025,5Minute,Q25,/BUR-BUR-YES-BAYINDIR2/AKGOL/DEBI/02May2025/5Minute/Q25/,False
4021,BUR-BUR-YES-BAYINDIR2,AKGOL,DEBI,02May2025,5Minute,Q5,/BUR-BUR-YES-BAYINDIR2/AKGOL/DEBI/02May2025/5Minute/Q5/,False
4022,BUR-BUR-YES-BAYINDIR2,AKGOL,DEBI,02May2025,5Minute,Q50,/BUR-BUR-YES-BAYINDIR2/AKGOL/DEBI/02May2025/5Minute/Q50/,False
4023,BUR-BUR-YES-BAYINDIR2,AKGOL,DEBI,02May2025,5Minute,Q500,/BUR-BUR-YES-BAYINDIR2/AKGOL/DEBI/02May2025/5Minute/Q500/,False
4024,BUR-BUR-YES-BAYIRBASI,YARISLI,DEBI,01May2025,30Minute,Q10,/BUR-BUR-YES-BAYIRBASI/YARISLI/DEBI/01May2025/30Minute/Q10/,False
4025,BUR-BUR-YES-BAYIRBASI,YARISLI,DEBI,01May2025,30Minute,Q100,/BUR-BUR-YES-BAYIRBASI/YARISLI/DEBI/01May2025/30Minute/Q100/,False
4026,BUR-BUR-YES-BAYIRBASI,YARISLI,DEBI,01May2025,30Minute,Q1000,/BUR-BUR-YES-BAYIRBASI/YARISLI/DEBI/01May2025/30Minute/Q1000/,False
4027,BUR-BUR-YES-BAYIRBASI,YARISLI,DEBI,01May2025,30Minute,Q2,/BUR-BUR-YES-BAYIRBASI/YARISLI/DEBI/01May2025/30Minute/Q2/,False
4028,BUR-BUR-YES-BAYIRBASI,YARISLI,DEBI,01May2025,30Minute,Q25,/BUR-BUR-YES-BAYIRBASI/YARISLI/DEBI/01May2025/30Minute/Q25/,False
4029,BUR-BUR-YES-BAYIRBASI,YARISLI,DEBI,01May2025,30Minute,Q5,/BUR-BUR-YES-BAYIRBASI/YARISLI/DEBI/01May2025/30Minute/Q5/,False
4030,BUR-BUR-YES-BAYIRBASI,YARISLI,DEBI,01May2025,30Minute,Q50,/BUR-BUR-YES-BAYIRBASI/YARISLI/DEBI/01May2025/30Minute/Q50/,False
4031,BUR-BUR-YES-BAYIRBASI,YARISLI,DEBI,01May2025,30Minute,Q500,/BUR-BUR-YES-BAYIRBASI/YARISLI/DEBI/01May2025/30Minute/Q500/,False
4032,BUR-BUR-YES-BEDIRLI1,BURDUR,DEBI,01May2025,30Minute,Q10,/BUR-BUR-YES-BEDIRLI1/BURDUR/DEBI/01May2025/30Minute/Q10/,False
4033,BUR-BUR-YES-BEDIRLI1,BURDUR,DEBI,01May2025,30Minute,Q100,/BUR-BUR-YES-BEDIRLI1/BURDUR/DEBI/01May2025/30Minute/Q100/,False
4034,BUR-BUR-YES-BEDIRLI1,BURDUR,DEBI,01May2025,30Minute,Q1000,/BUR-BUR-YES-BEDIRLI1/BURDUR/DEBI/01May2025/30Minute/Q1000/,False
4035,BUR-BUR-YES-BEDIRLI1,BURDUR,DEBI,01May2025,30Minute,Q2,/BUR-BUR-YES-BEDIRLI1/BURDUR/DEBI/01May2025/30Minute/Q2/,False
4036,BUR-BUR-YES-BEDIRLI1,BURDUR,DEBI,01May2025,30Minute,Q25,/BUR-BUR-YES-BEDIRLI1/BURDUR/DEBI/01May2025/30Minute/Q25/,False
4037,BUR-BUR-YES-BEDIRLI1,BURDUR,DEBI,01May2025,30Minute,Q5,/BUR-BUR-YES-BEDIRLI1/BURDUR/DEBI/01May2025/30Minute/Q5/,False
4038,BUR-BUR-YES-BEDIRLI1,BURDUR,DEBI,01May2025,30Minute,Q50,/BUR-BUR-YES-BEDIRLI1/BURDUR/DEBI/01May2025/30Minute/Q50/,False
4039,BUR-BUR-YES-BEDIRLI1,BURDUR,DEBI,01May2025,30Minute,Q500,/BUR-BUR-YES-BEDIRLI1/BURDUR/DEBI/01May2025/30Minute/Q500/,False
4040,BUR-BUR-YES-BEDIRLI2,BURDUR,DEBI,01May2025,30Minute,Q10,/BUR-BUR-YES-BEDIRLI2/BURDUR/DEBI/01May2025/30Minute/Q10/,False
4041,BUR-BUR-YES-BEDIRLI2,BURDUR,DEBI,01May2025,30Minute,Q100,/BUR-BUR-YES-BEDIRLI2/BURDUR/DEBI/01May2025/30Minute/Q100/,False
4042,BUR-BUR-YES-BEDIRLI2,BURDUR,DEBI,01May2025,30Minute,Q1000,/BUR-BUR-YES-BEDIRLI2/BURDUR/DEBI/01May2025/30Minute/Q1000/,False
4043,BUR-BUR-YES-BEDIRLI2,BURDUR,DEBI,01May2025,30Minute,Q2,/BUR-BUR-YES-BEDIRLI2/BURDUR/DEBI/01May2025/30Minute/Q2/,False
4044,BUR-BUR-YES-BEDIRLI2,BURDUR,DEBI,01May2025,30Minute,Q25,/BUR-BUR-YES-BEDIRLI2/BURDUR/DEBI/01May2025/30Minute/Q25/,False
4045,BUR-BUR-YES-BEDIRLI2,BURDUR,DEBI,01May2025,30Minute,Q5,/BUR-BUR-YES-BEDIRLI2/BURDUR/DEBI/01May2025/30Minute/Q5/,False
4046,BUR-BUR-YES-BEDIRLI2,BURDUR,DEBI,01May2025,30Minute,Q50,/BUR-BUR-YES-BEDIRLI2/BURDUR/DEBI/01May2025/30Minute/Q50/,False
4047,BUR-BUR-YES-BEDIRLI2,BURDUR,DEBI,01May2025,30Minute,Q500,/BUR-BUR-YES-BEDIRLI2/BURDUR/DEBI/01May2025/30Minute/Q500/,False
4048,BUR-BUR-YES-BEYKOY,AKGOL,DEBI,01May2025,30Minute,Q10,/BUR-BUR-YES-BEYKOY/AKGOL/DEBI/01May2025/30Minute/Q10/,False
4049,BUR-BUR-YES-BEYKOY,AKGOL,DEBI,01May2025,30Minute,Q100,/BUR-BUR-YES-BEYKOY/AKGOL/DEBI/01May2025/30Minute/Q100/,False
4050,BUR-BUR-YES-BEYKOY,AKGOL,DEBI,01May2025,30Minute,Q1000,/BUR-BUR-YES-BEYKOY/AKGOL/DEBI/01May2025/30Minute/Q1000/,False
4051,BUR-BUR-YES-BEYKOY,AKGOL,DEBI,01May2025,30Minute,Q2,/BUR-BUR-YES-BEYKOY/AKGOL/DEBI/01May2025/30Minute/Q2/,False
4052,BUR-BUR-YES-BEYKOY,AKGOL,DEBI,01May2025,30Minute,Q25,/BUR-BUR-YES-BEYKOY/AKGOL/DEBI/01May2025/30Minute/Q25/,False
4053,BUR-BUR-YES-BEYKOY,AKGOL,DEBI,01May2025,30Minute,Q5,/BUR-BUR-YES-BEYKOY/AKGOL/DEBI/01May2025/30Minute/Q5/,False
4054,BUR-BUR-YES-BEYKOY,AKGOL,DEBI,01May2025,30Minute,Q50,/BUR-BUR-YES-BEYKOY/AKGOL/DEBI/01May2025/30Minute/Q50/,False
4055,BUR-BUR-YES-BEYKOY,AKGOL,DEBI,01May2025,30Minute,Q500,/BUR-BUR-YES-BEYKOY/AKGOL/DEBI/01May2025/30Minute/Q500/,False
4056,BUR-BUR-YES-BUYUKYAKA,AKGOL,DEBI,01May2025,30Minute,Q10,/BUR-BUR-YES-BUYUKYAKA/AKGOL/DEBI/01May2025/30Minute/Q10/,False
4057,BUR-BUR-YES-BUYUKYAKA,AKGOL,DEBI,01May2025,30Minute,Q100,/BUR-BUR-YES-BUYUKYAKA/AKGOL/DEBI/01May2025/30Minute/Q100/,False
4058,BUR-BUR-YES-BUYUKYAKA,AKGOL,DEBI,01May2025,30Minute,Q1000,/BUR-BUR-YES-BUYUKYAKA/AKGOL/DEBI/01May2025/30Minute/Q1000/,False
4059,BUR-BUR-YES-BUYUKYAKA,AKGOL,DEBI,01May2025,30Minute,Q2,/BUR-BUR-YES-BUYUKYAKA/AKGOL/DEBI/01May2025/30Minute/Q2/,False
4060,BUR-BUR-YES-BUYUKYAKA,AKGOL,DEBI,01May2025,30Minute,Q25,/BUR-BUR-YES-BUYUKYAKA/AKGOL/DEBI/01May2025/30Minute/Q25/,False
4061,BUR-BUR-YES-BUYUKYAKA,AKGOL,DEBI,01May2025,30Minute,Q5,/BUR-BUR-YES-BUYUKYAKA/AKGOL/DEBI/01May2025/30Minute/Q5/,False
4062,BUR-BUR-YES-BUYUKYAKA,AKGOL,DEBI,01May2025,30Minute,Q50,/BUR-BUR-YES-BUYUKYAKA/AKGOL/DEBI/01May2025/30Minute/Q50/,False
4063,BUR-BUR-YES-BUYUKYAKA,AKGOL,DEBI,01May2025,30Minute,Q500,/BUR-BUR-YES-BUYUKYAKA/AKGOL/DEBI/01May2025/30Minute/Q500/,False
4064,BUR-BUR-YES-BUYUKYAKA2,AKGOL,DEBI,02May2025,5Minute,Q10,/BUR-BUR-YES-BUYUKYAKA2/AKGOL/DEBI/02May2025/5Minute/Q10/,False
4065,BUR-BUR-YES-BUYUKYAKA2,AKGOL,DEBI,02May2025,5Minute,Q100,/BUR-BUR-YES-BUYUKYAKA2/AKGOL/DEBI/02May2025/5Minute/Q100/,False
4066,BUR-BUR-YES-BUYUKYAKA2,AKGOL,DEBI,02May2025,5Minute,Q1000,/BUR-BUR-YES-BUYUKYAKA2/AKGOL/DEBI/02May2025/5Minute/Q1000/,False
4067,BUR-BUR-YES-BUYUKYAKA2,AKGOL,DEBI,02May2025,5Minute,Q2,/BUR-BUR-YES-BUYUKYAKA2/AKGOL/DEBI/02May2025/5Minute/Q2/,False
4068,BUR-BUR-YES-BUYUKYAKA2,AKGOL,DEBI,02May2025,5Minute,Q25,/BUR-BUR-YES-BUYUKYAKA2/AKGOL/DEBI/02May2025/5Minute/Q25/,False
4069,BUR-BUR-YES-BUYUKYAKA2,AKGOL,DEBI,02May2025,5Minute,Q5,/BUR-BUR-YES-BUYUKYAKA2/AKGOL/DEBI/02May2025/5Minute/Q5/,False
4070,BUR-BUR-YES-BUYUKYAKA2,AKGOL,DEBI,02May2025,5Minute,Q50,/BUR-BUR-YES-BUYUKYAKA2/AKGOL/DEBI/02May2025/5Minute/Q50/,False
4071,BUR-BUR-YES-BUYUKYAKA2,AKGOL,DEBI,02May2025,5Minute,Q500,/BUR-BUR-YES-BUYUKYAKA2/AKGOL/DEBI/02May2025/5Minute/Q500/,False
4072,BUR-BUR-YES-CALTEPE1,BURDUR,DEBI,01May2025,30Minute,Q10,/BUR-BUR-YES-CALTEPE1/BURDUR/DEBI/01May2025/30Minute/Q10/,False
4073,BUR-BUR-YES-CALTEPE1,BURDUR,DEBI,01May2025,30Minute,Q100,/BUR-BUR-YES-CALTEPE1/BURDUR/DEBI/01May2025/30Minute/Q100/,False
4074,BUR-BUR-YES-CALTEPE1,BURDUR,DEBI,01May2025,30Minute,Q1000,/BUR-BUR-YES-CALTEPE1/BURDUR/DEBI/01May2025/30Minute/Q1000/,False
4075,BUR-BUR-YES-CALTEPE1,BURDUR,DEBI,01May2025,30Minute,Q2,/BUR-BUR-YES-CALTEPE1/BURDUR/DEBI/01May2025/30Minute/Q2/,False
4076,BUR-BUR-YES-CALTEPE1,BURDUR,DEBI,01May2025,30Minute,Q25,/BUR-BUR-YES-CALTEPE1/BURDUR/DEBI/01May2025/30Minute/Q25/,False
4077,BUR-BUR-YES-CALTEPE1,BURDUR,DEBI,01May2025,30Minute,Q5,/BUR-BUR-YES-CALTEPE1/BURDUR/DEBI/01May2025/30Minute/Q5/,False
4078,BUR-BUR-YES-CALTEPE1,BURDUR,DEBI,01May2025,30Minute,Q50,/BUR-BUR-YES-CALTEPE1/BURDUR/DEBI/01May2025/30Minute/Q50/,False
4079,BUR-BUR-YES-CALTEPE1,BURDUR,DEBI,01May2025,30Minute,Q500,/BUR-BUR-YES-CALTEPE1/BURDUR/DEBI/01May2025/30Minute/Q500/,False
4080,BUR-BUR-YES-CALTEPE2,BURDUR,DEBI,01May2025,30Minute,Q10,/BUR-BUR-YES-CALTEPE2/BURDUR/DEBI/01May2025/30Minute/Q10/,False
4081,BUR-BUR-YES-CALTEPE2,BURDUR,DEBI,01May2025,30Minute,Q100,/BUR-BUR-YES-CALTEPE2/BURDUR/DEBI/01May2025/30Minute/Q100/,False
4082,BUR-BUR-YES-CALTEPE2,BURDUR,DEBI,01May2025,30Minute,Q1000,/BUR-BUR-YES-CALTEPE2/BURDUR/DEBI/01May2025/30Minute/Q1000/,False
4083,BUR-BUR-YES-CALTEPE2,BURDUR,DEBI,01May2025,30Minute,Q2,/BUR-BUR-YES-CALTEPE2/BURDUR/DEBI/01May2025/30Minute/Q2/,False
4084,BUR-BUR-YES-CALTEPE2,BURDUR,DEBI,01May2025,30Minute,Q25,/BUR-BUR-YES-CALTEPE2/BURDUR/DEBI/01May2025/30Minute/Q25/,False
4085,BUR-BUR-YES-CALTEPE2,BURDUR,DEBI,01May2025,30Minute,Q5,/BUR-BUR-YES-CALTEPE2/BURDUR/DEBI/01May2025/30Minute/Q5/,False
4086,BUR-BUR-YES-CALTEPE2,BURDUR,DEBI,01May2025,30Minute,Q50,/BUR-BUR-YES-CALTEPE2/BURDUR/DEBI/01May2025/30Minute/Q50/,False
4087,BUR-BUR-YES-CALTEPE2,BURDUR,DEBI,01May2025,30Minute,Q500,/BUR-BUR-YES-CALTEPE2/BURDUR/DEBI/01May2025/30Minute/Q500/,False
4088,BUR-BUR-YES-CALTEPE-T,BURDUR,DEBI,01May2025,30Minute,Q10,/BUR-BUR-YES-CALTEPE-T/BURDUR/DEBI/01May2025/30Minute/Q10/,False
4089,BUR-BUR-YES-CALTEPE-T,BURDUR,DEBI,01May2025,30Minute,Q100,/BUR-BUR-YES-CALTEPE-T/BURDUR/DEBI/01May2025/30Minute/Q100/,False
4090,BUR-BUR-YES-CALTEPE-T,BURDUR,DEBI,01May2025,30Minute,Q1000,/BUR-BUR-YES-CALTEPE-T/BURDUR/DEBI/01May2025/30Minute/Q1000/,False
4091,BUR-BUR-YES-CALTEPE-T,BURDUR,DEBI,01May2025,30Minute,Q2,/BUR-BUR-YES-CALTEPE-T/BURDUR/DEBI/01May2025/30Minute/Q2/,False
4092,BUR-BUR-YES-CALTEPE-T,BURDUR,DEBI,01May2025,30Minute,Q25,/BUR-BUR-YES-CALTEPE-T/BURDUR/DEBI/01May2025/30Minute/Q25/,False
4093,BUR-BUR-YES-CALTEPE-T,BURDUR,DEBI,01May2025,30Minute,Q5,/BUR-BUR-YES-CALTEPE-T/BURDUR/DEBI/01May2025/30Minute/Q5/,False
4094,BUR-BUR-YES-CALTEPE-T,BURDUR,DEBI,01May2025,30Minute,Q50,/BUR-BUR-YES-CALTEPE-T/BURDUR/DEBI/01May2025/30Minute/Q50/,False
4095,BUR-BUR-YES-CALTEPE-T,BURDUR,DEBI,01May2025,30Minute,Q500,/BUR-BUR-YES-CALTEPE-T/BURDUR/DEBI/01May2025/30Minute/Q500/,False
4096,BUR-BUR-YES-CARDAK,AKGOL,DEBI,01May2025,30Minute,Q10,/BUR-BUR-YES-CARDAK/AKGOL/DEBI/01May2025/30Minute/Q10/,False
4097,BUR-BUR-YES-CARDAK,AKGOL,DEBI,01May2025,30Minute,Q100,/BUR-BUR-YES-CARDAK/AKGOL/DEBI/01May2025/30Minute/Q100/,False
4098,BUR-BUR-YES-CARDAK,AKGOL,DEBI,01May2025,30Minute,Q1000,/BUR-BUR-YES-CARDAK/AKGOL/DEBI/01May2025/30Minute/Q1000/,False
4099,BUR-BUR-YES-CARDAK,AKGOL,DEBI,01May2025,30Minute,Q2,/BUR-BUR-YES-CARDAK/AKGOL/DEBI/01May2025/30Minute/Q2/,False
4100,BUR-BUR-YES-CARDAK,AKGOL,DEBI,01May2025,30Minute,Q25,/BUR-BUR-YES-CARDAK/AKGOL/DEBI/01May2025/30Minute/Q25/,False
4101,BUR-BUR-YES-CARDAK,AKGOL,DEBI,01May2025,30Minute,Q5,/BUR-BUR-YES-CARDAK/AKGOL/DEBI/01May2025/30Minute/Q5/,False
4102,BUR-BUR-YES-CARDAK,AKGOL,DEBI,01May2025,30Minute,Q50,/BUR-BUR-YES-CARDAK/AKGOL/DEBI/01May2025/30Minute/Q50/,False
4103,BUR-BUR-YES-CARDAK,AKGOL,DEBI,01May2025,30Minute,Q500,/BUR-BUR-YES-CARDAK/AKGOL/DEBI/01May2025/30Minute/Q500/,False
4104,BUR-BUR-YES-CELTEK,YARISLI,DEBI,01May2025,30Minute,Q10,/BUR-BUR-YES-CELTEK/YARISLI/DEBI/01May2025/30Minute/Q10/,False
4105,BUR-BUR-YES-CELTEK,YARISLI,DEBI,01May2025,30Minute,Q100,/BUR-BUR-YES-CELTEK/YARISLI/DEBI/01May2025/30Minute/Q100/,False
4106,BUR-BUR-YES-CELTEK,YARISLI,DEBI,01May2025,30Minute,Q1000,/BUR-BUR-YES-CELTEK/YARISLI/DEBI/01May2025/30Minute/Q1000/,False
4107,BUR-BUR-YES-CELTEK,YARISLI,DEBI,01May2025,30Minute,Q2,/BUR-BUR-YES-CELTEK/YARISLI/DEBI/01May2025/30Minute/Q2/,False
4108,BUR-BUR-YES-CELTEK,YARISLI,DEBI,01May2025,30Minute,Q25,/BUR-BUR-YES-CELTEK/YARISLI/DEBI/01May2025/30Minute/Q25/,False
4109,BUR-BUR-YES-CELTEK,YARISLI,DEBI,01May2025,30Minute,Q5,/BUR-BUR-YES-CELTEK/YARISLI/DEBI/01May2025/30Minute/Q5/,False
4110,BUR-BUR-YES-CELTEK,YARISLI,DEBI,01May2025,30Minute,Q50,/BUR-BUR-YES-CELTEK/YARISLI/DEBI/01May2025/30Minute/Q50/,False
4111,BUR-BUR-YES-CELTEK,YARISLI,DEBI,01May2025,30Minute,Q500,/BUR-BUR-YES-CELTEK/YARISLI/DEBI/01May2025/30Minute/Q500/,False
4112,BUR-BUR-YES-CUVALLI1,YARISLI,DEBI,01May2025,30Minute,Q10,/BUR-BUR-YES-CUVALLI1/YARISLI/DEBI/01May2025/30Minute/Q10/,False
4113,BUR-BUR-YES-CUVALLI1,YARISLI,DEBI,01May2025,30Minute,Q100,/BUR-BUR-YES-CUVALLI1/YARISLI/DEBI/01May2025/30Minute/Q100/,False
4114,BUR-BUR-YES-CUVALLI1,YARISLI,DEBI,01May2025,30Minute,Q1000,/BUR-BUR-YES-CUVALLI1/YARISLI/DEBI/01May2025/30Minute/Q1000/,False
4115,BUR-BUR-YES-CUVALLI1,YARISLI,DEBI,01May2025,30Minute,Q2,/BUR-BUR-YES-CUVALLI1/YARISLI/DEBI/01May2025/30Minute/Q2/,False
4116,BUR-BUR-YES-CUVALLI1,YARISLI,DEBI,01May2025,30Minute,Q25,/BUR-BUR-YES-CUVALLI1/YARISLI/DEBI/01May2025/30Minute/Q25/,False
4117,BUR-BUR-YES-CUVALLI1,YARISLI,DEBI,01May2025,30Minute,Q5,/BUR-BUR-YES-CUVALLI1/YARISLI/DEBI/01May2025/30Minute/Q5/,False
4118,BUR-BUR-YES-CUVALLI1,YARISLI,DEBI,01May2025,30Minute,Q50,/BUR-BUR-YES-CUVALLI1/YARISLI/DEBI/01May2025/30Minute/Q50/,False
4119,BUR-BUR-YES-CUVALLI1,YARISLI,DEBI,01May2025,30Minute,Q500,/BUR-BUR-YES-CUVALLI1/YARISLI/DEBI/01May2025/30Minute/Q500/,False
4120,BUR-BUR-YES-CUVALLI2,YARISLI,DEBI,01May2025,30Minute,Q10,/BUR-BUR-YES-CUVALLI2/YARISLI/DEBI/01May2025/30Minute/Q10/,False
4121,BUR-BUR-YES-CUVALLI2,YARISLI,DEBI,01May2025,30Minute,Q100,/BUR-BUR-YES-CUVALLI2/YARISLI/DEBI/01May2025/30Minute/Q100/,False
4122,BUR-BUR-YES-CUVALLI2,YARISLI,DEBI,01May2025,30Minute,Q1000,/BUR-BUR-YES-CUVALLI2/YARISLI/DEBI/01May2025/30Minute/Q1000/,False
4123,BUR-BUR-YES-CUVALLI2,YARISLI,DEBI,01May2025,30Minute,Q2,/BUR-BUR-YES-CUVALLI2/YARISLI/DEBI/01May2025/30Minute/Q2/,False
4124,BUR-BUR-YES-CUVALLI2,YARISLI,DEBI,01May2025,30Minute,Q25,/BUR-BUR-YES-CUVALLI2/YARISLI/DEBI/01May2025/30Minute/Q25/,False
4125,BUR-BUR-YES-CUVALLI2,YARISLI,DEBI,01May2025,30Minute,Q5,/BUR-BUR-YES-CUVALLI2/YARISLI/DEBI/01May2025/30Minute/Q5/,False
4126,BUR-BUR-YES-CUVALLI2,YARISLI,DEBI,01May2025,30Minute,Q50,/BUR-BUR-YES-CUVALLI2/YARISLI/DEBI/01May2025/30Minute/Q50/,False
4127,BUR-BUR-YES-CUVALLI2,YARISLI,DEBI,01May2025,30Minute,Q500,/BUR-BUR-YES-CUVALLI2/YARISLI/DEBI/01May2025/30Minute/Q500/,False
4128,BUR-BUR-YES-DEGIRMEN,SALDA,DEBI,01May2025,30Minute,Q10,/BUR-BUR-YES-DEGIRMEN/SALDA/DEBI/01May2025/30Minute/Q10/,False
4129,BUR-BUR-YES-DEGIRMEN,SALDA,DEBI,01May2025,30Minute,Q100,/BUR-BUR-YES-DEGIRMEN/SALDA/DEBI/01May2025/30Minute/Q100/,False
4130,BUR-BUR-YES-DEGIRMEN,SALDA,DEBI,01May2025,30Minute,Q1000,/BUR-BUR-YES-DEGIRMEN/SALDA/DEBI/01May2025/30Minute/Q1000/,False
4131,BUR-BUR-YES-DEGIRMEN,SALDA,DEBI,01May2025,30Minute,Q2,/BUR-BUR-YES-DEGIRMEN/SALDA/DEBI/01May2025/30Minute/Q2/,False
4132,BUR-BUR-YES-DEGIRMEN,SALDA,DEBI,01May2025,30Minute,Q25,/BUR-BUR-YES-DEGIRMEN/SALDA/DEBI/01May2025/30Minute/Q25/,False
4133,BUR-BUR-YES-DEGIRMEN,SALDA,DEBI,01May2025,30Minute,Q5,/BUR-BUR-YES-DEGIRMEN/SALDA/DEBI/01May2025/30Minute/Q5/,False
4134,BUR-BUR-YES-DEGIRMEN,SALDA,DEBI,01May2025,30Minute,Q50,/BUR-BUR-YES-DEGIRMEN/SALDA/DEBI/01May2025/30Minute/Q50/,False
4135,BUR-BUR-YES-DEGIRMEN,SALDA,DEBI,01May2025,30Minute,Q500,/BUR-BUR-YES-DEGIRMEN/SALDA/DEBI/01May2025/30Minute/Q500/,False
4136,BUR-BUR-YES-DEREKOY1,AKGOL,DEBI,01May2025,30Minute,Q10,/BUR-BUR-YES-DEREKOY1/AKGOL/DEBI/01May2025/30Minute/Q10/,False
4137,BUR-BUR-YES-DEREKOY1,AKGOL,DEBI,01May2025,30Minute,Q100,/BUR-BUR-YES-DEREKOY1/AKGOL/DEBI/01May2025/30Minute/Q100/,False
4138,BUR-BUR-YES-DEREKOY1,AKGOL,DEBI,01May2025,30Minute,Q1000,/BUR-BUR-YES-DEREKOY1/AKGOL/DEBI/01May2025/30Minute/Q1000/,False
4139,BUR-BUR-YES-DEREKOY1,AKGOL,DEBI,01May2025,30Minute,Q2,/BUR-BUR-YES-DEREKOY1/AKGOL/DEBI/01May2025/30Minute/Q2/,False
4140,BUR-BUR-YES-DEREKOY1,AKGOL,DEBI,01May2025,30Minute,Q25,/BUR-BUR-YES-DEREKOY1/AKGOL/DEBI/01May2025/30Minute/Q25/,False
4141,BUR-BUR-YES-DEREKOY1,AKGOL,DEBI,01May2025,30Minute,Q5,/BUR-BUR-YES-DEREKOY1/AKGOL/DEBI/01May2025/30Minute/Q5/,False
4142,BUR-BUR-YES-DEREKOY1,AKGOL,DEBI,01May2025,30Minute,Q50,/BUR-BUR-YES-DEREKOY1/AKGOL/DEBI/01May2025/30Minute/Q50/,False
4143,BUR-BUR-YES-DEREKOY1,AKGOL,DEBI,01May2025,30Minute,Q500,/BUR-BUR-YES-DEREKOY1/AKGOL/DEBI/01May2025/30Minute/Q500/,False
4144,BUR-BUR-YES-DEREKOY2,AKGOL,DEBI,01May2025,30Minute,Q10,/BUR-BUR-YES-DEREKOY2/AKGOL/DEBI/01May2025/30Minute/Q10/,False
4145,BUR-BUR-YES-DEREKOY2,AKGOL,DEBI,01May2025,30Minute,Q100,/BUR-BUR-YES-DEREKOY2/AKGOL/DEBI/01May2025/30Minute/Q100/,False
4146,BUR-BUR-YES-DEREKOY2,AKGOL,DEBI,01May2025,30Minute,Q1000,/BUR-BUR-YES-DEREKOY2/AKGOL/DEBI/01May2025/30Minute/Q1000/,False
4147,BUR-BUR-YES-DEREKOY2,AKGOL,DEBI,01May2025,30Minute,Q2,/BUR-BUR-YES-DEREKOY2/AKGOL/DEBI/01May2025/30Minute/Q2/,False
4148,BUR-BUR-YES-DEREKOY2,AKGOL,DEBI,01May2025,30Minute,Q25,/BUR-BUR-YES-DEREKOY2/AKGOL/DEBI/01May2025/30Minute/Q25/,False
4149,BUR-BUR-YES-DEREKOY2,AKGOL,DEBI,01May2025,30Minute,Q5,/BUR-BUR-YES-DEREKOY2/AKGOL/DEBI/01May2025/30Minute/Q5/,False
4150,BUR-BUR-YES-DEREKOY2,AKGOL,DEBI,01May2025,30Minute,Q50,/BUR-BUR-YES-DEREKOY2/AKGOL/DEBI/01May2025/30Minute/Q50/,False
4151,BUR-BUR-YES-DEREKOY2,AKGOL,DEBI,01May2025,30Minute,Q500,/BUR-BUR-YES-DEREKOY2/AKGOL/DEBI/01May2025/30Minute/Q500/,False
4152,BUR-BUR-YES-DOGANBABA,SALDA,DEBI,01May2025,30Minute,Q10,/BUR-BUR-YES-DOGANBABA/SALDA/DEBI/01May2025/30Minute/Q10/,False
4153,BUR-BUR-YES-DOGANBABA,SALDA,DEBI,01May2025,30Minute,Q100,/BUR-BUR-YES-DOGANBABA/SALDA/DEBI/01May2025/30Minute/Q100/,False
4154,BUR-BUR-YES-DOGANBABA,SALDA,DEBI,01May2025,30Minute,Q1000,/BUR-BUR-YES-DOGANBABA/SALDA/DEBI/01May2025/30Minute/Q1000/,False
4155,BUR-BUR-YES-DOGANBABA,SALDA,DEBI,01May2025,30Minute,Q2,/BUR-BUR-YES-DOGANBABA/SALDA/DEBI/01May2025/30Minute/Q2/,False
4156,BUR-BUR-YES-DOGANBABA,SALDA,DEBI,01May2025,30Minute,Q25,/BUR-BUR-YES-DOGANBABA/SALDA/DEBI/01May2025/30Minute/Q25/,False
4157,BUR-BUR-YES-DOGANBABA,SALDA,DEBI,01May2025,30Minute,Q5,/BUR-BUR-YES-DOGANBABA/SALDA/DEBI/01May2025/30Minute/Q5/,False
4158,BUR-BUR-YES-DOGANBABA,SALDA,DEBI,01May2025,30Minute,Q50,/BUR-BUR-YES-DOGANBABA/SALDA/DEBI/01May2025/30Minute/Q50/,False
4159,BUR-BUR-YES-DOGANBABA,SALDA,DEBI,01May2025,30Minute,Q500,/BUR-BUR-YES-DOGANBABA/SALDA/DEBI/01May2025/30Minute/Q500/,False
4160,BUR-BUR-YES-GENCALI,YARISLI,DEBI,01May2025,30Minute,Q10,/BUR-BUR-YES-GENCALI/YARISLI/DEBI/01May2025/30Minute/Q10/,False
4161,BUR-BUR-YES-GENCALI,YARISLI,DEBI,01May2025,30Minute,Q100,/BUR-BUR-YES-GENCALI/YARISLI/DEBI/01May2025/30Minute/Q100/,False
4162,BUR-BUR-YES-GENCALI,YARISLI,DEBI,01May2025,30Minute,Q1000,/BUR-BUR-YES-GENCALI/YARISLI/DEBI/01May2025/30Minute/Q1000/,False
4163,BUR-BUR-YES-GENCALI,YARISLI,DEBI,01May2025,30Minute,Q2,/BUR-BUR-YES-GENCALI/YARISLI/DEBI/01May2025/30Minute/Q2/,False
4164,BUR-BUR-YES-GENCALI,YARISLI,DEBI,01May2025,30Minute,Q25,/BUR-BUR-YES-GENCALI/YARISLI/DEBI/01May2025/30Minute/Q25/,False
4165,BUR-BUR-YES-GENCALI,YARISLI,DEBI,01May2025,30Minute,Q5,/BUR-BUR-YES-GENCALI/YARISLI/DEBI/01May2025/30Minute/Q5/,False
4166,BUR-BUR-YES-GENCALI,YARISLI,DEBI,01May2025,30Minute,Q50,/BUR-BUR-YES-GENCALI/YARISLI/DEBI/01May2025/30Minute/Q50/,False
4167,BUR-BUR-YES-GENCALI,YARISLI,DEBI,01May2025,30Minute,Q500,/BUR-BUR-YES-GENCALI/YARISLI/DEBI/01May2025/30Minute/Q500/,False
4168,BUR-BUR-YES-GENCALI-T,YARISLI,DEBI,01May2025,30Minute,Q10,/BUR-BUR-YES-GENCALI-T/YARISLI/DEBI/01May2025/30Minute/Q10/,False
4169,BUR-BUR-YES-GENCALI-T,YARISLI,DEBI,01May2025,30Minute,Q100,/BUR-BUR-YES-GENCALI-T/YARISLI/DEBI/01May2025/30Minute/Q100/,False
4170,BUR-BUR-YES-GENCALI-T,YARISLI,DEBI,01May2025,30Minute,Q1000,/BUR-BUR-YES-GENCALI-T/YARISLI/DEBI/01May2025/30Minute/Q1000/,False
4171,BUR-BUR-YES-GENCALI-T,YARISLI,DEBI,01May2025,30Minute,Q2,/BUR-BUR-YES-GENCALI-T/YARISLI/DEBI/01May2025/30Minute/Q2/,False
4172,BUR-BUR-YES-GENCALI-T,YARISLI,DEBI,01May2025,30Minute,Q25,/BUR-BUR-YES-GENCALI-T/YARISLI/DEBI/01May2025/30Minute/Q25/,False
4173,BUR-BUR-YES-GENCALI-T,YARISLI,DEBI,01May2025,30Minute,Q5,/BUR-BUR-YES-GENCALI-T/YARISLI/DEBI/01May2025/30Minute/Q5/,False
4174,BUR-BUR-YES-GENCALI-T,YARISLI,DEBI,01May2025,30Minute,Q50,/BUR-BUR-YES-GENCALI-T/YARISLI/DEBI/01May2025/30Minute/Q50/,False
4175,BUR-BUR-YES-GENCALI-T,YARISLI,DEBI,01May2025,30Minute,Q500,/BUR-BUR-YES-GENCALI-T/YARISLI/DEBI/01May2025/30Minute/Q500/,False
4176,BUR-BUR-YES-GOKCEKAYA2,AKGOL,DEBI,02May2025,5Minute,Q10,/BUR-BUR-YES-GOKCEKAYA2/AKGOL/DEBI/02May2025/5Minute/Q10/,False
4177,BUR-BUR-YES-GOKCEKAYA2,AKGOL,DEBI,02May2025,5Minute,Q100,/BUR-BUR-YES-GOKCEKAYA2/AKGOL/DEBI/02May2025/5Minute/Q100/,False
4178,BUR-BUR-YES-GOKCEKAYA2,AKGOL,DEBI,02May2025,5Minute,Q1000,/BUR-BUR-YES-GOKCEKAYA2/AKGOL/DEBI/02May2025/5Minute/Q1000/,False
4179,BUR-BUR-YES-GOKCEKAYA2,AKGOL,DEBI,02May2025,5Minute,Q2,/BUR-BUR-YES-GOKCEKAYA2/AKGOL/DEBI/02May2025/5Minute/Q2/,False
4180,BUR-BUR-YES-GOKCEKAYA2,AKGOL,DEBI,02May2025,5Minute,Q25,/BUR-BUR-YES-GOKCEKAYA2/AKGOL/DEBI/02May2025/5Minute/Q25/,False
4181,BUR-BUR-YES-GOKCEKAYA2,AKGOL,DEBI,02May2025,5Minute,Q5,/BUR-BUR-YES-GOKCEKAYA2/AKGOL/DEBI/02May2025/5Minute/Q5/,False
4182,BUR-BUR-YES-GOKCEKAYA2,AKGOL,DEBI,02May2025,5Minute,Q50,/BUR-BUR-YES-GOKCEKAYA2/AKGOL/DEBI/02May2025/5Minute/Q50/,False
4183,BUR-BUR-YES-GOKCEKAYA2,AKGOL,DEBI,02May2025,5Minute,Q500,/BUR-BUR-YES-GOKCEKAYA2/AKGOL/DEBI/02May2025/5Minute/Q500/,False
4184,BUR-BUR-YES-GOKCEYAKA1,AKGOL,DEBI,01May2025,30Minute,Q10,/BUR-BUR-YES-GOKCEYAKA1/AKGOL/DEBI/01May2025/30Minute/Q10/,False
4185,BUR-BUR-YES-GOKCEYAKA1,AKGOL,DEBI,01May2025,30Minute,Q100,/BUR-BUR-YES-GOKCEYAKA1/AKGOL/DEBI/01May2025/30Minute/Q100/,False
4186,BUR-BUR-YES-GOKCEYAKA1,AKGOL,DEBI,01May2025,30Minute,Q1000,/BUR-BUR-YES-GOKCEYAKA1/AKGOL/DEBI/01May2025/30Minute/Q1000/,False
4187,BUR-BUR-YES-GOKCEYAKA1,AKGOL,DEBI,01May2025,30Minute,Q2,/BUR-BUR-YES-GOKCEYAKA1/AKGOL/DEBI/01May2025/30Minute/Q2/,False
4188,BUR-BUR-YES-GOKCEYAKA1,AKGOL,DEBI,01May2025,30Minute,Q25,/BUR-BUR-YES-GOKCEYAKA1/AKGOL/DEBI/01May2025/30Minute/Q25/,False
4189,BUR-BUR-YES-GOKCEYAKA1,AKGOL,DEBI,01May2025,30Minute,Q5,/BUR-BUR-YES-GOKCEYAKA1/AKGOL/DEBI/01May2025/30Minute/Q5/,False
4190,BUR-BUR-YES-GOKCEYAKA1,AKGOL,DEBI,01May2025,30Minute,Q50,/BUR-BUR-YES-GOKCEYAKA1/AKGOL/DEBI/01May2025/30Minute/Q50/,False
4191,BUR-BUR-YES-GOKCEYAKA1,AKGOL,DEBI,01May2025,30Minute,Q500,/BUR-BUR-YES-GOKCEYAKA1/AKGOL/DEBI/01May2025/30Minute/Q500/,False
4192,BUR-BUR-YES-HARMANLI,YARISLI,DEBI,01May2025,30Minute,Q10,/BUR-BUR-YES-HARMANLI/YARISLI/DEBI/01May2025/30Minute/Q10/,False
4193,BUR-BUR-YES-HARMANLI,YARISLI,DEBI,01May2025,30Minute,Q100,/BUR-BUR-YES-HARMANLI/YARISLI/DEBI/01May2025/30Minute/Q100/,False
4194,BUR-BUR-YES-HARMANLI,YARISLI,DEBI,01May2025,30Minute,Q1000,/BUR-BUR-YES-HARMANLI/YARISLI/DEBI/01May2025/30Minute/Q1000/,False
4195,BUR-BUR-YES-HARMANLI,YARISLI,DEBI,01May2025,30Minute,Q2,/BUR-BUR-YES-HARMANLI/YARISLI/DEBI/01May2025/30Minute/Q2/,False
4196,BUR-BUR-YES-HARMANLI,YARISLI,DEBI,01May2025,30Minute,Q25,/BUR-BUR-YES-HARMANLI/YARISLI/DEBI/01May2025/30Minute/Q25/,False
4197,BUR-BUR-YES-HARMANLI,YARISLI,DEBI,01May2025,30Minute,Q5,/BUR-BUR-YES-HARMANLI/YARISLI/DEBI/01May2025/30Minute/Q5/,False
4198,BUR-BUR-YES-HARMANLI,YARISLI,DEBI,01May2025,30Minute,Q50,/BUR-BUR-YES-HARMANLI/YARISLI/DEBI/01May2025/30Minute/Q50/,False
4199,BUR-BUR-YES-HARMANLI,YARISLI,DEBI,01May2025,30Minute,Q500,/BUR-BUR-YES-HARMANLI/YARISLI/DEBI/01May2025/30Minute/Q500/,False
4200,BUR-BUR-YES-IGDIR1,AKGOL,DEBI,01May2025,30Minute,Q10,/BUR-BUR-YES-IGDIR1/AKGOL/DEBI/01May2025/30Minute/Q10/,False
4201,BUR-BUR-YES-IGDIR1,AKGOL,DEBI,01May2025,30Minute,Q100,/BUR-BUR-YES-IGDIR1/AKGOL/DEBI/01May2025/30Minute/Q100/,False
4202,BUR-BUR-YES-IGDIR1,AKGOL,DEBI,01May2025,30Minute,Q1000,/BUR-BUR-YES-IGDIR1/AKGOL/DEBI/01May2025/30Minute/Q1000/,False
4203,BUR-BUR-YES-IGDIR1,AKGOL,DEBI,01May2025,30Minute,Q2,/BUR-BUR-YES-IGDIR1/AKGOL/DEBI/01May2025/30Minute/Q2/,False
4204,BUR-BUR-YES-IGDIR1,AKGOL,DEBI,01May2025,30Minute,Q25,/BUR-BUR-YES-IGDIR1/AKGOL/DEBI/01May2025/30Minute/Q25/,False
4205,BUR-BUR-YES-IGDIR1,AKGOL,DEBI,01May2025,30Minute,Q5,/BUR-BUR-YES-IGDIR1/AKGOL/DEBI/01May2025/30Minute/Q5/,False
4206,BUR-BUR-YES-IGDIR1,AKGOL,DEBI,01May2025,30Minute,Q50,/BUR-BUR-YES-IGDIR1/AKGOL/DEBI/01May2025/30Minute/Q50/,False
4207,BUR-BUR-YES-IGDIR1,AKGOL,DEBI,01May2025,30Minute,Q500,/BUR-BUR-YES-IGDIR1/AKGOL/DEBI/01May2025/30Minute/Q500/,False
4208,BUR-BUR-YES-IGDIR2,AKGOL,DEBI,02May2025,5Minute,Q10,/BUR-BUR-YES-IGDIR2/AKGOL/DEBI/02May2025/5Minute/Q10/,False
4209,BUR-BUR-YES-IGDIR2,AKGOL,DEBI,02May2025,5Minute,Q100,/BUR-BUR-YES-IGDIR2/AKGOL/DEBI/02May2025/5Minute/Q100/,False
4210,BUR-BUR-YES-IGDIR2,AKGOL,DEBI,02May2025,5Minute,Q1000,/BUR-BUR-YES-IGDIR2/AKGOL/DEBI/02May2025/5Minute/Q1000/,False
4211,BUR-BUR-YES-IGDIR2,AKGOL,DEBI,02May2025,5Minute,Q2,/BUR-BUR-YES-IGDIR2/AKGOL/DEBI/02May2025/5Minute/Q2/,False
4212,BUR-BUR-YES-IGDIR2,AKGOL,DEBI,02May2025,5Minute,Q25,/BUR-BUR-YES-IGDIR2/AKGOL/DEBI/02May2025/5Minute/Q25/,False
4213,BUR-BUR-YES-IGDIR2,AKGOL,DEBI,02May2025,5Minute,Q5,/BUR-BUR-YES-IGDIR2/AKGOL/DEBI/02May2025/5Minute/Q5/,False
4214,BUR-BUR-YES-IGDIR2,AKGOL,DEBI,02May2025,5Minute,Q50,/BUR-BUR-YES-IGDIR2/AKGOL/DEBI/02May2025/5Minute/Q50/,False
4215,BUR-BUR-YES-IGDIR2,AKGOL,DEBI,02May2025,5Minute,Q500,/BUR-BUR-YES-IGDIR2/AKGOL/DEBI/02May2025/5Minute/Q500/,False
4216,BUR-BUR-YES-IGDIR3,AKGOL,DEBI,01May2025,30Minute,Q10,/BUR-BUR-YES-IGDIR3/AKGOL/DEBI/01May2025/30Minute/Q10/,False
4217,BUR-BUR-YES-IGDIR3,AKGOL,DEBI,01May2025,30Minute,Q100,/BUR-BUR-YES-IGDIR3/AKGOL/DEBI/01May2025/30Minute/Q100/,False
4218,BUR-BUR-YES-IGDIR3,AKGOL,DEBI,01May2025,30Minute,Q1000,/BUR-BUR-YES-IGDIR3/AKGOL/DEBI/01May2025/30Minute/Q1000/,False
4219,BUR-BUR-YES-IGDIR3,AKGOL,DEBI,01May2025,30Minute,Q2,/BUR-BUR-YES-IGDIR3/AKGOL/DEBI/01May2025/30Minute/Q2/,False
4220,BUR-BUR-YES-IGDIR3,AKGOL,DEBI,01May2025,30Minute,Q25,/BUR-BUR-YES-IGDIR3/AKGOL/DEBI/01May2025/30Minute/Q25/,False
4221,BUR-BUR-YES-IGDIR3,AKGOL,DEBI,01May2025,30Minute,Q5,/BUR-BUR-YES-IGDIR3/AKGOL/DEBI/01May2025/30Minute/Q5/,False
4222,BUR-BUR-YES-IGDIR3,AKGOL,DEBI,01May2025,30Minute,Q50,/BUR-BUR-YES-IGDIR3/AKGOL/DEBI/01May2025/30Minute/Q50/,False
4223,BUR-BUR-YES-IGDIR3,AKGOL,DEBI,01May2025,30Minute,Q500,/BUR-BUR-YES-IGDIR3/AKGOL/DEBI/01May2025/30Minute/Q500/,False
4224,BUR-BUR-YES-IGDIR-T,AKGOL,DEBI,01May2025,30Minute,Q10,/BUR-BUR-YES-IGDIR-T/AKGOL/DEBI/01May2025/30Minute/Q10/,False
4225,BUR-BUR-YES-IGDIR-T,AKGOL,DEBI,01May2025,30Minute,Q100,/BUR-BUR-YES-IGDIR-T/AKGOL/DEBI/01May2025/30Minute/Q100/,False
4226,BUR-BUR-YES-IGDIR-T,AKGOL,DEBI,01May2025,30Minute,Q1000,/BUR-BUR-YES-IGDIR-T/AKGOL/DEBI/01May2025/30Minute/Q1000/,False
4227,BUR-BUR-YES-IGDIR-T,AKGOL,DEBI,01May2025,30Minute,Q2,/BUR-BUR-YES-IGDIR-T/AKGOL/DEBI/01May2025/30Minute/Q2/,False
4228,BUR-BUR-YES-IGDIR-T,AKGOL,DEBI,01May2025,30Minute,Q25,/BUR-BUR-YES-IGDIR-T/AKGOL/DEBI/01May2025/30Minute/Q25/,False
4229,BUR-BUR-YES-IGDIR-T,AKGOL,DEBI,01May2025,30Minute,Q5,/BUR-BUR-YES-IGDIR-T/AKGOL/DEBI/01May2025/30Minute/Q5/,False
4230,BUR-BUR-YES-IGDIR-T,AKGOL,DEBI,01May2025,30Minute,Q50,/BUR-BUR-YES-IGDIR-T/AKGOL/DEBI/01May2025/30Minute/Q50/,False
4231,BUR-BUR-YES-IGDIR-T,AKGOL,DEBI,01May2025,30Minute,Q500,/BUR-BUR-YES-IGDIR-T/AKGOL/DEBI/01May2025/30Minute/Q500/,False
4232,BUR-BUR-YES-ISIKLAR,YARISLI,DEBI,01May2025,30Minute,Q10,/BUR-BUR-YES-ISIKLAR/YARISLI/DEBI/01May2025/30Minute/Q10/,False
4233,BUR-BUR-YES-ISIKLAR,YARISLI,DEBI,01May2025,30Minute,Q100,/BUR-BUR-YES-ISIKLAR/YARISLI/DEBI/01May2025/30Minute/Q100/,False
4234,BUR-BUR-YES-ISIKLAR,YARISLI,DEBI,01May2025,30Minute,Q1000,/BUR-BUR-YES-ISIKLAR/YARISLI/DEBI/01May2025/30Minute/Q1000/,False
4235,BUR-BUR-YES-ISIKLAR,YARISLI,DEBI,01May2025,30Minute,Q2,/BUR-BUR-YES-ISIKLAR/YARISLI/DEBI/01May2025/30Minute/Q2/,False
4236,BUR-BUR-YES-ISIKLAR,YARISLI,DEBI,01May2025,30Minute,Q25,/BUR-BUR-YES-ISIKLAR/YARISLI/DEBI/01May2025/30Minute/Q25/,False
4237,BUR-BUR-YES-ISIKLAR,YARISLI,DEBI,01May2025,30Minute,Q5,/BUR-BUR-YES-ISIKLAR/YARISLI/DEBI/01May2025/30Minute/Q5/,False
4238,BUR-BUR-YES-ISIKLAR,YARISLI,DEBI,01May2025,30Minute,Q50,/BUR-BUR-YES-ISIKLAR/YARISLI/DEBI/01May2025/30Minute/Q50/,False
4239,BUR-BUR-YES-ISIKLAR,YARISLI,DEBI,01May2025,30Minute,Q500,/BUR-BUR-YES-ISIKLAR/YARISLI/DEBI/01May2025/30Minute/Q500/,False
4240,BUR-BUR-YES-ISIKLAR-T1,YARISLI,DEBI,01May2025,30Minute,Q10,/BUR-BUR-YES-ISIKLAR-T1/YARISLI/DEBI/01May2025/30Minute/Q10/,False
4241,BUR-BUR-YES-ISIKLAR-T1,YARISLI,DEBI,01May2025,30Minute,Q100,/BUR-BUR-YES-ISIKLAR-T1/YARISLI/DEBI/01May2025/30Minute/Q100/,False
4242,BUR-BUR-YES-ISIKLAR-T1,YARISLI,DEBI,01May2025,30Minute,Q1000,/BUR-BUR-YES-ISIKLAR-T1/YARISLI/DEBI/01May2025/30Minute/Q1000/,False
4243,BUR-BUR-YES-ISIKLAR-T1,YARISLI,DEBI,01May2025,30Minute,Q2,/BUR-BUR-YES-ISIKLAR-T1/YARISLI/DEBI/01May2025/30Minute/Q2/,False
4244,BUR-BUR-YES-ISIKLAR-T1,YARISLI,DEBI,01May2025,30Minute,Q25,/BUR-BUR-YES-ISIKLAR-T1/YARISLI/DEBI/01May2025/30Minute/Q25/,False
4245,BUR-BUR-YES-ISIKLAR-T1,YARISLI,DEBI,01May2025,30Minute,Q5,/BUR-BUR-YES-ISIKLAR-T1/YARISLI/DEBI/01May2025/30Minute/Q5/,False
4246,BUR-BUR-YES-ISIKLAR-T1,YARISLI,DEBI,01May2025,30Minute,Q50,/BUR-BUR-YES-ISIKLAR-T1/YARISLI/DEBI/01May2025/30Minute/Q50/,False
4247,BUR-BUR-YES-ISIKLAR-T1,YARISLI,DEBI,01May2025,30Minute,Q500,/BUR-BUR-YES-ISIKLAR-T1/YARISLI/DEBI/01May2025/30Minute/Q500/,False
4248,BUR-BUR-YES-ISIKLAR-T2,YARISLI,DEBI,01May2025,30Minute,Q10,/BUR-BUR-YES-ISIKLAR-T2/YARISLI/DEBI/01May2025/30Minute/Q10/,False
4249,BUR-BUR-YES-ISIKLAR-T2,YARISLI,DEBI,01May2025,30Minute,Q100,/BUR-BUR-YES-ISIKLAR-T2/YARISLI/DEBI/01May2025/30Minute/Q100/,False
4250,BUR-BUR-YES-ISIKLAR-T2,YARISLI,DEBI,01May2025,30Minute,Q1000,/BUR-BUR-YES-ISIKLAR-T2/YARISLI/DEBI/01May2025/30Minute/Q1000/,False
4251,BUR-BUR-YES-ISIKLAR-T2,YARISLI,DEBI,01May2025,30Minute,Q2,/BUR-BUR-YES-ISIKLAR-T2/YARISLI/DEBI/01May2025/30Minute/Q2/,False
4252,BUR-BUR-YES-ISIKLAR-T2,YARISLI,DEBI,01May2025,30Minute,Q25,/BUR-BUR-YES-ISIKLAR-T2/YARISLI/DEBI/01May2025/30Minute/Q25/,False
4253,BUR-BUR-YES-ISIKLAR-T2,YARISLI,DEBI,01May2025,30Minute,Q5,/BUR-BUR-YES-ISIKLAR-T2/YARISLI/DEBI/01May2025/30Minute/Q5/,False
4254,BUR-BUR-YES-ISIKLAR-T2,YARISLI,DEBI,01May2025,30Minute,Q50,/BUR-BUR-YES-ISIKLAR-T2/YARISLI/DEBI/01May2025/30Minute/Q50/,False
4255,BUR-BUR-YES-ISIKLAR-T2,YARISLI,DEBI,01May2025,30Minute,Q500,/BUR-BUR-YES-ISIKLAR-T2/YARISLI/DEBI/01May2025/30Minute/Q500/,False
4256,BUR-BUR-YES-KAVAK,YARISLI,DEBI,02May2025,5Minute,Q10,/BUR-BUR-YES-KAVAK/YARISLI/DEBI/02May2025/5Minute/Q10/,False
4257,BUR-BUR-YES-KAVAK,YARISLI,DEBI,02May2025,5Minute,Q100,/BUR-BUR-YES-KAVAK/YARISLI/DEBI/02May2025/5Minute/Q100/,False
4258,BUR-BUR-YES-KAVAK,YARISLI,DEBI,02May2025,5Minute,Q1000,/BUR-BUR-YES-KAVAK/YARISLI/DEBI/02May2025/5Minute/Q1000/,False
4259,BUR-BUR-YES-KAVAK,YARISLI,DEBI,02May2025,5Minute,Q2,/BUR-BUR-YES-KAVAK/YARISLI/DEBI/02May2025/5Minute/Q2/,False
4260,BUR-BUR-YES-KAVAK,YARISLI,DEBI,02May2025,5Minute,Q25,/BUR-BUR-YES-KAVAK/YARISLI/DEBI/02May2025/5Minute/Q25/,False
4261,BUR-BUR-YES-KAVAK,YARISLI,DEBI,02May2025,5Minute,Q5,/BUR-BUR-YES-KAVAK/YARISLI/DEBI/02May2025/5Minute/Q5/,False
4262,BUR-BUR-YES-KAVAK,YARISLI,DEBI,02May2025,5Minute,Q50,/BUR-BUR-YES-KAVAK/YARISLI/DEBI/02May2025/5Minute/Q50/,False
4263,BUR-BUR-YES-KAVAK,YARISLI,DEBI,02May2025,5Minute,Q500,/BUR-BUR-YES-KAVAK/YARISLI/DEBI/02May2025/5Minute/Q500/,False
4264,BUR-BUR-YES-KAYADIBI,SALDA,DEBI,01May2025,30Minute,Q10,/BUR-BUR-YES-KAYADIBI/SALDA/DEBI/01May2025/30Minute/Q10/,False
4265,BUR-BUR-YES-KAYADIBI,SALDA,DEBI,01May2025,30Minute,Q100,/BUR-BUR-YES-KAYADIBI/SALDA/DEBI/01May2025/30Minute/Q100/,False
4266,BUR-BUR-YES-KAYADIBI,SALDA,DEBI,01May2025,30Minute,Q1000,/BUR-BUR-YES-KAYADIBI/SALDA/DEBI/01May2025/30Minute/Q1000/,False
4267,BUR-BUR-YES-KAYADIBI,SALDA,DEBI,01May2025,30Minute,Q2,/BUR-BUR-YES-KAYADIBI/SALDA/DEBI/01May2025/30Minute/Q2/,False
4268,BUR-BUR-YES-KAYADIBI,SALDA,DEBI,01May2025,30Minute,Q25,/BUR-BUR-YES-KAYADIBI/SALDA/DEBI/01May2025/30Minute/Q25/,False
4269,BUR-BUR-YES-KAYADIBI,SALDA,DEBI,01May2025,30Minute,Q5,/BUR-BUR-YES-KAYADIBI/SALDA/DEBI/01May2025/30Minute/Q5/,False
4270,BUR-BUR-YES-KAYADIBI,SALDA,DEBI,01May2025,30Minute,Q50,/BUR-BUR-YES-KAYADIBI/SALDA/DEBI/01May2025/30Minute/Q50/,False
4271,BUR-BUR-YES-KAYADIBI,SALDA,DEBI,01May2025,30Minute,Q500,/BUR-BUR-YES-KAYADIBI/SALDA/DEBI/01May2025/30Minute/Q500/,False
4272,BUR-BUR-YES-NIYAZLAR,SALDA,DEBI,01May2025,30Minute,Q10,/BUR-BUR-YES-NIYAZLAR/SALDA/DEBI/01May2025/30Minute/Q10/,False
4273,BUR-BUR-YES-NIYAZLAR,SALDA,DEBI,01May2025,30Minute,Q100,/BUR-BUR-YES-NIYAZLAR/SALDA/DEBI/01May2025/30Minute/Q100/,False
4274,BUR-BUR-YES-NIYAZLAR,SALDA,DEBI,01May2025,30Minute,Q1000,/BUR-BUR-YES-NIYAZLAR/SALDA/DEBI/01May2025/30Minute/Q1000/,False
4275,BUR-BUR-YES-NIYAZLAR,SALDA,DEBI,01May2025,30Minute,Q2,/BUR-BUR-YES-NIYAZLAR/SALDA/DEBI/01May2025/30Minute/Q2/,False
4276,BUR-BUR-YES-NIYAZLAR,SALDA,DEBI,01May2025,30Minute,Q25,/BUR-BUR-YES-NIYAZLAR/SALDA/DEBI/01May2025/30Minute/Q25/,False
4277,BUR-BUR-YES-NIYAZLAR,SALDA,DEBI,01May2025,30Minute,Q5,/BUR-BUR-YES-NIYAZLAR/SALDA/DEBI/01May2025/30Minute/Q5/,False
4278,BUR-BUR-YES-NIYAZLAR,SALDA,DEBI,01May2025,30Minute,Q50,/BUR-BUR-YES-NIYAZLAR/SALDA/DEBI/01May2025/30Minute/Q50/,False
4279,BUR-BUR-YES-NIYAZLAR,SALDA,DEBI,01May2025,30Minute,Q500,/BUR-BUR-YES-NIYAZLAR/SALDA/DEBI/01May2025/30Minute/Q500/,False
4280,BUR-BUR-YES-ONACAK,AKGOL,DEBI,01May2025,30Minute,Q10,/BUR-BUR-YES-ONACAK/AKGOL/DEBI/01May2025/30Minute/Q10/,False
4281,BUR-BUR-YES-ONACAK,AKGOL,DEBI,01May2025,30Minute,Q100,/BUR-BUR-YES-ONACAK/AKGOL/DEBI/01May2025/30Minute/Q100/,False
4282,BUR-BUR-YES-ONACAK,AKGOL,DEBI,01May2025,30Minute,Q1000,/BUR-BUR-YES-ONACAK/AKGOL/DEBI/01May2025/30Minute/Q1000/,False
4283,BUR-BUR-YES-ONACAK,AKGOL,DEBI,01May2025,30Minute,Q2,/BUR-BUR-YES-ONACAK/AKGOL/DEBI/01May2025/30Minute/Q2/,False
4284,BUR-BUR-YES-ONACAK,AKGOL,DEBI,01May2025,30Minute,Q25,/BUR-BUR-YES-ONACAK/AKGOL/DEBI/01May2025/30Minute/Q25/,False
4285,BUR-BUR-YES-ONACAK,AKGOL,DEBI,01May2025,30Minute,Q5,/BUR-BUR-YES-ONACAK/AKGOL/DEBI/01May2025/30Minute/Q5/,False
4286,BUR-BUR-YES-ONACAK,AKGOL,DEBI,01May2025,30Minute,Q50,/BUR-BUR-YES-ONACAK/AKGOL/DEBI/01May2025/30Minute/Q50/,False
4287,BUR-BUR-YES-ONACAK,AKGOL,DEBI,01May2025,30Minute,Q500,/BUR-BUR-YES-ONACAK/AKGOL/DEBI/01May2025/30Minute/Q500/,False
4288,BUR-BUR-YES-ORENCIK1,BURDUR,DEBI,01May2025,30Minute,Q10,/BUR-BUR-YES-ORENCIK1/BURDUR/DEBI/01May2025/30Minute/Q10/,False
4289,BUR-BUR-YES-ORENCIK1,BURDUR,DEBI,01May2025,30Minute,Q100,/BUR-BUR-YES-ORENCIK1/BURDUR/DEBI/01May2025/30Minute/Q100/,False
4290,BUR-BUR-YES-ORENCIK1,BURDUR,DEBI,01May2025,30Minute,Q1000,/BUR-BUR-YES-ORENCIK1/BURDUR/DEBI/01May2025/30Minute/Q1000/,False
4291,BUR-BUR-YES-ORENCIK1,BURDUR,DEBI,01May2025,30Minute,Q2,/BUR-BUR-YES-ORENCIK1/BURDUR/DEBI/01May2025/30Minute/Q2/,False
4292,BUR-BUR-YES-ORENCIK1,BURDUR,DEBI,01May2025,30Minute,Q25,/BUR-BUR-YES-ORENCIK1/BURDUR/DEBI/01May2025/30Minute/Q25/,False
4293,BUR-BUR-YES-ORENCIK1,BURDUR,DEBI,01May2025,30Minute,Q5,/BUR-BUR-YES-ORENCIK1/BURDUR/DEBI/01May2025/30Minute/Q5/,False
4294,BUR-BUR-YES-ORENCIK1,BURDUR,DEBI,01May2025,30Minute,Q50,/BUR-BUR-YES-ORENCIK1/BURDUR/DEBI/01May2025/30Minute/Q50/,False
4295,BUR-BUR-YES-ORENCIK1,BURDUR,DEBI,01May2025,30Minute,Q500,/BUR-BUR-YES-ORENCIK1/BURDUR/DEBI/01May2025/30Minute/Q500/,False
4296,BUR-BUR-YES-ORENCIK1,BURDUR2,DEBI,01May2025,30Minute,Q10,/BUR-BUR-YES-ORENCIK1/BURDUR2/DEBI/01May2025/30Minute/Q10/,False
4297,BUR-BUR-YES-ORENCIK1,BURDUR2,DEBI,01May2025,30Minute,Q100,/BUR-BUR-YES-ORENCIK1/BURDUR2/DEBI/01May2025/30Minute/Q100/,False
4298,BUR-BUR-YES-ORENCIK1,BURDUR2,DEBI,01May2025,30Minute,Q1000,/BUR-BUR-YES-ORENCIK1/BURDUR2/DEBI/01May2025/30Minute/Q1000/,False
4299,BUR-BUR-YES-ORENCIK1,BURDUR2,DEBI,01May2025,30Minute,Q2,/BUR-BUR-YES-ORENCIK1/BURDUR2/DEBI/01May2025/30Minute/Q2/,False
4300,BUR-BUR-YES-ORENCIK1,BURDUR2,DEBI,01May2025,30Minute,Q25,/BUR-BUR-YES-ORENCIK1/BURDUR2/DEBI/01May2025/30Minute/Q25/,False
4301,BUR-BUR-YES-ORENCIK1,BURDUR2,DEBI,01May2025,30Minute,Q5,/BUR-BUR-YES-ORENCIK1/BURDUR2/DEBI/01May2025/30Minute/Q5/,False
4302,BUR-BUR-YES-ORENCIK1,BURDUR2,DEBI,01May2025,30Minute,Q50,/BUR-BUR-YES-ORENCIK1/BURDUR2/DEBI/01May2025/30Minute/Q50/,False
4303,BUR-BUR-YES-ORENCIK1,BURDUR2,DEBI,01May2025,30Minute,Q500,/BUR-BUR-YES-ORENCIK1/BURDUR2/DEBI/01May2025/30Minute/Q500/,False
4304,BUR-BUR-YES-ORENCIK2,BURDUR,DEBI,02May2025,5Minute,Q10,/BUR-BUR-YES-ORENCIK2/BURDUR/DEBI/02May2025/5Minute/Q10/,False
4305,BUR-BUR-YES-ORENCIK2,BURDUR,DEBI,02May2025,5Minute,Q100,/BUR-BUR-YES-ORENCIK2/BURDUR/DEBI/02May2025/5Minute/Q100/,False
4306,BUR-BUR-YES-ORENCIK2,BURDUR,DEBI,02May2025,5Minute,Q1000,/BUR-BUR-YES-ORENCIK2/BURDUR/DEBI/02May2025/5Minute/Q1000/,False
4307,BUR-BUR-YES-ORENCIK2,BURDUR,DEBI,02May2025,5Minute,Q2,/BUR-BUR-YES-ORENCIK2/BURDUR/DEBI/02May2025/5Minute/Q2/,False
4308,BUR-BUR-YES-ORENCIK2,BURDUR,DEBI,02May2025,5Minute,Q25,/BUR-BUR-YES-ORENCIK2/BURDUR/DEBI/02May2025/5Minute/Q25/,False
4309,BUR-BUR-YES-ORENCIK2,BURDUR,DEBI,02May2025,5Minute,Q5,/BUR-BUR-YES-ORENCIK2/BURDUR/DEBI/02May2025/5Minute/Q5/,False
4310,BUR-BUR-YES-ORENCIK2,BURDUR,DEBI,02May2025,5Minute,Q50,/BUR-BUR-YES-ORENCIK2/BURDUR/DEBI/02May2025/5Minute/Q50/,False
4311,BUR-BUR-YES-ORENCIK2,BURDUR,DEBI,02May2025,5Minute,Q500,/BUR-BUR-YES-ORENCIK2/BURDUR/DEBI/02May2025/5Minute/Q500/,False
4312,BUR-BUR-YES-ORENCIK2,BURDUR2,DEBI,02May2025,5Minute,Q10,/BUR-BUR-YES-ORENCIK2/BURDUR2/DEBI/02May2025/5Minute/Q10/,False
4313,BUR-BUR-YES-ORENCIK2,BURDUR2,DEBI,02May2025,5Minute,Q100,/BUR-BUR-YES-ORENCIK2/BURDUR2/DEBI/02May2025/5Minute/Q100/,False
4314,BUR-BUR-YES-ORENCIK2,BURDUR2,DEBI,02May2025,5Minute,Q1000,/BUR-BUR-YES-ORENCIK2/BURDUR2/DEBI/02May2025/5Minute/Q1000/,False
4315,BUR-BUR-YES-ORENCIK2,BURDUR2,DEBI,02May2025,5Minute,Q2,/BUR-BUR-YES-ORENCIK2/BURDUR2/DEBI/02May2025/5Minute/Q2/,False
4316,BUR-BUR-YES-ORENCIK2,BURDUR2,DEBI,02May2025,5Minute,Q25,/BUR-BUR-YES-ORENCIK2/BURDUR2/DEBI/02May2025/5Minute/Q25/,False
4317,BUR-BUR-YES-ORENCIK2,BURDUR2,DEBI,02May2025,5Minute,Q5,/BUR-BUR-YES-ORENCIK2/BURDUR2/DEBI/02May2025/5Minute/Q5/,False
4318,BUR-BUR-YES-ORENCIK2,BURDUR2,DEBI,02May2025,5Minute,Q50,/BUR-BUR-YES-ORENCIK2/BURDUR2/DEBI/02May2025/5Minute/Q50/,False
4319,BUR-BUR-YES-ORENCIK2,BURDUR2,DEBI,02May2025,5Minute,Q500,/BUR-BUR-YES-ORENCIK2/BURDUR2/DEBI/02May2025/5Minute/Q500/,False
4320,BUR-BUR-YES-ORENCIK-T,BURDUR,DEBI,01May2025,30Minute,Q10,/BUR-BUR-YES-ORENCIK-T/BURDUR/DEBI/01May2025/30Minute/Q10/,False
4321,BUR-BUR-YES-ORENCIK-T,BURDUR,DEBI,01May2025,30Minute,Q100,/BUR-BUR-YES-ORENCIK-T/BURDUR/DEBI/01May2025/30Minute/Q100/,False
4322,BUR-BUR-YES-ORENCIK-T,BURDUR,DEBI,01May2025,30Minute,Q1000,/BUR-BUR-YES-ORENCIK-T/BURDUR/DEBI/01May2025/30Minute/Q1000/,False
4323,BUR-BUR-YES-ORENCIK-T,BURDUR,DEBI,01May2025,30Minute,Q2,/BUR-BUR-YES-ORENCIK-T/BURDUR/DEBI/01May2025/30Minute/Q2/,False
4324,BUR-BUR-YES-ORENCIK-T,BURDUR,DEBI,01May2025,30Minute,Q25,/BUR-BUR-YES-ORENCIK-T/BURDUR/DEBI/01May2025/30Minute/Q25/,False
4325,BUR-BUR-YES-ORENCIK-T,BURDUR,DEBI,01May2025,30Minute,Q5,/BUR-BUR-YES-ORENCIK-T/BURDUR/DEBI/01May2025/30Minute/Q5/,False
4326,BUR-BUR-YES-ORENCIK-T,BURDUR,DEBI,01May2025,30Minute,Q50,/BUR-BUR-YES-ORENCIK-T/BURDUR/DEBI/01May2025/30Minute/Q50/,False
4327,BUR-BUR-YES-ORENCIK-T,BURDUR,DEBI,01May2025,30Minute,Q500,/BUR-BUR-YES-ORENCIK-T/BURDUR/DEBI/01May2025/30Minute/Q500/,False
4328,BUR-BUR-YES-ORENCIK-T,BURDUR2,DEBI,01May2025,30Minute,Q10,/BUR-BUR-YES-ORENCIK-T/BURDUR2/DEBI/01May2025/30Minute/Q10/,False
4329,BUR-BUR-YES-ORENCIK-T,BURDUR2,DEBI,01May2025,30Minute,Q100,/BUR-BUR-YES-ORENCIK-T/BURDUR2/DEBI/01May2025/30Minute/Q100/,False
4330,BUR-BUR-YES-ORENCIK-T,BURDUR2,DEBI,01May2025,30Minute,Q1000,/BUR-BUR-YES-ORENCIK-T/BURDUR2/DEBI/01May2025/30Minute/Q1000/,False
4331,BUR-BUR-YES-ORENCIK-T,BURDUR2,DEBI,01May2025,30Minute,Q2,/BUR-BUR-YES-ORENCIK-T/BURDUR2/DEBI/01May2025/30Minute/Q2/,False
4332,BUR-BUR-YES-ORENCIK-T,BURDUR2,DEBI,01May2025,30Minute,Q25,/BUR-BUR-YES-ORENCIK-T/BURDUR2/DEBI/01May2025/30Minute/Q25/,False
4333,BUR-BUR-YES-ORENCIK-T,BURDUR2,DEBI,01May2025,30Minute,Q5,/BUR-BUR-YES-ORENCIK-T/BURDUR2/DEBI/01May2025/30Minute/Q5/,False
4334,BUR-BUR-YES-ORENCIK-T,BURDUR2,DEBI,01May2025,30Minute,Q50,/BUR-BUR-YES-ORENCIK-T/BURDUR2/DEBI/01May2025/30Minute/Q50/,False
4335,BUR-BUR-YES-ORENCIK-T,BURDUR2,DEBI,01May2025,30Minute,Q500,/BUR-BUR-YES-ORENCIK-T/BURDUR2/DEBI/01May2025/30Minute/Q500/,False
4336,BUR-BUR-YES-ORHANLI,AKGOL,DEBI,01May2025,30Minute,Q10,/BUR-BUR-YES-ORHANLI/AKGOL/DEBI/01May2025/30Minute/Q10/,False
4337,BUR-BUR-YES-ORHANLI,AKGOL,DEBI,01May2025,30Minute,Q100,/BUR-BUR-YES-ORHANLI/AKGOL/DEBI/01May2025/30Minute/Q100/,False
4338,BUR-BUR-YES-ORHANLI,AKGOL,DEBI,01May2025,30Minute,Q1000,/BUR-BUR-YES-ORHANLI/AKGOL/DEBI/01May2025/30Minute/Q1000/,False
4339,BUR-BUR-YES-ORHANLI,AKGOL,DEBI,01May2025,30Minute,Q2,/BUR-BUR-YES-ORHANLI/AKGOL/DEBI/01May2025/30Minute/Q2/,False
4340,BUR-BUR-YES-ORHANLI,AKGOL,DEBI,01May2025,30Minute,Q25,/BUR-BUR-YES-ORHANLI/AKGOL/DEBI/01May2025/30Minute/Q25/,False
4341,BUR-BUR-YES-ORHANLI,AKGOL,DEBI,01May2025,30Minute,Q5,/BUR-BUR-YES-ORHANLI/AKGOL/DEBI/01May2025/30Minute/Q5/,False
4342,BUR-BUR-YES-ORHANLI,AKGOL,DEBI,01May2025,30Minute,Q50,/BUR-BUR-YES-ORHANLI/AKGOL/DEBI/01May2025/30Minute/Q50/,False
4343,BUR-BUR-YES-ORHANLI,AKGOL,DEBI,01May2025,30Minute,Q500,/BUR-BUR-YES-ORHANLI/AKGOL/DEBI/01May2025/30Minute/Q500/,False
4344,BUR-BUR-YES-SALDA,SALDA,DEBI,01May2025,30Minute,Q10,/BUR-BUR-YES-SALDA/SALDA/DEBI/01May2025/30Minute/Q10/,False
4345,BUR-BUR-YES-SALDA,SALDA,DEBI,01May2025,30Minute,Q100,/BUR-BUR-YES-SALDA/SALDA/DEBI/01May2025/30Minute/Q100/,False
4346,BUR-BUR-YES-SALDA,SALDA,DEBI,01May2025,30Minute,Q1000,/BUR-BUR-YES-SALDA/SALDA/DEBI/01May2025/30Minute/Q1000/,False
4347,BUR-BUR-YES-SALDA,SALDA,DEBI,01May2025,30Minute,Q2,/BUR-BUR-YES-SALDA/SALDA/DEBI/01May2025/30Minute/Q2/,False
4348,BUR-BUR-YES-SALDA,SALDA,DEBI,01May2025,30Minute,Q25,/BUR-BUR-YES-SALDA/SALDA/DEBI/01May2025/30Minute/Q25/,False
4349,BUR-BUR-YES-SALDA,SALDA,DEBI,01May2025,30Minute,Q5,/BUR-BUR-YES-SALDA/SALDA/DEBI/01May2025/30Minute/Q5/,False
4350,BUR-BUR-YES-SALDA,SALDA,DEBI,01May2025,30Minute,Q50,/BUR-BUR-YES-SALDA/SALDA/DEBI/01May2025/30Minute/Q50/,False
4351,BUR-BUR-YES-SALDA,SALDA,DEBI,01May2025,30Minute,Q500,/BUR-BUR-YES-SALDA/SALDA/DEBI/01May2025/30Minute/Q500/,False
4352,BUR-BUR-YES-SALDA-T,SALDA,DEBI,01May2025,30Minute,Q10,/BUR-BUR-YES-SALDA-T/SALDA/DEBI/01May2025/30Minute/Q10/,False
4353,BUR-BUR-YES-SALDA-T,SALDA,DEBI,01May2025,30Minute,Q100,/BUR-BUR-YES-SALDA-T/SALDA/DEBI/01May2025/30Minute/Q100/,False
4354,BUR-BUR-YES-SALDA-T,SALDA,DEBI,01May2025,30Minute,Q1000,/BUR-BUR-YES-SALDA-T/SALDA/DEBI/01May2025/30Minute/Q1000/,False
4355,BUR-BUR-YES-SALDA-T,SALDA,DEBI,01May2025,30Minute,Q2,/BUR-BUR-YES-SALDA-T/SALDA/DEBI/01May2025/30Minute/Q2/,False
4356,BUR-BUR-YES-SALDA-T,SALDA,DEBI,01May2025,30Minute,Q25,/BUR-BUR-YES-SALDA-T/SALDA/DEBI/01May2025/30Minute/Q25/,False
4357,BUR-BUR-YES-SALDA-T,SALDA,DEBI,01May2025,30Minute,Q5,/BUR-BUR-YES-SALDA-T/SALDA/DEBI/01May2025/30Minute/Q5/,False
4358,BUR-BUR-YES-SALDA-T,SALDA,DEBI,01May2025,30Minute,Q50,/BUR-BUR-YES-SALDA-T/SALDA/DEBI/01May2025/30Minute/Q50/,False
4359,BUR-BUR-YES-SALDA-T,SALDA,DEBI,01May2025,30Minute,Q500,/BUR-BUR-YES-SALDA-T/SALDA/DEBI/01May2025/30Minute/Q500/,False
4360,BUR-BUR-YES-SAZAK1,YARISLI,DEBI,01May2025,30Minute,Q10,/BUR-BUR-YES-SAZAK1/YARISLI/DEBI/01May2025/30Minute/Q10/,False
4361,BUR-BUR-YES-SAZAK1,YARISLI,DEBI,01May2025,30Minute,Q100,/BUR-BUR-YES-SAZAK1/YARISLI/DEBI/01May2025/30Minute/Q100/,False
4362,BUR-BUR-YES-SAZAK1,YARISLI,DEBI,01May2025,30Minute,Q1000,/BUR-BUR-YES-SAZAK1/YARISLI/DEBI/01May2025/30Minute/Q1000/,False
4363,BUR-BUR-YES-SAZAK1,YARISLI,DEBI,01May2025,30Minute,Q2,/BUR-BUR-YES-SAZAK1/YARISLI/DEBI/01May2025/30Minute/Q2/,False
4364,BUR-BUR-YES-SAZAK1,YARISLI,DEBI,01May2025,30Minute,Q25,/BUR-BUR-YES-SAZAK1/YARISLI/DEBI/01May2025/30Minute/Q25/,False
4365,BUR-BUR-YES-SAZAK1,YARISLI,DEBI,01May2025,30Minute,Q5,/BUR-BUR-YES-SAZAK1/YARISLI/DEBI/01May2025/30Minute/Q5/,False
4366,BUR-BUR-YES-SAZAK1,YARISLI,DEBI,01May2025,30Minute,Q50,/BUR-BUR-YES-SAZAK1/YARISLI/DEBI/01May2025/30Minute/Q50/,False
4367,BUR-BUR-YES-SAZAK1,YARISLI,DEBI,01May2025,30Minute,Q500,/BUR-BUR-YES-SAZAK1/YARISLI/DEBI/01May2025/30Minute/Q500/,False
4368,BUR-BUR-YES-SAZAK2,YARISLI,DEBI,01May2025,30Minute,Q10,/BUR-BUR-YES-SAZAK2/YARISLI/DEBI/01May2025/30Minute/Q10/,False
4369,BUR-BUR-YES-SAZAK2,YARISLI,DEBI,01May2025,30Minute,Q100,/BUR-BUR-YES-SAZAK2/YARISLI/DEBI/01May2025/30Minute/Q100/,False
4370,BUR-BUR-YES-SAZAK2,YARISLI,DEBI,01May2025,30Minute,Q1000,/BUR-BUR-YES-SAZAK2/YARISLI/DEBI/01May2025/30Minute/Q1000/,False
4371,BUR-BUR-YES-SAZAK2,YARISLI,DEBI,01May2025,30Minute,Q2,/BUR-BUR-YES-SAZAK2/YARISLI/DEBI/01May2025/30Minute/Q2/,False
4372,BUR-BUR-YES-SAZAK2,YARISLI,DEBI,01May2025,30Minute,Q25,/BUR-BUR-YES-SAZAK2/YARISLI/DEBI/01May2025/30Minute/Q25/,False
4373,BUR-BUR-YES-SAZAK2,YARISLI,DEBI,01May2025,30Minute,Q5,/BUR-BUR-YES-SAZAK2/YARISLI/DEBI/01May2025/30Minute/Q5/,False
4374,BUR-BUR-YES-SAZAK2,YARISLI,DEBI,01May2025,30Minute,Q50,/BUR-BUR-YES-SAZAK2/YARISLI/DEBI/01May2025/30Minute/Q50/,False
4375,BUR-BUR-YES-SAZAK2,YARISLI,DEBI,01May2025,30Minute,Q500,/BUR-BUR-YES-SAZAK2/YARISLI/DEBI/01May2025/30Minute/Q500/,False
4376,BUR-BUR-YES-SAZAK-T1,YARISLI,DEBI,01May2025,30Minute,Q10,/BUR-BUR-YES-SAZAK-T1/YARISLI/DEBI/01May2025/30Minute/Q10/,False
4377,BUR-BUR-YES-SAZAK-T1,YARISLI,DEBI,01May2025,30Minute,Q100,/BUR-BUR-YES-SAZAK-T1/YARISLI/DEBI/01May2025/30Minute/Q100/,False
4378,BUR-BUR-YES-SAZAK-T1,YARISLI,DEBI,01May2025,30Minute,Q1000,/BUR-BUR-YES-SAZAK-T1/YARISLI/DEBI/01May2025/30Minute/Q1000/,False
4379,BUR-BUR-YES-SAZAK-T1,YARISLI,DEBI,01May2025,30Minute,Q2,/BUR-BUR-YES-SAZAK-T1/YARISLI/DEBI/01May2025/30Minute/Q2/,False
4380,BUR-BUR-YES-SAZAK-T1,YARISLI,DEBI,01May2025,30Minute,Q25,/BUR-BUR-YES-SAZAK-T1/YARISLI/DEBI/01May2025/30Minute/Q25/,False
4381,BUR-BUR-YES-SAZAK-T1,YARISLI,DEBI,01May2025,30Minute,Q5,/BUR-BUR-YES-SAZAK-T1/YARISLI/DEBI/01May2025/30Minute/Q5/,False
4382,BUR-BUR-YES-SAZAK-T1,YARISLI,DEBI,01May2025,30Minute,Q50,/BUR-BUR-YES-SAZAK-T1/YARISLI/DEBI/01May2025/30Minute/Q50/,False
4383,BUR-BUR-YES-SAZAK-T1,YARISLI,DEBI,01May2025,30Minute,Q500,/BUR-BUR-YES-SAZAK-T1/YARISLI/DEBI/01May2025/30Minute/Q500/,False
4384,BUR-BUR-YES-SAZAK-T2,YARISLI,DEBI,01May2025,30Minute,Q10,/BUR-BUR-YES-SAZAK-T2/YARISLI/DEBI/01May2025/30Minute/Q10/,False
4385,BUR-BUR-YES-SAZAK-T2,YARISLI,DEBI,01May2025,30Minute,Q100,/BUR-BUR-YES-SAZAK-T2/YARISLI/DEBI/01May2025/30Minute/Q100/,False
4386,BUR-BUR-YES-SAZAK-T2,YARISLI,DEBI,01May2025,30Minute,Q1000,/BUR-BUR-YES-SAZAK-T2/YARISLI/DEBI/01May2025/30Minute/Q1000/,False
4387,BUR-BUR-YES-SAZAK-T2,YARISLI,DEBI,01May2025,30Minute,Q2,/BUR-BUR-YES-SAZAK-T2/YARISLI/DEBI/01May2025/30Minute/Q2/,False
4388,BUR-BUR-YES-SAZAK-T2,YARISLI,DEBI,01May2025,30Minute,Q25,/BUR-BUR-YES-SAZAK-T2/YARISLI/DEBI/01May2025/30Minute/Q25/,False
4389,BUR-BUR-YES-SAZAK-T2,YARISLI,DEBI,01May2025,30Minute,Q5,/BUR-BUR-YES-SAZAK-T2/YARISLI/DEBI/01May2025/30Minute/Q5/,False
4390,BUR-BUR-YES-SAZAK-T2,YARISLI,DEBI,01May2025,30Minute,Q50,/BUR-BUR-YES-SAZAK-T2/YARISLI/DEBI/01May2025/30Minute/Q50/,False
4391,BUR-BUR-YES-SAZAK-T2,YARISLI,DEBI,01May2025,30Minute,Q500,/BUR-BUR-YES-SAZAK-T2/YARISLI/DEBI/01May2025/30Minute/Q500/,False
4392,BUR-BUR-YES-TABIATPARKI,SALDA,DEBI,01May2025,30Minute,Q10,/BUR-BUR-YES-TABIATPARKI/SALDA/DEBI/01May2025/30Minute/Q10/,False
4393,BUR-BUR-YES-TABIATPARKI,SALDA,DEBI,01May2025,30Minute,Q100,/BUR-BUR-YES-TABIATPARKI/SALDA/DEBI/01May2025/30Minute/Q100/,False
4394,BUR-BUR-YES-TABIATPARKI,SALDA,DEBI,01May2025,30Minute,Q1000,/BUR-BUR-YES-TABIATPARKI/SALDA/DEBI/01May2025/30Minute/Q1000/,False
4395,BUR-BUR-YES-TABIATPARKI,SALDA,DEBI,01May2025,30Minute,Q2,/BUR-BUR-YES-TABIATPARKI/SALDA/DEBI/01May2025/30Minute/Q2/,False
4396,BUR-BUR-YES-TABIATPARKI,SALDA,DEBI,01May2025,30Minute,Q25,/BUR-BUR-YES-TABIATPARKI/SALDA/DEBI/01May2025/30Minute/Q25/,False
4397,BUR-BUR-YES-TABIATPARKI,SALDA,DEBI,01May2025,30Minute,Q5,/BUR-BUR-YES-TABIATPARKI/SALDA/DEBI/01May2025/30Minute/Q5/,False
4398,BUR-BUR-YES-TABIATPARKI,SALDA,DEBI,01May2025,30Minute,Q50,/BUR-BUR-YES-TABIATPARKI/SALDA/DEBI/01May2025/30Minute/Q50/,False
4399,BUR-BUR-YES-TABIATPARKI,SALDA,DEBI,01May2025,30Minute,Q500,/BUR-BUR-YES-TABIATPARKI/SALDA/DEBI/01May2025/30Minute/Q500/,False
4400,BUR-BUR-YES-TASPINAR1,AKGOL,DEBI,01May2025,30Minute,Q10,/BUR-BUR-YES-TASPINAR1/AKGOL/DEBI/01May2025/30Minute/Q10/,False
4401,BUR-BUR-YES-TASPINAR1,AKGOL,DEBI,01May2025,30Minute,Q100,/BUR-BUR-YES-TASPINAR1/AKGOL/DEBI/01May2025/30Minute/Q100/,False
4402,BUR-BUR-YES-TASPINAR1,AKGOL,DEBI,01May2025,30Minute,Q1000,/BUR-BUR-YES-TASPINAR1/AKGOL/DEBI/01May2025/30Minute/Q1000/,False
4403,BUR-BUR-YES-TASPINAR1,AKGOL,DEBI,01May2025,30Minute,Q2,/BUR-BUR-YES-TASPINAR1/AKGOL/DEBI/01May2025/30Minute/Q2/,False
4404,BUR-BUR-YES-TASPINAR1,AKGOL,DEBI,01May2025,30Minute,Q25,/BUR-BUR-YES-TASPINAR1/AKGOL/DEBI/01May2025/30Minute/Q25/,False
4405,BUR-BUR-YES-TASPINAR1,AKGOL,DEBI,01May2025,30Minute,Q5,/BUR-BUR-YES-TASPINAR1/AKGOL/DEBI/01May2025/30Minute/Q5/,False
4406,BUR-BUR-YES-TASPINAR1,AKGOL,DEBI,01May2025,30Minute,Q50,/BUR-BUR-YES-TASPINAR1/AKGOL/DEBI/01May2025/30Minute/Q50/,False
4407,BUR-BUR-YES-TASPINAR1,AKGOL,DEBI,01May2025,30Minute,Q500,/BUR-BUR-YES-TASPINAR1/AKGOL/DEBI/01May2025/30Minute/Q500/,False
4408,BUR-BUR-YES-TASPINAR2,AKGOL,DEBI,01May2025,30Minute,Q10,/BUR-BUR-YES-TASPINAR2/AKGOL/DEBI/01May2025/30Minute/Q10/,False
4409,BUR-BUR-YES-TASPINAR2,AKGOL,DEBI,01May2025,30Minute,Q100,/BUR-BUR-YES-TASPINAR2/AKGOL/DEBI/01May2025/30Minute/Q100/,False
4410,BUR-BUR-YES-TASPINAR2,AKGOL,DEBI,01May2025,30Minute,Q1000,/BUR-BUR-YES-TASPINAR2/AKGOL/DEBI/01May2025/30Minute/Q1000/,False
4411,BUR-BUR-YES-TASPINAR2,AKGOL,DEBI,01May2025,30Minute,Q2,/BUR-BUR-YES-TASPINAR2/AKGOL/DEBI/01May2025/30Minute/Q2/,False
4412,BUR-BUR-YES-TASPINAR2,AKGOL,DEBI,01May2025,30Minute,Q25,/BUR-BUR-YES-TASPINAR2/AKGOL/DEBI/01May2025/30Minute/Q25/,False
4413,BUR-BUR-YES-TASPINAR2,AKGOL,DEBI,01May2025,30Minute,Q5,/BUR-BUR-YES-TASPINAR2/AKGOL/DEBI/01May2025/30Minute/Q5/,False
4414,BUR-BUR-YES-TASPINAR2,AKGOL,DEBI,01May2025,30Minute,Q50,/BUR-BUR-YES-TASPINAR2/AKGOL/DEBI/01May2025/30Minute/Q50/,False
4415,BUR-BUR-YES-TASPINAR2,AKGOL,DEBI,01May2025,30Minute,Q500,/BUR-BUR-YES-TASPINAR2/AKGOL/DEBI/01May2025/30Minute/Q500/,False
4416,BUR-BUR-YES-YARISLI,YARISLI,DEBI,01May2025,30Minute,Q10,/BUR-BUR-YES-YARISLI/YARISLI/DEBI/01May2025/30Minute/Q10/,False
4417,BUR-BUR-YES-YARISLI,YARISLI,DEBI,01May2025,30Minute,Q100,/BUR-BUR-YES-YARISLI/YARISLI/DEBI/01May2025/30Minute/Q100/,False
4418,BUR-BUR-YES-YARISLI,YARISLI,DEBI,01May2025,30Minute,Q1000,/BUR-BUR-YES-YARISLI/YARISLI/DEBI/01May2025/30Minute/Q1000/,False
4419,BUR-BUR-YES-YARISLI,YARISLI,DEBI,01May2025,30Minute,Q2,/BUR-BUR-YES-YARISLI/YARISLI/DEBI/01May2025/30Minute/Q2/,False
4420,BUR-BUR-YES-YARISLI,YARISLI,DEBI,01May2025,30Minute,Q25,/BUR-BUR-YES-YARISLI/YARISLI/DEBI/01May2025/30Minute/Q25/,False
4421,BUR-BUR-YES-YARISLI,YARISLI,DEBI,01May2025,30Minute,Q5,/BUR-BUR-YES-YARISLI/YARISLI/DEBI/01May2025/30Minute/Q5/,False
4422,BUR-BUR-YES-YARISLI,YARISLI,DEBI,01May2025,30Minute,Q50,/BUR-BUR-YES-YARISLI/YARISLI/DEBI/01May2025/30Minute/Q50/,False
4423,BUR-BUR-YES-YARISLI,YARISLI,DEBI,01May2025,30Minute,Q500,/BUR-BUR-YES-YARISLI/YARISLI/DEBI/01May2025/30Minute/Q500/,False
4424,BUR-BUR-YES-YARISLI-T1,YARISLI,DEBI,02May2025,5Minute,Q10,/BUR-BUR-YES-YARISLI-T1/YARISLI/DEBI/02May2025/5Minute/Q10/,False
4425,BUR-BUR-YES-YARISLI-T1,YARISLI,DEBI,02May2025,5Minute,Q100,/BUR-BUR-YES-YARISLI-T1/YARISLI/DEBI/02May2025/5Minute/Q100/,False
4426,BUR-BUR-YES-YARISLI-T1,YARISLI,DEBI,02May2025,5Minute,Q1000,/BUR-BUR-YES-YARISLI-T1/YARISLI/DEBI/02May2025/5Minute/Q1000/,False
4427,BUR-BUR-YES-YARISLI-T1,YARISLI,DEBI,02May2025,5Minute,Q2,/BUR-BUR-YES-YARISLI-T1/YARISLI/DEBI/02May2025/5Minute/Q2/,False
4428,BUR-BUR-YES-YARISLI-T1,YARISLI,DEBI,02May2025,5Minute,Q25,/BUR-BUR-YES-YARISLI-T1/YARISLI/DEBI/02May2025/5Minute/Q25/,False
4429,BUR-BUR-YES-YARISLI-T1,YARISLI,DEBI,02May2025,5Minute,Q5,/BUR-BUR-YES-YARISLI-T1/YARISLI/DEBI/02May2025/5Minute/Q5/,False
4430,BUR-BUR-YES-YARISLI-T1,YARISLI,DEBI,02May2025,5Minute,Q50,/BUR-BUR-YES-YARISLI-T1/YARISLI/DEBI/02May2025/5Minute/Q50/,False
4431,BUR-BUR-YES-YARISLI-T1,YARISLI,DEBI,02May2025,5Minute,Q500,/BUR-BUR-YES-YARISLI-T1/YARISLI/DEBI/02May2025/5Minute/Q500/,False
4432,BUR-BUR-YES-YARISLI-T2,YARISLI,DEBI,01May2025,30Minute,Q10,/BUR-BUR-YES-YARISLI-T2/YARISLI/DEBI/01May2025/30Minute/Q10/,False
4433,BUR-BUR-YES-YARISLI-T2,YARISLI,DEBI,01May2025,30Minute,Q100,/BUR-BUR-YES-YARISLI-T2/YARISLI/DEBI/01May2025/30Minute/Q100/,False
4434,BUR-BUR-YES-YARISLI-T2,YARISLI,DEBI,01May2025,30Minute,Q1000,/BUR-BUR-YES-YARISLI-T2/YARISLI/DEBI/01May2025/30Minute/Q1000/,False
4435,BUR-BUR-YES-YARISLI-T2,YARISLI,DEBI,01May2025,30Minute,Q2,/BUR-BUR-YES-YARISLI-T2/YARISLI/DEBI/01May2025/30Minute/Q2/,False
4436,BUR-BUR-YES-YARISLI-T2,YARISLI,DEBI,01May2025,30Minute,Q25,/BUR-BUR-YES-YARISLI-T2/YARISLI/DEBI/01May2025/30Minute/Q25/,False
4437,BUR-BUR-YES-YARISLI-T2,YARISLI,DEBI,01May2025,30Minute,Q5,/BUR-BUR-YES-YARISLI-T2/YARISLI/DEBI/01May2025/30Minute/Q5/,False
4438,BUR-BUR-YES-YARISLI-T2,YARISLI,DEBI,01May2025,30Minute,Q50,/BUR-BUR-YES-YARISLI-T2/YARISLI/DEBI/01May2025/30Minute/Q50/,False
4439,BUR-BUR-YES-YARISLI-T2,YARISLI,DEBI,01May2025,30Minute,Q500,/BUR-BUR-YES-YARISLI-T2/YARISLI/DEBI/01May2025/30Minute/Q500/,False
4440,BUR-BUR-YES-YESILOVA1,SALDA,DEBI,01May2025,30Minute,Q10,/BUR-BUR-YES-YESILOVA1/SALDA/DEBI/01May2025/30Minute/Q10/,False
4441,BUR-BUR-YES-YESILOVA1,SALDA,DEBI,01May2025,30Minute,Q100,/BUR-BUR-YES-YESILOVA1/SALDA/DEBI/01May2025/30Minute/Q100/,False
4442,BUR-BUR-YES-YESILOVA1,SALDA,DEBI,01May2025,30Minute,Q1000,/BUR-BUR-YES-YESILOVA1/SALDA/DEBI/01May2025/30Minute/Q1000/,False
4443,BUR-BUR-YES-YESILOVA1,SALDA,DEBI,01May2025,30Minute,Q2,/BUR-BUR-YES-YESILOVA1/SALDA/DEBI/01May2025/30Minute/Q2/,False
4444,BUR-BUR-YES-YESILOVA1,SALDA,DEBI,01May2025,30Minute,Q25,/BUR-BUR-YES-YESILOVA1/SALDA/DEBI/01May2025/30Minute/Q25/,False
4445,BUR-BUR-YES-YESILOVA1,SALDA,DEBI,01May2025,30Minute,Q5,/BUR-BUR-YES-YESILOVA1/SALDA/DEBI/01May2025/30Minute/Q5/,False
4446,BUR-BUR-YES-YESILOVA1,SALDA,DEBI,01May2025,30Minute,Q50,/BUR-BUR-YES-YESILOVA1/SALDA/DEBI/01May2025/30Minute/Q50/,False
4447,BUR-BUR-YES-YESILOVA1,SALDA,DEBI,01May2025,30Minute,Q500,/BUR-BUR-YES-YESILOVA1/SALDA/DEBI/01May2025/30Minute/Q500/,False
4448,BUR-BUR-YES-YESILOVA2,SALDA,DEBI,02May2025,5Minute,Q10,/BUR-BUR-YES-YESILOVA2/SALDA/DEBI/02May2025/5Minute/Q10/,False
4449,BUR-BUR-YES-YESILOVA2,SALDA,DEBI,02May2025,5Minute,Q100,/BUR-BUR-YES-YESILOVA2/SALDA/DEBI/02May2025/5Minute/Q100/,False
4450,BUR-BUR-YES-YESILOVA2,SALDA,DEBI,02May2025,5Minute,Q1000,/BUR-BUR-YES-YESILOVA2/SALDA/DEBI/02May2025/5Minute/Q1000/,False
4451,BUR-BUR-YES-YESILOVA2,SALDA,DEBI,02May2025,5Minute,Q2,/BUR-BUR-YES-YESILOVA2/SALDA/DEBI/02May2025/5Minute/Q2/,False
4452,BUR-BUR-YES-YESILOVA2,SALDA,DEBI,02May2025,5Minute,Q25,/BUR-BUR-YES-YESILOVA2/SALDA/DEBI/02May2025/5Minute/Q25/,False
4453,BUR-BUR-YES-YESILOVA2,SALDA,DEBI,02May2025,5Minute,Q5,/BUR-BUR-YES-YESILOVA2/SALDA/DEBI/02May2025/5Minute/Q5/,False
4454,BUR-BUR-YES-YESILOVA2,SALDA,DEBI,02May2025,5Minute,Q50,/BUR-BUR-YES-YESILOVA2/SALDA/DEBI/02May2025/5Minute/Q50/,False
4455,BUR-BUR-YES-YESILOVA2,SALDA,DEBI,02May2025,5Minute,Q500,/BUR-BUR-YES-YESILOVA2/SALDA/DEBI/02May2025/5Minute/Q500/,False
4456,BUR-BUR-YES-YUKARIKIRLI1,AKGOL,DEBI,01May2025,30Minute,Q10,/BUR-BUR-YES-YUKARIKIRLI1/AKGOL/DEBI/01May2025/30Minute/Q10/,False
4457,BUR-BUR-YES-YUKARIKIRLI1,AKGOL,DEBI,01May2025,30Minute,Q100,/BUR-BUR-YES-YUKARIKIRLI1/AKGOL/DEBI/01May2025/30Minute/Q100/,False
4458,BUR-BUR-YES-YUKARIKIRLI1,AKGOL,DEBI,01May2025,30Minute,Q1000,/BUR-BUR-YES-YUKARIKIRLI1/AKGOL/DEBI/01May2025/30Minute/Q1000/,False
4459,BUR-BUR-YES-YUKARIKIRLI1,AKGOL,DEBI,01May2025,30Minute,Q2,/BUR-BUR-YES-YUKARIKIRLI1/AKGOL/DEBI/01May2025/30Minute/Q2/,False
4460,BUR-BUR-YES-YUKARIKIRLI1,AKGOL,DEBI,01May2025,30Minute,Q25,/BUR-BUR-YES-YUKARIKIRLI1/AKGOL/DEBI/01May2025/30Minute/Q25/,False
4461,BUR-BUR-YES-YUKARIKIRLI1,AKGOL,DEBI,01May2025,30Minute,Q5,/BUR-BUR-YES-YUKARIKIRLI1/AKGOL/DEBI/01May2025/30Minute/Q5/,False
4462,BUR-BUR-YES-YUKARIKIRLI1,AKGOL,DEBI,01May2025,30Minute,Q50,/BUR-BUR-YES-YUKARIKIRLI1/AKGOL/DEBI/01May2025/30Minute/Q50/,False
4463,BUR-BUR-YES-YUKARIKIRLI1,AKGOL,DEBI,01May2025,30Minute,Q500,/BUR-BUR-YES-YUKARIKIRLI1/AKGOL/DEBI/01May2025/30Minute/Q500/,False
4464,BUR-BUR-YES-YUKARIKIRLI2,AKGOL,DEBI,01May2025,30Minute,Q10,/BUR-BUR-YES-YUKARIKIRLI2/AKGOL/DEBI/01May2025/30Minute/Q10/,False
4465,BUR-BUR-YES-YUKARIKIRLI2,AKGOL,DEBI,01May2025,30Minute,Q100,/BUR-BUR-YES-YUKARIKIRLI2/AKGOL/DEBI/01May2025/30Minute/Q100/,False
4466,BUR-BUR-YES-YUKARIKIRLI2,AKGOL,DEBI,01May2025,30Minute,Q1000,/BUR-BUR-YES-YUKARIKIRLI2/AKGOL/DEBI/01May2025/30Minute/Q1000/,False
4467,BUR-BUR-YES-YUKARIKIRLI2,AKGOL,DEBI,01May2025,30Minute,Q2,/BUR-BUR-YES-YUKARIKIRLI2/AKGOL/DEBI/01May2025/30Minute/Q2/,False
4468,BUR-BUR-YES-YUKARIKIRLI2,AKGOL,DEBI,01May2025,30Minute,Q25,/BUR-BUR-YES-YUKARIKIRLI2/AKGOL/DEBI/01May2025/30Minute/Q25/,False
4469,BUR-BUR-YES-YUKARIKIRLI2,AKGOL,DEBI,01May2025,30Minute,Q5,/BUR-BUR-YES-YUKARIKIRLI2/AKGOL/DEBI/01May2025/30Minute/Q5/,False
4470,BUR-BUR-YES-YUKARIKIRLI2,AKGOL,DEBI,01May2025,30Minute,Q50,/BUR-BUR-YES-YUKARIKIRLI2/AKGOL/DEBI/01May2025/30Minute/Q50/,False
4471,BUR-BUR-YES-YUKARIKIRLI2,AKGOL,DEBI,01May2025,30Minute,Q500,/BUR-BUR-YES-YUKARIKIRLI2/AKGOL/DEBI/01May2025/30Minute/Q500/,False
4472,BUR-BUR-YES-YUKARIKIRLI-T,AKGOL,DEBI,01May2025,30Minute,Q10,/BUR-BUR-YES-YUKARIKIRLI-T/AKGOL/DEBI/01May2025/30Minute/Q10/,False
4473,BUR-BUR-YES-YUKARIKIRLI-T,AKGOL,DEBI,01May2025,30Minute,Q100,/BUR-BUR-YES-YUKARIKIRLI-T/AKGOL/DEBI/01May2025/30Minute/Q100/,False
4474,BUR-BUR-YES-YUKARIKIRLI-T,AKGOL,DEBI,01May2025,30Minute,Q1000,/BUR-BUR-YES-YUKARIKIRLI-T/AKGOL/DEBI/01May2025/30Minute/Q1000/,False
4475,BUR-BUR-YES-YUKARIKIRLI-T,AKGOL,DEBI,01May2025,30Minute,Q2,/BUR-BUR-YES-YUKARIKIRLI-T/AKGOL/DEBI/01May2025/30Minute/Q2/,False
4476,BUR-BUR-YES-YUKARIKIRLI-T,AKGOL,DEBI,01May2025,30Minute,Q25,/BUR-BUR-YES-YUKARIKIRLI-T/AKGOL/DEBI/01May2025/30Minute/Q25/,False
4477,BUR-BUR-YES-YUKARIKIRLI-T,AKGOL,DEBI,01May2025,30Minute,Q5,/BUR-BUR-YES-YUKARIKIRLI-T/AKGOL/DEBI/01May2025/30Minute/Q5/,False
4478,BUR-BUR-YES-YUKARIKIRLI-T,AKGOL,DEBI,01May2025,30Minute,Q50,/BUR-BUR-YES-YUKARIKIRLI-T/AKGOL/DEBI/01May2025/30Minute/Q50/,False
4479,BUR-BUR-YES-YUKARIKIRLI-T,AKGOL,DEBI,01May2025,30Minute,Q500,/BUR-BUR-YES-YUKARIKIRLI-T/AKGOL/DEBI/01May2025/30Minute/Q500/,False
4480,BUR-DEN-BOZ-INCELER,ACIGOL,DEBI,01May2025,30Minute,Q10,/BUR-DEN-BOZ-INCELER/ACIGOL/DEBI/01May2025/30Minute/Q10/,False
4481,BUR-DEN-BOZ-INCELER,ACIGOL,DEBI,01May2025,30Minute,Q100,/BUR-DEN-BOZ-INCELER/ACIGOL/DEBI/01May2025/30Minute/Q100/,False
4482,BUR-DEN-BOZ-INCELER,ACIGOL,DEBI,01May2025,30Minute,Q1000,/BUR-DEN-BOZ-INCELER/ACIGOL/DEBI/01May2025/30Minute/Q1000/,False
4483,BUR-DEN-BOZ-INCELER,ACIGOL,DEBI,01May2025,30Minute,Q2,/BUR-DEN-BOZ-INCELER/ACIGOL/DEBI/01May2025/30Minute/Q2/,False
4484,BUR-DEN-BOZ-INCELER,ACIGOL,DEBI,01May2025,30Minute,Q25,/BUR-DEN-BOZ-INCELER/ACIGOL/DEBI/01May2025/30Minute/Q25/,False
4485,BUR-DEN-BOZ-INCELER,ACIGOL,DEBI,01May2025,30Minute,Q5,/BUR-DEN-BOZ-INCELER/ACIGOL/DEBI/01May2025/30Minute/Q5/,False
4486,BUR-DEN-BOZ-INCELER,ACIGOL,DEBI,01May2025,30Minute,Q50,/BUR-DEN-BOZ-INCELER/ACIGOL/DEBI/01May2025/30Minute/Q50/,False
4487,BUR-DEN-BOZ-INCELER,ACIGOL,DEBI,01May2025,30Minute,Q500,/BUR-DEN-BOZ-INCELER/ACIGOL/DEBI/01May2025/30Minute/Q500/,False
4488,BUR-DEN-BOZ-INCELERTEKKESI,ACIGOL,DEBI,01May2025,30Minute,Q10,/BUR-DEN-BOZ-INCELERTEKKESI/ACIGOL/DEBI/01May2025/30Minute/Q10/,False
4489,BUR-DEN-BOZ-INCELERTEKKESI,ACIGOL,DEBI,01May2025,30Minute,Q100,/BUR-DEN-BOZ-INCELERTEKKESI/ACIGOL/DEBI/01May2025/30Minute/Q100/,False
4490,BUR-DEN-BOZ-INCELERTEKKESI,ACIGOL,DEBI,01May2025,30Minute,Q1000,/BUR-DEN-BOZ-INCELERTEKKESI/ACIGOL/DEBI/01May2025/30Minute/Q1000/,False
4491,BUR-DEN-BOZ-INCELERTEKKESI,ACIGOL,DEBI,01May2025,30Minute,Q2,/BUR-DEN-BOZ-INCELERTEKKESI/ACIGOL/DEBI/01May2025/30Minute/Q2/,False
4492,BUR-DEN-BOZ-INCELERTEKKESI,ACIGOL,DEBI,01May2025,30Minute,Q25,/BUR-DEN-BOZ-INCELERTEKKESI/ACIGOL/DEBI/01May2025/30Minute/Q25/,False
4493,BUR-DEN-BOZ-INCELERTEKKESI,ACIGOL,DEBI,01May2025,30Minute,Q5,/BUR-DEN-BOZ-INCELERTEKKESI/ACIGOL/DEBI/01May2025/30Minute/Q5/,False
4494,BUR-DEN-BOZ-INCELERTEKKESI,ACIGOL,DEBI,01May2025,30Minute,Q50,/BUR-DEN-BOZ-INCELERTEKKESI/ACIGOL/DEBI/01May2025/30Minute/Q50/,False
4495,BUR-DEN-BOZ-INCELERTEKKESI,ACIGOL,DEBI,01May2025,30Minute,Q500,/BUR-DEN-BOZ-INCELERTEKKESI/ACIGOL/DEBI/01May2025/30Minute/Q500/,False
4496,BUR-DEN-CAR-BEYLERLI1B,ACIGOL,DEBI,02May2025,5Minute,Q10,/BUR-DEN-CAR-BEYLERLI1B/ACIGOL/DEBI/02May2025/5Minute/Q10/,False
4497,BUR-DEN-CAR-BEYLERLI1B,ACIGOL,DEBI,02May2025,5Minute,Q100,/BUR-DEN-CAR-BEYLERLI1B/ACIGOL/DEBI/02May2025/5Minute/Q100/,False
4498,BUR-DEN-CAR-BEYLERLI1B,ACIGOL,DEBI,02May2025,5Minute,Q1000,/BUR-DEN-CAR-BEYLERLI1B/ACIGOL/DEBI/02May2025/5Minute/Q1000/,False
4499,BUR-DEN-CAR-BEYLERLI1B,ACIGOL,DEBI,02May2025,5Minute,Q2,/BUR-DEN-CAR-BEYLERLI1B/ACIGOL/DEBI/02May2025/5Minute/Q2/,False
4500,BUR-DEN-CAR-BEYLERLI1B,ACIGOL,DEBI,02May2025,5Minute,Q25,/BUR-DEN-CAR-BEYLERLI1B/ACIGOL/DEBI/02May2025/5Minute/Q25/,False
4501,BUR-DEN-CAR-BEYLERLI1B,ACIGOL,DEBI,02May2025,5Minute,Q5,/BUR-DEN-CAR-BEYLERLI1B/ACIGOL/DEBI/02May2025/5Minute/Q5/,False
4502,BUR-DEN-CAR-BEYLERLI1B,ACIGOL,DEBI,02May2025,5Minute,Q50,/BUR-DEN-CAR-BEYLERLI1B/ACIGOL/DEBI/02May2025/5Minute/Q50/,False
4503,BUR-DEN-CAR-BEYLERLI1B,ACIGOL,DEBI,02May2025,5Minute,Q500,/BUR-DEN-CAR-BEYLERLI1B/ACIGOL/DEBI/02May2025/5Minute/Q500/,False
4504,BUR-DEN-CAR-BEYLERLI2A,ACIGOL,DEBI,01May2025,30Minute,Q10,/BUR-DEN-CAR-BEYLERLI2A/ACIGOL/DEBI/01May2025/30Minute/Q10/,False
4505,BUR-DEN-CAR-BEYLERLI2A,ACIGOL,DEBI,01May2025,30Minute,Q100,/BUR-DEN-CAR-BEYLERLI2A/ACIGOL/DEBI/01May2025/30Minute/Q100/,False
4506,BUR-DEN-CAR-BEYLERLI2A,ACIGOL,DEBI,01May2025,30Minute,Q1000,/BUR-DEN-CAR-BEYLERLI2A/ACIGOL/DEBI/01May2025/30Minute/Q1000/,False
4507,BUR-DEN-CAR-BEYLERLI2A,ACIGOL,DEBI,01May2025,30Minute,Q2,/BUR-DEN-CAR-BEYLERLI2A/ACIGOL/DEBI/01May2025/30Minute/Q2/,False
4508,BUR-DEN-CAR-BEYLERLI2A,ACIGOL,DEBI,01May2025,30Minute,Q25,/BUR-DEN-CAR-BEYLERLI2A/ACIGOL/DEBI/01May2025/30Minute/Q25/,False
4509,BUR-DEN-CAR-BEYLERLI2A,ACIGOL,DEBI,01May2025,30Minute,Q5,/BUR-DEN-CAR-BEYLERLI2A/ACIGOL/DEBI/01May2025/30Minute/Q5/,False
4510,BUR-DEN-CAR-BEYLERLI2A,ACIGOL,DEBI,01May2025,30Minute,Q50,/BUR-DEN-CAR-BEYLERLI2A/ACIGOL/DEBI/01May2025/30Minute/Q50/,False
4511,BUR-DEN-CAR-BEYLERLI2A,ACIGOL,DEBI,01May2025,30Minute,Q500,/BUR-DEN-CAR-BEYLERLI2A/ACIGOL/DEBI/01May2025/30Minute/Q500/,False
4512,BUR-DEN-CAR-BEYLERLI3,ACIGOL,DEBI,01May2025,30Minute,Q10,/BUR-DEN-CAR-BEYLERLI3/ACIGOL/DEBI/01May2025/30Minute/Q10/,False
4513,BUR-DEN-CAR-BEYLERLI3,ACIGOL,DEBI,01May2025,30Minute,Q100,/BUR-DEN-CAR-BEYLERLI3/ACIGOL/DEBI/01May2025/30Minute/Q100/,False
4514,BUR-DEN-CAR-BEYLERLI3,ACIGOL,DEBI,01May2025,30Minute,Q1000,/BUR-DEN-CAR-BEYLERLI3/ACIGOL/DEBI/01May2025/30Minute/Q1000/,False
4515,BUR-DEN-CAR-BEYLERLI3,ACIGOL,DEBI,01May2025,30Minute,Q2,/BUR-DEN-CAR-BEYLERLI3/ACIGOL/DEBI/01May2025/30Minute/Q2/,False
4516,BUR-DEN-CAR-BEYLERLI3,ACIGOL,DEBI,01May2025,30Minute,Q25,/BUR-DEN-CAR-BEYLERLI3/ACIGOL/DEBI/01May2025/30Minute/Q25/,False
4517,BUR-DEN-CAR-BEYLERLI3,ACIGOL,DEBI,01May2025,30Minute,Q5,/BUR-DEN-CAR-BEYLERLI3/ACIGOL/DEBI/01May2025/30Minute/Q5/,False
4518,BUR-DEN-CAR-BEYLERLI3,ACIGOL,DEBI,01May2025,30Minute,Q50,/BUR-DEN-CAR-BEYLERLI3/ACIGOL/DEBI/01May2025/30Minute/Q50/,False
4519,BUR-DEN-CAR-BEYLERLI3,ACIGOL,DEBI,01May2025,30Minute,Q500,/BUR-DEN-CAR-BEYLERLI3/ACIGOL/DEBI/01May2025/30Minute/Q500/,False
4520,BUR-DEN-CAR-BEYLERLI-BARAJ,ACIGOL,DEBI,01May2025,30Minute,Q10,/BUR-DEN-CAR-BEYLERLI-BARAJ/ACIGOL/DEBI/01May2025/30Minute/Q10/,False
4521,BUR-DEN-CAR-BEYLERLI-BARAJ,ACIGOL,DEBI,01May2025,30Minute,Q100,/BUR-DEN-CAR-BEYLERLI-BARAJ/ACIGOL/DEBI/01May2025/30Minute/Q100/,False
4522,BUR-DEN-CAR-BEYLERLI-BARAJ,ACIGOL,DEBI,01May2025,30Minute,Q1000,/BUR-DEN-CAR-BEYLERLI-BARAJ/ACIGOL/DEBI/01May2025/30Minute/Q1000/,False
4523,BUR-DEN-CAR-BEYLERLI-BARAJ,ACIGOL,DEBI,01May2025,30Minute,Q2,/BUR-DEN-CAR-BEYLERLI-BARAJ/ACIGOL/DEBI/01May2025/30Minute/Q2/,False
4524,BUR-DEN-CAR-BEYLERLI-BARAJ,ACIGOL,DEBI,01May2025,30Minute,Q25,/BUR-DEN-CAR-BEYLERLI-BARAJ/ACIGOL/DEBI/01May2025/30Minute/Q25/,False
4525,BUR-DEN-CAR-BEYLERLI-BARAJ,ACIGOL,DEBI,01May2025,30Minute,Q5,/BUR-DEN-CAR-BEYLERLI-BARAJ/ACIGOL/DEBI/01May2025/30Minute/Q5/,False
4526,BUR-DEN-CAR-BEYLERLI-BARAJ,ACIGOL,DEBI,01May2025,30Minute,Q50,/BUR-DEN-CAR-BEYLERLI-BARAJ/ACIGOL/DEBI/01May2025/30Minute/Q50/,False
4527,BUR-DEN-CAR-BEYLERLI-BARAJ,ACIGOL,DEBI,01May2025,30Minute,Q500,/BUR-DEN-CAR-BEYLERLI-BARAJ/ACIGOL/DEBI/01May2025/30Minute/Q500/,False
4528,BUR-DEN-CAR-CARDAK1,ACIGOL,DEBI,01May2025,30Minute,Q10,/BUR-DEN-CAR-CARDAK1/ACIGOL/DEBI/01May2025/30Minute/Q10/,False
4529,BUR-DEN-CAR-CARDAK1,ACIGOL,DEBI,01May2025,30Minute,Q100,/BUR-DEN-CAR-CARDAK1/ACIGOL/DEBI/01May2025/30Minute/Q100/,False
4530,BUR-DEN-CAR-CARDAK1,ACIGOL,DEBI,01May2025,30Minute,Q1000,/BUR-DEN-CAR-CARDAK1/ACIGOL/DEBI/01May2025/30Minute/Q1000/,False
4531,BUR-DEN-CAR-CARDAK1,ACIGOL,DEBI,01May2025,30Minute,Q2,/BUR-DEN-CAR-CARDAK1/ACIGOL/DEBI/01May2025/30Minute/Q2/,False
4532,BUR-DEN-CAR-CARDAK1,ACIGOL,DEBI,01May2025,30Minute,Q25,/BUR-DEN-CAR-CARDAK1/ACIGOL/DEBI/01May2025/30Minute/Q25/,False
4533,BUR-DEN-CAR-CARDAK1,ACIGOL,DEBI,01May2025,30Minute,Q5,/BUR-DEN-CAR-CARDAK1/ACIGOL/DEBI/01May2025/30Minute/Q5/,False
4534,BUR-DEN-CAR-CARDAK1,ACIGOL,DEBI,01May2025,30Minute,Q50,/BUR-DEN-CAR-CARDAK1/ACIGOL/DEBI/01May2025/30Minute/Q50/,False
4535,BUR-DEN-CAR-CARDAK1,ACIGOL,DEBI,01May2025,30Minute,Q500,/BUR-DEN-CAR-CARDAK1/ACIGOL/DEBI/01May2025/30Minute/Q500/,False
4536,BUR-DEN-CAR-CARDAK2,ACIGOL,DEBI,01May2025,30Minute,Q10,/BUR-DEN-CAR-CARDAK2/ACIGOL/DEBI/01May2025/30Minute/Q10/,False
4537,BUR-DEN-CAR-CARDAK2,ACIGOL,DEBI,01May2025,30Minute,Q100,/BUR-DEN-CAR-CARDAK2/ACIGOL/DEBI/01May2025/30Minute/Q100/,False
4538,BUR-DEN-CAR-CARDAK2,ACIGOL,DEBI,01May2025,30Minute,Q1000,/BUR-DEN-CAR-CARDAK2/ACIGOL/DEBI/01May2025/30Minute/Q1000/,False
4539,BUR-DEN-CAR-CARDAK2,ACIGOL,DEBI,01May2025,30Minute,Q2,/BUR-DEN-CAR-CARDAK2/ACIGOL/DEBI/01May2025/30Minute/Q2/,False
4540,BUR-DEN-CAR-CARDAK2,ACIGOL,DEBI,01May2025,30Minute,Q25,/BUR-DEN-CAR-CARDAK2/ACIGOL/DEBI/01May2025/30Minute/Q25/,False
4541,BUR-DEN-CAR-CARDAK2,ACIGOL,DEBI,01May2025,30Minute,Q5,/BUR-DEN-CAR-CARDAK2/ACIGOL/DEBI/01May2025/30Minute/Q5/,False
4542,BUR-DEN-CAR-CARDAK2,ACIGOL,DEBI,01May2025,30Minute,Q50,/BUR-DEN-CAR-CARDAK2/ACIGOL/DEBI/01May2025/30Minute/Q50/,False
4543,BUR-DEN-CAR-CARDAK2,ACIGOL,DEBI,01May2025,30Minute,Q500,/BUR-DEN-CAR-CARDAK2/ACIGOL/DEBI/01May2025/30Minute/Q500/,False
4544,BUR-DEN-CAR-CARDAK3,ACIGOL,DEBI,01May2025,30Minute,Q10,/BUR-DEN-CAR-CARDAK3/ACIGOL/DEBI/01May2025/30Minute/Q10/,False
4545,BUR-DEN-CAR-CARDAK3,ACIGOL,DEBI,01May2025,30Minute,Q100,/BUR-DEN-CAR-CARDAK3/ACIGOL/DEBI/01May2025/30Minute/Q100/,False
4546,BUR-DEN-CAR-CARDAK3,ACIGOL,DEBI,01May2025,30Minute,Q1000,/BUR-DEN-CAR-CARDAK3/ACIGOL/DEBI/01May2025/30Minute/Q1000/,False
4547,BUR-DEN-CAR-CARDAK3,ACIGOL,DEBI,01May2025,30Minute,Q2,/BUR-DEN-CAR-CARDAK3/ACIGOL/DEBI/01May2025/30Minute/Q2/,False
4548,BUR-DEN-CAR-CARDAK3,ACIGOL,DEBI,01May2025,30Minute,Q25,/BUR-DEN-CAR-CARDAK3/ACIGOL/DEBI/01May2025/30Minute/Q25/,False
4549,BUR-DEN-CAR-CARDAK3,ACIGOL,DEBI,01May2025,30Minute,Q5,/BUR-DEN-CAR-CARDAK3/ACIGOL/DEBI/01May2025/30Minute/Q5/,False
4550,BUR-DEN-CAR-CARDAK3,ACIGOL,DEBI,01May2025,30Minute,Q50,/BUR-DEN-CAR-CARDAK3/ACIGOL/DEBI/01May2025/30Minute/Q50/,False
4551,BUR-DEN-CAR-CARDAK3,ACIGOL,DEBI,01May2025,30Minute,Q500,/BUR-DEN-CAR-CARDAK3/ACIGOL/DEBI/01May2025/30Minute/Q500/,False
4552,BUR-DEN-CAR-CARDAK4,ACIGOL,DEBI,01May2025,30Minute,Q10,/BUR-DEN-CAR-CARDAK4/ACIGOL/DEBI/01May2025/30Minute/Q10/,False
4553,BUR-DEN-CAR-CARDAK4,ACIGOL,DEBI,01May2025,30Minute,Q100,/BUR-DEN-CAR-CARDAK4/ACIGOL/DEBI/01May2025/30Minute/Q100/,False
4554,BUR-DEN-CAR-CARDAK4,ACIGOL,DEBI,01May2025,30Minute,Q1000,/BUR-DEN-CAR-CARDAK4/ACIGOL/DEBI/01May2025/30Minute/Q1000/,False
4555,BUR-DEN-CAR-CARDAK4,ACIGOL,DEBI,01May2025,30Minute,Q2,/BUR-DEN-CAR-CARDAK4/ACIGOL/DEBI/01May2025/30Minute/Q2/,False
4556,BUR-DEN-CAR-CARDAK4,ACIGOL,DEBI,01May2025,30Minute,Q25,/BUR-DEN-CAR-CARDAK4/ACIGOL/DEBI/01May2025/30Minute/Q25/,False
4557,BUR-DEN-CAR-CARDAK4,ACIGOL,DEBI,01May2025,30Minute,Q5,/BUR-DEN-CAR-CARDAK4/ACIGOL/DEBI/01May2025/30Minute/Q5/,False
4558,BUR-DEN-CAR-CARDAK4,ACIGOL,DEBI,01May2025,30Minute,Q50,/BUR-DEN-CAR-CARDAK4/ACIGOL/DEBI/01May2025/30Minute/Q50/,False
4559,BUR-DEN-CAR-CARDAK4,ACIGOL,DEBI,01May2025,30Minute,Q500,/BUR-DEN-CAR-CARDAK4/ACIGOL/DEBI/01May2025/30Minute/Q500/,False
4560,BUR-DEN-CAR-CARDAK5,ACIGOL,DEBI,01May2025,30Minute,Q10,/BUR-DEN-CAR-CARDAK5/ACIGOL/DEBI/01May2025/30Minute/Q10/,False
4561,BUR-DEN-CAR-CARDAK5,ACIGOL,DEBI,01May2025,30Minute,Q100,/BUR-DEN-CAR-CARDAK5/ACIGOL/DEBI/01May2025/30Minute/Q100/,False
4562,BUR-DEN-CAR-CARDAK5,ACIGOL,DEBI,01May2025,30Minute,Q1000,/BUR-DEN-CAR-CARDAK5/ACIGOL/DEBI/01May2025/30Minute/Q1000/,False
4563,BUR-DEN-CAR-CARDAK5,ACIGOL,DEBI,01May2025,30Minute,Q2,/BUR-DEN-CAR-CARDAK5/ACIGOL/DEBI/01May2025/30Minute/Q2/,False
4564,BUR-DEN-CAR-CARDAK5,ACIGOL,DEBI,01May2025,30Minute,Q25,/BUR-DEN-CAR-CARDAK5/ACIGOL/DEBI/01May2025/30Minute/Q25/,False
4565,BUR-DEN-CAR-CARDAK5,ACIGOL,DEBI,01May2025,30Minute,Q5,/BUR-DEN-CAR-CARDAK5/ACIGOL/DEBI/01May2025/30Minute/Q5/,False
4566,BUR-DEN-CAR-CARDAK5,ACIGOL,DEBI,01May2025,30Minute,Q50,/BUR-DEN-CAR-CARDAK5/ACIGOL/DEBI/01May2025/30Minute/Q50/,False
4567,BUR-DEN-CAR-CARDAK5,ACIGOL,DEBI,01May2025,30Minute,Q500,/BUR-DEN-CAR-CARDAK5/ACIGOL/DEBI/01May2025/30Minute/Q500/,False
4568,BUR-DEN-CAR-CARDAK6A,ACIGOL,DEBI,02May2025,5Minute,Q10,/BUR-DEN-CAR-CARDAK6A/ACIGOL/DEBI/02May2025/5Minute/Q10/,False
4569,BUR-DEN-CAR-CARDAK6A,ACIGOL,DEBI,02May2025,5Minute,Q100,/BUR-DEN-CAR-CARDAK6A/ACIGOL/DEBI/02May2025/5Minute/Q100/,False
4570,BUR-DEN-CAR-CARDAK6A,ACIGOL,DEBI,02May2025,5Minute,Q1000,/BUR-DEN-CAR-CARDAK6A/ACIGOL/DEBI/02May2025/5Minute/Q1000/,False
4571,BUR-DEN-CAR-CARDAK6A,ACIGOL,DEBI,02May2025,5Minute,Q2,/BUR-DEN-CAR-CARDAK6A/ACIGOL/DEBI/02May2025/5Minute/Q2/,False
4572,BUR-DEN-CAR-CARDAK6A,ACIGOL,DEBI,02May2025,5Minute,Q25,/BUR-DEN-CAR-CARDAK6A/ACIGOL/DEBI/02May2025/5Minute/Q25/,False
4573,BUR-DEN-CAR-CARDAK6A,ACIGOL,DEBI,02May2025,5Minute,Q5,/BUR-DEN-CAR-CARDAK6A/ACIGOL/DEBI/02May2025/5Minute/Q5/,False
4574,BUR-DEN-CAR-CARDAK6A,ACIGOL,DEBI,02May2025,5Minute,Q50,/BUR-DEN-CAR-CARDAK6A/ACIGOL/DEBI/02May2025/5Minute/Q50/,False
4575,BUR-DEN-CAR-CARDAK6A,ACIGOL,DEBI,02May2025,5Minute,Q500,/BUR-DEN-CAR-CARDAK6A/ACIGOL/DEBI/02May2025/5Minute/Q500/,False
4576,BUR-DEN-CAR-CARDAK6B,ACIGOL,DEBI,02May2025,5Minute,Q10,/BUR-DEN-CAR-CARDAK6B/ACIGOL/DEBI/02May2025/5Minute/Q10/,False
4577,BUR-DEN-CAR-CARDAK6B,ACIGOL,DEBI,02May2025,5Minute,Q100,/BUR-DEN-CAR-CARDAK6B/ACIGOL/DEBI/02May2025/5Minute/Q100/,False
4578,BUR-DEN-CAR-CARDAK6B,ACIGOL,DEBI,02May2025,5Minute,Q1000,/BUR-DEN-CAR-CARDAK6B/ACIGOL/DEBI/02May2025/5Minute/Q1000/,False
4579,BUR-DEN-CAR-CARDAK6B,ACIGOL,DEBI,02May2025,5Minute,Q2,/BUR-DEN-CAR-CARDAK6B/ACIGOL/DEBI/02May2025/5Minute/Q2/,False
4580,BUR-DEN-CAR-CARDAK6B,ACIGOL,DEBI,02May2025,5Minute,Q25,/BUR-DEN-CAR-CARDAK6B/ACIGOL/DEBI/02May2025/5Minute/Q25/,False
4581,BUR-DEN-CAR-CARDAK6B,ACIGOL,DEBI,02May2025,5Minute,Q5,/BUR-DEN-CAR-CARDAK6B/ACIGOL/DEBI/02May2025/5Minute/Q5/,False
4582,BUR-DEN-CAR-CARDAK6B,ACIGOL,DEBI,02May2025,5Minute,Q50,/BUR-DEN-CAR-CARDAK6B/ACIGOL/DEBI/02May2025/5Minute/Q50/,False
4583,BUR-DEN-CAR-CARDAK6B,ACIGOL,DEBI,02May2025,5Minute,Q500,/BUR-DEN-CAR-CARDAK6B/ACIGOL/DEBI/02May2025/5Minute/Q500/,False
4584,BUR-DEN-CAR-CARDAK7,ACIGOL,DEBI,02May2025,5Minute,Q10,/BUR-DEN-CAR-CARDAK7/ACIGOL/DEBI/02May2025/5Minute/Q10/,False
4585,BUR-DEN-CAR-CARDAK7,ACIGOL,DEBI,02May2025,5Minute,Q100,/BUR-DEN-CAR-CARDAK7/ACIGOL/DEBI/02May2025/5Minute/Q100/,False
4586,BUR-DEN-CAR-CARDAK7,ACIGOL,DEBI,02May2025,5Minute,Q1000,/BUR-DEN-CAR-CARDAK7/ACIGOL/DEBI/02May2025/5Minute/Q1000/,False
4587,BUR-DEN-CAR-CARDAK7,ACIGOL,DEBI,02May2025,5Minute,Q2,/BUR-DEN-CAR-CARDAK7/ACIGOL/DEBI/02May2025/5Minute/Q2/,False
4588,BUR-DEN-CAR-CARDAK7,ACIGOL,DEBI,02May2025,5Minute,Q25,/BUR-DEN-CAR-CARDAK7/ACIGOL/DEBI/02May2025/5Minute/Q25/,False
4589,BUR-DEN-CAR-CARDAK7,ACIGOL,DEBI,02May2025,5Minute,Q5,/BUR-DEN-CAR-CARDAK7/ACIGOL/DEBI/02May2025/5Minute/Q5/,False
4590,BUR-DEN-CAR-CARDAK7,ACIGOL,DEBI,02May2025,5Minute,Q50,/BUR-DEN-CAR-CARDAK7/ACIGOL/DEBI/02May2025/5Minute/Q50/,False
4591,BUR-DEN-CAR-CARDAK7,ACIGOL,DEBI,02May2025,5Minute,Q500,/BUR-DEN-CAR-CARDAK7/ACIGOL/DEBI/02May2025/5Minute/Q500/,False
4592,BUR-DEN-CAR-CARDAK8,ACIGOL,DEBI,01May2025,30Minute,Q10,/BUR-DEN-CAR-CARDAK8/ACIGOL/DEBI/01May2025/30Minute/Q10/,False
4593,BUR-DEN-CAR-CARDAK8,ACIGOL,DEBI,01May2025,30Minute,Q100,/BUR-DEN-CAR-CARDAK8/ACIGOL/DEBI/01May2025/30Minute/Q100/,False
4594,BUR-DEN-CAR-CARDAK8,ACIGOL,DEBI,01May2025,30Minute,Q1000,/BUR-DEN-CAR-CARDAK8/ACIGOL/DEBI/01May2025/30Minute/Q1000/,False
4595,BUR-DEN-CAR-CARDAK8,ACIGOL,DEBI,01May2025,30Minute,Q2,/BUR-DEN-CAR-CARDAK8/ACIGOL/DEBI/01May2025/30Minute/Q2/,False
4596,BUR-DEN-CAR-CARDAK8,ACIGOL,DEBI,01May2025,30Minute,Q25,/BUR-DEN-CAR-CARDAK8/ACIGOL/DEBI/01May2025/30Minute/Q25/,False
4597,BUR-DEN-CAR-CARDAK8,ACIGOL,DEBI,01May2025,30Minute,Q5,/BUR-DEN-CAR-CARDAK8/ACIGOL/DEBI/01May2025/30Minute/Q5/,False
4598,BUR-DEN-CAR-CARDAK8,ACIGOL,DEBI,01May2025,30Minute,Q50,/BUR-DEN-CAR-CARDAK8/ACIGOL/DEBI/01May2025/30Minute/Q50/,False
4599,BUR-DEN-CAR-CARDAK8,ACIGOL,DEBI,01May2025,30Minute,Q500,/BUR-DEN-CAR-CARDAK8/ACIGOL/DEBI/01May2025/30Minute/Q500/,False
4600,BUR-DEN-CAR-CARDAK9,ACIGOL,DEBI,01May2025,30Minute,Q10,/BUR-DEN-CAR-CARDAK9/ACIGOL/DEBI/01May2025/30Minute/Q10/,False
4601,BUR-DEN-CAR-CARDAK9,ACIGOL,DEBI,01May2025,30Minute,Q100,/BUR-DEN-CAR-CARDAK9/ACIGOL/DEBI/01May2025/30Minute/Q100/,False
4602,BUR-DEN-CAR-CARDAK9,ACIGOL,DEBI,01May2025,30Minute,Q1000,/BUR-DEN-CAR-CARDAK9/ACIGOL/DEBI/01May2025/30Minute/Q1000/,False
4603,BUR-DEN-CAR-CARDAK9,ACIGOL,DEBI,01May2025,30Minute,Q2,/BUR-DEN-CAR-CARDAK9/ACIGOL/DEBI/01May2025/30Minute/Q2/,False
4604,BUR-DEN-CAR-CARDAK9,ACIGOL,DEBI,01May2025,30Minute,Q25,/BUR-DEN-CAR-CARDAK9/ACIGOL/DEBI/01May2025/30Minute/Q25/,False
4605,BUR-DEN-CAR-CARDAK9,ACIGOL,DEBI,01May2025,30Minute,Q5,/BUR-DEN-CAR-CARDAK9/ACIGOL/DEBI/01May2025/30Minute/Q5/,False
4606,BUR-DEN-CAR-CARDAK9,ACIGOL,DEBI,01May2025,30Minute,Q50,/BUR-DEN-CAR-CARDAK9/ACIGOL/DEBI/01May2025/30Minute/Q50/,False
4607,BUR-DEN-CAR-CARDAK9,ACIGOL,DEBI,01May2025,30Minute,Q500,/BUR-DEN-CAR-CARDAK9/ACIGOL/DEBI/01May2025/30Minute/Q500/,False
4608,BUR-DEN-CAR-GEMIS1,ACIGOL,DEBI,01May2025,30Minute,Q10,/BUR-DEN-CAR-GEMIS1/ACIGOL/DEBI/01May2025/30Minute/Q10/,False
4609,BUR-DEN-CAR-GEMIS1,ACIGOL,DEBI,01May2025,30Minute,Q100,/BUR-DEN-CAR-GEMIS1/ACIGOL/DEBI/01May2025/30Minute/Q100/,False
4610,BUR-DEN-CAR-GEMIS1,ACIGOL,DEBI,01May2025,30Minute,Q1000,/BUR-DEN-CAR-GEMIS1/ACIGOL/DEBI/01May2025/30Minute/Q1000/,False
4611,BUR-DEN-CAR-GEMIS1,ACIGOL,DEBI,01May2025,30Minute,Q2,/BUR-DEN-CAR-GEMIS1/ACIGOL/DEBI/01May2025/30Minute/Q2/,False
4612,BUR-DEN-CAR-GEMIS1,ACIGOL,DEBI,01May2025,30Minute,Q25,/BUR-DEN-CAR-GEMIS1/ACIGOL/DEBI/01May2025/30Minute/Q25/,False
4613,BUR-DEN-CAR-GEMIS1,ACIGOL,DEBI,01May2025,30Minute,Q5,/BUR-DEN-CAR-GEMIS1/ACIGOL/DEBI/01May2025/30Minute/Q5/,False
4614,BUR-DEN-CAR-GEMIS1,ACIGOL,DEBI,01May2025,30Minute,Q50,/BUR-DEN-CAR-GEMIS1/ACIGOL/DEBI/01May2025/30Minute/Q50/,False
4615,BUR-DEN-CAR-GEMIS1,ACIGOL,DEBI,01May2025,30Minute,Q500,/BUR-DEN-CAR-GEMIS1/ACIGOL/DEBI/01May2025/30Minute/Q500/,False
4616,BUR-DEN-CAR-GEMIS2,ACIGOL,DEBI,02May2025,5Minute,Q10,/BUR-DEN-CAR-GEMIS2/ACIGOL/DEBI/02May2025/5Minute/Q10/,False
4617,BUR-DEN-CAR-GEMIS2,ACIGOL,DEBI,02May2025,5Minute,Q100,/BUR-DEN-CAR-GEMIS2/ACIGOL/DEBI/02May2025/5Minute/Q100/,False
4618,BUR-DEN-CAR-GEMIS2,ACIGOL,DEBI,02May2025,5Minute,Q1000,/BUR-DEN-CAR-GEMIS2/ACIGOL/DEBI/02May2025/5Minute/Q1000/,False
4619,BUR-DEN-CAR-GEMIS2,ACIGOL,DEBI,02May2025,5Minute,Q2,/BUR-DEN-CAR-GEMIS2/ACIGOL/DEBI/02May2025/5Minute/Q2/,False
4620,BUR-DEN-CAR-GEMIS2,ACIGOL,DEBI,02May2025,5Minute,Q25,/BUR-DEN-CAR-GEMIS2/ACIGOL/DEBI/02May2025/5Minute/Q25/,False
4621,BUR-DEN-CAR-GEMIS2,ACIGOL,DEBI,02May2025,5Minute,Q5,/BUR-DEN-CAR-GEMIS2/ACIGOL/DEBI/02May2025/5Minute/Q5/,False
4622,BUR-DEN-CAR-GEMIS2,ACIGOL,DEBI,02May2025,5Minute,Q50,/BUR-DEN-CAR-GEMIS2/ACIGOL/DEBI/02May2025/5Minute/Q50/,False
4623,BUR-DEN-CAR-GEMIS2,ACIGOL,DEBI,02May2025,5Minute,Q500,/BUR-DEN-CAR-GEMIS2/ACIGOL/DEBI/02May2025/5Minute/Q500/,False
4624,BUR-DEN-CAR-GEMIS4,ACIGOL,DEBI,01May2025,30Minute,Q10,/BUR-DEN-CAR-GEMIS4/ACIGOL/DEBI/01May2025/30Minute/Q10/,False
4625,BUR-DEN-CAR-GEMIS4,ACIGOL,DEBI,01May2025,30Minute,Q100,/BUR-DEN-CAR-GEMIS4/ACIGOL/DEBI/01May2025/30Minute/Q100/,False
4626,BUR-DEN-CAR-GEMIS4,ACIGOL,DEBI,01May2025,30Minute,Q1000,/BUR-DEN-CAR-GEMIS4/ACIGOL/DEBI/01May2025/30Minute/Q1000/,False
4627,BUR-DEN-CAR-GEMIS4,ACIGOL,DEBI,01May2025,30Minute,Q2,/BUR-DEN-CAR-GEMIS4/ACIGOL/DEBI/01May2025/30Minute/Q2/,False
4628,BUR-DEN-CAR-GEMIS4,ACIGOL,DEBI,01May2025,30Minute,Q25,/BUR-DEN-CAR-GEMIS4/ACIGOL/DEBI/01May2025/30Minute/Q25/,False
4629,BUR-DEN-CAR-GEMIS4,ACIGOL,DEBI,01May2025,30Minute,Q5,/BUR-DEN-CAR-GEMIS4/ACIGOL/DEBI/01May2025/30Minute/Q5/,False
4630,BUR-DEN-CAR-GEMIS4,ACIGOL,DEBI,01May2025,30Minute,Q50,/BUR-DEN-CAR-GEMIS4/ACIGOL/DEBI/01May2025/30Minute/Q50/,False
4631,BUR-DEN-CAR-GEMIS4,ACIGOL,DEBI,01May2025,30Minute,Q500,/BUR-DEN-CAR-GEMIS4/ACIGOL/DEBI/01May2025/30Minute/Q500/,False
4632,BUR-DEN-CAR-GEMIS5,ACIGOL,DEBI,01May2025,30Minute,Q10,/BUR-DEN-CAR-GEMIS5/ACIGOL/DEBI/01May2025/30Minute/Q10/,False
4633,BUR-DEN-CAR-GEMIS5,ACIGOL,DEBI,01May2025,30Minute,Q100,/BUR-DEN-CAR-GEMIS5/ACIGOL/DEBI/01May2025/30Minute/Q100/,False
4634,BUR-DEN-CAR-GEMIS5,ACIGOL,DEBI,01May2025,30Minute,Q1000,/BUR-DEN-CAR-GEMIS5/ACIGOL/DEBI/01May2025/30Minute/Q1000/,False
4635,BUR-DEN-CAR-GEMIS5,ACIGOL,DEBI,01May2025,30Minute,Q2,/BUR-DEN-CAR-GEMIS5/ACIGOL/DEBI/01May2025/30Minute/Q2/,False
4636,BUR-DEN-CAR-GEMIS5,ACIGOL,DEBI,01May2025,30Minute,Q25,/BUR-DEN-CAR-GEMIS5/ACIGOL/DEBI/01May2025/30Minute/Q25/,False
4637,BUR-DEN-CAR-GEMIS5,ACIGOL,DEBI,01May2025,30Minute,Q5,/BUR-DEN-CAR-GEMIS5/ACIGOL/DEBI/01May2025/30Minute/Q5/,False
4638,BUR-DEN-CAR-GEMIS5,ACIGOL,DEBI,01May2025,30Minute,Q50,/BUR-DEN-CAR-GEMIS5/ACIGOL/DEBI/01May2025/30Minute/Q50/,False
4639,BUR-DEN-CAR-GEMIS5,ACIGOL,DEBI,01May2025,30Minute,Q500,/BUR-DEN-CAR-GEMIS5/ACIGOL/DEBI/01May2025/30Minute/Q500/,False
4640,BUR-DEN-CAR-GOLCUK1,ACIGOL,DEBI,01May2025,30Minute,Q10,/BUR-DEN-CAR-GOLCUK1/ACIGOL/DEBI/01May2025/30Minute/Q10/,False
4641,BUR-DEN-CAR-GOLCUK1,ACIGOL,DEBI,01May2025,30Minute,Q100,/BUR-DEN-CAR-GOLCUK1/ACIGOL/DEBI/01May2025/30Minute/Q100/,False
4642,BUR-DEN-CAR-GOLCUK1,ACIGOL,DEBI,01May2025,30Minute,Q1000,/BUR-DEN-CAR-GOLCUK1/ACIGOL/DEBI/01May2025/30Minute/Q1000/,False
4643,BUR-DEN-CAR-GOLCUK1,ACIGOL,DEBI,01May2025,30Minute,Q2,/BUR-DEN-CAR-GOLCUK1/ACIGOL/DEBI/01May2025/30Minute/Q2/,False
4644,BUR-DEN-CAR-GOLCUK1,ACIGOL,DEBI,01May2025,30Minute,Q25,/BUR-DEN-CAR-GOLCUK1/ACIGOL/DEBI/01May2025/30Minute/Q25/,False
4645,BUR-DEN-CAR-GOLCUK1,ACIGOL,DEBI,01May2025,30Minute,Q5,/BUR-DEN-CAR-GOLCUK1/ACIGOL/DEBI/01May2025/30Minute/Q5/,False
4646,BUR-DEN-CAR-GOLCUK1,ACIGOL,DEBI,01May2025,30Minute,Q50,/BUR-DEN-CAR-GOLCUK1/ACIGOL/DEBI/01May2025/30Minute/Q50/,False
4647,BUR-DEN-CAR-GOLCUK1,ACIGOL,DEBI,01May2025,30Minute,Q500,/BUR-DEN-CAR-GOLCUK1/ACIGOL/DEBI/01May2025/30Minute/Q500/,False
4648,BUR-DEN-CAR-GOLCUK2,ACIGOL,DEBI,01May2025,30Minute,Q10,/BUR-DEN-CAR-GOLCUK2/ACIGOL/DEBI/01May2025/30Minute/Q10/,False
4649,BUR-DEN-CAR-GOLCUK2,ACIGOL,DEBI,01May2025,30Minute,Q100,/BUR-DEN-CAR-GOLCUK2/ACIGOL/DEBI/01May2025/30Minute/Q100/,False
4650,BUR-DEN-CAR-GOLCUK2,ACIGOL,DEBI,01May2025,30Minute,Q1000,/BUR-DEN-CAR-GOLCUK2/ACIGOL/DEBI/01May2025/30Minute/Q1000/,False
4651,BUR-DEN-CAR-GOLCUK2,ACIGOL,DEBI,01May2025,30Minute,Q2,/BUR-DEN-CAR-GOLCUK2/ACIGOL/DEBI/01May2025/30Minute/Q2/,False
4652,BUR-DEN-CAR-GOLCUK2,ACIGOL,DEBI,01May2025,30Minute,Q25,/BUR-DEN-CAR-GOLCUK2/ACIGOL/DEBI/01May2025/30Minute/Q25/,False
4653,BUR-DEN-CAR-GOLCUK2,ACIGOL,DEBI,01May2025,30Minute,Q5,/BUR-DEN-CAR-GOLCUK2/ACIGOL/DEBI/01May2025/30Minute/Q5/,False
4654,BUR-DEN-CAR-GOLCUK2,ACIGOL,DEBI,01May2025,30Minute,Q50,/BUR-DEN-CAR-GOLCUK2/ACIGOL/DEBI/01May2025/30Minute/Q50/,False
4655,BUR-DEN-CAR-GOLCUK2,ACIGOL,DEBI,01May2025,30Minute,Q500,/BUR-DEN-CAR-GOLCUK2/ACIGOL/DEBI/01May2025/30Minute/Q500/,False
4656,BUR-DEN-CAR-HAYRIYE,ACIGOL,DEBI,01May2025,30Minute,Q10,/BUR-DEN-CAR-HAYRIYE/ACIGOL/DEBI/01May2025/30Minute/Q10/,False
4657,BUR-DEN-CAR-HAYRIYE,ACIGOL,DEBI,01May2025,30Minute,Q100,/BUR-DEN-CAR-HAYRIYE/ACIGOL/DEBI/01May2025/30Minute/Q100/,False
4658,BUR-DEN-CAR-HAYRIYE,ACIGOL,DEBI,01May2025,30Minute,Q1000,/BUR-DEN-CAR-HAYRIYE/ACIGOL/DEBI/01May2025/30Minute/Q1000/,False
4659,BUR-DEN-CAR-HAYRIYE,ACIGOL,DEBI,01May2025,30Minute,Q2,/BUR-DEN-CAR-HAYRIYE/ACIGOL/DEBI/01May2025/30Minute/Q2/,False
4660,BUR-DEN-CAR-HAYRIYE,ACIGOL,DEBI,01May2025,30Minute,Q25,/BUR-DEN-CAR-HAYRIYE/ACIGOL/DEBI/01May2025/30Minute/Q25/,False
4661,BUR-DEN-CAR-HAYRIYE,ACIGOL,DEBI,01May2025,30Minute,Q5,/BUR-DEN-CAR-HAYRIYE/ACIGOL/DEBI/01May2025/30Minute/Q5/,False
4662,BUR-DEN-CAR-HAYRIYE,ACIGOL,DEBI,01May2025,30Minute,Q50,/BUR-DEN-CAR-HAYRIYE/ACIGOL/DEBI/01May2025/30Minute/Q50/,False
4663,BUR-DEN-CAR-HAYRIYE,ACIGOL,DEBI,01May2025,30Minute,Q500,/BUR-DEN-CAR-HAYRIYE/ACIGOL/DEBI/01May2025/30Minute/Q500/,False
4664,BUR-DEN-CAR-SOGUTKOY1,ACIGOL,DEBI,02May2025,5Minute,Q10,/BUR-DEN-CAR-SOGUTKOY1/ACIGOL/DEBI/02May2025/5Minute/Q10/,False
4665,BUR-DEN-CAR-SOGUTKOY1,ACIGOL,DEBI,02May2025,5Minute,Q100,/BUR-DEN-CAR-SOGUTKOY1/ACIGOL/DEBI/02May2025/5Minute/Q100/,False
4666,BUR-DEN-CAR-SOGUTKOY1,ACIGOL,DEBI,02May2025,5Minute,Q1000,/BUR-DEN-CAR-SOGUTKOY1/ACIGOL/DEBI/02May2025/5Minute/Q1000/,False
4667,BUR-DEN-CAR-SOGUTKOY1,ACIGOL,DEBI,02May2025,5Minute,Q2,/BUR-DEN-CAR-SOGUTKOY1/ACIGOL/DEBI/02May2025/5Minute/Q2/,False
4668,BUR-DEN-CAR-SOGUTKOY1,ACIGOL,DEBI,02May2025,5Minute,Q25,/BUR-DEN-CAR-SOGUTKOY1/ACIGOL/DEBI/02May2025/5Minute/Q25/,False
4669,BUR-DEN-CAR-SOGUTKOY1,ACIGOL,DEBI,02May2025,5Minute,Q5,/BUR-DEN-CAR-SOGUTKOY1/ACIGOL/DEBI/02May2025/5Minute/Q5/,False
4670,BUR-DEN-CAR-SOGUTKOY1,ACIGOL,DEBI,02May2025,5Minute,Q50,/BUR-DEN-CAR-SOGUTKOY1/ACIGOL/DEBI/02May2025/5Minute/Q50/,False
4671,BUR-DEN-CAR-SOGUTKOY1,ACIGOL,DEBI,02May2025,5Minute,Q500,/BUR-DEN-CAR-SOGUTKOY1/ACIGOL/DEBI/02May2025/5Minute/Q500/,False
4672,BUR-DEN-CAR-SOGUTKOY2,ACIGOL,DEBI,02May2025,5Minute,Q10,/BUR-DEN-CAR-SOGUTKOY2/ACIGOL/DEBI/02May2025/5Minute/Q10/,False
4673,BUR-DEN-CAR-SOGUTKOY2,ACIGOL,DEBI,02May2025,5Minute,Q100,/BUR-DEN-CAR-SOGUTKOY2/ACIGOL/DEBI/02May2025/5Minute/Q100/,False
4674,BUR-DEN-CAR-SOGUTKOY2,ACIGOL,DEBI,02May2025,5Minute,Q1000,/BUR-DEN-CAR-SOGUTKOY2/ACIGOL/DEBI/02May2025/5Minute/Q1000/,False
4675,BUR-DEN-CAR-SOGUTKOY2,ACIGOL,DEBI,02May2025,5Minute,Q2,/BUR-DEN-CAR-SOGUTKOY2/ACIGOL/DEBI/02May2025/5Minute/Q2/,False
4676,BUR-DEN-CAR-SOGUTKOY2,ACIGOL,DEBI,02May2025,5Minute,Q25,/BUR-DEN-CAR-SOGUTKOY2/ACIGOL/DEBI/02May2025/5Minute/Q25/,False
4677,BUR-DEN-CAR-SOGUTKOY2,ACIGOL,DEBI,02May2025,5Minute,Q5,/BUR-DEN-CAR-SOGUTKOY2/ACIGOL/DEBI/02May2025/5Minute/Q5/,False
4678,BUR-DEN-CAR-SOGUTKOY2,ACIGOL,DEBI,02May2025,5Minute,Q50,/BUR-DEN-CAR-SOGUTKOY2/ACIGOL/DEBI/02May2025/5Minute/Q50/,False
4679,BUR-DEN-CAR-SOGUTKOY2,ACIGOL,DEBI,02May2025,5Minute,Q500,/BUR-DEN-CAR-SOGUTKOY2/ACIGOL/DEBI/02May2025/5Minute/Q500/,False
4680,BUR-DEN-CIV-BOZDAG,ACIGOL,DEBI,01May2025,30Minute,Q10,/BUR-DEN-CIV-BOZDAG/ACIGOL/DEBI/01May2025/30Minute/Q10/,False
4681,BUR-DEN-CIV-BOZDAG,ACIGOL,DEBI,01May2025,30Minute,Q100,/BUR-DEN-CIV-BOZDAG/ACIGOL/DEBI/01May2025/30Minute/Q100/,False
4682,BUR-DEN-CIV-BOZDAG,ACIGOL,DEBI,01May2025,30Minute,Q1000,/BUR-DEN-CIV-BOZDAG/ACIGOL/DEBI/01May2025/30Minute/Q1000/,False
4683,BUR-DEN-CIV-BOZDAG,ACIGOL,DEBI,01May2025,30Minute,Q2,/BUR-DEN-CIV-BOZDAG/ACIGOL/DEBI/01May2025/30Minute/Q2/,False
4684,BUR-DEN-CIV-BOZDAG,ACIGOL,DEBI,01May2025,30Minute,Q25,/BUR-DEN-CIV-BOZDAG/ACIGOL/DEBI/01May2025/30Minute/Q25/,False
4685,BUR-DEN-CIV-BOZDAG,ACIGOL,DEBI,01May2025,30Minute,Q5,/BUR-DEN-CIV-BOZDAG/ACIGOL/DEBI/01May2025/30Minute/Q5/,False
4686,BUR-DEN-CIV-BOZDAG,ACIGOL,DEBI,01May2025,30Minute,Q50,/BUR-DEN-CIV-BOZDAG/ACIGOL/DEBI/01May2025/30Minute/Q50/,False
4687,BUR-DEN-CIV-BOZDAG,ACIGOL,DEBI,01May2025,30Minute,Q500,/BUR-DEN-CIV-BOZDAG/ACIGOL/DEBI/01May2025/30Minute/Q500/,False
4688,BUR-ISP-ATA-ALTUNBABA1,BURDUR,DEBI,01May2025,30Minute,Q10,/BUR-ISP-ATA-ALTUNBABA1/BURDUR/DEBI/01May2025/30Minute/Q10/,False
4689,BUR-ISP-ATA-ALTUNBABA1,BURDUR,DEBI,01May2025,30Minute,Q100,/BUR-ISP-ATA-ALTUNBABA1/BURDUR/DEBI/01May2025/30Minute/Q100/,False
4690,BUR-ISP-ATA-ALTUNBABA1,BURDUR,DEBI,01May2025,30Minute,Q1000,/BUR-ISP-ATA-ALTUNBABA1/BURDUR/DEBI/01May2025/30Minute/Q1000/,False
4691,BUR-ISP-ATA-ALTUNBABA1,BURDUR,DEBI,01May2025,30Minute,Q2,/BUR-ISP-ATA-ALTUNBABA1/BURDUR/DEBI/01May2025/30Minute/Q2/,False
4692,BUR-ISP-ATA-ALTUNBABA1,BURDUR,DEBI,01May2025,30Minute,Q25,/BUR-ISP-ATA-ALTUNBABA1/BURDUR/DEBI/01May2025/30Minute/Q25/,False
4693,BUR-ISP-ATA-ALTUNBABA1,BURDUR,DEBI,01May2025,30Minute,Q5,/BUR-ISP-ATA-ALTUNBABA1/BURDUR/DEBI/01May2025/30Minute/Q5/,False
4694,BUR-ISP-ATA-ALTUNBABA1,BURDUR,DEBI,01May2025,30Minute,Q50,/BUR-ISP-ATA-ALTUNBABA1/BURDUR/DEBI/01May2025/30Minute/Q50/,False
4695,BUR-ISP-ATA-ALTUNBABA1,BURDUR,DEBI,01May2025,30Minute,Q500,/BUR-ISP-ATA-ALTUNBABA1/BURDUR/DEBI/01May2025/30Minute/Q500/,False
4696,BUR-ISP-ATA-ALTUNBABA2,BURDUR,DEBI,01May2025,30Minute,Q10,/BUR-ISP-ATA-ALTUNBABA2/BURDUR/DEBI/01May2025/30Minute/Q10/,False
4697,BUR-ISP-ATA-ALTUNBABA2,BURDUR,DEBI,01May2025,30Minute,Q100,/BUR-ISP-ATA-ALTUNBABA2/BURDUR/DEBI/01May2025/30Minute/Q100/,False
4698,BUR-ISP-ATA-ALTUNBABA2,BURDUR,DEBI,01May2025,30Minute,Q1000,/BUR-ISP-ATA-ALTUNBABA2/BURDUR/DEBI/01May2025/30Minute/Q1000/,False
4699,BUR-ISP-ATA-ALTUNBABA2,BURDUR,DEBI,01May2025,30Minute,Q2,/BUR-ISP-ATA-ALTUNBABA2/BURDUR/DEBI/01May2025/30Minute/Q2/,False
4700,BUR-ISP-ATA-ALTUNBABA2,BURDUR,DEBI,01May2025,30Minute,Q25,/BUR-ISP-ATA-ALTUNBABA2/BURDUR/DEBI/01May2025/30Minute/Q25/,False
4701,BUR-ISP-ATA-ALTUNBABA2,BURDUR,DEBI,01May2025,30Minute,Q5,/BUR-ISP-ATA-ALTUNBABA2/BURDUR/DEBI/01May2025/30Minute/Q5/,False
4702,BUR-ISP-ATA-ALTUNBABA2,BURDUR,DEBI,01May2025,30Minute,Q50,/BUR-ISP-ATA-ALTUNBABA2/BURDUR/DEBI/01May2025/30Minute/Q50/,False
4703,BUR-ISP-ATA-ALTUNBABA2,BURDUR,DEBI,01May2025,30Minute,Q500,/BUR-ISP-ATA-ALTUNBABA2/BURDUR/DEBI/01May2025/30Minute/Q500/,False
4704,BUR-ISP-ATA-ATABEY1,BURDUR,DEBI,01May2025,30Minute,Q10,/BUR-ISP-ATA-ATABEY1/BURDUR/DEBI/01May2025/30Minute/Q10/,False
4705,BUR-ISP-ATA-ATABEY1,BURDUR,DEBI,01May2025,30Minute,Q100,/BUR-ISP-ATA-ATABEY1/BURDUR/DEBI/01May2025/30Minute/Q100/,False
4706,BUR-ISP-ATA-ATABEY1,BURDUR,DEBI,01May2025,30Minute,Q1000,/BUR-ISP-ATA-ATABEY1/BURDUR/DEBI/01May2025/30Minute/Q1000/,False
4707,BUR-ISP-ATA-ATABEY1,BURDUR,DEBI,01May2025,30Minute,Q2,/BUR-ISP-ATA-ATABEY1/BURDUR/DEBI/01May2025/30Minute/Q2/,False
4708,BUR-ISP-ATA-ATABEY1,BURDUR,DEBI,01May2025,30Minute,Q25,/BUR-ISP-ATA-ATABEY1/BURDUR/DEBI/01May2025/30Minute/Q25/,False
4709,BUR-ISP-ATA-ATABEY1,BURDUR,DEBI,01May2025,30Minute,Q5,/BUR-ISP-ATA-ATABEY1/BURDUR/DEBI/01May2025/30Minute/Q5/,False
4710,BUR-ISP-ATA-ATABEY1,BURDUR,DEBI,01May2025,30Minute,Q50,/BUR-ISP-ATA-ATABEY1/BURDUR/DEBI/01May2025/30Minute/Q50/,False
4711,BUR-ISP-ATA-ATABEY1,BURDUR,DEBI,01May2025,30Minute,Q500,/BUR-ISP-ATA-ATABEY1/BURDUR/DEBI/01May2025/30Minute/Q500/,False
4712,BUR-ISP-ATA-ATABEY2,BURDUR,DEBI,01May2025,30Minute,Q10,/BUR-ISP-ATA-ATABEY2/BURDUR/DEBI/01May2025/30Minute/Q10/,False
4713,BUR-ISP-ATA-ATABEY2,BURDUR,DEBI,01May2025,30Minute,Q100,/BUR-ISP-ATA-ATABEY2/BURDUR/DEBI/01May2025/30Minute/Q100/,False
4714,BUR-ISP-ATA-ATABEY2,BURDUR,DEBI,01May2025,30Minute,Q1000,/BUR-ISP-ATA-ATABEY2/BURDUR/DEBI/01May2025/30Minute/Q1000/,False
4715,BUR-ISP-ATA-ATABEY2,BURDUR,DEBI,01May2025,30Minute,Q2,/BUR-ISP-ATA-ATABEY2/BURDUR/DEBI/01May2025/30Minute/Q2/,False
4716,BUR-ISP-ATA-ATABEY2,BURDUR,DEBI,01May2025,30Minute,Q25,/BUR-ISP-ATA-ATABEY2/BURDUR/DEBI/01May2025/30Minute/Q25/,False
4717,BUR-ISP-ATA-ATABEY2,BURDUR,DEBI,01May2025,30Minute,Q5,/BUR-ISP-ATA-ATABEY2/BURDUR/DEBI/01May2025/30Minute/Q5/,False
4718,BUR-ISP-ATA-ATABEY2,BURDUR,DEBI,01May2025,30Minute,Q50,/BUR-ISP-ATA-ATABEY2/BURDUR/DEBI/01May2025/30Minute/Q50/,False
4719,BUR-ISP-ATA-ATABEY2,BURDUR,DEBI,01May2025,30Minute,Q500,/BUR-ISP-ATA-ATABEY2/BURDUR/DEBI/01May2025/30Minute/Q500/,False
4720,BUR-ISP-ATA-ATABEY-T,BURDUR,DEBI,02May2025,5Minute,Q10,/BUR-ISP-ATA-ATABEY-T/BURDUR/DEBI/02May2025/5Minute/Q10/,False
4721,BUR-ISP-ATA-ATABEY-T,BURDUR,DEBI,02May2025,5Minute,Q100,/BUR-ISP-ATA-ATABEY-T/BURDUR/DEBI/02May2025/5Minute/Q100/,False
4722,BUR-ISP-ATA-ATABEY-T,BURDUR,DEBI,02May2025,5Minute,Q1000,/BUR-ISP-ATA-ATABEY-T/BURDUR/DEBI/02May2025/5Minute/Q1000/,False
4723,BUR-ISP-ATA-ATABEY-T,BURDUR,DEBI,02May2025,5Minute,Q2,/BUR-ISP-ATA-ATABEY-T/BURDUR/DEBI/02May2025/5Minute/Q2/,False
4724,BUR-ISP-ATA-ATABEY-T,BURDUR,DEBI,02May2025,5Minute,Q25,/BUR-ISP-ATA-ATABEY-T/BURDUR/DEBI/02May2025/5Minute/Q25/,False
4725,BUR-ISP-ATA-ATABEY-T,BURDUR,DEBI,02May2025,5Minute,Q5,/BUR-ISP-ATA-ATABEY-T/BURDUR/DEBI/02May2025/5Minute/Q5/,False
4726,BUR-ISP-ATA-ATABEY-T,BURDUR,DEBI,02May2025,5Minute,Q50,/BUR-ISP-ATA-ATABEY-T/BURDUR/DEBI/02May2025/5Minute/Q50/,False
4727,BUR-ISP-ATA-ATABEY-T,BURDUR,DEBI,02May2025,5Minute,Q500,/BUR-ISP-ATA-ATABEY-T/BURDUR/DEBI/02May2025/5Minute/Q500/,False
4728,BUR-ISP-ATA-HARMANONU-T,BURDUR,DEBI,01May2025,30Minute,Q10,/BUR-ISP-ATA-HARMANONU-T/BURDUR/DEBI/01May2025/30Minute/Q10/,False
4729,BUR-ISP-ATA-HARMANONU-T,BURDUR,DEBI,01May2025,30Minute,Q100,/BUR-ISP-ATA-HARMANONU-T/BURDUR/DEBI/01May2025/30Minute/Q100/,False
4730,BUR-ISP-ATA-HARMANONU-T,BURDUR,DEBI,01May2025,30Minute,Q1000,/BUR-ISP-ATA-HARMANONU-T/BURDUR/DEBI/01May2025/30Minute/Q1000/,False
4731,BUR-ISP-ATA-HARMANONU-T,BURDUR,DEBI,01May2025,30Minute,Q2,/BUR-ISP-ATA-HARMANONU-T/BURDUR/DEBI/01May2025/30Minute/Q2/,False
4732,BUR-ISP-ATA-HARMANONU-T,BURDUR,DEBI,01May2025,30Minute,Q25,/BUR-ISP-ATA-HARMANONU-T/BURDUR/DEBI/01May2025/30Minute/Q25/,False
4733,BUR-ISP-ATA-HARMANONU-T,BURDUR,DEBI,01May2025,30Minute,Q5,/BUR-ISP-ATA-HARMANONU-T/BURDUR/DEBI/01May2025/30Minute/Q5/,False
4734,BUR-ISP-ATA-HARMANONU-T,BURDUR,DEBI,01May2025,30Minute,Q50,/BUR-ISP-ATA-HARMANONU-T/BURDUR/DEBI/01May2025/30Minute/Q50/,False
4735,BUR-ISP-ATA-HARMANONU-T,BURDUR,DEBI,01May2025,30Minute,Q500,/BUR-ISP-ATA-HARMANONU-T/BURDUR/DEBI/01May2025/30Minute/Q500/,False
4736,BUR-ISP-ATA-ISLAMKOY,BURDUR,DEBI,01May2025,30Minute,Q10,/BUR-ISP-ATA-ISLAMKOY/BURDUR/DEBI/01May2025/30Minute/Q10/,False
4737,BUR-ISP-ATA-ISLAMKOY,BURDUR,DEBI,01May2025,30Minute,Q100,/BUR-ISP-ATA-ISLAMKOY/BURDUR/DEBI/01May2025/30Minute/Q100/,False
4738,BUR-ISP-ATA-ISLAMKOY,BURDUR,DEBI,01May2025,30Minute,Q1000,/BUR-ISP-ATA-ISLAMKOY/BURDUR/DEBI/01May2025/30Minute/Q1000/,False
4739,BUR-ISP-ATA-ISLAMKOY,BURDUR,DEBI,01May2025,30Minute,Q2,/BUR-ISP-ATA-ISLAMKOY/BURDUR/DEBI/01May2025/30Minute/Q2/,False
4740,BUR-ISP-ATA-ISLAMKOY,BURDUR,DEBI,01May2025,30Minute,Q25,/BUR-ISP-ATA-ISLAMKOY/BURDUR/DEBI/01May2025/30Minute/Q25/,False
4741,BUR-ISP-ATA-ISLAMKOY,BURDUR,DEBI,01May2025,30Minute,Q5,/BUR-ISP-ATA-ISLAMKOY/BURDUR/DEBI/01May2025/30Minute/Q5/,False
4742,BUR-ISP-ATA-ISLAMKOY,BURDUR,DEBI,01May2025,30Minute,Q50,/BUR-ISP-ATA-ISLAMKOY/BURDUR/DEBI/01May2025/30Minute/Q50/,False
4743,BUR-ISP-ATA-ISLAMKOY,BURDUR,DEBI,01May2025,30Minute,Q500,/BUR-ISP-ATA-ISLAMKOY/BURDUR/DEBI/01May2025/30Minute/Q500/,False
4744,BUR-ISP-ATA-ISLAMKOY-T,BURDUR,DEBI,02May2025,5Minute,Q10,/BUR-ISP-ATA-ISLAMKOY-T/BURDUR/DEBI/02May2025/5Minute/Q10/,False
4745,BUR-ISP-ATA-ISLAMKOY-T,BURDUR,DEBI,02May2025,5Minute,Q100,/BUR-ISP-ATA-ISLAMKOY-T/BURDUR/DEBI/02May2025/5Minute/Q100/,False
4746,BUR-ISP-ATA-ISLAMKOY-T,BURDUR,DEBI,02May2025,5Minute,Q1000,/BUR-ISP-ATA-ISLAMKOY-T/BURDUR/DEBI/02May2025/5Minute/Q1000/,False
4747,BUR-ISP-ATA-ISLAMKOY-T,BURDUR,DEBI,02May2025,5Minute,Q2,/BUR-ISP-ATA-ISLAMKOY-T/BURDUR/DEBI/02May2025/5Minute/Q2/,False
4748,BUR-ISP-ATA-ISLAMKOY-T,BURDUR,DEBI,02May2025,5Minute,Q25,/BUR-ISP-ATA-ISLAMKOY-T/BURDUR/DEBI/02May2025/5Minute/Q25/,False
4749,BUR-ISP-ATA-ISLAMKOY-T,BURDUR,DEBI,02May2025,5Minute,Q5,/BUR-ISP-ATA-ISLAMKOY-T/BURDUR/DEBI/02May2025/5Minute/Q5/,False
4750,BUR-ISP-ATA-ISLAMKOY-T,BURDUR,DEBI,02May2025,5Minute,Q50,/BUR-ISP-ATA-ISLAMKOY-T/BURDUR/DEBI/02May2025/5Minute/Q50/,False
4751,BUR-ISP-ATA-ISLAMKOY-T,BURDUR,DEBI,02May2025,5Minute,Q500,/BUR-ISP-ATA-ISLAMKOY-T/BURDUR/DEBI/02May2025/5Minute/Q500/,False
4752,BUR-ISP-ATA-KAPICAK,BURDUR,DEBI,01May2025,30Minute,Q10,/BUR-ISP-ATA-KAPICAK/BURDUR/DEBI/01May2025/30Minute/Q10/,False
4753,BUR-ISP-ATA-KAPICAK,BURDUR,DEBI,01May2025,30Minute,Q100,/BUR-ISP-ATA-KAPICAK/BURDUR/DEBI/01May2025/30Minute/Q100/,False
4754,BUR-ISP-ATA-KAPICAK,BURDUR,DEBI,01May2025,30Minute,Q1000,/BUR-ISP-ATA-KAPICAK/BURDUR/DEBI/01May2025/30Minute/Q1000/,False
4755,BUR-ISP-ATA-KAPICAK,BURDUR,DEBI,01May2025,30Minute,Q2,/BUR-ISP-ATA-KAPICAK/BURDUR/DEBI/01May2025/30Minute/Q2/,False
4756,BUR-ISP-ATA-KAPICAK,BURDUR,DEBI,01May2025,30Minute,Q25,/BUR-ISP-ATA-KAPICAK/BURDUR/DEBI/01May2025/30Minute/Q25/,False
4757,BUR-ISP-ATA-KAPICAK,BURDUR,DEBI,01May2025,30Minute,Q5,/BUR-ISP-ATA-KAPICAK/BURDUR/DEBI/01May2025/30Minute/Q5/,False
4758,BUR-ISP-ATA-KAPICAK,BURDUR,DEBI,01May2025,30Minute,Q50,/BUR-ISP-ATA-KAPICAK/BURDUR/DEBI/01May2025/30Minute/Q50/,False
4759,BUR-ISP-ATA-KAPICAK,BURDUR,DEBI,01May2025,30Minute,Q500,/BUR-ISP-ATA-KAPICAK/BURDUR/DEBI/01May2025/30Minute/Q500/,False
4760,BUR-ISP-ATA-PEMBELI,BURDUR,DEBI,01May2025,30Minute,Q10,/BUR-ISP-ATA-PEMBELI/BURDUR/DEBI/01May2025/30Minute/Q10/,False
4761,BUR-ISP-ATA-PEMBELI,BURDUR,DEBI,01May2025,30Minute,Q100,/BUR-ISP-ATA-PEMBELI/BURDUR/DEBI/01May2025/30Minute/Q100/,False
4762,BUR-ISP-ATA-PEMBELI,BURDUR,DEBI,01May2025,30Minute,Q1000,/BUR-ISP-ATA-PEMBELI/BURDUR/DEBI/01May2025/30Minute/Q1000/,False
4763,BUR-ISP-ATA-PEMBELI,BURDUR,DEBI,01May2025,30Minute,Q2,/BUR-ISP-ATA-PEMBELI/BURDUR/DEBI/01May2025/30Minute/Q2/,False
4764,BUR-ISP-ATA-PEMBELI,BURDUR,DEBI,01May2025,30Minute,Q25,/BUR-ISP-ATA-PEMBELI/BURDUR/DEBI/01May2025/30Minute/Q25/,False
4765,BUR-ISP-ATA-PEMBELI,BURDUR,DEBI,01May2025,30Minute,Q5,/BUR-ISP-ATA-PEMBELI/BURDUR/DEBI/01May2025/30Minute/Q5/,False
4766,BUR-ISP-ATA-PEMBELI,BURDUR,DEBI,01May2025,30Minute,Q50,/BUR-ISP-ATA-PEMBELI/BURDUR/DEBI/01May2025/30Minute/Q50/,False
4767,BUR-ISP-ATA-PEMBELI,BURDUR,DEBI,01May2025,30Minute,Q500,/BUR-ISP-ATA-PEMBELI/BURDUR/DEBI/01May2025/30Minute/Q500/,False
4768,BUR-ISP-EGI-BADEMLI1,BURDUR,DEBI,01May2025,30Minute,Q10,/BUR-ISP-EGI-BADEMLI1/BURDUR/DEBI/01May2025/30Minute/Q10/,False
4769,BUR-ISP-EGI-BADEMLI1,BURDUR,DEBI,01May2025,30Minute,Q100,/BUR-ISP-EGI-BADEMLI1/BURDUR/DEBI/01May2025/30Minute/Q100/,False
4770,BUR-ISP-EGI-BADEMLI1,BURDUR,DEBI,01May2025,30Minute,Q1000,/BUR-ISP-EGI-BADEMLI1/BURDUR/DEBI/01May2025/30Minute/Q1000/,False
4771,BUR-ISP-EGI-BADEMLI1,BURDUR,DEBI,01May2025,30Minute,Q2,/BUR-ISP-EGI-BADEMLI1/BURDUR/DEBI/01May2025/30Minute/Q2/,False
4772,BUR-ISP-EGI-BADEMLI1,BURDUR,DEBI,01May2025,30Minute,Q25,/BUR-ISP-EGI-BADEMLI1/BURDUR/DEBI/01May2025/30Minute/Q25/,False
4773,BUR-ISP-EGI-BADEMLI1,BURDUR,DEBI,01May2025,30Minute,Q5,/BUR-ISP-EGI-BADEMLI1/BURDUR/DEBI/01May2025/30Minute/Q5/,False
4774,BUR-ISP-EGI-BADEMLI1,BURDUR,DEBI,01May2025,30Minute,Q50,/BUR-ISP-EGI-BADEMLI1/BURDUR/DEBI/01May2025/30Minute/Q50/,False
4775,BUR-ISP-EGI-BADEMLI1,BURDUR,DEBI,01May2025,30Minute,Q500,/BUR-ISP-EGI-BADEMLI1/BURDUR/DEBI/01May2025/30Minute/Q500/,False
4776,BUR-ISP-EGI-BADEMLI2,BURDUR,DEBI,01May2025,30Minute,Q10,/BUR-ISP-EGI-BADEMLI2/BURDUR/DEBI/01May2025/30Minute/Q10/,False
4777,BUR-ISP-EGI-BADEMLI2,BURDUR,DEBI,01May2025,30Minute,Q100,/BUR-ISP-EGI-BADEMLI2/BURDUR/DEBI/01May2025/30Minute/Q100/,False
4778,BUR-ISP-EGI-BADEMLI2,BURDUR,DEBI,01May2025,30Minute,Q1000,/BUR-ISP-EGI-BADEMLI2/BURDUR/DEBI/01May2025/30Minute/Q1000/,False
4779,BUR-ISP-EGI-BADEMLI2,BURDUR,DEBI,01May2025,30Minute,Q2,/BUR-ISP-EGI-BADEMLI2/BURDUR/DEBI/01May2025/30Minute/Q2/,False
4780,BUR-ISP-EGI-BADEMLI2,BURDUR,DEBI,01May2025,30Minute,Q25,/BUR-ISP-EGI-BADEMLI2/BURDUR/DEBI/01May2025/30Minute/Q25/,False
4781,BUR-ISP-EGI-BADEMLI2,BURDUR,DEBI,01May2025,30Minute,Q5,/BUR-ISP-EGI-BADEMLI2/BURDUR/DEBI/01May2025/30Minute/Q5/,False
4782,BUR-ISP-EGI-BADEMLI2,BURDUR,DEBI,01May2025,30Minute,Q50,/BUR-ISP-EGI-BADEMLI2/BURDUR/DEBI/01May2025/30Minute/Q50/,False
4783,BUR-ISP-EGI-BADEMLI2,BURDUR,DEBI,01May2025,30Minute,Q500,/BUR-ISP-EGI-BADEMLI2/BURDUR/DEBI/01May2025/30Minute/Q500/,False
4784,BUR-ISP-EGI-BADEMLI3,BURDUR,DEBI,01May2025,30Minute,Q10,/BUR-ISP-EGI-BADEMLI3/BURDUR/DEBI/01May2025/30Minute/Q10/,False
4785,BUR-ISP-EGI-BADEMLI3,BURDUR,DEBI,01May2025,30Minute,Q100,/BUR-ISP-EGI-BADEMLI3/BURDUR/DEBI/01May2025/30Minute/Q100/,False
4786,BUR-ISP-EGI-BADEMLI3,BURDUR,DEBI,01May2025,30Minute,Q1000,/BUR-ISP-EGI-BADEMLI3/BURDUR/DEBI/01May2025/30Minute/Q1000/,False
4787,BUR-ISP-EGI-BADEMLI3,BURDUR,DEBI,01May2025,30Minute,Q2,/BUR-ISP-EGI-BADEMLI3/BURDUR/DEBI/01May2025/30Minute/Q2/,False
4788,BUR-ISP-EGI-BADEMLI3,BURDUR,DEBI,01May2025,30Minute,Q25,/BUR-ISP-EGI-BADEMLI3/BURDUR/DEBI/01May2025/30Minute/Q25/,False
4789,BUR-ISP-EGI-BADEMLI3,BURDUR,DEBI,01May2025,30Minute,Q5,/BUR-ISP-EGI-BADEMLI3/BURDUR/DEBI/01May2025/30Minute/Q5/,False
4790,BUR-ISP-EGI-BADEMLI3,BURDUR,DEBI,01May2025,30Minute,Q50,/BUR-ISP-EGI-BADEMLI3/BURDUR/DEBI/01May2025/30Minute/Q50/,False
4791,BUR-ISP-EGI-BADEMLI3,BURDUR,DEBI,01May2025,30Minute,Q500,/BUR-ISP-EGI-BADEMLI3/BURDUR/DEBI/01May2025/30Minute/Q500/,False
4792,BUR-ISP-EGI-SEVINCBEY1,BURDUR,DEBI,01May2025,30Minute,Q10,/BUR-ISP-EGI-SEVINCBEY1/BURDUR/DEBI/01May2025/30Minute/Q10/,False
4793,BUR-ISP-EGI-SEVINCBEY1,BURDUR,DEBI,01May2025,30Minute,Q100,/BUR-ISP-EGI-SEVINCBEY1/BURDUR/DEBI/01May2025/30Minute/Q100/,False
4794,BUR-ISP-EGI-SEVINCBEY1,BURDUR,DEBI,01May2025,30Minute,Q1000,/BUR-ISP-EGI-SEVINCBEY1/BURDUR/DEBI/01May2025/30Minute/Q1000/,False
4795,BUR-ISP-EGI-SEVINCBEY1,BURDUR,DEBI,01May2025,30Minute,Q2,/BUR-ISP-EGI-SEVINCBEY1/BURDUR/DEBI/01May2025/30Minute/Q2/,False
4796,BUR-ISP-EGI-SEVINCBEY1,BURDUR,DEBI,01May2025,30Minute,Q25,/BUR-ISP-EGI-SEVINCBEY1/BURDUR/DEBI/01May2025/30Minute/Q25/,False
4797,BUR-ISP-EGI-SEVINCBEY1,BURDUR,DEBI,01May2025,30Minute,Q5,/BUR-ISP-EGI-SEVINCBEY1/BURDUR/DEBI/01May2025/30Minute/Q5/,False
4798,BUR-ISP-EGI-SEVINCBEY1,BURDUR,DEBI,01May2025,30Minute,Q50,/BUR-ISP-EGI-SEVINCBEY1/BURDUR/DEBI/01May2025/30Minute/Q50/,False
4799,BUR-ISP-EGI-SEVINCBEY1,BURDUR,DEBI,01May2025,30Minute,Q500,/BUR-ISP-EGI-SEVINCBEY1/BURDUR/DEBI/01May2025/30Minute/Q500/,False
4800,BUR-ISP-EGI-SEVINCBEY2,BURDUR,DEBI,01May2025,30Minute,Q10,/BUR-ISP-EGI-SEVINCBEY2/BURDUR/DEBI/01May2025/30Minute/Q10/,False
4801,BUR-ISP-EGI-SEVINCBEY2,BURDUR,DEBI,01May2025,30Minute,Q100,/BUR-ISP-EGI-SEVINCBEY2/BURDUR/DEBI/01May2025/30Minute/Q100/,False
4802,BUR-ISP-EGI-SEVINCBEY2,BURDUR,DEBI,01May2025,30Minute,Q1000,/BUR-ISP-EGI-SEVINCBEY2/BURDUR/DEBI/01May2025/30Minute/Q1000/,False
4803,BUR-ISP-EGI-SEVINCBEY2,BURDUR,DEBI,01May2025,30Minute,Q2,/BUR-ISP-EGI-SEVINCBEY2/BURDUR/DEBI/01May2025/30Minute/Q2/,False
4804,BUR-ISP-EGI-SEVINCBEY2,BURDUR,DEBI,01May2025,30Minute,Q25,/BUR-ISP-EGI-SEVINCBEY2/BURDUR/DEBI/01May2025/30Minute/Q25/,False
4805,BUR-ISP-EGI-SEVINCBEY2,BURDUR,DEBI,01May2025,30Minute,Q5,/BUR-ISP-EGI-SEVINCBEY2/BURDUR/DEBI/01May2025/30Minute/Q5/,False
4806,BUR-ISP-EGI-SEVINCBEY2,BURDUR,DEBI,01May2025,30Minute,Q50,/BUR-ISP-EGI-SEVINCBEY2/BURDUR/DEBI/01May2025/30Minute/Q50/,False
4807,BUR-ISP-EGI-SEVINCBEY2,BURDUR,DEBI,01May2025,30Minute,Q500,/BUR-ISP-EGI-SEVINCBEY2/BURDUR/DEBI/01May2025/30Minute/Q500/,False
4808,BUR-ISP-EGI-SEVINCBEY3,BURDUR,DEBI,01May2025,30Minute,Q10,/BUR-ISP-EGI-SEVINCBEY3/BURDUR/DEBI/01May2025/30Minute/Q10/,False
4809,BUR-ISP-EGI-SEVINCBEY3,BURDUR,DEBI,01May2025,30Minute,Q100,/BUR-ISP-EGI-SEVINCBEY3/BURDUR/DEBI/01May2025/30Minute/Q100/,False
4810,BUR-ISP-EGI-SEVINCBEY3,BURDUR,DEBI,01May2025,30Minute,Q1000,/BUR-ISP-EGI-SEVINCBEY3/BURDUR/DEBI/01May2025/30Minute/Q1000/,False
4811,BUR-ISP-EGI-SEVINCBEY3,BURDUR,DEBI,01May2025,30Minute,Q2,/BUR-ISP-EGI-SEVINCBEY3/BURDUR/DEBI/01May2025/30Minute/Q2/,False
4812,BUR-ISP-EGI-SEVINCBEY3,BURDUR,DEBI,01May2025,30Minute,Q25,/BUR-ISP-EGI-SEVINCBEY3/BURDUR/DEBI/01May2025/30Minute/Q25/,False
4813,BUR-ISP-EGI-SEVINCBEY3,BURDUR,DEBI,01May2025,30Minute,Q5,/BUR-ISP-EGI-SEVINCBEY3/BURDUR/DEBI/01May2025/30Minute/Q5/,False
4814,BUR-ISP-EGI-SEVINCBEY3,BURDUR,DEBI,01May2025,30Minute,Q50,/BUR-ISP-EGI-SEVINCBEY3/BURDUR/DEBI/01May2025/30Minute/Q50/,False
4815,BUR-ISP-EGI-SEVINCBEY3,BURDUR,DEBI,01May2025,30Minute,Q500,/BUR-ISP-EGI-SEVINCBEY3/BURDUR/DEBI/01May2025/30Minute/Q500/,False
4816,BUR-ISP-EGI-SEVINCBEY-T,BURDUR,DEBI,01May2025,30Minute,Q10,/BUR-ISP-EGI-SEVINCBEY-T/BURDUR/DEBI/01May2025/30Minute/Q10/,False
4817,BUR-ISP-EGI-SEVINCBEY-T,BURDUR,DEBI,01May2025,30Minute,Q100,/BUR-ISP-EGI-SEVINCBEY-T/BURDUR/DEBI/01May2025/30Minute/Q100/,False
4818,BUR-ISP-EGI-SEVINCBEY-T,BURDUR,DEBI,01May2025,30Minute,Q1000,/BUR-ISP-EGI-SEVINCBEY-T/BURDUR/DEBI/01May2025/30Minute/Q1000/,False
4819,BUR-ISP-EGI-SEVINCBEY-T,BURDUR,DEBI,01May2025,30Minute,Q2,/BUR-ISP-EGI-SEVINCBEY-T/BURDUR/DEBI/01May2025/30Minute/Q2/,False
4820,BUR-ISP-EGI-SEVINCBEY-T,BURDUR,DEBI,01May2025,30Minute,Q25,/BUR-ISP-EGI-SEVINCBEY-T/BURDUR/DEBI/01May2025/30Minute/Q25/,False
4821,BUR-ISP-EGI-SEVINCBEY-T,BURDUR,DEBI,01May2025,30Minute,Q5,/BUR-ISP-EGI-SEVINCBEY-T/BURDUR/DEBI/01May2025/30Minute/Q5/,False
4822,BUR-ISP-EGI-SEVINCBEY-T,BURDUR,DEBI,01May2025,30Minute,Q50,/BUR-ISP-EGI-SEVINCBEY-T/BURDUR/DEBI/01May2025/30Minute/Q50/,False
4823,BUR-ISP-EGI-SEVINCBEY-T,BURDUR,DEBI,01May2025,30Minute,Q500,/BUR-ISP-EGI-SEVINCBEY-T/BURDUR/DEBI/01May2025/30Minute/Q500/,False
4824,BUR-ISP-GON-AT_CIFTLIGI,BURDUR,DEBI,02May2025,5Minute,Q10,/BUR-ISP-GON-AT_CIFTLIGI/BURDUR/DEBI/02May2025/5Minute/Q10/,False
4825,BUR-ISP-GON-AT_CIFTLIGI,BURDUR,DEBI,02May2025,5Minute,Q100,/BUR-ISP-GON-AT_CIFTLIGI/BURDUR/DEBI/02May2025/5Minute/Q100/,False
4826,BUR-ISP-GON-AT_CIFTLIGI,BURDUR,DEBI,02May2025,5Minute,Q1000,/BUR-ISP-GON-AT_CIFTLIGI/BURDUR/DEBI/02May2025/5Minute/Q1000/,False
4827,BUR-ISP-GON-AT_CIFTLIGI,BURDUR,DEBI,02May2025,5Minute,Q2,/BUR-ISP-GON-AT_CIFTLIGI/BURDUR/DEBI/02May2025/5Minute/Q2/,False
4828,BUR-ISP-GON-AT_CIFTLIGI,BURDUR,DEBI,02May2025,5Minute,Q25,/BUR-ISP-GON-AT_CIFTLIGI/BURDUR/DEBI/02May2025/5Minute/Q25/,False
4829,BUR-ISP-GON-AT_CIFTLIGI,BURDUR,DEBI,02May2025,5Minute,Q5,/BUR-ISP-GON-AT_CIFTLIGI/BURDUR/DEBI/02May2025/5Minute/Q5/,False
4830,BUR-ISP-GON-AT_CIFTLIGI,BURDUR,DEBI,02May2025,5Minute,Q50,/BUR-ISP-GON-AT_CIFTLIGI/BURDUR/DEBI/02May2025/5Minute/Q50/,False
4831,BUR-ISP-GON-AT_CIFTLIGI,BURDUR,DEBI,02May2025,5Minute,Q500,/BUR-ISP-GON-AT_CIFTLIGI/BURDUR/DEBI/02May2025/5Minute/Q500/,False
4832,BUR-ISP-GON-AT_CIFTLIGI-T,BURDUR,DEBI,01May2025,30Minute,Q10,/BUR-ISP-GON-AT_CIFTLIGI-T/BURDUR/DEBI/01May2025/30Minute/Q10/,False
4833,BUR-ISP-GON-AT_CIFTLIGI-T,BURDUR,DEBI,01May2025,30Minute,Q100,/BUR-ISP-GON-AT_CIFTLIGI-T/BURDUR/DEBI/01May2025/30Minute/Q100/,False
4834,BUR-ISP-GON-AT_CIFTLIGI-T,BURDUR,DEBI,01May2025,30Minute,Q1000,/BUR-ISP-GON-AT_CIFTLIGI-T/BURDUR/DEBI/01May2025/30Minute/Q1000/,False
4835,BUR-ISP-GON-AT_CIFTLIGI-T,BURDUR,DEBI,01May2025,30Minute,Q2,/BUR-ISP-GON-AT_CIFTLIGI-T/BURDUR/DEBI/01May2025/30Minute/Q2/,False
4836,BUR-ISP-GON-AT_CIFTLIGI-T,BURDUR,DEBI,01May2025,30Minute,Q25,/BUR-ISP-GON-AT_CIFTLIGI-T/BURDUR/DEBI/01May2025/30Minute/Q25/,False
4837,BUR-ISP-GON-AT_CIFTLIGI-T,BURDUR,DEBI,01May2025,30Minute,Q5,/BUR-ISP-GON-AT_CIFTLIGI-T/BURDUR/DEBI/01May2025/30Minute/Q5/,False
4838,BUR-ISP-GON-AT_CIFTLIGI-T,BURDUR,DEBI,01May2025,30Minute,Q50,/BUR-ISP-GON-AT_CIFTLIGI-T/BURDUR/DEBI/01May2025/30Minute/Q50/,False
4839,BUR-ISP-GON-AT_CIFTLIGI-T,BURDUR,DEBI,01May2025,30Minute,Q500,/BUR-ISP-GON-AT_CIFTLIGI-T/BURDUR/DEBI/01May2025/30Minute/Q500/,False
4840,BUR-ISP-GON-GONEN,BURDUR,DEBI,01May2025,30Minute,Q10,/BUR-ISP-GON-GONEN/BURDUR/DEBI/01May2025/30Minute/Q10/,False
4841,BUR-ISP-GON-GONEN,BURDUR,DEBI,01May2025,30Minute,Q100,/BUR-ISP-GON-GONEN/BURDUR/DEBI/01May2025/30Minute/Q100/,False
4842,BUR-ISP-GON-GONEN,BURDUR,DEBI,01May2025,30Minute,Q1000,/BUR-ISP-GON-GONEN/BURDUR/DEBI/01May2025/30Minute/Q1000/,False
4843,BUR-ISP-GON-GONEN,BURDUR,DEBI,01May2025,30Minute,Q2,/BUR-ISP-GON-GONEN/BURDUR/DEBI/01May2025/30Minute/Q2/,False
4844,BUR-ISP-GON-GONEN,BURDUR,DEBI,01May2025,30Minute,Q25,/BUR-ISP-GON-GONEN/BURDUR/DEBI/01May2025/30Minute/Q25/,False
4845,BUR-ISP-GON-GONEN,BURDUR,DEBI,01May2025,30Minute,Q5,/BUR-ISP-GON-GONEN/BURDUR/DEBI/01May2025/30Minute/Q5/,False
4846,BUR-ISP-GON-GONEN,BURDUR,DEBI,01May2025,30Minute,Q50,/BUR-ISP-GON-GONEN/BURDUR/DEBI/01May2025/30Minute/Q50/,False
4847,BUR-ISP-GON-GONEN,BURDUR,DEBI,01May2025,30Minute,Q500,/BUR-ISP-GON-GONEN/BURDUR/DEBI/01May2025/30Minute/Q500/,False
4848,BUR-ISP-GON-GONENA,BURDUR,DEBI,01May2025,30Minute,Q10,/BUR-ISP-GON-GONENA/BURDUR/DEBI/01May2025/30Minute/Q10/,False
4849,BUR-ISP-GON-GONENA,BURDUR,DEBI,01May2025,30Minute,Q100,/BUR-ISP-GON-GONENA/BURDUR/DEBI/01May2025/30Minute/Q100/,False
4850,BUR-ISP-GON-GONENA,BURDUR,DEBI,01May2025,30Minute,Q1000,/BUR-ISP-GON-GONENA/BURDUR/DEBI/01May2025/30Minute/Q1000/,False
4851,BUR-ISP-GON-GONENA,BURDUR,DEBI,01May2025,30Minute,Q2,/BUR-ISP-GON-GONENA/BURDUR/DEBI/01May2025/30Minute/Q2/,False
4852,BUR-ISP-GON-GONENA,BURDUR,DEBI,01May2025,30Minute,Q25,/BUR-ISP-GON-GONENA/BURDUR/DEBI/01May2025/30Minute/Q25/,False
4853,BUR-ISP-GON-GONENA,BURDUR,DEBI,01May2025,30Minute,Q5,/BUR-ISP-GON-GONENA/BURDUR/DEBI/01May2025/30Minute/Q5/,False
4854,BUR-ISP-GON-GONENA,BURDUR,DEBI,01May2025,30Minute,Q50,/BUR-ISP-GON-GONENA/BURDUR/DEBI/01May2025/30Minute/Q50/,False
4855,BUR-ISP-GON-GONENA,BURDUR,DEBI,01May2025,30Minute,Q500,/BUR-ISP-GON-GONENA/BURDUR/DEBI/01May2025/30Minute/Q500/,False
4856,BUR-ISP-GON-GUMUSGUN,BURDUR,DEBI,01May2025,30Minute,Q10,/BUR-ISP-GON-GUMUSGUN/BURDUR/DEBI/01May2025/30Minute/Q10/,False
4857,BUR-ISP-GON-GUMUSGUN,BURDUR,DEBI,01May2025,30Minute,Q100,/BUR-ISP-GON-GUMUSGUN/BURDUR/DEBI/01May2025/30Minute/Q100/,False
4858,BUR-ISP-GON-GUMUSGUN,BURDUR,DEBI,01May2025,30Minute,Q1000,/BUR-ISP-GON-GUMUSGUN/BURDUR/DEBI/01May2025/30Minute/Q1000/,False
4859,BUR-ISP-GON-GUMUSGUN,BURDUR,DEBI,01May2025,30Minute,Q2,/BUR-ISP-GON-GUMUSGUN/BURDUR/DEBI/01May2025/30Minute/Q2/,False
4860,BUR-ISP-GON-GUMUSGUN,BURDUR,DEBI,01May2025,30Minute,Q25,/BUR-ISP-GON-GUMUSGUN/BURDUR/DEBI/01May2025/30Minute/Q25/,False
4861,BUR-ISP-GON-GUMUSGUN,BURDUR,DEBI,01May2025,30Minute,Q5,/BUR-ISP-GON-GUMUSGUN/BURDUR/DEBI/01May2025/30Minute/Q5/,False
4862,BUR-ISP-GON-GUMUSGUN,BURDUR,DEBI,01May2025,30Minute,Q50,/BUR-ISP-GON-GUMUSGUN/BURDUR/DEBI/01May2025/30Minute/Q50/,False
4863,BUR-ISP-GON-GUMUSGUN,BURDUR,DEBI,01May2025,30Minute,Q500,/BUR-ISP-GON-GUMUSGUN/BURDUR/DEBI/01May2025/30Minute/Q500/,False
4864,BUR-ISP-GON-GUMUSGUN-T,BURDUR,DEBI,01May2025,30Minute,Q10,/BUR-ISP-GON-GUMUSGUN-T/BURDUR/DEBI/01May2025/30Minute/Q10/,False
4865,BUR-ISP-GON-GUMUSGUN-T,BURDUR,DEBI,01May2025,30Minute,Q100,/BUR-ISP-GON-GUMUSGUN-T/BURDUR/DEBI/01May2025/30Minute/Q100/,False
4866,BUR-ISP-GON-GUMUSGUN-T,BURDUR,DEBI,01May2025,30Minute,Q1000,/BUR-ISP-GON-GUMUSGUN-T/BURDUR/DEBI/01May2025/30Minute/Q1000/,False
4867,BUR-ISP-GON-GUMUSGUN-T,BURDUR,DEBI,01May2025,30Minute,Q2,/BUR-ISP-GON-GUMUSGUN-T/BURDUR/DEBI/01May2025/30Minute/Q2/,False
4868,BUR-ISP-GON-GUMUSGUN-T,BURDUR,DEBI,01May2025,30Minute,Q25,/BUR-ISP-GON-GUMUSGUN-T/BURDUR/DEBI/01May2025/30Minute/Q25/,False
4869,BUR-ISP-GON-GUMUSGUN-T,BURDUR,DEBI,01May2025,30Minute,Q5,/BUR-ISP-GON-GUMUSGUN-T/BURDUR/DEBI/01May2025/30Minute/Q5/,False
4870,BUR-ISP-GON-GUMUSGUN-T,BURDUR,DEBI,01May2025,30Minute,Q50,/BUR-ISP-GON-GUMUSGUN-T/BURDUR/DEBI/01May2025/30Minute/Q50/,False
4871,BUR-ISP-GON-GUMUSGUN-T,BURDUR,DEBI,01May2025,30Minute,Q500,/BUR-ISP-GON-GUMUSGUN-T/BURDUR/DEBI/01May2025/30Minute/Q500/,False
4872,BUR-ISP-GON-GUNEYKENT,BURDUR,DEBI,01May2025,30Minute,Q10,/BUR-ISP-GON-GUNEYKENT/BURDUR/DEBI/01May2025/30Minute/Q10/,False
4873,BUR-ISP-GON-GUNEYKENT,BURDUR,DEBI,01May2025,30Minute,Q100,/BUR-ISP-GON-GUNEYKENT/BURDUR/DEBI/01May2025/30Minute/Q100/,False
4874,BUR-ISP-GON-GUNEYKENT,BURDUR,DEBI,01May2025,30Minute,Q1000,/BUR-ISP-GON-GUNEYKENT/BURDUR/DEBI/01May2025/30Minute/Q1000/,False
4875,BUR-ISP-GON-GUNEYKENT,BURDUR,DEBI,01May2025,30Minute,Q2,/BUR-ISP-GON-GUNEYKENT/BURDUR/DEBI/01May2025/30Minute/Q2/,False
4876,BUR-ISP-GON-GUNEYKENT,BURDUR,DEBI,01May2025,30Minute,Q25,/BUR-ISP-GON-GUNEYKENT/BURDUR/DEBI/01May2025/30Minute/Q25/,False
4877,BUR-ISP-GON-GUNEYKENT,BURDUR,DEBI,01May2025,30Minute,Q5,/BUR-ISP-GON-GUNEYKENT/BURDUR/DEBI/01May2025/30Minute/Q5/,False
4878,BUR-ISP-GON-GUNEYKENT,BURDUR,DEBI,01May2025,30Minute,Q50,/BUR-ISP-GON-GUNEYKENT/BURDUR/DEBI/01May2025/30Minute/Q50/,False
4879,BUR-ISP-GON-GUNEYKENT,BURDUR,DEBI,01May2025,30Minute,Q500,/BUR-ISP-GON-GUNEYKENT/BURDUR/DEBI/01May2025/30Minute/Q500/,False
4880,BUR-ISP-GON-IGDECIK1,BURDUR,DEBI,02May2025,5Minute,Q10,/BUR-ISP-GON-IGDECIK1/BURDUR/DEBI/02May2025/5Minute/Q10/,False
4881,BUR-ISP-GON-IGDECIK1,BURDUR,DEBI,02May2025,5Minute,Q100,/BUR-ISP-GON-IGDECIK1/BURDUR/DEBI/02May2025/5Minute/Q100/,False
4882,BUR-ISP-GON-IGDECIK1,BURDUR,DEBI,02May2025,5Minute,Q1000,/BUR-ISP-GON-IGDECIK1/BURDUR/DEBI/02May2025/5Minute/Q1000/,False
4883,BUR-ISP-GON-IGDECIK1,BURDUR,DEBI,02May2025,5Minute,Q2,/BUR-ISP-GON-IGDECIK1/BURDUR/DEBI/02May2025/5Minute/Q2/,False
4884,BUR-ISP-GON-IGDECIK1,BURDUR,DEBI,02May2025,5Minute,Q25,/BUR-ISP-GON-IGDECIK1/BURDUR/DEBI/02May2025/5Minute/Q25/,False
4885,BUR-ISP-GON-IGDECIK1,BURDUR,DEBI,02May2025,5Minute,Q5,/BUR-ISP-GON-IGDECIK1/BURDUR/DEBI/02May2025/5Minute/Q5/,False
4886,BUR-ISP-GON-IGDECIK1,BURDUR,DEBI,02May2025,5Minute,Q50,/BUR-ISP-GON-IGDECIK1/BURDUR/DEBI/02May2025/5Minute/Q50/,False
4887,BUR-ISP-GON-IGDECIK1,BURDUR,DEBI,02May2025,5Minute,Q500,/BUR-ISP-GON-IGDECIK1/BURDUR/DEBI/02May2025/5Minute/Q500/,False
4888,BUR-ISP-GON-IGDECIK2,BURDUR,DEBI,01May2025,30Minute,Q10,/BUR-ISP-GON-IGDECIK2/BURDUR/DEBI/01May2025/30Minute/Q10/,False
4889,BUR-ISP-GON-IGDECIK2,BURDUR,DEBI,01May2025,30Minute,Q100,/BUR-ISP-GON-IGDECIK2/BURDUR/DEBI/01May2025/30Minute/Q100/,False
4890,BUR-ISP-GON-IGDECIK2,BURDUR,DEBI,01May2025,30Minute,Q1000,/BUR-ISP-GON-IGDECIK2/BURDUR/DEBI/01May2025/30Minute/Q1000/,False
4891,BUR-ISP-GON-IGDECIK2,BURDUR,DEBI,01May2025,30Minute,Q2,/BUR-ISP-GON-IGDECIK2/BURDUR/DEBI/01May2025/30Minute/Q2/,False
4892,BUR-ISP-GON-IGDECIK2,BURDUR,DEBI,01May2025,30Minute,Q25,/BUR-ISP-GON-IGDECIK2/BURDUR/DEBI/01May2025/30Minute/Q25/,False
4893,BUR-ISP-GON-IGDECIK2,BURDUR,DEBI,01May2025,30Minute,Q5,/BUR-ISP-GON-IGDECIK2/BURDUR/DEBI/01May2025/30Minute/Q5/,False
4894,BUR-ISP-GON-IGDECIK2,BURDUR,DEBI,01May2025,30Minute,Q50,/BUR-ISP-GON-IGDECIK2/BURDUR/DEBI/01May2025/30Minute/Q50/,False
4895,BUR-ISP-GON-IGDECIK2,BURDUR,DEBI,01May2025,30Minute,Q500,/BUR-ISP-GON-IGDECIK2/BURDUR/DEBI/01May2025/30Minute/Q500/,False
4896,BUR-ISP-GON-KASAP,BURDUR,DEBI,01May2025,30Minute,Q10,/BUR-ISP-GON-KASAP/BURDUR/DEBI/01May2025/30Minute/Q10/,False
4897,BUR-ISP-GON-KASAP,BURDUR,DEBI,01May2025,30Minute,Q100,/BUR-ISP-GON-KASAP/BURDUR/DEBI/01May2025/30Minute/Q100/,False
4898,BUR-ISP-GON-KASAP,BURDUR,DEBI,01May2025,30Minute,Q1000,/BUR-ISP-GON-KASAP/BURDUR/DEBI/01May2025/30Minute/Q1000/,False
4899,BUR-ISP-GON-KASAP,BURDUR,DEBI,01May2025,30Minute,Q2,/BUR-ISP-GON-KASAP/BURDUR/DEBI/01May2025/30Minute/Q2/,False
4900,BUR-ISP-GON-KASAP,BURDUR,DEBI,01May2025,30Minute,Q25,/BUR-ISP-GON-KASAP/BURDUR/DEBI/01May2025/30Minute/Q25/,False
4901,BUR-ISP-GON-KASAP,BURDUR,DEBI,01May2025,30Minute,Q5,/BUR-ISP-GON-KASAP/BURDUR/DEBI/01May2025/30Minute/Q5/,False
4902,BUR-ISP-GON-KASAP,BURDUR,DEBI,01May2025,30Minute,Q50,/BUR-ISP-GON-KASAP/BURDUR/DEBI/01May2025/30Minute/Q50/,False
4903,BUR-ISP-GON-KASAP,BURDUR,DEBI,01May2025,30Minute,Q500,/BUR-ISP-GON-KASAP/BURDUR/DEBI/01May2025/30Minute/Q500/,False
4904,BUR-ISP-GON-KASAP-T1,BURDUR,DEBI,02May2025,5Minute,Q10,/BUR-ISP-GON-KASAP-T1/BURDUR/DEBI/02May2025/5Minute/Q10/,False
4905,BUR-ISP-GON-KASAP-T1,BURDUR,DEBI,02May2025,5Minute,Q100,/BUR-ISP-GON-KASAP-T1/BURDUR/DEBI/02May2025/5Minute/Q100/,False
4906,BUR-ISP-GON-KASAP-T1,BURDUR,DEBI,02May2025,5Minute,Q1000,/BUR-ISP-GON-KASAP-T1/BURDUR/DEBI/02May2025/5Minute/Q1000/,False
4907,BUR-ISP-GON-KASAP-T1,BURDUR,DEBI,02May2025,5Minute,Q2,/BUR-ISP-GON-KASAP-T1/BURDUR/DEBI/02May2025/5Minute/Q2/,False
4908,BUR-ISP-GON-KASAP-T1,BURDUR,DEBI,02May2025,5Minute,Q25,/BUR-ISP-GON-KASAP-T1/BURDUR/DEBI/02May2025/5Minute/Q25/,False
4909,BUR-ISP-GON-KASAP-T1,BURDUR,DEBI,02May2025,5Minute,Q5,/BUR-ISP-GON-KASAP-T1/BURDUR/DEBI/02May2025/5Minute/Q5/,False
4910,BUR-ISP-GON-KASAP-T1,BURDUR,DEBI,02May2025,5Minute,Q50,/BUR-ISP-GON-KASAP-T1/BURDUR/DEBI/02May2025/5Minute/Q50/,False
4911,BUR-ISP-GON-KASAP-T1,BURDUR,DEBI,02May2025,5Minute,Q500,/BUR-ISP-GON-KASAP-T1/BURDUR/DEBI/02May2025/5Minute/Q500/,False
4912,BUR-ISP-GON-KASAP-T2,BURDUR,DEBI,01May2025,30Minute,Q10,/BUR-ISP-GON-KASAP-T2/BURDUR/DEBI/01May2025/30Minute/Q10/,False
4913,BUR-ISP-GON-KASAP-T2,BURDUR,DEBI,01May2025,30Minute,Q100,/BUR-ISP-GON-KASAP-T2/BURDUR/DEBI/01May2025/30Minute/Q100/,False
4914,BUR-ISP-GON-KASAP-T2,BURDUR,DEBI,01May2025,30Minute,Q1000,/BUR-ISP-GON-KASAP-T2/BURDUR/DEBI/01May2025/30Minute/Q1000/,False
4915,BUR-ISP-GON-KASAP-T2,BURDUR,DEBI,01May2025,30Minute,Q2,/BUR-ISP-GON-KASAP-T2/BURDUR/DEBI/01May2025/30Minute/Q2/,False
4916,BUR-ISP-GON-KASAP-T2,BURDUR,DEBI,01May2025,30Minute,Q25,/BUR-ISP-GON-KASAP-T2/BURDUR/DEBI/01May2025/30Minute/Q25/,False
4917,BUR-ISP-GON-KASAP-T2,BURDUR,DEBI,01May2025,30Minute,Q5,/BUR-ISP-GON-KASAP-T2/BURDUR/DEBI/01May2025/30Minute/Q5/,False
4918,BUR-ISP-GON-KASAP-T2,BURDUR,DEBI,01May2025,30Minute,Q50,/BUR-ISP-GON-KASAP-T2/BURDUR/DEBI/01May2025/30Minute/Q50/,False
4919,BUR-ISP-GON-KASAP-T2,BURDUR,DEBI,01May2025,30Minute,Q500,/BUR-ISP-GON-KASAP-T2/BURDUR/DEBI/01May2025/30Minute/Q500/,False
4920,BUR-ISP-GON-KIZILCIK1,BURDUR,DEBI,01May2025,30Minute,Q10,/BUR-ISP-GON-KIZILCIK1/BURDUR/DEBI/01May2025/30Minute/Q10/,False
4921,BUR-ISP-GON-KIZILCIK1,BURDUR,DEBI,01May2025,30Minute,Q100,/BUR-ISP-GON-KIZILCIK1/BURDUR/DEBI/01May2025/30Minute/Q100/,False
4922,BUR-ISP-GON-KIZILCIK1,BURDUR,DEBI,01May2025,30Minute,Q1000,/BUR-ISP-GON-KIZILCIK1/BURDUR/DEBI/01May2025/30Minute/Q1000/,False
4923,BUR-ISP-GON-KIZILCIK1,BURDUR,DEBI,01May2025,30Minute,Q2,/BUR-ISP-GON-KIZILCIK1/BURDUR/DEBI/01May2025/30Minute/Q2/,False
4924,BUR-ISP-GON-KIZILCIK1,BURDUR,DEBI,01May2025,30Minute,Q25,/BUR-ISP-GON-KIZILCIK1/BURDUR/DEBI/01May2025/30Minute/Q25/,False
4925,BUR-ISP-GON-KIZILCIK1,BURDUR,DEBI,01May2025,30Minute,Q5,/BUR-ISP-GON-KIZILCIK1/BURDUR/DEBI/01May2025/30Minute/Q5/,False
4926,BUR-ISP-GON-KIZILCIK1,BURDUR,DEBI,01May2025,30Minute,Q50,/BUR-ISP-GON-KIZILCIK1/BURDUR/DEBI/01May2025/30Minute/Q50/,False
4927,BUR-ISP-GON-KIZILCIK1,BURDUR,DEBI,01May2025,30Minute,Q500,/BUR-ISP-GON-KIZILCIK1/BURDUR/DEBI/01May2025/30Minute/Q500/,False
4928,BUR-ISP-GON-KIZILCIK2,BURDUR,DEBI,01May2025,30Minute,Q10,/BUR-ISP-GON-KIZILCIK2/BURDUR/DEBI/01May2025/30Minute/Q10/,False
4929,BUR-ISP-GON-KIZILCIK2,BURDUR,DEBI,01May2025,30Minute,Q100,/BUR-ISP-GON-KIZILCIK2/BURDUR/DEBI/01May2025/30Minute/Q100/,False
4930,BUR-ISP-GON-KIZILCIK2,BURDUR,DEBI,01May2025,30Minute,Q1000,/BUR-ISP-GON-KIZILCIK2/BURDUR/DEBI/01May2025/30Minute/Q1000/,False
4931,BUR-ISP-GON-KIZILCIK2,BURDUR,DEBI,01May2025,30Minute,Q2,/BUR-ISP-GON-KIZILCIK2/BURDUR/DEBI/01May2025/30Minute/Q2/,False
4932,BUR-ISP-GON-KIZILCIK2,BURDUR,DEBI,01May2025,30Minute,Q25,/BUR-ISP-GON-KIZILCIK2/BURDUR/DEBI/01May2025/30Minute/Q25/,False
4933,BUR-ISP-GON-KIZILCIK2,BURDUR,DEBI,01May2025,30Minute,Q5,/BUR-ISP-GON-KIZILCIK2/BURDUR/DEBI/01May2025/30Minute/Q5/,False
4934,BUR-ISP-GON-KIZILCIK2,BURDUR,DEBI,01May2025,30Minute,Q50,/BUR-ISP-GON-KIZILCIK2/BURDUR/DEBI/01May2025/30Minute/Q50/,False
4935,BUR-ISP-GON-KIZILCIK2,BURDUR,DEBI,01May2025,30Minute,Q500,/BUR-ISP-GON-KIZILCIK2/BURDUR/DEBI/01May2025/30Minute/Q500/,False
4936,BUR-ISP-GON-KIZILCIK-T,BURDUR,DEBI,01May2025,30Minute,Q10,/BUR-ISP-GON-KIZILCIK-T/BURDUR/DEBI/01May2025/30Minute/Q10/,False
4937,BUR-ISP-GON-KIZILCIK-T,BURDUR,DEBI,01May2025,30Minute,Q100,/BUR-ISP-GON-KIZILCIK-T/BURDUR/DEBI/01May2025/30Minute/Q100/,False
4938,BUR-ISP-GON-KIZILCIK-T,BURDUR,DEBI,01May2025,30Minute,Q1000,/BUR-ISP-GON-KIZILCIK-T/BURDUR/DEBI/01May2025/30Minute/Q1000/,False
4939,BUR-ISP-GON-KIZILCIK-T,BURDUR,DEBI,01May2025,30Minute,Q2,/BUR-ISP-GON-KIZILCIK-T/BURDUR/DEBI/01May2025/30Minute/Q2/,False
4940,BUR-ISP-GON-KIZILCIK-T,BURDUR,DEBI,01May2025,30Minute,Q25,/BUR-ISP-GON-KIZILCIK-T/BURDUR/DEBI/01May2025/30Minute/Q25/,False
4941,BUR-ISP-GON-KIZILCIK-T,BURDUR,DEBI,01May2025,30Minute,Q5,/BUR-ISP-GON-KIZILCIK-T/BURDUR/DEBI/01May2025/30Minute/Q5/,False
4942,BUR-ISP-GON-KIZILCIK-T,BURDUR,DEBI,01May2025,30Minute,Q50,/BUR-ISP-GON-KIZILCIK-T/BURDUR/DEBI/01May2025/30Minute/Q50/,False
4943,BUR-ISP-GON-KIZILCIK-T,BURDUR,DEBI,01May2025,30Minute,Q500,/BUR-ISP-GON-KIZILCIK-T/BURDUR/DEBI/01May2025/30Minute/Q500/,False
4944,BUR-ISP-GON-KOCTEPE1,BURDUR,DEBI,01May2025,30Minute,Q10,/BUR-ISP-GON-KOCTEPE1/BURDUR/DEBI/01May2025/30Minute/Q10/,False
4945,BUR-ISP-GON-KOCTEPE1,BURDUR,DEBI,01May2025,30Minute,Q100,/BUR-ISP-GON-KOCTEPE1/BURDUR/DEBI/01May2025/30Minute/Q100/,False
4946,BUR-ISP-GON-KOCTEPE1,BURDUR,DEBI,01May2025,30Minute,Q1000,/BUR-ISP-GON-KOCTEPE1/BURDUR/DEBI/01May2025/30Minute/Q1000/,False
4947,BUR-ISP-GON-KOCTEPE1,BURDUR,DEBI,01May2025,30Minute,Q2,/BUR-ISP-GON-KOCTEPE1/BURDUR/DEBI/01May2025/30Minute/Q2/,False
4948,BUR-ISP-GON-KOCTEPE1,BURDUR,DEBI,01May2025,30Minute,Q25,/BUR-ISP-GON-KOCTEPE1/BURDUR/DEBI/01May2025/30Minute/Q25/,False
4949,BUR-ISP-GON-KOCTEPE1,BURDUR,DEBI,01May2025,30Minute,Q5,/BUR-ISP-GON-KOCTEPE1/BURDUR/DEBI/01May2025/30Minute/Q5/,False
4950,BUR-ISP-GON-KOCTEPE1,BURDUR,DEBI,01May2025,30Minute,Q50,/BUR-ISP-GON-KOCTEPE1/BURDUR/DEBI/01May2025/30Minute/Q50/,False
4951,BUR-ISP-GON-KOCTEPE1,BURDUR,DEBI,01May2025,30Minute,Q500,/BUR-ISP-GON-KOCTEPE1/BURDUR/DEBI/01May2025/30Minute/Q500/,False
4952,BUR-ISP-GON-KOCTEPE2,BURDUR,DEBI,02May2025,5Minute,Q10,/BUR-ISP-GON-KOCTEPE2/BURDUR/DEBI/02May2025/5Minute/Q10/,False
4953,BUR-ISP-GON-KOCTEPE2,BURDUR,DEBI,02May2025,5Minute,Q100,/BUR-ISP-GON-KOCTEPE2/BURDUR/DEBI/02May2025/5Minute/Q100/,False
4954,BUR-ISP-GON-KOCTEPE2,BURDUR,DEBI,02May2025,5Minute,Q1000,/BUR-ISP-GON-KOCTEPE2/BURDUR/DEBI/02May2025/5Minute/Q1000/,False
4955,BUR-ISP-GON-KOCTEPE2,BURDUR,DEBI,02May2025,5Minute,Q2,/BUR-ISP-GON-KOCTEPE2/BURDUR/DEBI/02May2025/5Minute/Q2/,False
4956,BUR-ISP-GON-KOCTEPE2,BURDUR,DEBI,02May2025,5Minute,Q25,/BUR-ISP-GON-KOCTEPE2/BURDUR/DEBI/02May2025/5Minute/Q25/,False
4957,BUR-ISP-GON-KOCTEPE2,BURDUR,DEBI,02May2025,5Minute,Q5,/BUR-ISP-GON-KOCTEPE2/BURDUR/DEBI/02May2025/5Minute/Q5/,False
4958,BUR-ISP-GON-KOCTEPE2,BURDUR,DEBI,02May2025,5Minute,Q50,/BUR-ISP-GON-KOCTEPE2/BURDUR/DEBI/02May2025/5Minute/Q50/,False
4959,BUR-ISP-GON-KOCTEPE2,BURDUR,DEBI,02May2025,5Minute,Q500,/BUR-ISP-GON-KOCTEPE2/BURDUR/DEBI/02May2025/5Minute/Q500/,False
4960,BUR-ISP-GON-KOCTEPE-T,BURDUR,DEBI,01May2025,30Minute,Q10,/BUR-ISP-GON-KOCTEPE-T/BURDUR/DEBI/01May2025/30Minute/Q10/,False
4961,BUR-ISP-GON-KOCTEPE-T,BURDUR,DEBI,01May2025,30Minute,Q100,/BUR-ISP-GON-KOCTEPE-T/BURDUR/DEBI/01May2025/30Minute/Q100/,False
4962,BUR-ISP-GON-KOCTEPE-T,BURDUR,DEBI,01May2025,30Minute,Q1000,/BUR-ISP-GON-KOCTEPE-T/BURDUR/DEBI/01May2025/30Minute/Q1000/,False
4963,BUR-ISP-GON-KOCTEPE-T,BURDUR,DEBI,01May2025,30Minute,Q2,/BUR-ISP-GON-KOCTEPE-T/BURDUR/DEBI/01May2025/30Minute/Q2/,False
4964,BUR-ISP-GON-KOCTEPE-T,BURDUR,DEBI,01May2025,30Minute,Q25,/BUR-ISP-GON-KOCTEPE-T/BURDUR/DEBI/01May2025/30Minute/Q25/,False
4965,BUR-ISP-GON-KOCTEPE-T,BURDUR,DEBI,01May2025,30Minute,Q5,/BUR-ISP-GON-KOCTEPE-T/BURDUR/DEBI/01May2025/30Minute/Q5/,False
4966,BUR-ISP-GON-KOCTEPE-T,BURDUR,DEBI,01May2025,30Minute,Q50,/BUR-ISP-GON-KOCTEPE-T/BURDUR/DEBI/01May2025/30Minute/Q50/,False
4967,BUR-ISP-GON-KOCTEPE-T,BURDUR,DEBI,01May2025,30Minute,Q500,/BUR-ISP-GON-KOCTEPE-T/BURDUR/DEBI/01May2025/30Minute/Q500/,False
4968,BUR-ISP-GON-OSB1,BURDUR,DEBI,01May2025,30Minute,Q10,/BUR-ISP-GON-OSB1/BURDUR/DEBI/01May2025/30Minute/Q10/,False
4969,BUR-ISP-GON-OSB1,BURDUR,DEBI,01May2025,30Minute,Q100,/BUR-ISP-GON-OSB1/BURDUR/DEBI/01May2025/30Minute/Q100/,False
4970,BUR-ISP-GON-OSB1,BURDUR,DEBI,01May2025,30Minute,Q1000,/BUR-ISP-GON-OSB1/BURDUR/DEBI/01May2025/30Minute/Q1000/,False
4971,BUR-ISP-GON-OSB1,BURDUR,DEBI,01May2025,30Minute,Q2,/BUR-ISP-GON-OSB1/BURDUR/DEBI/01May2025/30Minute/Q2/,False
4972,BUR-ISP-GON-OSB1,BURDUR,DEBI,01May2025,30Minute,Q25,/BUR-ISP-GON-OSB1/BURDUR/DEBI/01May2025/30Minute/Q25/,False
4973,BUR-ISP-GON-OSB1,BURDUR,DEBI,01May2025,30Minute,Q5,/BUR-ISP-GON-OSB1/BURDUR/DEBI/01May2025/30Minute/Q5/,False
4974,BUR-ISP-GON-OSB1,BURDUR,DEBI,01May2025,30Minute,Q50,/BUR-ISP-GON-OSB1/BURDUR/DEBI/01May2025/30Minute/Q50/,False
4975,BUR-ISP-GON-OSB1,BURDUR,DEBI,01May2025,30Minute,Q500,/BUR-ISP-GON-OSB1/BURDUR/DEBI/01May2025/30Minute/Q500/,False
4976,BUR-ISP-GON-OSB1-T,BURDUR,DEBI,01May2025,30Minute,Q10,/BUR-ISP-GON-OSB1-T/BURDUR/DEBI/01May2025/30Minute/Q10/,False
4977,BUR-ISP-GON-OSB1-T,BURDUR,DEBI,01May2025,30Minute,Q100,/BUR-ISP-GON-OSB1-T/BURDUR/DEBI/01May2025/30Minute/Q100/,False
4978,BUR-ISP-GON-OSB1-T,BURDUR,DEBI,01May2025,30Minute,Q1000,/BUR-ISP-GON-OSB1-T/BURDUR/DEBI/01May2025/30Minute/Q1000/,False
4979,BUR-ISP-GON-OSB1-T,BURDUR,DEBI,01May2025,30Minute,Q2,/BUR-ISP-GON-OSB1-T/BURDUR/DEBI/01May2025/30Minute/Q2/,False
4980,BUR-ISP-GON-OSB1-T,BURDUR,DEBI,01May2025,30Minute,Q25,/BUR-ISP-GON-OSB1-T/BURDUR/DEBI/01May2025/30Minute/Q25/,False
4981,BUR-ISP-GON-OSB1-T,BURDUR,DEBI,01May2025,30Minute,Q5,/BUR-ISP-GON-OSB1-T/BURDUR/DEBI/01May2025/30Minute/Q5/,False
4982,BUR-ISP-GON-OSB1-T,BURDUR,DEBI,01May2025,30Minute,Q50,/BUR-ISP-GON-OSB1-T/BURDUR/DEBI/01May2025/30Minute/Q50/,False
4983,BUR-ISP-GON-OSB1-T,BURDUR,DEBI,01May2025,30Minute,Q500,/BUR-ISP-GON-OSB1-T/BURDUR/DEBI/01May2025/30Minute/Q500/,False
4984,BUR-ISP-GON-OSB2,BURDUR,DEBI,01May2025,30Minute,Q10,/BUR-ISP-GON-OSB2/BURDUR/DEBI/01May2025/30Minute/Q10/,False
4985,BUR-ISP-GON-OSB2,BURDUR,DEBI,01May2025,30Minute,Q100,/BUR-ISP-GON-OSB2/BURDUR/DEBI/01May2025/30Minute/Q100/,False
4986,BUR-ISP-GON-OSB2,BURDUR,DEBI,01May2025,30Minute,Q1000,/BUR-ISP-GON-OSB2/BURDUR/DEBI/01May2025/30Minute/Q1000/,False
4987,BUR-ISP-GON-OSB2,BURDUR,DEBI,01May2025,30Minute,Q2,/BUR-ISP-GON-OSB2/BURDUR/DEBI/01May2025/30Minute/Q2/,False
4988,BUR-ISP-GON-OSB2,BURDUR,DEBI,01May2025,30Minute,Q25,/BUR-ISP-GON-OSB2/BURDUR/DEBI/01May2025/30Minute/Q25/,False
4989,BUR-ISP-GON-OSB2,BURDUR,DEBI,01May2025,30Minute,Q5,/BUR-ISP-GON-OSB2/BURDUR/DEBI/01May2025/30Minute/Q5/,False
4990,BUR-ISP-GON-OSB2,BURDUR,DEBI,01May2025,30Minute,Q50,/BUR-ISP-GON-OSB2/BURDUR/DEBI/01May2025/30Minute/Q50/,False
4991,BUR-ISP-GON-OSB2,BURDUR,DEBI,01May2025,30Minute,Q500,/BUR-ISP-GON-OSB2/BURDUR/DEBI/01May2025/30Minute/Q500/,False
4992,BUR-ISP-KEC-ARDICLI,BURDUR,DEBI,01May2025,30Minute,Q10,/BUR-ISP-KEC-ARDICLI/BURDUR/DEBI/01May2025/30Minute/Q10/,False
4993,BUR-ISP-KEC-ARDICLI,BURDUR,DEBI,01May2025,30Minute,Q100,/BUR-ISP-KEC-ARDICLI/BURDUR/DEBI/01May2025/30Minute/Q100/,False
4994,BUR-ISP-KEC-ARDICLI,BURDUR,DEBI,01May2025,30Minute,Q1000,/BUR-ISP-KEC-ARDICLI/BURDUR/DEBI/01May2025/30Minute/Q1000/,False
4995,BUR-ISP-KEC-ARDICLI,BURDUR,DEBI,01May2025,30Minute,Q2,/BUR-ISP-KEC-ARDICLI/BURDUR/DEBI/01May2025/30Minute/Q2/,False
4996,BUR-ISP-KEC-ARDICLI,BURDUR,DEBI,01May2025,30Minute,Q25,/BUR-ISP-KEC-ARDICLI/BURDUR/DEBI/01May2025/30Minute/Q25/,False
4997,BUR-ISP-KEC-ARDICLI,BURDUR,DEBI,01May2025,30Minute,Q5,/BUR-ISP-KEC-ARDICLI/BURDUR/DEBI/01May2025/30Minute/Q5/,False
4998,BUR-ISP-KEC-ARDICLI,BURDUR,DEBI,01May2025,30Minute,Q50,/BUR-ISP-KEC-ARDICLI/BURDUR/DEBI/01May2025/30Minute/Q50/,False
4999,BUR-ISP-KEC-ARDICLI,BURDUR,DEBI,01May2025,30Minute,Q500,/BUR-ISP-KEC-ARDICLI/BURDUR/DEBI/01May2025/30Minute/Q500/,False
5000,BUR-ISP-KEC-ARDICLI,BURDUR2,DEBI,01May2025,30Minute,Q10,/BUR-ISP-KEC-ARDICLI/BURDUR2/DEBI/01May2025/30Minute/Q10/,False
5001,BUR-ISP-KEC-ARDICLI,BURDUR2,DEBI,01May2025,30Minute,Q100,/BUR-ISP-KEC-ARDICLI/BURDUR2/DEBI/01May2025/30Minute/Q100/,False
5002,BUR-ISP-KEC-ARDICLI,BURDUR2,DEBI,01May2025,30Minute,Q1000,/BUR-ISP-KEC-ARDICLI/BURDUR2/DEBI/01May2025/30Minute/Q1000/,False
5003,BUR-ISP-KEC-ARDICLI,BURDUR2,DEBI,01May2025,30Minute,Q2,/BUR-ISP-KEC-ARDICLI/BURDUR2/DEBI/01May2025/30Minute/Q2/,False
5004,BUR-ISP-KEC-ARDICLI,BURDUR2,DEBI,01May2025,30Minute,Q25,/BUR-ISP-KEC-ARDICLI/BURDUR2/DEBI/01May2025/30Minute/Q25/,False
5005,BUR-ISP-KEC-ARDICLI,BURDUR2,DEBI,01May2025,30Minute,Q5,/BUR-ISP-KEC-ARDICLI/BURDUR2/DEBI/01May2025/30Minute/Q5/,False
5006,BUR-ISP-KEC-ARDICLI,BURDUR2,DEBI,01May2025,30Minute,Q50,/BUR-ISP-KEC-ARDICLI/BURDUR2/DEBI/01May2025/30Minute/Q50/,False
5007,BUR-ISP-KEC-ARDICLI,BURDUR2,DEBI,01May2025,30Minute,Q500,/BUR-ISP-KEC-ARDICLI/BURDUR2/DEBI/01May2025/30Minute/Q500/,False
5008,BUR-ISP-KEC-CUKURHARIM_DER,BURDUR,DEBI,01May2025,30Minute,Q10,/BUR-ISP-KEC-CUKURHARIM_DER/BURDUR/DEBI/01May2025/30Minute/Q10/,False
5009,BUR-ISP-KEC-CUKURHARIM_DER,BURDUR,DEBI,01May2025,30Minute,Q100,/BUR-ISP-KEC-CUKURHARIM_DER/BURDUR/DEBI/01May2025/30Minute/Q100/,False
5010,BUR-ISP-KEC-CUKURHARIM_DER,BURDUR,DEBI,01May2025,30Minute,Q1000,/BUR-ISP-KEC-CUKURHARIM_DER/BURDUR/DEBI/01May2025/30Minute/Q1000/,False
5011,BUR-ISP-KEC-CUKURHARIM_DER,BURDUR,DEBI,01May2025,30Minute,Q2,/BUR-ISP-KEC-CUKURHARIM_DER/BURDUR/DEBI/01May2025/30Minute/Q2/,False
5012,BUR-ISP-KEC-CUKURHARIM_DER,BURDUR,DEBI,01May2025,30Minute,Q25,/BUR-ISP-KEC-CUKURHARIM_DER/BURDUR/DEBI/01May2025/30Minute/Q25/,False
5013,BUR-ISP-KEC-CUKURHARIM_DER,BURDUR,DEBI,01May2025,30Minute,Q5,/BUR-ISP-KEC-CUKURHARIM_DER/BURDUR/DEBI/01May2025/30Minute/Q5/,False
5014,BUR-ISP-KEC-CUKURHARIM_DER,BURDUR,DEBI,01May2025,30Minute,Q50,/BUR-ISP-KEC-CUKURHARIM_DER/BURDUR/DEBI/01May2025/30Minute/Q50/,False
5015,BUR-ISP-KEC-CUKURHARIM_DER,BURDUR,DEBI,01May2025,30Minute,Q500,/BUR-ISP-KEC-CUKURHARIM_DER/BURDUR/DEBI/01May2025/30Minute/Q500/,False
5016,BUR-ISP-KEC-CUKUROREN1,BURDUR,DEBI,01May2025,30Minute,Q10,/BUR-ISP-KEC-CUKUROREN1/BURDUR/DEBI/01May2025/30Minute/Q10/,False
5017,BUR-ISP-KEC-CUKUROREN1,BURDUR,DEBI,01May2025,30Minute,Q100,/BUR-ISP-KEC-CUKUROREN1/BURDUR/DEBI/01May2025/30Minute/Q100/,False
5018,BUR-ISP-KEC-CUKUROREN1,BURDUR,DEBI,01May2025,30Minute,Q1000,/BUR-ISP-KEC-CUKUROREN1/BURDUR/DEBI/01May2025/30Minute/Q1000/,False
5019,BUR-ISP-KEC-CUKUROREN1,BURDUR,DEBI,01May2025,30Minute,Q2,/BUR-ISP-KEC-CUKUROREN1/BURDUR/DEBI/01May2025/30Minute/Q2/,False
5020,BUR-ISP-KEC-CUKUROREN1,BURDUR,DEBI,01May2025,30Minute,Q25,/BUR-ISP-KEC-CUKUROREN1/BURDUR/DEBI/01May2025/30Minute/Q25/,False
5021,BUR-ISP-KEC-CUKUROREN1,BURDUR,DEBI,01May2025,30Minute,Q5,/BUR-ISP-KEC-CUKUROREN1/BURDUR/DEBI/01May2025/30Minute/Q5/,False
5022,BUR-ISP-KEC-CUKUROREN1,BURDUR,DEBI,01May2025,30Minute,Q50,/BUR-ISP-KEC-CUKUROREN1/BURDUR/DEBI/01May2025/30Minute/Q50/,False
5023,BUR-ISP-KEC-CUKUROREN1,BURDUR,DEBI,01May2025,30Minute,Q500,/BUR-ISP-KEC-CUKUROREN1/BURDUR/DEBI/01May2025/30Minute/Q500/,False
5024,BUR-ISP-KEC-CUKUROREN1,BURDUR2,DEBI,01May2025,30Minute,Q10,/BUR-ISP-KEC-CUKUROREN1/BURDUR2/DEBI/01May2025/30Minute/Q10/,False
5025,BUR-ISP-KEC-CUKUROREN1,BURDUR2,DEBI,01May2025,30Minute,Q100,/BUR-ISP-KEC-CUKUROREN1/BURDUR2/DEBI/01May2025/30Minute/Q100/,False
5026,BUR-ISP-KEC-CUKUROREN1,BURDUR2,DEBI,01May2025,30Minute,Q1000,/BUR-ISP-KEC-CUKUROREN1/BURDUR2/DEBI/01May2025/30Minute/Q1000/,False
5027,BUR-ISP-KEC-CUKUROREN1,BURDUR2,DEBI,01May2025,30Minute,Q2,/BUR-ISP-KEC-CUKUROREN1/BURDUR2/DEBI/01May2025/30Minute/Q2/,False
5028,BUR-ISP-KEC-CUKUROREN1,BURDUR2,DEBI,01May2025,30Minute,Q25,/BUR-ISP-KEC-CUKUROREN1/BURDUR2/DEBI/01May2025/30Minute/Q25/,False
5029,BUR-ISP-KEC-CUKUROREN1,BURDUR2,DEBI,01May2025,30Minute,Q5,/BUR-ISP-KEC-CUKUROREN1/BURDUR2/DEBI/01May2025/30Minute/Q5/,False
5030,BUR-ISP-KEC-CUKUROREN1,BURDUR2,DEBI,01May2025,30Minute,Q50,/BUR-ISP-KEC-CUKUROREN1/BURDUR2/DEBI/01May2025/30Minute/Q50/,False
5031,BUR-ISP-KEC-CUKUROREN1,BURDUR2,DEBI,01May2025,30Minute,Q500,/BUR-ISP-KEC-CUKUROREN1/BURDUR2/DEBI/01May2025/30Minute/Q500/,False
5032,BUR-ISP-KEC-CUKUROREN2,BURDUR,DEBI,01May2025,30Minute,Q10,/BUR-ISP-KEC-CUKUROREN2/BURDUR/DEBI/01May2025/30Minute/Q10/,False
5033,BUR-ISP-KEC-CUKUROREN2,BURDUR,DEBI,01May2025,30Minute,Q100,/BUR-ISP-KEC-CUKUROREN2/BURDUR/DEBI/01May2025/30Minute/Q100/,False
5034,BUR-ISP-KEC-CUKUROREN2,BURDUR,DEBI,01May2025,30Minute,Q1000,/BUR-ISP-KEC-CUKUROREN2/BURDUR/DEBI/01May2025/30Minute/Q1000/,False
5035,BUR-ISP-KEC-CUKUROREN2,BURDUR,DEBI,01May2025,30Minute,Q2,/BUR-ISP-KEC-CUKUROREN2/BURDUR/DEBI/01May2025/30Minute/Q2/,False
5036,BUR-ISP-KEC-CUKUROREN2,BURDUR,DEBI,01May2025,30Minute,Q25,/BUR-ISP-KEC-CUKUROREN2/BURDUR/DEBI/01May2025/30Minute/Q25/,False
5037,BUR-ISP-KEC-CUKUROREN2,BURDUR,DEBI,01May2025,30Minute,Q5,/BUR-ISP-KEC-CUKUROREN2/BURDUR/DEBI/01May2025/30Minute/Q5/,False
5038,BUR-ISP-KEC-CUKUROREN2,BURDUR,DEBI,01May2025,30Minute,Q50,/BUR-ISP-KEC-CUKUROREN2/BURDUR/DEBI/01May2025/30Minute/Q50/,False
5039,BUR-ISP-KEC-CUKUROREN2,BURDUR,DEBI,01May2025,30Minute,Q500,/BUR-ISP-KEC-CUKUROREN2/BURDUR/DEBI/01May2025/30Minute/Q500/,False
5040,BUR-ISP-KEC-CUKUROREN2,BURDUR2,DEBI,01May2025,30Minute,Q10,/BUR-ISP-KEC-CUKUROREN2/BURDUR2/DEBI/01May2025/30Minute/Q10/,False
5041,BUR-ISP-KEC-CUKUROREN2,BURDUR2,DEBI,01May2025,30Minute,Q100,/BUR-ISP-KEC-CUKUROREN2/BURDUR2/DEBI/01May2025/30Minute/Q100/,False
5042,BUR-ISP-KEC-CUKUROREN2,BURDUR2,DEBI,01May2025,30Minute,Q1000,/BUR-ISP-KEC-CUKUROREN2/BURDUR2/DEBI/01May2025/30Minute/Q1000/,False
5043,BUR-ISP-KEC-CUKUROREN2,BURDUR2,DEBI,01May2025,30Minute,Q2,/BUR-ISP-KEC-CUKUROREN2/BURDUR2/DEBI/01May2025/30Minute/Q2/,False
5044,BUR-ISP-KEC-CUKUROREN2,BURDUR2,DEBI,01May2025,30Minute,Q25,/BUR-ISP-KEC-CUKUROREN2/BURDUR2/DEBI/01May2025/30Minute/Q25/,False
5045,BUR-ISP-KEC-CUKUROREN2,BURDUR2,DEBI,01May2025,30Minute,Q5,/BUR-ISP-KEC-CUKUROREN2/BURDUR2/DEBI/01May2025/30Minute/Q5/,False
5046,BUR-ISP-KEC-CUKUROREN2,BURDUR2,DEBI,01May2025,30Minute,Q50,/BUR-ISP-KEC-CUKUROREN2/BURDUR2/DEBI/01May2025/30Minute/Q50/,False
5047,BUR-ISP-KEC-CUKUROREN2,BURDUR2,DEBI,01May2025,30Minute,Q500,/BUR-ISP-KEC-CUKUROREN2/BURDUR2/DEBI/01May2025/30Minute/Q500/,False
5048,BUR-ISP-KEC-CUKUROREN-T,BURDUR,DEBI,01May2025,30Minute,Q10,/BUR-ISP-KEC-CUKUROREN-T/BURDUR/DEBI/01May2025/30Minute/Q10/,False
5049,BUR-ISP-KEC-CUKUROREN-T,BURDUR,DEBI,01May2025,30Minute,Q100,/BUR-ISP-KEC-CUKUROREN-T/BURDUR/DEBI/01May2025/30Minute/Q100/,False
5050,BUR-ISP-KEC-CUKUROREN-T,BURDUR,DEBI,01May2025,30Minute,Q1000,/BUR-ISP-KEC-CUKUROREN-T/BURDUR/DEBI/01May2025/30Minute/Q1000/,False
5051,BUR-ISP-KEC-CUKUROREN-T,BURDUR,DEBI,01May2025,30Minute,Q2,/BUR-ISP-KEC-CUKUROREN-T/BURDUR/DEBI/01May2025/30Minute/Q2/,False
5052,BUR-ISP-KEC-CUKUROREN-T,BURDUR,DEBI,01May2025,30Minute,Q25,/BUR-ISP-KEC-CUKUROREN-T/BURDUR/DEBI/01May2025/30Minute/Q25/,False
5053,BUR-ISP-KEC-CUKUROREN-T,BURDUR,DEBI,01May2025,30Minute,Q5,/BUR-ISP-KEC-CUKUROREN-T/BURDUR/DEBI/01May2025/30Minute/Q5/,False
5054,BUR-ISP-KEC-CUKUROREN-T,BURDUR,DEBI,01May2025,30Minute,Q50,/BUR-ISP-KEC-CUKUROREN-T/BURDUR/DEBI/01May2025/30Minute/Q50/,False
5055,BUR-ISP-KEC-CUKUROREN-T,BURDUR,DEBI,01May2025,30Minute,Q500,/BUR-ISP-KEC-CUKUROREN-T/BURDUR/DEBI/01May2025/30Minute/Q500/,False
5056,BUR-ISP-KEC-CUKUROREN-T,BURDUR2,DEBI,01May2025,30Minute,Q10,/BUR-ISP-KEC-CUKUROREN-T/BURDUR2/DEBI/01May2025/30Minute/Q10/,False
5057,BUR-ISP-KEC-CUKUROREN-T,BURDUR2,DEBI,01May2025,30Minute,Q100,/BUR-ISP-KEC-CUKUROREN-T/BURDUR2/DEBI/01May2025/30Minute/Q100/,False
5058,BUR-ISP-KEC-CUKUROREN-T,BURDUR2,DEBI,01May2025,30Minute,Q1000,/BUR-ISP-KEC-CUKUROREN-T/BURDUR2/DEBI/01May2025/30Minute/Q1000/,False
5059,BUR-ISP-KEC-CUKUROREN-T,BURDUR2,DEBI,01May2025,30Minute,Q2,/BUR-ISP-KEC-CUKUROREN-T/BURDUR2/DEBI/01May2025/30Minute/Q2/,False
5060,BUR-ISP-KEC-CUKUROREN-T,BURDUR2,DEBI,01May2025,30Minute,Q25,/BUR-ISP-KEC-CUKUROREN-T/BURDUR2/DEBI/01May2025/30Minute/Q25/,False
5061,BUR-ISP-KEC-CUKUROREN-T,BURDUR2,DEBI,01May2025,30Minute,Q5,/BUR-ISP-KEC-CUKUROREN-T/BURDUR2/DEBI/01May2025/30Minute/Q5/,False
5062,BUR-ISP-KEC-CUKUROREN-T,BURDUR2,DEBI,01May2025,30Minute,Q50,/BUR-ISP-KEC-CUKUROREN-T/BURDUR2/DEBI/01May2025/30Minute/Q50/,False
5063,BUR-ISP-KEC-CUKUROREN-T,BURDUR2,DEBI,01May2025,30Minute,Q500,/BUR-ISP-KEC-CUKUROREN-T/BURDUR2/DEBI/01May2025/30Minute/Q500/,False
5064,BUR-ISP-KEC-HACIKADIR_CESM,BURDUR,DEBI,01May2025,30Minute,Q10,/BUR-ISP-KEC-HACIKADIR_CESM/BURDUR/DEBI/01May2025/30Minute/Q10/,False
5065,BUR-ISP-KEC-HACIKADIR_CESM,BURDUR,DEBI,01May2025,30Minute,Q100,/BUR-ISP-KEC-HACIKADIR_CESM/BURDUR/DEBI/01May2025/30Minute/Q100/,False
5066,BUR-ISP-KEC-HACIKADIR_CESM,BURDUR,DEBI,01May2025,30Minute,Q1000,/BUR-ISP-KEC-HACIKADIR_CESM/BURDUR/DEBI/01May2025/30Minute/Q1000/,False
5067,BUR-ISP-KEC-HACIKADIR_CESM,BURDUR,DEBI,01May2025,30Minute,Q2,/BUR-ISP-KEC-HACIKADIR_CESM/BURDUR/DEBI/01May2025/30Minute/Q2/,False
5068,BUR-ISP-KEC-HACIKADIR_CESM,BURDUR,DEBI,01May2025,30Minute,Q25,/BUR-ISP-KEC-HACIKADIR_CESM/BURDUR/DEBI/01May2025/30Minute/Q25/,False
5069,BUR-ISP-KEC-HACIKADIR_CESM,BURDUR,DEBI,01May2025,30Minute,Q5,/BUR-ISP-KEC-HACIKADIR_CESM/BURDUR/DEBI/01May2025/30Minute/Q5/,False
5070,BUR-ISP-KEC-HACIKADIR_CESM,BURDUR,DEBI,01May2025,30Minute,Q50,/BUR-ISP-KEC-HACIKADIR_CESM/BURDUR/DEBI/01May2025/30Minute/Q50/,False
5071,BUR-ISP-KEC-HACIKADIR_CESM,BURDUR,DEBI,01May2025,30Minute,Q500,/BUR-ISP-KEC-HACIKADIR_CESM/BURDUR/DEBI/01May2025/30Minute/Q500/,False
5072,BUR-ISP-KEC-HAVAALANI1_1,BURDUR,DEBI,01May2025,30Minute,Q10,/BUR-ISP-KEC-HAVAALANI1_1/BURDUR/DEBI/01May2025/30Minute/Q10/,False
5073,BUR-ISP-KEC-HAVAALANI1_1,BURDUR,DEBI,01May2025,30Minute,Q100,/BUR-ISP-KEC-HAVAALANI1_1/BURDUR/DEBI/01May2025/30Minute/Q100/,False
5074,BUR-ISP-KEC-HAVAALANI1_1,BURDUR,DEBI,01May2025,30Minute,Q1000,/BUR-ISP-KEC-HAVAALANI1_1/BURDUR/DEBI/01May2025/30Minute/Q1000/,False
5075,BUR-ISP-KEC-HAVAALANI1_1,BURDUR,DEBI,01May2025,30Minute,Q2,/BUR-ISP-KEC-HAVAALANI1_1/BURDUR/DEBI/01May2025/30Minute/Q2/,False
5076,BUR-ISP-KEC-HAVAALANI1_1,BURDUR,DEBI,01May2025,30Minute,Q25,/BUR-ISP-KEC-HAVAALANI1_1/BURDUR/DEBI/01May2025/30Minute/Q25/,False
5077,BUR-ISP-KEC-HAVAALANI1_1,BURDUR,DEBI,01May2025,30Minute,Q5,/BUR-ISP-KEC-HAVAALANI1_1/BURDUR/DEBI/01May2025/30Minute/Q5/,False
5078,BUR-ISP-KEC-HAVAALANI1_1,BURDUR,DEBI,01May2025,30Minute,Q50,/BUR-ISP-KEC-HAVAALANI1_1/BURDUR/DEBI/01May2025/30Minute/Q50/,False
5079,BUR-ISP-KEC-HAVAALANI1_1,BURDUR,DEBI,01May2025,30Minute,Q500,/BUR-ISP-KEC-HAVAALANI1_1/BURDUR/DEBI/01May2025/30Minute/Q500/,False
5080,BUR-ISP-KEC-HAVAALANI1_2,BURDUR,DEBI,01May2025,30Minute,Q10,/BUR-ISP-KEC-HAVAALANI1_2/BURDUR/DEBI/01May2025/30Minute/Q10/,False
5081,BUR-ISP-KEC-HAVAALANI1_2,BURDUR,DEBI,01May2025,30Minute,Q100,/BUR-ISP-KEC-HAVAALANI1_2/BURDUR/DEBI/01May2025/30Minute/Q100/,False
5082,BUR-ISP-KEC-HAVAALANI1_2,BURDUR,DEBI,01May2025,30Minute,Q1000,/BUR-ISP-KEC-HAVAALANI1_2/BURDUR/DEBI/01May2025/30Minute/Q1000/,False
5083,BUR-ISP-KEC-HAVAALANI1_2,BURDUR,DEBI,01May2025,30Minute,Q2,/BUR-ISP-KEC-HAVAALANI1_2/BURDUR/DEBI/01May2025/30Minute/Q2/,False
5084,BUR-ISP-KEC-HAVAALANI1_2,BURDUR,DEBI,01May2025,30Minute,Q25,/BUR-ISP-KEC-HAVAALANI1_2/BURDUR/DEBI/01May2025/30Minute/Q25/,False
5085,BUR-ISP-KEC-HAVAALANI1_2,BURDUR,DEBI,01May2025,30Minute,Q5,/BUR-ISP-KEC-HAVAALANI1_2/BURDUR/DEBI/01May2025/30Minute/Q5/,False
5086,BUR-ISP-KEC-HAVAALANI1_2,BURDUR,DEBI,01May2025,30Minute,Q50,/BUR-ISP-KEC-HAVAALANI1_2/BURDUR/DEBI/01May2025/30Minute/Q50/,False
5087,BUR-ISP-KEC-HAVAALANI1_2,BURDUR,DEBI,01May2025,30Minute,Q500,/BUR-ISP-KEC-HAVAALANI1_2/BURDUR/DEBI/01May2025/30Minute/Q500/,False
5088,BUR-ISP-KEC-HAVAALANI2,BURDUR,DEBI,01May2025,30Minute,Q10,/BUR-ISP-KEC-HAVAALANI2/BURDUR/DEBI/01May2025/30Minute/Q10/,False
5089,BUR-ISP-KEC-HAVAALANI2,BURDUR,DEBI,01May2025,30Minute,Q100,/BUR-ISP-KEC-HAVAALANI2/BURDUR/DEBI/01May2025/30Minute/Q100/,False
5090,BUR-ISP-KEC-HAVAALANI2,BURDUR,DEBI,01May2025,30Minute,Q1000,/BUR-ISP-KEC-HAVAALANI2/BURDUR/DEBI/01May2025/30Minute/Q1000/,False
5091,BUR-ISP-KEC-HAVAALANI2,BURDUR,DEBI,01May2025,30Minute,Q2,/BUR-ISP-KEC-HAVAALANI2/BURDUR/DEBI/01May2025/30Minute/Q2/,False
5092,BUR-ISP-KEC-HAVAALANI2,BURDUR,DEBI,01May2025,30Minute,Q25,/BUR-ISP-KEC-HAVAALANI2/BURDUR/DEBI/01May2025/30Minute/Q25/,False
5093,BUR-ISP-KEC-HAVAALANI2,BURDUR,DEBI,01May2025,30Minute,Q5,/BUR-ISP-KEC-HAVAALANI2/BURDUR/DEBI/01May2025/30Minute/Q5/,False
5094,BUR-ISP-KEC-HAVAALANI2,BURDUR,DEBI,01May2025,30Minute,Q50,/BUR-ISP-KEC-HAVAALANI2/BURDUR/DEBI/01May2025/30Minute/Q50/,False
5095,BUR-ISP-KEC-HAVAALANI2,BURDUR,DEBI,01May2025,30Minute,Q500,/BUR-ISP-KEC-HAVAALANI2/BURDUR/DEBI/01May2025/30Minute/Q500/,False
5096,BUR-ISP-KEC-HAVAALANI2-T1,BURDUR,DEBI,01May2025,30Minute,Q10,/BUR-ISP-KEC-HAVAALANI2-T1/BURDUR/DEBI/01May2025/30Minute/Q10/,False
5097,BUR-ISP-KEC-HAVAALANI2-T1,BURDUR,DEBI,01May2025,30Minute,Q100,/BUR-ISP-KEC-HAVAALANI2-T1/BURDUR/DEBI/01May2025/30Minute/Q100/,False
5098,BUR-ISP-KEC-HAVAALANI2-T1,BURDUR,DEBI,01May2025,30Minute,Q1000,/BUR-ISP-KEC-HAVAALANI2-T1/BURDUR/DEBI/01May2025/30Minute/Q1000/,False
5099,BUR-ISP-KEC-HAVAALANI2-T1,BURDUR,DEBI,01May2025,30Minute,Q2,/BUR-ISP-KEC-HAVAALANI2-T1/BURDUR/DEBI/01May2025/30Minute/Q2/,False
5100,BUR-ISP-KEC-HAVAALANI2-T1,BURDUR,DEBI,01May2025,30Minute,Q25,/BUR-ISP-KEC-HAVAALANI2-T1/BURDUR/DEBI/01May2025/30Minute/Q25/,False
5101,BUR-ISP-KEC-HAVAALANI2-T1,BURDUR,DEBI,01May2025,30Minute,Q5,/BUR-ISP-KEC-HAVAALANI2-T1/BURDUR/DEBI/01May2025/30Minute/Q5/,False
5102,BUR-ISP-KEC-HAVAALANI2-T1,BURDUR,DEBI,01May2025,30Minute,Q50,/BUR-ISP-KEC-HAVAALANI2-T1/BURDUR/DEBI/01May2025/30Minute/Q50/,False
5103,BUR-ISP-KEC-HAVAALANI2-T1,BURDUR,DEBI,01May2025,30Minute,Q500,/BUR-ISP-KEC-HAVAALANI2-T1/BURDUR/DEBI/01May2025/30Minute/Q500/,False
5104,BUR-ISP-KEC-HAVAALANI2-T2,BURDUR,DEBI,01May2025,30Minute,Q10,/BUR-ISP-KEC-HAVAALANI2-T2/BURDUR/DEBI/01May2025/30Minute/Q10/,False
5105,BUR-ISP-KEC-HAVAALANI2-T2,BURDUR,DEBI,01May2025,30Minute,Q100,/BUR-ISP-KEC-HAVAALANI2-T2/BURDUR/DEBI/01May2025/30Minute/Q100/,False
5106,BUR-ISP-KEC-HAVAALANI2-T2,BURDUR,DEBI,01May2025,30Minute,Q1000,/BUR-ISP-KEC-HAVAALANI2-T2/BURDUR/DEBI/01May2025/30Minute/Q1000/,False
5107,BUR-ISP-KEC-HAVAALANI2-T2,BURDUR,DEBI,01May2025,30Minute,Q2,/BUR-ISP-KEC-HAVAALANI2-T2/BURDUR/DEBI/01May2025/30Minute/Q2/,False
5108,BUR-ISP-KEC-HAVAALANI2-T2,BURDUR,DEBI,01May2025,30Minute,Q25,/BUR-ISP-KEC-HAVAALANI2-T2/BURDUR/DEBI/01May2025/30Minute/Q25/,False
5109,BUR-ISP-KEC-HAVAALANI2-T2,BURDUR,DEBI,01May2025,30Minute,Q5,/BUR-ISP-KEC-HAVAALANI2-T2/BURDUR/DEBI/01May2025/30Minute/Q5/,False
5110,BUR-ISP-KEC-HAVAALANI2-T2,BURDUR,DEBI,01May2025,30Minute,Q50,/BUR-ISP-KEC-HAVAALANI2-T2/BURDUR/DEBI/01May2025/30Minute/Q50/,False
5111,BUR-ISP-KEC-HAVAALANI2-T2,BURDUR,DEBI,01May2025,30Minute,Q500,/BUR-ISP-KEC-HAVAALANI2-T2/BURDUR/DEBI/01May2025/30Minute/Q500/,False
5112,BUR-ISP-KEC-KECIBORLU1,BURDUR,DEBI,01May2025,30Minute,Q10,/BUR-ISP-KEC-KECIBORLU1/BURDUR/DEBI/01May2025/30Minute/Q10/,False
5113,BUR-ISP-KEC-KECIBORLU1,BURDUR,DEBI,01May2025,30Minute,Q100,/BUR-ISP-KEC-KECIBORLU1/BURDUR/DEBI/01May2025/30Minute/Q100/,False
5114,BUR-ISP-KEC-KECIBORLU1,BURDUR,DEBI,01May2025,30Minute,Q1000,/BUR-ISP-KEC-KECIBORLU1/BURDUR/DEBI/01May2025/30Minute/Q1000/,False
5115,BUR-ISP-KEC-KECIBORLU1,BURDUR,DEBI,01May2025,30Minute,Q2,/BUR-ISP-KEC-KECIBORLU1/BURDUR/DEBI/01May2025/30Minute/Q2/,False
5116,BUR-ISP-KEC-KECIBORLU1,BURDUR,DEBI,01May2025,30Minute,Q25,/BUR-ISP-KEC-KECIBORLU1/BURDUR/DEBI/01May2025/30Minute/Q25/,False
5117,BUR-ISP-KEC-KECIBORLU1,BURDUR,DEBI,01May2025,30Minute,Q5,/BUR-ISP-KEC-KECIBORLU1/BURDUR/DEBI/01May2025/30Minute/Q5/,False
5118,BUR-ISP-KEC-KECIBORLU1,BURDUR,DEBI,01May2025,30Minute,Q50,/BUR-ISP-KEC-KECIBORLU1/BURDUR/DEBI/01May2025/30Minute/Q50/,False
5119,BUR-ISP-KEC-KECIBORLU1,BURDUR,DEBI,01May2025,30Minute,Q500,/BUR-ISP-KEC-KECIBORLU1/BURDUR/DEBI/01May2025/30Minute/Q500/,False
5120,BUR-ISP-KEC-KECIBORLU2,BURDUR,DEBI,01May2025,30Minute,Q10,/BUR-ISP-KEC-KECIBORLU2/BURDUR/DEBI/01May2025/30Minute/Q10/,False
5121,BUR-ISP-KEC-KECIBORLU2,BURDUR,DEBI,01May2025,30Minute,Q100,/BUR-ISP-KEC-KECIBORLU2/BURDUR/DEBI/01May2025/30Minute/Q100/,False
5122,BUR-ISP-KEC-KECIBORLU2,BURDUR,DEBI,01May2025,30Minute,Q1000,/BUR-ISP-KEC-KECIBORLU2/BURDUR/DEBI/01May2025/30Minute/Q1000/,False
5123,BUR-ISP-KEC-KECIBORLU2,BURDUR,DEBI,01May2025,30Minute,Q2,/BUR-ISP-KEC-KECIBORLU2/BURDUR/DEBI/01May2025/30Minute/Q2/,False
5124,BUR-ISP-KEC-KECIBORLU2,BURDUR,DEBI,01May2025,30Minute,Q25,/BUR-ISP-KEC-KECIBORLU2/BURDUR/DEBI/01May2025/30Minute/Q25/,False
5125,BUR-ISP-KEC-KECIBORLU2,BURDUR,DEBI,01May2025,30Minute,Q5,/BUR-ISP-KEC-KECIBORLU2/BURDUR/DEBI/01May2025/30Minute/Q5/,False
5126,BUR-ISP-KEC-KECIBORLU2,BURDUR,DEBI,01May2025,30Minute,Q50,/BUR-ISP-KEC-KECIBORLU2/BURDUR/DEBI/01May2025/30Minute/Q50/,False
5127,BUR-ISP-KEC-KECIBORLU2,BURDUR,DEBI,01May2025,30Minute,Q500,/BUR-ISP-KEC-KECIBORLU2/BURDUR/DEBI/01May2025/30Minute/Q500/,False
5128,BUR-ISP-KEC-KECIBORLU3,BURDUR,DEBI,01May2025,30Minute,Q10,/BUR-ISP-KEC-KECIBORLU3/BURDUR/DEBI/01May2025/30Minute/Q10/,False
5129,BUR-ISP-KEC-KECIBORLU3,BURDUR,DEBI,01May2025,30Minute,Q100,/BUR-ISP-KEC-KECIBORLU3/BURDUR/DEBI/01May2025/30Minute/Q100/,False
5130,BUR-ISP-KEC-KECIBORLU3,BURDUR,DEBI,01May2025,30Minute,Q1000,/BUR-ISP-KEC-KECIBORLU3/BURDUR/DEBI/01May2025/30Minute/Q1000/,False
5131,BUR-ISP-KEC-KECIBORLU3,BURDUR,DEBI,01May2025,30Minute,Q2,/BUR-ISP-KEC-KECIBORLU3/BURDUR/DEBI/01May2025/30Minute/Q2/,False
5132,BUR-ISP-KEC-KECIBORLU3,BURDUR,DEBI,01May2025,30Minute,Q25,/BUR-ISP-KEC-KECIBORLU3/BURDUR/DEBI/01May2025/30Minute/Q25/,False
5133,BUR-ISP-KEC-KECIBORLU3,BURDUR,DEBI,01May2025,30Minute,Q5,/BUR-ISP-KEC-KECIBORLU3/BURDUR/DEBI/01May2025/30Minute/Q5/,False
5134,BUR-ISP-KEC-KECIBORLU3,BURDUR,DEBI,01May2025,30Minute,Q50,/BUR-ISP-KEC-KECIBORLU3/BURDUR/DEBI/01May2025/30Minute/Q50/,False
5135,BUR-ISP-KEC-KECIBORLU3,BURDUR,DEBI,01May2025,30Minute,Q500,/BUR-ISP-KEC-KECIBORLU3/BURDUR/DEBI/01May2025/30Minute/Q500/,False
5136,BUR-ISP-KEC-KECIBORLU3A,BURDUR,DEBI,01May2025,30Minute,Q10,/BUR-ISP-KEC-KECIBORLU3A/BURDUR/DEBI/01May2025/30Minute/Q10/,False
5137,BUR-ISP-KEC-KECIBORLU3A,BURDUR,DEBI,01May2025,30Minute,Q100,/BUR-ISP-KEC-KECIBORLU3A/BURDUR/DEBI/01May2025/30Minute/Q100/,False
5138,BUR-ISP-KEC-KECIBORLU3A,BURDUR,DEBI,01May2025,30Minute,Q1000,/BUR-ISP-KEC-KECIBORLU3A/BURDUR/DEBI/01May2025/30Minute/Q1000/,False
5139,BUR-ISP-KEC-KECIBORLU3A,BURDUR,DEBI,01May2025,30Minute,Q2,/BUR-ISP-KEC-KECIBORLU3A/BURDUR/DEBI/01May2025/30Minute/Q2/,False
5140,BUR-ISP-KEC-KECIBORLU3A,BURDUR,DEBI,01May2025,30Minute,Q25,/BUR-ISP-KEC-KECIBORLU3A/BURDUR/DEBI/01May2025/30Minute/Q25/,False
5141,BUR-ISP-KEC-KECIBORLU3A,BURDUR,DEBI,01May2025,30Minute,Q5,/BUR-ISP-KEC-KECIBORLU3A/BURDUR/DEBI/01May2025/30Minute/Q5/,False
5142,BUR-ISP-KEC-KECIBORLU3A,BURDUR,DEBI,01May2025,30Minute,Q50,/BUR-ISP-KEC-KECIBORLU3A/BURDUR/DEBI/01May2025/30Minute/Q50/,False
5143,BUR-ISP-KEC-KECIBORLU3A,BURDUR,DEBI,01May2025,30Minute,Q500,/BUR-ISP-KEC-KECIBORLU3A/BURDUR/DEBI/01May2025/30Minute/Q500/,False
5144,BUR-ISP-KEC-KECIBORLU4,BURDUR,DEBI,01May2025,30Minute,Q10,/BUR-ISP-KEC-KECIBORLU4/BURDUR/DEBI/01May2025/30Minute/Q10/,False
5145,BUR-ISP-KEC-KECIBORLU4,BURDUR,DEBI,01May2025,30Minute,Q100,/BUR-ISP-KEC-KECIBORLU4/BURDUR/DEBI/01May2025/30Minute/Q100/,False
5146,BUR-ISP-KEC-KECIBORLU4,BURDUR,DEBI,01May2025,30Minute,Q1000,/BUR-ISP-KEC-KECIBORLU4/BURDUR/DEBI/01May2025/30Minute/Q1000/,False
5147,BUR-ISP-KEC-KECIBORLU4,BURDUR,DEBI,01May2025,30Minute,Q2,/BUR-ISP-KEC-KECIBORLU4/BURDUR/DEBI/01May2025/30Minute/Q2/,False
5148,BUR-ISP-KEC-KECIBORLU4,BURDUR,DEBI,01May2025,30Minute,Q25,/BUR-ISP-KEC-KECIBORLU4/BURDUR/DEBI/01May2025/30Minute/Q25/,False
5149,BUR-ISP-KEC-KECIBORLU4,BURDUR,DEBI,01May2025,30Minute,Q5,/BUR-ISP-KEC-KECIBORLU4/BURDUR/DEBI/01May2025/30Minute/Q5/,False
5150,BUR-ISP-KEC-KECIBORLU4,BURDUR,DEBI,01May2025,30Minute,Q50,/BUR-ISP-KEC-KECIBORLU4/BURDUR/DEBI/01May2025/30Minute/Q50/,False
5151,BUR-ISP-KEC-KECIBORLU4,BURDUR,DEBI,01May2025,30Minute,Q500,/BUR-ISP-KEC-KECIBORLU4/BURDUR/DEBI/01May2025/30Minute/Q500/,False
5152,BUR-ISP-KEC-KECIBORLU5,BURDUR,DEBI,01May2025,30Minute,Q10,/BUR-ISP-KEC-KECIBORLU5/BURDUR/DEBI/01May2025/30Minute/Q10/,False
5153,BUR-ISP-KEC-KECIBORLU5,BURDUR,DEBI,01May2025,30Minute,Q100,/BUR-ISP-KEC-KECIBORLU5/BURDUR/DEBI/01May2025/30Minute/Q100/,False
5154,BUR-ISP-KEC-KECIBORLU5,BURDUR,DEBI,01May2025,30Minute,Q1000,/BUR-ISP-KEC-KECIBORLU5/BURDUR/DEBI/01May2025/30Minute/Q1000/,False
5155,BUR-ISP-KEC-KECIBORLU5,BURDUR,DEBI,01May2025,30Minute,Q2,/BUR-ISP-KEC-KECIBORLU5/BURDUR/DEBI/01May2025/30Minute/Q2/,False
5156,BUR-ISP-KEC-KECIBORLU5,BURDUR,DEBI,01May2025,30Minute,Q25,/BUR-ISP-KEC-KECIBORLU5/BURDUR/DEBI/01May2025/30Minute/Q25/,False
5157,BUR-ISP-KEC-KECIBORLU5,BURDUR,DEBI,01May2025,30Minute,Q5,/BUR-ISP-KEC-KECIBORLU5/BURDUR/DEBI/01May2025/30Minute/Q5/,False
5158,BUR-ISP-KEC-KECIBORLU5,BURDUR,DEBI,01May2025,30Minute,Q50,/BUR-ISP-KEC-KECIBORLU5/BURDUR/DEBI/01May2025/30Minute/Q50/,False
5159,BUR-ISP-KEC-KECIBORLU5,BURDUR,DEBI,01May2025,30Minute,Q500,/BUR-ISP-KEC-KECIBORLU5/BURDUR/DEBI/01May2025/30Minute/Q500/,False
5160,BUR-ISP-KEC-KECIBORLU6,BURDUR,DEBI,02May2025,5Minute,Q10,/BUR-ISP-KEC-KECIBORLU6/BURDUR/DEBI/02May2025/5Minute/Q10/,False
5161,BUR-ISP-KEC-KECIBORLU6,BURDUR,DEBI,02May2025,5Minute,Q100,/BUR-ISP-KEC-KECIBORLU6/BURDUR/DEBI/02May2025/5Minute/Q100/,False
5162,BUR-ISP-KEC-KECIBORLU6,BURDUR,DEBI,02May2025,5Minute,Q1000,/BUR-ISP-KEC-KECIBORLU6/BURDUR/DEBI/02May2025/5Minute/Q1000/,False
5163,BUR-ISP-KEC-KECIBORLU6,BURDUR,DEBI,02May2025,5Minute,Q2,/BUR-ISP-KEC-KECIBORLU6/BURDUR/DEBI/02May2025/5Minute/Q2/,False
5164,BUR-ISP-KEC-KECIBORLU6,BURDUR,DEBI,02May2025,5Minute,Q25,/BUR-ISP-KEC-KECIBORLU6/BURDUR/DEBI/02May2025/5Minute/Q25/,False
5165,BUR-ISP-KEC-KECIBORLU6,BURDUR,DEBI,02May2025,5Minute,Q5,/BUR-ISP-KEC-KECIBORLU6/BURDUR/DEBI/02May2025/5Minute/Q5/,False
5166,BUR-ISP-KEC-KECIBORLU6,BURDUR,DEBI,02May2025,5Minute,Q50,/BUR-ISP-KEC-KECIBORLU6/BURDUR/DEBI/02May2025/5Minute/Q50/,False
5167,BUR-ISP-KEC-KECIBORLU6,BURDUR,DEBI,02May2025,5Minute,Q500,/BUR-ISP-KEC-KECIBORLU6/BURDUR/DEBI/02May2025/5Minute/Q500/,False
5168,BUR-ISP-KEC-KECIBORLU7,BURDUR,DEBI,01May2025,30Minute,Q10,/BUR-ISP-KEC-KECIBORLU7/BURDUR/DEBI/01May2025/30Minute/Q10/,False
5169,BUR-ISP-KEC-KECIBORLU7,BURDUR,DEBI,01May2025,30Minute,Q100,/BUR-ISP-KEC-KECIBORLU7/BURDUR/DEBI/01May2025/30Minute/Q100/,False
5170,BUR-ISP-KEC-KECIBORLU7,BURDUR,DEBI,01May2025,30Minute,Q1000,/BUR-ISP-KEC-KECIBORLU7/BURDUR/DEBI/01May2025/30Minute/Q1000/,False
5171,BUR-ISP-KEC-KECIBORLU7,BURDUR,DEBI,01May2025,30Minute,Q2,/BUR-ISP-KEC-KECIBORLU7/BURDUR/DEBI/01May2025/30Minute/Q2/,False
5172,BUR-ISP-KEC-KECIBORLU7,BURDUR,DEBI,01May2025,30Minute,Q25,/BUR-ISP-KEC-KECIBORLU7/BURDUR/DEBI/01May2025/30Minute/Q25/,False
5173,BUR-ISP-KEC-KECIBORLU7,BURDUR,DEBI,01May2025,30Minute,Q5,/BUR-ISP-KEC-KECIBORLU7/BURDUR/DEBI/01May2025/30Minute/Q5/,False
5174,BUR-ISP-KEC-KECIBORLU7,BURDUR,DEBI,01May2025,30Minute,Q50,/BUR-ISP-KEC-KECIBORLU7/BURDUR/DEBI/01May2025/30Minute/Q50/,False
5175,BUR-ISP-KEC-KECIBORLU7,BURDUR,DEBI,01May2025,30Minute,Q500,/BUR-ISP-KEC-KECIBORLU7/BURDUR/DEBI/01May2025/30Minute/Q500/,False
5176,BUR-ISP-KEC-KUSCULAR,BURDUR,DEBI,01May2025,30Minute,Q10,/BUR-ISP-KEC-KUSCULAR/BURDUR/DEBI/01May2025/30Minute/Q10/,False
5177,BUR-ISP-KEC-KUSCULAR,BURDUR,DEBI,01May2025,30Minute,Q100,/BUR-ISP-KEC-KUSCULAR/BURDUR/DEBI/01May2025/30Minute/Q100/,False
5178,BUR-ISP-KEC-KUSCULAR,BURDUR,DEBI,01May2025,30Minute,Q1000,/BUR-ISP-KEC-KUSCULAR/BURDUR/DEBI/01May2025/30Minute/Q1000/,False
5179,BUR-ISP-KEC-KUSCULAR,BURDUR,DEBI,01May2025,30Minute,Q2,/BUR-ISP-KEC-KUSCULAR/BURDUR/DEBI/01May2025/30Minute/Q2/,False
5180,BUR-ISP-KEC-KUSCULAR,BURDUR,DEBI,01May2025,30Minute,Q25,/BUR-ISP-KEC-KUSCULAR/BURDUR/DEBI/01May2025/30Minute/Q25/,False
5181,BUR-ISP-KEC-KUSCULAR,BURDUR,DEBI,01May2025,30Minute,Q5,/BUR-ISP-KEC-KUSCULAR/BURDUR/DEBI/01May2025/30Minute/Q5/,False
5182,BUR-ISP-KEC-KUSCULAR,BURDUR,DEBI,01May2025,30Minute,Q50,/BUR-ISP-KEC-KUSCULAR/BURDUR/DEBI/01May2025/30Minute/Q50/,False
5183,BUR-ISP-KEC-KUSCULAR,BURDUR,DEBI,01May2025,30Minute,Q500,/BUR-ISP-KEC-KUSCULAR/BURDUR/DEBI/01May2025/30Minute/Q500/,False
5184,BUR-ISP-KEC-KUSCULAR,BURDUR2,DEBI,01May2025,30Minute,Q10,/BUR-ISP-KEC-KUSCULAR/BURDUR2/DEBI/01May2025/30Minute/Q10/,False
5185,BUR-ISP-KEC-KUSCULAR,BURDUR2,DEBI,01May2025,30Minute,Q100,/BUR-ISP-KEC-KUSCULAR/BURDUR2/DEBI/01May2025/30Minute/Q100/,False
5186,BUR-ISP-KEC-KUSCULAR,BURDUR2,DEBI,01May2025,30Minute,Q1000,/BUR-ISP-KEC-KUSCULAR/BURDUR2/DEBI/01May2025/30Minute/Q1000/,False
5187,BUR-ISP-KEC-KUSCULAR,BURDUR2,DEBI,01May2025,30Minute,Q2,/BUR-ISP-KEC-KUSCULAR/BURDUR2/DEBI/01May2025/30Minute/Q2/,False
5188,BUR-ISP-KEC-KUSCULAR,BURDUR2,DEBI,01May2025,30Minute,Q25,/BUR-ISP-KEC-KUSCULAR/BURDUR2/DEBI/01May2025/30Minute/Q25/,False
5189,BUR-ISP-KEC-KUSCULAR,BURDUR2,DEBI,01May2025,30Minute,Q5,/BUR-ISP-KEC-KUSCULAR/BURDUR2/DEBI/01May2025/30Minute/Q5/,False
5190,BUR-ISP-KEC-KUSCULAR,BURDUR2,DEBI,01May2025,30Minute,Q50,/BUR-ISP-KEC-KUSCULAR/BURDUR2/DEBI/01May2025/30Minute/Q50/,False
5191,BUR-ISP-KEC-KUSCULAR,BURDUR2,DEBI,01May2025,30Minute,Q500,/BUR-ISP-KEC-KUSCULAR/BURDUR2/DEBI/01May2025/30Minute/Q500/,False
5192,BUR-ISP-KEC-KUYUCAK,BURDUR,DEBI,01May2025,30Minute,Q10,/BUR-ISP-KEC-KUYUCAK/BURDUR/DEBI/01May2025/30Minute/Q10/,False
5193,BUR-ISP-KEC-KUYUCAK,BURDUR,DEBI,01May2025,30Minute,Q100,/BUR-ISP-KEC-KUYUCAK/BURDUR/DEBI/01May2025/30Minute/Q100/,False
5194,BUR-ISP-KEC-KUYUCAK,BURDUR,DEBI,01May2025,30Minute,Q1000,/BUR-ISP-KEC-KUYUCAK/BURDUR/DEBI/01May2025/30Minute/Q1000/,False
5195,BUR-ISP-KEC-KUYUCAK,BURDUR,DEBI,01May2025,30Minute,Q2,/BUR-ISP-KEC-KUYUCAK/BURDUR/DEBI/01May2025/30Minute/Q2/,False
5196,BUR-ISP-KEC-KUYUCAK,BURDUR,DEBI,01May2025,30Minute,Q25,/BUR-ISP-KEC-KUYUCAK/BURDUR/DEBI/01May2025/30Minute/Q25/,False
5197,BUR-ISP-KEC-KUYUCAK,BURDUR,DEBI,01May2025,30Minute,Q5,/BUR-ISP-KEC-KUYUCAK/BURDUR/DEBI/01May2025/30Minute/Q5/,False
5198,BUR-ISP-KEC-KUYUCAK,BURDUR,DEBI,01May2025,30Minute,Q50,/BUR-ISP-KEC-KUYUCAK/BURDUR/DEBI/01May2025/30Minute/Q50/,False
5199,BUR-ISP-KEC-KUYUCAK,BURDUR,DEBI,01May2025,30Minute,Q500,/BUR-ISP-KEC-KUYUCAK/BURDUR/DEBI/01May2025/30Minute/Q500/,False
5200,BUR-ISP-KEC-KUYUCAK,BURDUR2,DEBI,01May2025,30Minute,Q10,/BUR-ISP-KEC-KUYUCAK/BURDUR2/DEBI/01May2025/30Minute/Q10/,False
5201,BUR-ISP-KEC-KUYUCAK,BURDUR2,DEBI,01May2025,30Minute,Q100,/BUR-ISP-KEC-KUYUCAK/BURDUR2/DEBI/01May2025/30Minute/Q100/,False
5202,BUR-ISP-KEC-KUYUCAK,BURDUR2,DEBI,01May2025,30Minute,Q1000,/BUR-ISP-KEC-KUYUCAK/BURDUR2/DEBI/01May2025/30Minute/Q1000/,False
5203,BUR-ISP-KEC-KUYUCAK,BURDUR2,DEBI,01May2025,30Minute,Q2,/BUR-ISP-KEC-KUYUCAK/BURDUR2/DEBI/01May2025/30Minute/Q2/,False
5204,BUR-ISP-KEC-KUYUCAK,BURDUR2,DEBI,01May2025,30Minute,Q25,/BUR-ISP-KEC-KUYUCAK/BURDUR2/DEBI/01May2025/30Minute/Q25/,False
5205,BUR-ISP-KEC-KUYUCAK,BURDUR2,DEBI,01May2025,30Minute,Q5,/BUR-ISP-KEC-KUYUCAK/BURDUR2/DEBI/01May2025/30Minute/Q5/,False
5206,BUR-ISP-KEC-KUYUCAK,BURDUR2,DEBI,01May2025,30Minute,Q50,/BUR-ISP-KEC-KUYUCAK/BURDUR2/DEBI/01May2025/30Minute/Q50/,False
5207,BUR-ISP-KEC-KUYUCAK,BURDUR2,DEBI,01May2025,30Minute,Q500,/BUR-ISP-KEC-KUYUCAK/BURDUR2/DEBI/01May2025/30Minute/Q500/,False
5208,BUR-ISP-KEC-OZBAHCE,BURDUR,DEBI,01May2025,30Minute,Q10,/BUR-ISP-KEC-OZBAHCE/BURDUR/DEBI/01May2025/30Minute/Q10/,False
5209,BUR-ISP-KEC-OZBAHCE,BURDUR,DEBI,01May2025,30Minute,Q100,/BUR-ISP-KEC-OZBAHCE/BURDUR/DEBI/01May2025/30Minute/Q100/,False
5210,BUR-ISP-KEC-OZBAHCE,BURDUR,DEBI,01May2025,30Minute,Q1000,/BUR-ISP-KEC-OZBAHCE/BURDUR/DEBI/01May2025/30Minute/Q1000/,False
5211,BUR-ISP-KEC-OZBAHCE,BURDUR,DEBI,01May2025,30Minute,Q2,/BUR-ISP-KEC-OZBAHCE/BURDUR/DEBI/01May2025/30Minute/Q2/,False
5212,BUR-ISP-KEC-OZBAHCE,BURDUR,DEBI,01May2025,30Minute,Q25,/BUR-ISP-KEC-OZBAHCE/BURDUR/DEBI/01May2025/30Minute/Q25/,False
5213,BUR-ISP-KEC-OZBAHCE,BURDUR,DEBI,01May2025,30Minute,Q5,/BUR-ISP-KEC-OZBAHCE/BURDUR/DEBI/01May2025/30Minute/Q5/,False
5214,BUR-ISP-KEC-OZBAHCE,BURDUR,DEBI,01May2025,30Minute,Q50,/BUR-ISP-KEC-OZBAHCE/BURDUR/DEBI/01May2025/30Minute/Q50/,False
5215,BUR-ISP-KEC-OZBAHCE,BURDUR,DEBI,01May2025,30Minute,Q500,/BUR-ISP-KEC-OZBAHCE/BURDUR/DEBI/01May2025/30Minute/Q500/,False
5216,BUR-ISP-KEC-SARACIK1,BURDUR,DEBI,01May2025,30Minute,Q10,/BUR-ISP-KEC-SARACIK1/BURDUR/DEBI/01May2025/30Minute/Q10/,False
5217,BUR-ISP-KEC-SARACIK1,BURDUR,DEBI,01May2025,30Minute,Q100,/BUR-ISP-KEC-SARACIK1/BURDUR/DEBI/01May2025/30Minute/Q100/,False
5218,BUR-ISP-KEC-SARACIK1,BURDUR,DEBI,01May2025,30Minute,Q1000,/BUR-ISP-KEC-SARACIK1/BURDUR/DEBI/01May2025/30Minute/Q1000/,False
5219,BUR-ISP-KEC-SARACIK1,BURDUR,DEBI,01May2025,30Minute,Q2,/BUR-ISP-KEC-SARACIK1/BURDUR/DEBI/01May2025/30Minute/Q2/,False
5220,BUR-ISP-KEC-SARACIK1,BURDUR,DEBI,01May2025,30Minute,Q25,/BUR-ISP-KEC-SARACIK1/BURDUR/DEBI/01May2025/30Minute/Q25/,False
5221,BUR-ISP-KEC-SARACIK1,BURDUR,DEBI,01May2025,30Minute,Q5,/BUR-ISP-KEC-SARACIK1/BURDUR/DEBI/01May2025/30Minute/Q5/,False
5222,BUR-ISP-KEC-SARACIK1,BURDUR,DEBI,01May2025,30Minute,Q50,/BUR-ISP-KEC-SARACIK1/BURDUR/DEBI/01May2025/30Minute/Q50/,False
5223,BUR-ISP-KEC-SARACIK1,BURDUR,DEBI,01May2025,30Minute,Q500,/BUR-ISP-KEC-SARACIK1/BURDUR/DEBI/01May2025/30Minute/Q500/,False
5224,BUR-ISP-KEC-SARACIK1,BURDUR2,DEBI,01May2025,30Minute,Q10,/BUR-ISP-KEC-SARACIK1/BURDUR2/DEBI/01May2025/30Minute/Q10/,False
5225,BUR-ISP-KEC-SARACIK1,BURDUR2,DEBI,01May2025,30Minute,Q100,/BUR-ISP-KEC-SARACIK1/BURDUR2/DEBI/01May2025/30Minute/Q100/,False
5226,BUR-ISP-KEC-SARACIK1,BURDUR2,DEBI,01May2025,30Minute,Q1000,/BUR-ISP-KEC-SARACIK1/BURDUR2/DEBI/01May2025/30Minute/Q1000/,False
5227,BUR-ISP-KEC-SARACIK1,BURDUR2,DEBI,01May2025,30Minute,Q2,/BUR-ISP-KEC-SARACIK1/BURDUR2/DEBI/01May2025/30Minute/Q2/,False
5228,BUR-ISP-KEC-SARACIK1,BURDUR2,DEBI,01May2025,30Minute,Q25,/BUR-ISP-KEC-SARACIK1/BURDUR2/DEBI/01May2025/30Minute/Q25/,False
5229,BUR-ISP-KEC-SARACIK1,BURDUR2,DEBI,01May2025,30Minute,Q5,/BUR-ISP-KEC-SARACIK1/BURDUR2/DEBI/01May2025/30Minute/Q5/,False
5230,BUR-ISP-KEC-SARACIK1,BURDUR2,DEBI,01May2025,30Minute,Q50,/BUR-ISP-KEC-SARACIK1/BURDUR2/DEBI/01May2025/30Minute/Q50/,False
5231,BUR-ISP-KEC-SARACIK1,BURDUR2,DEBI,01May2025,30Minute,Q500,/BUR-ISP-KEC-SARACIK1/BURDUR2/DEBI/01May2025/30Minute/Q500/,False
5232,BUR-ISP-KEC-SARACIK2,BURDUR,DEBI,01May2025,30Minute,Q10,/BUR-ISP-KEC-SARACIK2/BURDUR/DEBI/01May2025/30Minute/Q10/,False
5233,BUR-ISP-KEC-SARACIK2,BURDUR,DEBI,01May2025,30Minute,Q100,/BUR-ISP-KEC-SARACIK2/BURDUR/DEBI/01May2025/30Minute/Q100/,False
5234,BUR-ISP-KEC-SARACIK2,BURDUR,DEBI,01May2025,30Minute,Q1000,/BUR-ISP-KEC-SARACIK2/BURDUR/DEBI/01May2025/30Minute/Q1000/,False
5235,BUR-ISP-KEC-SARACIK2,BURDUR,DEBI,01May2025,30Minute,Q2,/BUR-ISP-KEC-SARACIK2/BURDUR/DEBI/01May2025/30Minute/Q2/,False
5236,BUR-ISP-KEC-SARACIK2,BURDUR,DEBI,01May2025,30Minute,Q25,/BUR-ISP-KEC-SARACIK2/BURDUR/DEBI/01May2025/30Minute/Q25/,False
5237,BUR-ISP-KEC-SARACIK2,BURDUR,DEBI,01May2025,30Minute,Q5,/BUR-ISP-KEC-SARACIK2/BURDUR/DEBI/01May2025/30Minute/Q5/,False
5238,BUR-ISP-KEC-SARACIK2,BURDUR,DEBI,01May2025,30Minute,Q50,/BUR-ISP-KEC-SARACIK2/BURDUR/DEBI/01May2025/30Minute/Q50/,False
5239,BUR-ISP-KEC-SARACIK2,BURDUR,DEBI,01May2025,30Minute,Q500,/BUR-ISP-KEC-SARACIK2/BURDUR/DEBI/01May2025/30Minute/Q500/,False
5240,BUR-ISP-KEC-SARACIK2,BURDUR2,DEBI,01May2025,30Minute,Q10,/BUR-ISP-KEC-SARACIK2/BURDUR2/DEBI/01May2025/30Minute/Q10/,False
5241,BUR-ISP-KEC-SARACIK2,BURDUR2,DEBI,01May2025,30Minute,Q100,/BUR-ISP-KEC-SARACIK2/BURDUR2/DEBI/01May2025/30Minute/Q100/,False
5242,BUR-ISP-KEC-SARACIK2,BURDUR2,DEBI,01May2025,30Minute,Q1000,/BUR-ISP-KEC-SARACIK2/BURDUR2/DEBI/01May2025/30Minute/Q1000/,False
5243,BUR-ISP-KEC-SARACIK2,BURDUR2,DEBI,01May2025,30Minute,Q2,/BUR-ISP-KEC-SARACIK2/BURDUR2/DEBI/01May2025/30Minute/Q2/,False
5244,BUR-ISP-KEC-SARACIK2,BURDUR2,DEBI,01May2025,30Minute,Q25,/BUR-ISP-KEC-SARACIK2/BURDUR2/DEBI/01May2025/30Minute/Q25/,False
5245,BUR-ISP-KEC-SARACIK2,BURDUR2,DEBI,01May2025,30Minute,Q5,/BUR-ISP-KEC-SARACIK2/BURDUR2/DEBI/01May2025/30Minute/Q5/,False
5246,BUR-ISP-KEC-SARACIK2,BURDUR2,DEBI,01May2025,30Minute,Q50,/BUR-ISP-KEC-SARACIK2/BURDUR2/DEBI/01May2025/30Minute/Q50/,False
5247,BUR-ISP-KEC-SARACIK2,BURDUR2,DEBI,01May2025,30Minute,Q500,/BUR-ISP-KEC-SARACIK2/BURDUR2/DEBI/01May2025/30Minute/Q500/,False
5248,BUR-ISP-KEC-SARACIK3,BURDUR,DEBI,02May2025,5Minute,Q10,/BUR-ISP-KEC-SARACIK3/BURDUR/DEBI/02May2025/5Minute/Q10/,False
5249,BUR-ISP-KEC-SARACIK3,BURDUR,DEBI,02May2025,5Minute,Q100,/BUR-ISP-KEC-SARACIK3/BURDUR/DEBI/02May2025/5Minute/Q100/,False
5250,BUR-ISP-KEC-SARACIK3,BURDUR,DEBI,02May2025,5Minute,Q1000,/BUR-ISP-KEC-SARACIK3/BURDUR/DEBI/02May2025/5Minute/Q1000/,False
5251,BUR-ISP-KEC-SARACIK3,BURDUR,DEBI,02May2025,5Minute,Q2,/BUR-ISP-KEC-SARACIK3/BURDUR/DEBI/02May2025/5Minute/Q2/,False
5252,BUR-ISP-KEC-SARACIK3,BURDUR,DEBI,02May2025,5Minute,Q25,/BUR-ISP-KEC-SARACIK3/BURDUR/DEBI/02May2025/5Minute/Q25/,False
5253,BUR-ISP-KEC-SARACIK3,BURDUR,DEBI,02May2025,5Minute,Q5,/BUR-ISP-KEC-SARACIK3/BURDUR/DEBI/02May2025/5Minute/Q5/,False
5254,BUR-ISP-KEC-SARACIK3,BURDUR,DEBI,02May2025,5Minute,Q50,/BUR-ISP-KEC-SARACIK3/BURDUR/DEBI/02May2025/5Minute/Q50/,False
5255,BUR-ISP-KEC-SARACIK3,BURDUR,DEBI,02May2025,5Minute,Q500,/BUR-ISP-KEC-SARACIK3/BURDUR/DEBI/02May2025/5Minute/Q500/,False
5256,BUR-ISP-KEC-SARACIK3,BURDUR2,DEBI,02May2025,5Minute,Q10,/BUR-ISP-KEC-SARACIK3/BURDUR2/DEBI/02May2025/5Minute/Q10/,False
5257,BUR-ISP-KEC-SARACIK3,BURDUR2,DEBI,02May2025,5Minute,Q100,/BUR-ISP-KEC-SARACIK3/BURDUR2/DEBI/02May2025/5Minute/Q100/,False
5258,BUR-ISP-KEC-SARACIK3,BURDUR2,DEBI,02May2025,5Minute,Q1000,/BUR-ISP-KEC-SARACIK3/BURDUR2/DEBI/02May2025/5Minute/Q1000/,False
5259,BUR-ISP-KEC-SARACIK3,BURDUR2,DEBI,02May2025,5Minute,Q2,/BUR-ISP-KEC-SARACIK3/BURDUR2/DEBI/02May2025/5Minute/Q2/,False
5260,BUR-ISP-KEC-SARACIK3,BURDUR2,DEBI,02May2025,5Minute,Q25,/BUR-ISP-KEC-SARACIK3/BURDUR2/DEBI/02May2025/5Minute/Q25/,False
5261,BUR-ISP-KEC-SARACIK3,BURDUR2,DEBI,02May2025,5Minute,Q5,/BUR-ISP-KEC-SARACIK3/BURDUR2/DEBI/02May2025/5Minute/Q5/,False
5262,BUR-ISP-KEC-SARACIK3,BURDUR2,DEBI,02May2025,5Minute,Q50,/BUR-ISP-KEC-SARACIK3/BURDUR2/DEBI/02May2025/5Minute/Q50/,False
5263,BUR-ISP-KEC-SARACIK3,BURDUR2,DEBI,02May2025,5Minute,Q500,/BUR-ISP-KEC-SARACIK3/BURDUR2/DEBI/02May2025/5Minute/Q500/,False
5264,BUR-ISP-KEC-SARACIK4,BURDUR,DEBI,01May2025,30Minute,Q10,/BUR-ISP-KEC-SARACIK4/BURDUR/DEBI/01May2025/30Minute/Q10/,False
5265,BUR-ISP-KEC-SARACIK4,BURDUR,DEBI,01May2025,30Minute,Q100,/BUR-ISP-KEC-SARACIK4/BURDUR/DEBI/01May2025/30Minute/Q100/,False
5266,BUR-ISP-KEC-SARACIK4,BURDUR,DEBI,01May2025,30Minute,Q1000,/BUR-ISP-KEC-SARACIK4/BURDUR/DEBI/01May2025/30Minute/Q1000/,False
5267,BUR-ISP-KEC-SARACIK4,BURDUR,DEBI,01May2025,30Minute,Q2,/BUR-ISP-KEC-SARACIK4/BURDUR/DEBI/01May2025/30Minute/Q2/,False
5268,BUR-ISP-KEC-SARACIK4,BURDUR,DEBI,01May2025,30Minute,Q25,/BUR-ISP-KEC-SARACIK4/BURDUR/DEBI/01May2025/30Minute/Q25/,False
5269,BUR-ISP-KEC-SARACIK4,BURDUR,DEBI,01May2025,30Minute,Q5,/BUR-ISP-KEC-SARACIK4/BURDUR/DEBI/01May2025/30Minute/Q5/,False
5270,BUR-ISP-KEC-SARACIK4,BURDUR,DEBI,01May2025,30Minute,Q50,/BUR-ISP-KEC-SARACIK4/BURDUR/DEBI/01May2025/30Minute/Q50/,False
5271,BUR-ISP-KEC-SARACIK4,BURDUR,DEBI,01May2025,30Minute,Q500,/BUR-ISP-KEC-SARACIK4/BURDUR/DEBI/01May2025/30Minute/Q500/,False
5272,BUR-ISP-KEC-SARACIK4,BURDUR2,DEBI,01May2025,30Minute,Q10,/BUR-ISP-KEC-SARACIK4/BURDUR2/DEBI/01May2025/30Minute/Q10/,False
5273,BUR-ISP-KEC-SARACIK4,BURDUR2,DEBI,01May2025,30Minute,Q100,/BUR-ISP-KEC-SARACIK4/BURDUR2/DEBI/01May2025/30Minute/Q100/,False
5274,BUR-ISP-KEC-SARACIK4,BURDUR2,DEBI,01May2025,30Minute,Q1000,/BUR-ISP-KEC-SARACIK4/BURDUR2/DEBI/01May2025/30Minute/Q1000/,False
5275,BUR-ISP-KEC-SARACIK4,BURDUR2,DEBI,01May2025,30Minute,Q2,/BUR-ISP-KEC-SARACIK4/BURDUR2/DEBI/01May2025/30Minute/Q2/,False
5276,BUR-ISP-KEC-SARACIK4,BURDUR2,DEBI,01May2025,30Minute,Q25,/BUR-ISP-KEC-SARACIK4/BURDUR2/DEBI/01May2025/30Minute/Q25/,False
5277,BUR-ISP-KEC-SARACIK4,BURDUR2,DEBI,01May2025,30Minute,Q5,/BUR-ISP-KEC-SARACIK4/BURDUR2/DEBI/01May2025/30Minute/Q5/,False
5278,BUR-ISP-KEC-SARACIK4,BURDUR2,DEBI,01May2025,30Minute,Q50,/BUR-ISP-KEC-SARACIK4/BURDUR2/DEBI/01May2025/30Minute/Q50/,False
5279,BUR-ISP-KEC-SARACIK4,BURDUR2,DEBI,01May2025,30Minute,Q500,/BUR-ISP-KEC-SARACIK4/BURDUR2/DEBI/01May2025/30Minute/Q500/,False
5280,BUR-ISP-KEC-SENIR,BURDUR,DEBI,01May2025,30Minute,Q10,/BUR-ISP-KEC-SENIR/BURDUR/DEBI/01May2025/30Minute/Q10/,False
5281,BUR-ISP-KEC-SENIR,BURDUR,DEBI,01May2025,30Minute,Q100,/BUR-ISP-KEC-SENIR/BURDUR/DEBI/01May2025/30Minute/Q100/,False
5282,BUR-ISP-KEC-SENIR,BURDUR,DEBI,01May2025,30Minute,Q1000,/BUR-ISP-KEC-SENIR/BURDUR/DEBI/01May2025/30Minute/Q1000/,False
5283,BUR-ISP-KEC-SENIR,BURDUR,DEBI,01May2025,30Minute,Q2,/BUR-ISP-KEC-SENIR/BURDUR/DEBI/01May2025/30Minute/Q2/,False
5284,BUR-ISP-KEC-SENIR,BURDUR,DEBI,01May2025,30Minute,Q25,/BUR-ISP-KEC-SENIR/BURDUR/DEBI/01May2025/30Minute/Q25/,False
5285,BUR-ISP-KEC-SENIR,BURDUR,DEBI,01May2025,30Minute,Q5,/BUR-ISP-KEC-SENIR/BURDUR/DEBI/01May2025/30Minute/Q5/,False
5286,BUR-ISP-KEC-SENIR,BURDUR,DEBI,01May2025,30Minute,Q50,/BUR-ISP-KEC-SENIR/BURDUR/DEBI/01May2025/30Minute/Q50/,False
5287,BUR-ISP-KEC-SENIR,BURDUR,DEBI,01May2025,30Minute,Q500,/BUR-ISP-KEC-SENIR/BURDUR/DEBI/01May2025/30Minute/Q500/,False
5288,BUR-ISP-KEC-SENIR,BURDUR2,DEBI,01May2025,30Minute,Q10,/BUR-ISP-KEC-SENIR/BURDUR2/DEBI/01May2025/30Minute/Q10/,False
5289,BUR-ISP-KEC-SENIR,BURDUR2,DEBI,01May2025,30Minute,Q100,/BUR-ISP-KEC-SENIR/BURDUR2/DEBI/01May2025/30Minute/Q100/,False
5290,BUR-ISP-KEC-SENIR,BURDUR2,DEBI,01May2025,30Minute,Q1000,/BUR-ISP-KEC-SENIR/BURDUR2/DEBI/01May2025/30Minute/Q1000/,False
5291,BUR-ISP-KEC-SENIR,BURDUR2,DEBI,01May2025,30Minute,Q2,/BUR-ISP-KEC-SENIR/BURDUR2/DEBI/01May2025/30Minute/Q2/,False
5292,BUR-ISP-KEC-SENIR,BURDUR2,DEBI,01May2025,30Minute,Q25,/BUR-ISP-KEC-SENIR/BURDUR2/DEBI/01May2025/30Minute/Q25/,False
5293,BUR-ISP-KEC-SENIR,BURDUR2,DEBI,01May2025,30Minute,Q5,/BUR-ISP-KEC-SENIR/BURDUR2/DEBI/01May2025/30Minute/Q5/,False
5294,BUR-ISP-KEC-SENIR,BURDUR2,DEBI,01May2025,30Minute,Q50,/BUR-ISP-KEC-SENIR/BURDUR2/DEBI/01May2025/30Minute/Q50/,False
5295,BUR-ISP-KEC-SENIR,BURDUR2,DEBI,01May2025,30Minute,Q500,/BUR-ISP-KEC-SENIR/BURDUR2/DEBI/01May2025/30Minute/Q500/,False
5296,BUR-ISP-KEC-TEPECIK,BURDUR,DEBI,01May2025,30Minute,Q10,/BUR-ISP-KEC-TEPECIK/BURDUR/DEBI/01May2025/30Minute/Q10/,False
5297,BUR-ISP-KEC-TEPECIK,BURDUR,DEBI,01May2025,30Minute,Q100,/BUR-ISP-KEC-TEPECIK/BURDUR/DEBI/01May2025/30Minute/Q100/,False
5298,BUR-ISP-KEC-TEPECIK,BURDUR,DEBI,01May2025,30Minute,Q1000,/BUR-ISP-KEC-TEPECIK/BURDUR/DEBI/01May2025/30Minute/Q1000/,False
5299,BUR-ISP-KEC-TEPECIK,BURDUR,DEBI,01May2025,30Minute,Q2,/BUR-ISP-KEC-TEPECIK/BURDUR/DEBI/01May2025/30Minute/Q2/,False
5300,BUR-ISP-KEC-TEPECIK,BURDUR,DEBI,01May2025,30Minute,Q25,/BUR-ISP-KEC-TEPECIK/BURDUR/DEBI/01May2025/30Minute/Q25/,False
5301,BUR-ISP-KEC-TEPECIK,BURDUR,DEBI,01May2025,30Minute,Q5,/BUR-ISP-KEC-TEPECIK/BURDUR/DEBI/01May2025/30Minute/Q5/,False
5302,BUR-ISP-KEC-TEPECIK,BURDUR,DEBI,01May2025,30Minute,Q50,/BUR-ISP-KEC-TEPECIK/BURDUR/DEBI/01May2025/30Minute/Q50/,False
5303,BUR-ISP-KEC-TEPECIK,BURDUR,DEBI,01May2025,30Minute,Q500,/BUR-ISP-KEC-TEPECIK/BURDUR/DEBI/01May2025/30Minute/Q500/,False
5304,BUR-ISP-KEC-TEPECIK,BURDUR2,DEBI,01May2025,30Minute,Q10,/BUR-ISP-KEC-TEPECIK/BURDUR2/DEBI/01May2025/30Minute/Q10/,False
5305,BUR-ISP-KEC-TEPECIK,BURDUR2,DEBI,01May2025,30Minute,Q100,/BUR-ISP-KEC-TEPECIK/BURDUR2/DEBI/01May2025/30Minute/Q100/,False
5306,BUR-ISP-KEC-TEPECIK,BURDUR2,DEBI,01May2025,30Minute,Q1000,/BUR-ISP-KEC-TEPECIK/BURDUR2/DEBI/01May2025/30Minute/Q1000/,False
5307,BUR-ISP-KEC-TEPECIK,BURDUR2,DEBI,01May2025,30Minute,Q2,/BUR-ISP-KEC-TEPECIK/BURDUR2/DEBI/01May2025/30Minute/Q2/,False
5308,BUR-ISP-KEC-TEPECIK,BURDUR2,DEBI,01May2025,30Minute,Q25,/BUR-ISP-KEC-TEPECIK/BURDUR2/DEBI/01May2025/30Minute/Q25/,False
5309,BUR-ISP-KEC-TEPECIK,BURDUR2,DEBI,01May2025,30Minute,Q5,/BUR-ISP-KEC-TEPECIK/BURDUR2/DEBI/01May2025/30Minute/Q5/,False
5310,BUR-ISP-KEC-TEPECIK,BURDUR2,DEBI,01May2025,30Minute,Q50,/BUR-ISP-KEC-TEPECIK/BURDUR2/DEBI/01May2025/30Minute/Q50/,False
5311,BUR-ISP-KEC-TEPECIK,BURDUR2,DEBI,01May2025,30Minute,Q500,/BUR-ISP-KEC-TEPECIK/BURDUR2/DEBI/01May2025/30Minute/Q500/,False
5312,BUR-ISP-KEC-TEPECIK-T,BURDUR,DEBI,01May2025,30Minute,Q10,/BUR-ISP-KEC-TEPECIK-T/BURDUR/DEBI/01May2025/30Minute/Q10/,False
5313,BUR-ISP-KEC-TEPECIK-T,BURDUR,DEBI,01May2025,30Minute,Q100,/BUR-ISP-KEC-TEPECIK-T/BURDUR/DEBI/01May2025/30Minute/Q100/,False
5314,BUR-ISP-KEC-TEPECIK-T,BURDUR,DEBI,01May2025,30Minute,Q1000,/BUR-ISP-KEC-TEPECIK-T/BURDUR/DEBI/01May2025/30Minute/Q1000/,False
5315,BUR-ISP-KEC-TEPECIK-T,BURDUR,DEBI,01May2025,30Minute,Q2,/BUR-ISP-KEC-TEPECIK-T/BURDUR/DEBI/01May2025/30Minute/Q2/,False
5316,BUR-ISP-KEC-TEPECIK-T,BURDUR,DEBI,01May2025,30Minute,Q25,/BUR-ISP-KEC-TEPECIK-T/BURDUR/DEBI/01May2025/30Minute/Q25/,False
5317,BUR-ISP-KEC-TEPECIK-T,BURDUR,DEBI,01May2025,30Minute,Q5,/BUR-ISP-KEC-TEPECIK-T/BURDUR/DEBI/01May2025/30Minute/Q5/,False
5318,BUR-ISP-KEC-TEPECIK-T,BURDUR,DEBI,01May2025,30Minute,Q50,/BUR-ISP-KEC-TEPECIK-T/BURDUR/DEBI/01May2025/30Minute/Q50/,False
5319,BUR-ISP-KEC-TEPECIK-T,BURDUR,DEBI,01May2025,30Minute,Q500,/BUR-ISP-KEC-TEPECIK-T/BURDUR/DEBI/01May2025/30Minute/Q500/,False
5320,BUR-ISP-KEC-TEPECIK-T,BURDUR2,DEBI,01May2025,30Minute,Q10,/BUR-ISP-KEC-TEPECIK-T/BURDUR2/DEBI/01May2025/30Minute/Q10/,False
5321,BUR-ISP-KEC-TEPECIK-T,BURDUR2,DEBI,01May2025,30Minute,Q100,/BUR-ISP-KEC-TEPECIK-T/BURDUR2/DEBI/01May2025/30Minute/Q100/,False
5322,BUR-ISP-KEC-TEPECIK-T,BURDUR2,DEBI,01May2025,30Minute,Q1000,/BUR-ISP-KEC-TEPECIK-T/BURDUR2/DEBI/01May2025/30Minute/Q1000/,False
5323,BUR-ISP-KEC-TEPECIK-T,BURDUR2,DEBI,01May2025,30Minute,Q2,/BUR-ISP-KEC-TEPECIK-T/BURDUR2/DEBI/01May2025/30Minute/Q2/,False
5324,BUR-ISP-KEC-TEPECIK-T,BURDUR2,DEBI,01May2025,30Minute,Q25,/BUR-ISP-KEC-TEPECIK-T/BURDUR2/DEBI/01May2025/30Minute/Q25/,False
5325,BUR-ISP-KEC-TEPECIK-T,BURDUR2,DEBI,01May2025,30Minute,Q5,/BUR-ISP-KEC-TEPECIK-T/BURDUR2/DEBI/01May2025/30Minute/Q5/,False
5326,BUR-ISP-KEC-TEPECIK-T,BURDUR2,DEBI,01May2025,30Minute,Q50,/BUR-ISP-KEC-TEPECIK-T/BURDUR2/DEBI/01May2025/30Minute/Q50/,False
5327,BUR-ISP-KEC-TEPECIK-T,BURDUR2,DEBI,01May2025,30Minute,Q500,/BUR-ISP-KEC-TEPECIK-T/BURDUR2/DEBI/01May2025/30Minute/Q500/,False
5328,BUR-ISP-MER-BUYUKGOKCELI,BURDUR,DEBI,01May2025,30Minute,Q10,/BUR-ISP-MER-BUYUKGOKCELI/BURDUR/DEBI/01May2025/30Minute/Q10/,False
5329,BUR-ISP-MER-BUYUKGOKCELI,BURDUR,DEBI,01May2025,30Minute,Q100,/BUR-ISP-MER-BUYUKGOKCELI/BURDUR/DEBI/01May2025/30Minute/Q100/,False
5330,BUR-ISP-MER-BUYUKGOKCELI,BURDUR,DEBI,01May2025,30Minute,Q1000,/BUR-ISP-MER-BUYUKGOKCELI/BURDUR/DEBI/01May2025/30Minute/Q1000/,True
5331,BUR-ISP-MER-BUYUKGOKCELI,BURDUR,DEBI,01May2025,30Minute,Q2,/BUR-ISP-MER-BUYUKGOKCELI/BURDUR/DEBI/01May2025/30Minute/Q2/,False
5332,BUR-ISP-MER-BUYUKGOKCELI,BURDUR,DEBI,01May2025,30Minute,Q25,/BUR-ISP-MER-BUYUKGOKCELI/BURDUR/DEBI/01May2025/30Minute/Q25/,False
5333,BUR-ISP-MER-BUYUKGOKCELI,BURDUR,DEBI,01May2025,30Minute,Q5,/BUR-ISP-MER-BUYUKGOKCELI/BURDUR/DEBI/01May2025/30Minute/Q5/,False
5334,BUR-ISP-MER-BUYUKGOKCELI,BURDUR,DEBI,01May2025,30Minute,Q50,/BUR-ISP-MER-BUYUKGOKCELI/BURDUR/DEBI/01May2025/30Minute/Q50/,False
5335,BUR-ISP-MER-BUYUKGOKCELI,BURDUR,DEBI,01May2025,30Minute,Q500,/BUR-ISP-MER-BUYUKGOKCELI/BURDUR/DEBI/01May2025/30Minute/Q500/,False
5336,BUR-ISP-MER-BUYUKGOKCELI2,BURDUR,DEBI,01May2025,30Minute,Q10,/BUR-ISP-MER-BUYUKGOKCELI2/BURDUR/DEBI/01May2025/30Minute/Q10/,False
5337,BUR-ISP-MER-BUYUKGOKCELI2,BURDUR,DEBI,01May2025,30Minute,Q100,/BUR-ISP-MER-BUYUKGOKCELI2/BURDUR/DEBI/01May2025/30Minute/Q100/,False
5338,BUR-ISP-MER-BUYUKGOKCELI2,BURDUR,DEBI,01May2025,30Minute,Q1000,/BUR-ISP-MER-BUYUKGOKCELI2/BURDUR/DEBI/01May2025/30Minute/Q1000/,False
5339,BUR-ISP-MER-BUYUKGOKCELI2,BURDUR,DEBI,01May2025,30Minute,Q2,/BUR-ISP-MER-BUYUKGOKCELI2/BURDUR/DEBI/01May2025/30Minute/Q2/,False
5340,BUR-ISP-MER-BUYUKGOKCELI2,BURDUR,DEBI,01May2025,30Minute,Q25,/BUR-ISP-MER-BUYUKGOKCELI2/BURDUR/DEBI/01May2025/30Minute/Q25/,False
5341,BUR-ISP-MER-BUYUKGOKCELI2,BURDUR,DEBI,01May2025,30Minute,Q5,/BUR-ISP-MER-BUYUKGOKCELI2/BURDUR/DEBI/01May2025/30Minute/Q5/,False
5342,BUR-ISP-MER-BUYUKGOKCELI2,BURDUR,DEBI,01May2025,30Minute,Q50,/BUR-ISP-MER-BUYUKGOKCELI2/BURDUR/DEBI/01May2025/30Minute/Q50/,False
5343,BUR-ISP-MER-BUYUKGOKCELI2,BURDUR,DEBI,01May2025,30Minute,Q500,/BUR-ISP-MER-BUYUKGOKCELI2/BURDUR/DEBI/01May2025/30Minute/Q500/,False
5344,BUR-ISP-MER-COBANISA,BURDUR,DEBI,01May2025,30Minute,Q10,/BUR-ISP-MER-COBANISA/BURDUR/DEBI/01May2025/30Minute/Q10/,False
5345,BUR-ISP-MER-COBANISA,BURDUR,DEBI,01May2025,30Minute,Q100,/BUR-ISP-MER-COBANISA/BURDUR/DEBI/01May2025/30Minute/Q100/,False
5346,BUR-ISP-MER-COBANISA,BURDUR,DEBI,01May2025,30Minute,Q1000,/BUR-ISP-MER-COBANISA/BURDUR/DEBI/01May2025/30Minute/Q1000/,False
5347,BUR-ISP-MER-COBANISA,BURDUR,DEBI,01May2025,30Minute,Q2,/BUR-ISP-MER-COBANISA/BURDUR/DEBI/01May2025/30Minute/Q2/,False
5348,BUR-ISP-MER-COBANISA,BURDUR,DEBI,01May2025,30Minute,Q25,/BUR-ISP-MER-COBANISA/BURDUR/DEBI/01May2025/30Minute/Q25/,False
5349,BUR-ISP-MER-COBANISA,BURDUR,DEBI,01May2025,30Minute,Q5,/BUR-ISP-MER-COBANISA/BURDUR/DEBI/01May2025/30Minute/Q5/,False
5350,BUR-ISP-MER-COBANISA,BURDUR,DEBI,01May2025,30Minute,Q50,/BUR-ISP-MER-COBANISA/BURDUR/DEBI/01May2025/30Minute/Q50/,False
5351,BUR-ISP-MER-COBANISA,BURDUR,DEBI,01May2025,30Minute,Q500,/BUR-ISP-MER-COBANISA/BURDUR/DEBI/01May2025/30Minute/Q500/,False
5352,BUR-ISP-MER-GELINCIK1,BURDUR,DEBI,01May2025,30Minute,Q10,/BUR-ISP-MER-GELINCIK1/BURDUR/DEBI/01May2025/30Minute/Q10/,False
5353,BUR-ISP-MER-GELINCIK1,BURDUR,DEBI,01May2025,30Minute,Q100,/BUR-ISP-MER-GELINCIK1/BURDUR/DEBI/01May2025/30Minute/Q100/,False
5354,BUR-ISP-MER-GELINCIK1,BURDUR,DEBI,01May2025,30Minute,Q1000,/BUR-ISP-MER-GELINCIK1/BURDUR/DEBI/01May2025/30Minute/Q1000/,False
5355,BUR-ISP-MER-GELINCIK1,BURDUR,DEBI,01May2025,30Minute,Q2,/BUR-ISP-MER-GELINCIK1/BURDUR/DEBI/01May2025/30Minute/Q2/,False
5356,BUR-ISP-MER-GELINCIK1,BURDUR,DEBI,01May2025,30Minute,Q25,/BUR-ISP-MER-GELINCIK1/BURDUR/DEBI/01May2025/30Minute/Q25/,False
5357,BUR-ISP-MER-GELINCIK1,BURDUR,DEBI,01May2025,30Minute,Q5,/BUR-ISP-MER-GELINCIK1/BURDUR/DEBI/01May2025/30Minute/Q5/,False
5358,BUR-ISP-MER-GELINCIK1,BURDUR,DEBI,01May2025,30Minute,Q50,/BUR-ISP-MER-GELINCIK1/BURDUR/DEBI/01May2025/30Minute/Q50/,False
5359,BUR-ISP-MER-GELINCIK1,BURDUR,DEBI,01May2025,30Minute,Q500,/BUR-ISP-MER-GELINCIK1/BURDUR/DEBI/01May2025/30Minute/Q500/,False
5360,BUR-ISP-MER-GELINCIK1,BURDUR2,DEBI,01May2025,30Minute,Q10,/BUR-ISP-MER-GELINCIK1/BURDUR2/DEBI/01May2025/30Minute/Q10/,False
5361,BUR-ISP-MER-GELINCIK1,BURDUR2,DEBI,01May2025,30Minute,Q100,/BUR-ISP-MER-GELINCIK1/BURDUR2/DEBI/01May2025/30Minute/Q100/,False
5362,BUR-ISP-MER-GELINCIK1,BURDUR2,DEBI,01May2025,30Minute,Q1000,/BUR-ISP-MER-GELINCIK1/BURDUR2/DEBI/01May2025/30Minute/Q1000/,False
5363,BUR-ISP-MER-GELINCIK1,BURDUR2,DEBI,01May2025,30Minute,Q2,/BUR-ISP-MER-GELINCIK1/BURDUR2/DEBI/01May2025/30Minute/Q2/,False
5364,BUR-ISP-MER-GELINCIK1,BURDUR2,DEBI,01May2025,30Minute,Q25,/BUR-ISP-MER-GELINCIK1/BURDUR2/DEBI/01May2025/30Minute/Q25/,False
5365,BUR-ISP-MER-GELINCIK1,BURDUR2,DEBI,01May2025,30Minute,Q5,/BUR-ISP-MER-GELINCIK1/BURDUR2/DEBI/01May2025/30Minute/Q5/,False
5366,BUR-ISP-MER-GELINCIK1,BURDUR2,DEBI,01May2025,30Minute,Q50,/BUR-ISP-MER-GELINCIK1/BURDUR2/DEBI/01May2025/30Minute/Q50/,False
5367,BUR-ISP-MER-GELINCIK1,BURDUR2,DEBI,01May2025,30Minute,Q500,/BUR-ISP-MER-GELINCIK1/BURDUR2/DEBI/01May2025/30Minute/Q500/,False
5368,BUR-ISP-MER-GELINCIK2,BURDUR,DEBI,01May2025,30Minute,Q10,/BUR-ISP-MER-GELINCIK2/BURDUR/DEBI/01May2025/30Minute/Q10/,False
5369,BUR-ISP-MER-GELINCIK2,BURDUR,DEBI,01May2025,30Minute,Q100,/BUR-ISP-MER-GELINCIK2/BURDUR/DEBI/01May2025/30Minute/Q100/,False
5370,BUR-ISP-MER-GELINCIK2,BURDUR,DEBI,01May2025,30Minute,Q1000,/BUR-ISP-MER-GELINCIK2/BURDUR/DEBI/01May2025/30Minute/Q1000/,False
5371,BUR-ISP-MER-GELINCIK2,BURDUR,DEBI,01May2025,30Minute,Q2,/BUR-ISP-MER-GELINCIK2/BURDUR/DEBI/01May2025/30Minute/Q2/,False
5372,BUR-ISP-MER-GELINCIK2,BURDUR,DEBI,01May2025,30Minute,Q25,/BUR-ISP-MER-GELINCIK2/BURDUR/DEBI/01May2025/30Minute/Q25/,False
5373,BUR-ISP-MER-GELINCIK2,BURDUR,DEBI,01May2025,30Minute,Q5,/BUR-ISP-MER-GELINCIK2/BURDUR/DEBI/01May2025/30Minute/Q5/,False
5374,BUR-ISP-MER-GELINCIK2,BURDUR,DEBI,01May2025,30Minute,Q50,/BUR-ISP-MER-GELINCIK2/BURDUR/DEBI/01May2025/30Minute/Q50/,False
5375,BUR-ISP-MER-GELINCIK2,BURDUR,DEBI,01May2025,30Minute,Q500,/BUR-ISP-MER-GELINCIK2/BURDUR/DEBI/01May2025/30Minute/Q500/,False
5376,BUR-ISP-MER-GELINCIK2,BURDUR2,DEBI,01May2025,30Minute,Q10,/BUR-ISP-MER-GELINCIK2/BURDUR2/DEBI/01May2025/30Minute/Q10/,False
5377,BUR-ISP-MER-GELINCIK2,BURDUR2,DEBI,01May2025,30Minute,Q100,/BUR-ISP-MER-GELINCIK2/BURDUR2/DEBI/01May2025/30Minute/Q100/,False
5378,BUR-ISP-MER-GELINCIK2,BURDUR2,DEBI,01May2025,30Minute,Q1000,/BUR-ISP-MER-GELINCIK2/BURDUR2/DEBI/01May2025/30Minute/Q1000/,False
5379,BUR-ISP-MER-GELINCIK2,BURDUR2,DEBI,01May2025,30Minute,Q2,/BUR-ISP-MER-GELINCIK2/BURDUR2/DEBI/01May2025/30Minute/Q2/,False
5380,BUR-ISP-MER-GELINCIK2,BURDUR2,DEBI,01May2025,30Minute,Q25,/BUR-ISP-MER-GELINCIK2/BURDUR2/DEBI/01May2025/30Minute/Q25/,False
5381,BUR-ISP-MER-GELINCIK2,BURDUR2,DEBI,01May2025,30Minute,Q5,/BUR-ISP-MER-GELINCIK2/BURDUR2/DEBI/01May2025/30Minute/Q5/,False
5382,BUR-ISP-MER-GELINCIK2,BURDUR2,DEBI,01May2025,30Minute,Q50,/BUR-ISP-MER-GELINCIK2/BURDUR2/DEBI/01May2025/30Minute/Q50/,False
5383,BUR-ISP-MER-GELINCIK2,BURDUR2,DEBI,01May2025,30Minute,Q500,/BUR-ISP-MER-GELINCIK2/BURDUR2/DEBI/01May2025/30Minute/Q500/,False
5384,BUR-ISP-MER-GELINCIK3,BURDUR,DEBI,02May2025,5Minute,Q10,/BUR-ISP-MER-GELINCIK3/BURDUR/DEBI/02May2025/5Minute/Q10/,False
5385,BUR-ISP-MER-GELINCIK3,BURDUR,DEBI,02May2025,5Minute,Q100,/BUR-ISP-MER-GELINCIK3/BURDUR/DEBI/02May2025/5Minute/Q100/,False
5386,BUR-ISP-MER-GELINCIK3,BURDUR,DEBI,02May2025,5Minute,Q1000,/BUR-ISP-MER-GELINCIK3/BURDUR/DEBI/02May2025/5Minute/Q1000/,False
5387,BUR-ISP-MER-GELINCIK3,BURDUR,DEBI,02May2025,5Minute,Q2,/BUR-ISP-MER-GELINCIK3/BURDUR/DEBI/02May2025/5Minute/Q2/,False
5388,BUR-ISP-MER-GELINCIK3,BURDUR,DEBI,02May2025,5Minute,Q25,/BUR-ISP-MER-GELINCIK3/BURDUR/DEBI/02May2025/5Minute/Q25/,False
5389,BUR-ISP-MER-GELINCIK3,BURDUR,DEBI,02May2025,5Minute,Q5,/BUR-ISP-MER-GELINCIK3/BURDUR/DEBI/02May2025/5Minute/Q5/,False
5390,BUR-ISP-MER-GELINCIK3,BURDUR,DEBI,02May2025,5Minute,Q50,/BUR-ISP-MER-GELINCIK3/BURDUR/DEBI/02May2025/5Minute/Q50/,False
5391,BUR-ISP-MER-GELINCIK3,BURDUR,DEBI,02May2025,5Minute,Q500,/BUR-ISP-MER-GELINCIK3/BURDUR/DEBI/02May2025/5Minute/Q500/,False
5392,BUR-ISP-MER-GELINCIK3,BURDUR2,DEBI,02May2025,5Minute,Q10,/BUR-ISP-MER-GELINCIK3/BURDUR2/DEBI/02May2025/5Minute/Q10/,False
5393,BUR-ISP-MER-GELINCIK3,BURDUR2,DEBI,02May2025,5Minute,Q100,/BUR-ISP-MER-GELINCIK3/BURDUR2/DEBI/02May2025/5Minute/Q100/,False
5394,BUR-ISP-MER-GELINCIK3,BURDUR2,DEBI,02May2025,5Minute,Q1000,/BUR-ISP-MER-GELINCIK3/BURDUR2/DEBI/02May2025/5Minute/Q1000/,False
5395,BUR-ISP-MER-GELINCIK3,BURDUR2,DEBI,02May2025,5Minute,Q2,/BUR-ISP-MER-GELINCIK3/BURDUR2/DEBI/02May2025/5Minute/Q2/,False
5396,BUR-ISP-MER-GELINCIK3,BURDUR2,DEBI,02May2025,5Minute,Q25,/BUR-ISP-MER-GELINCIK3/BURDUR2/DEBI/02May2025/5Minute/Q25/,False
5397,BUR-ISP-MER-GELINCIK3,BURDUR2,DEBI,02May2025,5Minute,Q5,/BUR-ISP-MER-GELINCIK3/BURDUR2/DEBI/02May2025/5Minute/Q5/,False
5398,BUR-ISP-MER-GELINCIK3,BURDUR2,DEBI,02May2025,5Minute,Q50,/BUR-ISP-MER-GELINCIK3/BURDUR2/DEBI/02May2025/5Minute/Q50/,False
5399,BUR-ISP-MER-GELINCIK3,BURDUR2,DEBI,02May2025,5Minute,Q500,/BUR-ISP-MER-GELINCIK3/BURDUR2/DEBI/02May2025/5Minute/Q500/,False
5400,BUR-ISP-MER-KAYAK_MERKEZI,BURDUR,DEBI,01May2025,30Minute,Q10,/BUR-ISP-MER-KAYAK_MERKEZI/BURDUR/DEBI/01May2025/30Minute/Q10/,False
5401,BUR-ISP-MER-KAYAK_MERKEZI,BURDUR,DEBI,01May2025,30Minute,Q100,/BUR-ISP-MER-KAYAK_MERKEZI/BURDUR/DEBI/01May2025/30Minute/Q100/,False
5402,BUR-ISP-MER-KAYAK_MERKEZI,BURDUR,DEBI,01May2025,30Minute,Q1000,/BUR-ISP-MER-KAYAK_MERKEZI/BURDUR/DEBI/01May2025/30Minute/Q1000/,False
5403,BUR-ISP-MER-KAYAK_MERKEZI,BURDUR,DEBI,01May2025,30Minute,Q2,/BUR-ISP-MER-KAYAK_MERKEZI/BURDUR/DEBI/01May2025/30Minute/Q2/,False
5404,BUR-ISP-MER-KAYAK_MERKEZI,BURDUR,DEBI,01May2025,30Minute,Q25,/BUR-ISP-MER-KAYAK_MERKEZI/BURDUR/DEBI/01May2025/30Minute/Q25/,False
5405,BUR-ISP-MER-KAYAK_MERKEZI,BURDUR,DEBI,01May2025,30Minute,Q5,/BUR-ISP-MER-KAYAK_MERKEZI/BURDUR/DEBI/01May2025/30Minute/Q5/,False
5406,BUR-ISP-MER-KAYAK_MERKEZI,BURDUR,DEBI,01May2025,30Minute,Q50,/BUR-ISP-MER-KAYAK_MERKEZI/BURDUR/DEBI/01May2025/30Minute/Q50/,False
5407,BUR-ISP-MER-KAYAK_MERKEZI,BURDUR,DEBI,01May2025,30Minute,Q500,/BUR-ISP-MER-KAYAK_MERKEZI/BURDUR/DEBI/01May2025/30Minute/Q500/,False
5408,BUR-ISP-MER-KAYAK_MERKEZI1,BURDUR,DEBI,01May2025,30Minute,Q10,/BUR-ISP-MER-KAYAK_MERKEZI1/BURDUR/DEBI/01May2025/30Minute/Q10/,False
5409,BUR-ISP-MER-KAYAK_MERKEZI1,BURDUR,DEBI,01May2025,30Minute,Q100,/BUR-ISP-MER-KAYAK_MERKEZI1/BURDUR/DEBI/01May2025/30Minute/Q100/,False
5410,BUR-ISP-MER-KAYAK_MERKEZI1,BURDUR,DEBI,01May2025,30Minute,Q1000,/BUR-ISP-MER-KAYAK_MERKEZI1/BURDUR/DEBI/01May2025/30Minute/Q1000/,False
5411,BUR-ISP-MER-KAYAK_MERKEZI1,BURDUR,DEBI,01May2025,30Minute,Q2,/BUR-ISP-MER-KAYAK_MERKEZI1/BURDUR/DEBI/01May2025/30Minute/Q2/,False
5412,BUR-ISP-MER-KAYAK_MERKEZI1,BURDUR,DEBI,01May2025,30Minute,Q25,/BUR-ISP-MER-KAYAK_MERKEZI1/BURDUR/DEBI/01May2025/30Minute/Q25/,False
5413,BUR-ISP-MER-KAYAK_MERKEZI1,BURDUR,DEBI,01May2025,30Minute,Q5,/BUR-ISP-MER-KAYAK_MERKEZI1/BURDUR/DEBI/01May2025/30Minute/Q5/,False
5414,BUR-ISP-MER-KAYAK_MERKEZI1,BURDUR,DEBI,01May2025,30Minute,Q50,/BUR-ISP-MER-KAYAK_MERKEZI1/BURDUR/DEBI/01May2025/30Minute/Q50/,False
5415,BUR-ISP-MER-KAYAK_MERKEZI1,BURDUR,DEBI,01May2025,30Minute,Q500,/BUR-ISP-MER-KAYAK_MERKEZI1/BURDUR/DEBI/01May2025/30Minute/Q500/,False
5416,BUR-ISP-MER-KAYAK_MERKEZI2,BURDUR,DEBI,02May2025,5Minute,Q10,/BUR-ISP-MER-KAYAK_MERKEZI2/BURDUR/DEBI/02May2025/5Minute/Q10/,False
5417,BUR-ISP-MER-KAYAK_MERKEZI2,BURDUR,DEBI,02May2025,5Minute,Q100,/BUR-ISP-MER-KAYAK_MERKEZI2/BURDUR/DEBI/02May2025/5Minute/Q100/,False
5418,BUR-ISP-MER-KAYAK_MERKEZI2,BURDUR,DEBI,02May2025,5Minute,Q1000,/BUR-ISP-MER-KAYAK_MERKEZI2/BURDUR/DEBI/02May2025/5Minute/Q1000/,False
5419,BUR-ISP-MER-KAYAK_MERKEZI2,BURDUR,DEBI,02May2025,5Minute,Q2,/BUR-ISP-MER-KAYAK_MERKEZI2/BURDUR/DEBI/02May2025/5Minute/Q2/,False
5420,BUR-ISP-MER-KAYAK_MERKEZI2,BURDUR,DEBI,02May2025,5Minute,Q25,/BUR-ISP-MER-KAYAK_MERKEZI2/BURDUR/DEBI/02May2025/5Minute/Q25/,False
5421,BUR-ISP-MER-KAYAK_MERKEZI2,BURDUR,DEBI,02May2025,5Minute,Q5,/BUR-ISP-MER-KAYAK_MERKEZI2/BURDUR/DEBI/02May2025/5Minute/Q5/,False
5422,BUR-ISP-MER-KAYAK_MERKEZI2,BURDUR,DEBI,02May2025,5Minute,Q50,/BUR-ISP-MER-KAYAK_MERKEZI2/BURDUR/DEBI/02May2025/5Minute/Q50/,False
5423,BUR-ISP-MER-KAYAK_MERKEZI2,BURDUR,DEBI,02May2025,5Minute,Q500,/BUR-ISP-MER-KAYAK_MERKEZI2/BURDUR/DEBI/02May2025/5Minute/Q500/,False
5424,BUR-ISP-MER-KUCUKGOKCELI,BURDUR,DEBI,01May2025,30Minute,Q10,/BUR-ISP-MER-KUCUKGOKCELI/BURDUR/DEBI/01May2025/30Minute/Q10/,False
5425,BUR-ISP-MER-KUCUKGOKCELI,BURDUR,DEBI,01May2025,30Minute,Q100,/BUR-ISP-MER-KUCUKGOKCELI/BURDUR/DEBI/01May2025/30Minute/Q100/,False
5426,BUR-ISP-MER-KUCUKGOKCELI,BURDUR,DEBI,01May2025,30Minute,Q1000,/BUR-ISP-MER-KUCUKGOKCELI/BURDUR/DEBI/01May2025/30Minute/Q1000/,False
5427,BUR-ISP-MER-KUCUKGOKCELI,BURDUR,DEBI,01May2025,30Minute,Q2,/BUR-ISP-MER-KUCUKGOKCELI/BURDUR/DEBI/01May2025/30Minute/Q2/,False
5428,BUR-ISP-MER-KUCUKGOKCELI,BURDUR,DEBI,01May2025,30Minute,Q25,/BUR-ISP-MER-KUCUKGOKCELI/BURDUR/DEBI/01May2025/30Minute/Q25/,False
5429,BUR-ISP-MER-KUCUKGOKCELI,BURDUR,DEBI,01May2025,30Minute,Q5,/BUR-ISP-MER-KUCUKGOKCELI/BURDUR/DEBI/01May2025/30Minute/Q5/,False
5430,BUR-ISP-MER-KUCUKGOKCELI,BURDUR,DEBI,01May2025,30Minute,Q50,/BUR-ISP-MER-KUCUKGOKCELI/BURDUR/DEBI/01May2025/30Minute/Q50/,False
5431,BUR-ISP-MER-KUCUKGOKCELI,BURDUR,DEBI,01May2025,30Minute,Q500,/BUR-ISP-MER-KUCUKGOKCELI/BURDUR/DEBI/01May2025/30Minute/Q500/,False
5432,BUR-ISP-MER-KULEONU,BURDUR,DEBI,01May2025,30Minute,Q10,/BUR-ISP-MER-KULEONU/BURDUR/DEBI/01May2025/30Minute/Q10/,False
5433,BUR-ISP-MER-KULEONU,BURDUR,DEBI,01May2025,30Minute,Q100,/BUR-ISP-MER-KULEONU/BURDUR/DEBI/01May2025/30Minute/Q100/,False
5434,BUR-ISP-MER-KULEONU,BURDUR,DEBI,01May2025,30Minute,Q1000,/BUR-ISP-MER-KULEONU/BURDUR/DEBI/01May2025/30Minute/Q1000/,False
5435,BUR-ISP-MER-KULEONU,BURDUR,DEBI,01May2025,30Minute,Q2,/BUR-ISP-MER-KULEONU/BURDUR/DEBI/01May2025/30Minute/Q2/,False
5436,BUR-ISP-MER-KULEONU,BURDUR,DEBI,01May2025,30Minute,Q25,/BUR-ISP-MER-KULEONU/BURDUR/DEBI/01May2025/30Minute/Q25/,False
5437,BUR-ISP-MER-KULEONU,BURDUR,DEBI,01May2025,30Minute,Q5,/BUR-ISP-MER-KULEONU/BURDUR/DEBI/01May2025/30Minute/Q5/,False
5438,BUR-ISP-MER-KULEONU,BURDUR,DEBI,01May2025,30Minute,Q50,/BUR-ISP-MER-KULEONU/BURDUR/DEBI/01May2025/30Minute/Q50/,False
5439,BUR-ISP-MER-KULEONU,BURDUR,DEBI,01May2025,30Minute,Q500,/BUR-ISP-MER-KULEONU/BURDUR/DEBI/01May2025/30Minute/Q500/,False
5440,BUR-ISP-MER-KULEONU-T,BURDUR,DEBI,01May2025,30Minute,Q10,/BUR-ISP-MER-KULEONU-T/BURDUR/DEBI/01May2025/30Minute/Q10/,False
5441,BUR-ISP-MER-KULEONU-T,BURDUR,DEBI,01May2025,30Minute,Q100,/BUR-ISP-MER-KULEONU-T/BURDUR/DEBI/01May2025/30Minute/Q100/,False
5442,BUR-ISP-MER-KULEONU-T,BURDUR,DEBI,01May2025,30Minute,Q1000,/BUR-ISP-MER-KULEONU-T/BURDUR/DEBI/01May2025/30Minute/Q1000/,False
5443,BUR-ISP-MER-KULEONU-T,BURDUR,DEBI,01May2025,30Minute,Q2,/BUR-ISP-MER-KULEONU-T/BURDUR/DEBI/01May2025/30Minute/Q2/,False
5444,BUR-ISP-MER-KULEONU-T,BURDUR,DEBI,01May2025,30Minute,Q25,/BUR-ISP-MER-KULEONU-T/BURDUR/DEBI/01May2025/30Minute/Q25/,False
5445,BUR-ISP-MER-KULEONU-T,BURDUR,DEBI,01May2025,30Minute,Q5,/BUR-ISP-MER-KULEONU-T/BURDUR/DEBI/01May2025/30Minute/Q5/,False
5446,BUR-ISP-MER-KULEONU-T,BURDUR,DEBI,01May2025,30Minute,Q50,/BUR-ISP-MER-KULEONU-T/BURDUR/DEBI/01May2025/30Minute/Q50/,False
5447,BUR-ISP-MER-KULEONU-T,BURDUR,DEBI,01May2025,30Minute,Q500,/BUR-ISP-MER-KULEONU-T/BURDUR/DEBI/01May2025/30Minute/Q500/,False
